order_purchase_date,warehouse_id,warehouse_name,carrier_id,carrier_name,sla_tier,shipment_count,sla_breach_count,on_time_count,sla_attainment_pct,avg_delay_days,real_late_delivery_count
2018-04-01,WH_CENTRAL_WEST,Central-West FC,CAR_A,Carrier A,fast,1,1,0,0.0,0.0,0
2018-04-01,WH_CENTRAL_WEST,Central-West FC,CAR_B,Carrier B,bulky,1,1,0,0.0,0.0,0
2018-04-01,WH_CENTRAL_WEST,Central-West FC,CAR_B,Carrier B,standard,2,2,0,0.0,0.0,0
2018-04-01,WH_CENTRAL_WEST,Central-West FC,CAR_C,Carrier C,fast,2,2,0,0.0,0.0,0
2018-04-01,WH_CENTRAL_WEST,Central-West FC,CAR_C,Carrier C,standard,2,2,0,0.0,0.0,0
2018-04-01,WH_CENTRAL_WEST,Central-West FC,CAR_D,Carrier D,fast,1,1,0,0.0,0.0,0
2018-04-01,WH_NORTH,North FC,CAR_A,Carrier A,standard,1,1,0,0.0,0.0,0
2018-04-01,WH_NORTH,North FC,CAR_B,Carrier B,fast,1,1,0,0.0,0.0,0
2018-04-01,WH_NORTH,North FC,CAR_C,Carrier C,bulky,1,1,0,0.0,4.0,1
2018-04-01,WH_NORTH,North FC,CAR_D,Carrier D,fast,1,1,0,0.0,0.0,0
2018-04-01,WH_SOUTH,South FC,CAR_A,Carrier A,fast,4,4,0,0.0,0.0,0
2018-04-01,WH_SOUTH,South FC,CAR_A,Carrier A,standard,4,4,0,0.0,0.0,0
2018-04-01,WH_SOUTH,South FC,CAR_B,Carrier B,bulky,2,1,1,50.0,0.0,0
2018-04-01,WH_SOUTH,South FC,CAR_B,Carrier B,fast,2,2,0,0.0,0.0,0
2018-04-01,WH_SOUTH,South FC,CAR_B,Carrier B,standard,6,6,0,0.0,0.0,0
2018-04-01,WH_SOUTH,South FC,CAR_C,Carrier C,fast,10,10,0,0.0,0.0,0
2018-04-01,WH_SOUTH,South FC,CAR_C,Carrier C,standard,2,2,0,0.0,0.0,0
2018-04-01,WH_SOUTH,South FC,CAR_D,Carrier D,bulky,1,1,0,0.0,0.0,0
2018-04-01,WH_SOUTH,South FC,CAR_D,Carrier D,fast,1,1,0,0.0,0.0,0
2018-04-01,WH_SOUTH,South FC,CAR_D,Carrier D,standard,2,2,0,0.0,0.0,0
2018-04-01,WH_SOUTHEAST,Southeast FC,CAR_A,Carrier A,bulky,11,9,2,18.18,1.91,2
2018-04-01,WH_SOUTHEAST,Southeast FC,CAR_A,Carrier A,fast,18,14,4,22.22,0.94,2
2018-04-01,WH_SOUTHEAST,Southeast FC,CAR_A,Carrier A,standard,22,16,6,27.27,1.18,2
2018-04-01,WH_SOUTHEAST,Southeast FC,CAR_B,Carrier B,bulky,10,3,7,70.0,0.2,1
2018-04-01,WH_SOUTHEAST,Southeast FC,CAR_B,Carrier B,fast,23,17,6,26.09,1.43,3
2018-04-01,WH_SOUTHEAST,Southeast FC,CAR_B,Carrier B,standard,19,11,8,42.11,0.32,1
2018-04-01,WH_SOUTHEAST,Southeast FC,CAR_C,Carrier C,bulky,9,5,4,44.44,0.44,1
2018-04-01,WH_SOUTHEAST,Southeast FC,CAR_C,Carrier C,fast,12,11,1,8.33,0.5,1
2018-04-01,WH_SOUTHEAST,Southeast FC,CAR_C,Carrier C,standard,11,8,3,27.27,0.0,0
2018-04-01,WH_SOUTHEAST,Southeast FC,CAR_D,Carrier D,bulky,4,1,3,75.0,0.0,0
2018-04-01,WH_SOUTHEAST,Southeast FC,CAR_D,Carrier D,fast,9,9,0,0.0,0.44,2
2018-04-01,WH_SOUTHEAST,Southeast FC,CAR_D,Carrier D,standard,6,4,2,33.33,0.0,0
2018-04-02,WH_CENTRAL_WEST,Central-West FC,CAR_A,Carrier A,fast,3,3,0,0.0,0.0,0
2018-04-02,WH_CENTRAL_WEST,Central-West FC,CAR_B,Carrier B,fast,3,3,0,0.0,0.0,0
2018-04-02,WH_CENTRAL_WEST,Central-West FC,CAR_D,Carrier D,fast,2,2,0,0.0,0.0,0
2018-04-02,WH_NORTH,North FC,CAR_B,Carrier B,bulky,1,1,0,0.0,3.0,1
2018-04-02,WH_NORTH,North FC,CAR_B,Carrier B,fast,2,2,0,0.0,4.5,1
2018-04-02,WH_NORTH,North FC,CAR_D,Carrier D,bulky,1,1,0,0.0,10.0,1
2018-04-02,WH_NORTH,North FC,CAR_D,Carrier D,standard,1,1,0,0.0,0.0,0
2018-04-02,WH_SOUTH,South FC,CAR_A,Carrier A,bulky,3,3,0,0.0,4.33,1
2018-04-02,WH_SOUTH,South FC,CAR_A,Carrier A,fast,4,4,0,0.0,0.0,0
2018-04-02,WH_SOUTH,South FC,CAR_A,Carrier A,standard,4,4,0,0.0,0.0,0
2018-04-02,WH_SOUTH,South FC,CAR_B,Carrier B,bulky,5,5,0,0.0,0.0,0
2018-04-02,WH_SOUTH,South FC,CAR_B,Carrier B,fast,5,5,0,0.0,0.0,0
2018-04-02,WH_SOUTH,South FC,CAR_B,Carrier B,standard,9,8,1,11.11,0.0,0
2018-04-02,WH_SOUTH,South FC,CAR_C,Carrier C,bulky,4,4,0,0.0,0.0,0
2018-04-02,WH_SOUTH,South FC,CAR_C,Carrier C,fast,2,2,0,0.0,0.0,0
2018-04-02,WH_SOUTH,South FC,CAR_C,Carrier C,standard,4,3,1,25.0,0.0,0
2018-04-02,WH_SOUTH,South FC,CAR_D,Carrier D,bulky,1,1,0,0.0,0.0,0
2018-04-02,WH_SOUTH,South FC,CAR_D,Carrier D,standard,1,1,0,0.0,0.0,0
2018-04-02,WH_SOUTHEAST,Southeast FC,CAR_A,Carrier A,bulky,18,10,8,44.44,0.89,3
2018-04-02,WH_SOUTHEAST,Southeast FC,CAR_A,Carrier A,fast,28,25,3,10.71,0.07,1
2018-04-02,WH_SOUTHEAST,Southeast FC,CAR_A,Carrier A,standard,24,11,13,54.17,1.92,3
2018-04-02,WH_SOUTHEAST,Southeast FC,CAR_B,Carrier B,bulky,19,14,5,26.32,1.95,5
2018-04-02,WH_SOUTHEAST,Southeast FC,CAR_B,Carrier B,fast,26,21,5,19.23,1.65,7
2018-04-02,WH_SOUTHEAST,Southeast FC,CAR_B,Carrier B,standard,28,23,5,17.86,3.25,7
2018-04-02,WH_SOUTHEAST,Southeast FC,CAR_C,Carrier C,bulky,18,11,7,38.89,0.89,1
2018-04-02,WH_SOUTHEAST,Southeast FC,CAR_C,Carrier C,fast,17,16,1,5.88,0.24,1
2018-04-02,WH_SOUTHEAST,Southeast FC,CAR_C,Carrier C,standard,17,14,3,17.65,0.18,1
2018-04-02,WH_SOUTHEAST,Southeast FC,CAR_D,Carrier D,bulky,8,4,4,50.0,1.0,1
2018-04-02,WH_SOUTHEAST,Southeast FC,CAR_D,Carrier D,fast,5,4,1,20.0,7.8,2
2018-04-02,WH_SOUTHEAST,Southeast FC,CAR_D,Carrier D,standard,11,7,4,36.36,0.73,2
2018-04-03,WH_CENTRAL_WEST,Central-West FC,CAR_A,Carrier A,fast,1,1,0,0.0,0.0,0
2018-04-03,WH_CENTRAL_WEST,Central-West FC,CAR_A,Carrier A,standard,2,2,0,0.0,0.0,0
2018-04-03,WH_CENTRAL_WEST,Central-West FC,CAR_B,Carrier B,bulky,1,0,1,100.0,0.0,0
2018-04-03,WH_CENTRAL_WEST,Central-West FC,CAR_B,Carrier B,fast,1,1,0,0.0,0.0,0
2018-04-03,WH_CENTRAL_WEST,Central-West FC,CAR_B,Carrier B,standard,2,2,0,0.0,0.0,0
2018-04-03,WH_CENTRAL_WEST,Central-West FC,CAR_D,Carrier D,bulky,2,2,0,0.0,10.0,1
2018-04-03,WH_CENTRAL_WEST,Central-West FC,CAR_D,Carrier D,fast,3,3,0,0.0,6.0,1
2018-04-03,WH_NORTH,North FC,CAR_A,Carrier A,fast,1,1,0,0.0,0.0,0
2018-04-03,WH_NORTH,North FC,CAR_B,Carrier B,bulky,1,1,0,0.0,0.0,0
2018-04-03,WH_NORTH,North FC,CAR_B,Carrier B,standard,1,1,0,0.0,0.0,0
2018-04-03,WH_NORTH,North FC,CAR_C,Carrier C,standard,1,1,0,0.0,0.0,0
2018-04-03,WH_SOUTH,South FC,CAR_A,Carrier A,bulky,1,0,1,100.0,0.0,0
2018-04-03,WH_SOUTH,South FC,CAR_A,Carrier A,fast,2,2,0,0.0,0.0,0
2018-04-03,WH_SOUTH,South FC,CAR_A,Carrier A,standard,2,2,0,0.0,0.0,0
2018-04-03,WH_SOUTH,South FC,CAR_B,Carrier B,bulky,1,1,0,0.0,0.0,0
2018-04-03,WH_SOUTH,South FC,CAR_B,Carrier B,fast,5,5,0,0.0,0.0,0
2018-04-03,WH_SOUTH,South FC,CAR_B,Carrier B,standard,4,3,1,25.0,0.0,0
2018-04-03,WH_SOUTH,South FC,CAR_C,Carrier C,fast,3,3,0,0.0,0.0,0
2018-04-03,WH_SOUTH,South FC,CAR_C,Carrier C,standard,4,4,0,0.0,1.25,1
2018-04-03,WH_SOUTH,South FC,CAR_D,Carrier D,bulky,1,1,0,0.0,0.0,0
2018-04-03,WH_SOUTH,South FC,CAR_D,Carrier D,fast,3,3,0,0.0,0.0,0
2018-04-03,WH_SOUTH,South FC,CAR_D,Carrier D,standard,6,6,0,0.0,0.0,0
2018-04-03,WH_SOUTHEAST,Southeast FC,CAR_A,Carrier A,bulky,12,8,4,33.33,0.0,0
2018-04-03,WH_SOUTHEAST,Southeast FC,CAR_A,Carrier A,fast,25,21,4,16.0,0.88,1
2018-04-03,WH_SOUTHEAST,Southeast FC,CAR_A,Carrier A,standard,29,22,7,24.14,2.1,6
2018-04-03,WH_SOUTHEAST,Southeast FC,CAR_B,Carrier B,bulky,13,9,4,30.77,1.85,3
2018-04-03,WH_SOUTHEAST,Southeast FC,CAR_B,Carrier B,fast,19,16,3,15.79,3.79,4
2018-04-03,WH_SOUTHEAST,Southeast FC,CAR_B,Carrier B,standard,25,20,5,20.0,1.96,1
2018-04-03,WH_SOUTHEAST,Southeast FC,CAR_C,Carrier C,bulky,11,7,4,36.36,0.45,1
2018-04-03,WH_SOUTHEAST,Southeast FC,CAR_C,Carrier C,fast,13,10,3,23.08,0.0,0
2018-04-03,WH_SOUTHEAST,Southeast FC,CAR_C,Carrier C,standard,23,17,6,26.09,0.22,2
2018-04-03,WH_SOUTHEAST,Southeast FC,CAR_D,Carrier D,bulky,4,4,0,0.0,2.75,1
2018-04-03,WH_SOUTHEAST,Southeast FC,CAR_D,Carrier D,fast,12,8,4,33.33,0.0,0
2018-04-03,WH_SOUTHEAST,Southeast FC,CAR_D,Carrier D,standard,9,5,4,44.44,0.0,0
2018-04-04,WH_CENTRAL_WEST,Central-West FC,CAR_A,Carrier A,bulky,5,5,0,0.0,0.8,1
2018-04-04,WH_CENTRAL_WEST,Central-West FC,CAR_A,Carrier A,fast,1,1,0,0.0,0.0,0
2018-04-04,WH_CENTRAL_WEST,Central-West FC,CAR_A,Carrier A,standard,2,2,0,0.0,0.0,0
2018-04-04,WH_CENTRAL_WEST,Central-West FC,CAR_B,Carrier B,bulky,1,0,1,100.0,0.0,0
2018-04-04,WH_CENTRAL_WEST,Central-West FC,CAR_B,Carrier B,fast,2,2,0,0.0,0.0,0
2018-04-04,WH_CENTRAL_WEST,Central-West FC,CAR_B,Carrier B,standard,2,2,0,0.0,0.0,0
2018-04-04,WH_CENTRAL_WEST,Central-West FC,CAR_C,Carrier C,bulky,1,1,0,0.0,0.0,0
2018-04-04,WH_CENTRAL_WEST,Central-West FC,CAR_C,Carrier C,fast,1,1,0,0.0,0.0,0
2018-04-04,WH_CENTRAL_WEST,Central-West FC,CAR_C,Carrier C,standard,1,1,0,0.0,0.0,0
2018-04-04,WH_CENTRAL_WEST,Central-West FC,CAR_D,Carrier D,fast,2,2,0,0.0,1.0,1
2018-04-04,WH_CENTRAL_WEST,Central-West FC,CAR_D,Carrier D,standard,3,3,0,0.0,0.0,0
2018-04-04,WH_NORTH,North FC,CAR_A,Carrier A,standard,1,1,0,0.0,0.0,0
2018-04-04,WH_NORTH,North FC,CAR_D,Carrier D,fast,1,1,0,0.0,6.0,1
2018-04-04,WH_SOUTH,South FC,CAR_A,Carrier A,bulky,4,3,1,25.0,0.0,0
2018-04-04,WH_SOUTH,South FC,CAR_A,Carrier A,fast,1,1,0,0.0,0.0,0
2018-04-04,WH_SOUTH,South FC,CAR_A,Carrier A,standard,3,3,0,0.0,0.0,0
2018-04-04,WH_SOUTH,South FC,CAR_B,Carrier B,bulky,1,0,1,100.0,0.0,0
2018-04-04,WH_SOUTH,South FC,CAR_B,Carrier B,fast,4,4,0,0.0,0.0,0
2018-04-04,WH_SOUTH,South FC,CAR_B,Carrier B,standard,5,5,0,0.0,1.2,2
2018-04-04,WH_SOUTH,South FC,CAR_C,Carrier C,bulky,3,1,2,66.67,0.0,0
2018-04-04,WH_SOUTH,South FC,CAR_C,Carrier C,fast,1,1,0,0.0,0.0,0
2018-04-04,WH_SOUTH,South FC,CAR_C,Carrier C,standard,3,3,0,0.0,0.0,0
2018-04-04,WH_SOUTH,South FC,CAR_D,Carrier D,bulky,1,1,0,0.0,0.0,0
2018-04-04,WH_SOUTHEAST,Southeast FC,CAR_A,Carrier A,bulky,17,11,6,35.29,0.0,0
2018-04-04,WH_SOUTHEAST,Southeast FC,CAR_A,Carrier A,fast,21,12,9,42.86,0.0,0
2018-04-04,WH_SOUTHEAST,Southeast FC,CAR_A,Carrier A,standard,27,19,8,29.63,0.96,4
2018-04-04,WH_SOUTHEAST,Southeast FC,CAR_B,Carrier B,bulky,15,6,9,60.0,0.93,2
2018-04-04,WH_SOUTHEAST,Southeast FC,CAR_B,Carrier B,fast,17,17,0,0.0,0.35,1
2018-04-04,WH_SOUTHEAST,Southeast FC,CAR_B,Carrier B,standard,24,19,5,20.83,0.21,1
2018-04-04,WH_SOUTHEAST,Southeast FC,CAR_C,Carrier C,bulky,6,4,2,33.33,0.0,0
2018-04-04,WH_SOUTHEAST,Southeast FC,CAR_C,Carrier C,fast,21,18,3,14.29,0.0,0
2018-04-04,WH_SOUTHEAST,Southeast FC,CAR_C,Carrier C,standard,16,10,6,37.5,0.0,0
2018-04-04,WH_SOUTHEAST,Southeast FC,CAR_D,Carrier D,bulky,10,5,5,50.0,2.3,1
2018-04-04,WH_SOUTHEAST,Southeast FC,CAR_D,Carrier D,fast,18,17,1,5.56,0.0,0
2018-04-04,WH_SOUTHEAST,Southeast FC,CAR_D,Carrier D,standard,11,6,5,45.45,0.27,1
2018-04-05,WH_CENTRAL_WEST,Central-West FC,CAR_A,Carrier A,fast,1,1,0,0.0,0.0,0
2018-04-05,WH_CENTRAL_WEST,Central-West FC,CAR_B,Carrier B,bulky,2,2,0,0.0,0.0,0
2018-04-05,WH_CENTRAL_WEST,Central-West FC,CAR_B,Carrier B,fast,1,1,0,0.0,0.0,0
2018-04-05,WH_CENTRAL_WEST,Central-West FC,CAR_B,Carrier B,standard,2,2,0,0.0,1.0,1
2018-04-05,WH_CENTRAL_WEST,Central-West FC,CAR_D,Carrier D,fast,3,3,0,0.0,0.0,0
2018-04-05,WH_CENTRAL_WEST,Central-West FC,CAR_D,Carrier D,standard,1,1,0,0.0,0.0,0
2018-04-05,WH_NORTH,North FC,CAR_B,Carrier B,fast,1,1,0,0.0,32.0,1
2018-04-05,WH_NORTH,North FC,CAR_C,Carrier C,fast,1,1,0,0.0,0.0,0
2018-04-05,WH_NORTH,North FC,CAR_C,Carrier C,standard,1,1,0,0.0,0.0,0
2018-04-05,WH_NORTH,North FC,CAR_D,Carrier D,bulky,1,1,0,0.0,0.0,0
2018-04-05,WH_SOUTH,South FC,CAR_A,Carrier A,bulky,4,3,1,25.0,0.0,0
2018-04-05,WH_SOUTH,South FC,CAR_A,Carrier A,fast,4,4,0,0.0,0.0,0
2018-04-05,WH_SOUTH,South FC,CAR_A,Carrier A,standard,6,6,0,0.0,0.0,0
2018-04-05,WH_SOUTH,South FC,CAR_B,Carrier B,bulky,2,2,0,0.0,0.0,0
2018-04-05,WH_SOUTH,South FC,CAR_B,Carrier B,fast,5,5,0,0.0,0.0,0
2018-04-05,WH_SOUTH,South FC,CAR_B,Carrier B,standard,7,6,1,14.29,0.0,0
2018-04-05,WH_SOUTH,South FC,CAR_C,Carrier C,bulky,5,3,2,40.0,0.0,0
2018-04-05,WH_SOUTH,South FC,CAR_C,Carrier C,fast,2,2,0,0.0,0.0,0
2018-04-05,WH_SOUTH,South FC,CAR_C,Carrier C,standard,1,1,0,0.0,0.0,0
2018-04-05,WH_SOUTH,South FC,CAR_D,Carrier D,bulky,1,1,0,0.0,0.0,0
2018-04-05,WH_SOUTHEAST,Southeast FC,CAR_A,Carrier A,bulky,16,2,14,87.5,0.0,0
2018-04-05,WH_SOUTHEAST,Southeast FC,CAR_A,Carrier A,fast,28,28,0,0.0,0.0,0
2018-04-05,WH_SOUTHEAST,Southeast FC,CAR_A,Carrier A,standard,36,31,5,13.89,1.11,3
2018-04-05,WH_SOUTHEAST,Southeast FC,CAR_B,Carrier B,bulky,16,8,8,50.0,0.0,0
2018-04-05,WH_SOUTHEAST,Southeast FC,CAR_B,Carrier B,fast,16,16,0,0.0,1.13,2
2018-04-05,WH_SOUTHEAST,Southeast FC,CAR_B,Carrier B,standard,35,29,6,17.14,0.0,0
2018-04-05,WH_SOUTHEAST,Southeast FC,CAR_C,Carrier C,bulky,7,2,5,71.43,0.0,0
2018-04-05,WH_SOUTHEAST,Southeast FC,CAR_C,Carrier C,fast,10,10,0,0.0,0.0,0
2018-04-05,WH_SOUTHEAST,Southeast FC,CAR_C,Carrier C,standard,13,8,5,38.46,2.0,3
2018-04-05,WH_SOUTHEAST,Southeast FC,CAR_D,Carrier D,bulky,9,5,4,44.44,0.0,0
2018-04-05,WH_SOUTHEAST,Southeast FC,CAR_D,Carrier D,fast,9,9,0,0.0,0.0,0
2018-04-05,WH_SOUTHEAST,Southeast FC,CAR_D,Carrier D,standard,15,11,4,26.67,0.2,1
2018-04-06,WH_CENTRAL_WEST,Central-West FC,CAR_A,Carrier A,standard,1,1,0,0.0,0.0,0
2018-04-06,WH_CENTRAL_WEST,Central-West FC,CAR_B,Carrier B,bulky,1,1,0,0.0,0.0,0
2018-04-06,WH_CENTRAL_WEST,Central-West FC,CAR_B,Carrier B,standard,2,1,1,50.0,0.0,0
2018-04-06,WH_CENTRAL_WEST,Central-West FC,CAR_C,Carrier C,fast,1,1,0,0.0,0.0,0
2018-04-06,WH_CENTRAL_WEST,Central-West FC,CAR_D,Carrier D,fast,3,3,0,0.0,0.0,0
2018-04-06,WH_NORTH,North FC,CAR_A,Carrier A,standard,1,1,0,0.0,0.0,0
2018-04-06,WH_NORTH,North FC,CAR_B,Carrier B,fast,1,1,0,0.0,0.0,0
2018-04-06,WH_NORTH,North FC,CAR_B,Carrier B,standard,1,1,0,0.0,0.0,0
2018-04-06,WH_NORTH,North FC,CAR_C,Carrier C,fast,1,1,0,0.0,0.0,0
2018-04-06,WH_NORTH,North FC,CAR_C,Carrier C,standard,1,1,0,0.0,0.0,0
2018-04-06,WH_SOUTH,South FC,CAR_A,Carrier A,bulky,5,4,1,20.0,0.0,0
2018-04-06,WH_SOUTH,South FC,CAR_A,Carrier A,fast,2,2,0,0.0,0.0,0
2018-04-06,WH_SOUTH,South FC,CAR_A,Carrier A,standard,3,3,0,0.0,0.0,0
2018-04-06,WH_SOUTH,South FC,CAR_B,Carrier B,bulky,4,4,0,0.0,0.0,0
2018-04-06,WH_SOUTH,South FC,CAR_B,Carrier B,fast,6,6,0,0.0,0.0,0
2018-04-06,WH_SOUTH,South FC,CAR_B,Carrier B,standard,4,4,0,0.0,2.75,1
2018-04-06,WH_SOUTH,South FC,CAR_C,Carrier C,standard,1,1,0,0.0,0.0,0
2018-04-06,WH_SOUTH,South FC,CAR_D,Carrier D,fast,2,2,0,0.0,0.0,0
2018-04-06,WH_SOUTH,South FC,CAR_D,Carrier D,standard,1,1,0,0.0,0.0,0
2018-04-06,WH_SOUTHEAST,Southeast FC,CAR_A,Carrier A,bulky,10,7,3,30.0,0.0,0
2018-04-06,WH_SOUTHEAST,Southeast FC,CAR_A,Carrier A,fast,19,17,2,10.53,0.89,1
2018-04-06,WH_SOUTHEAST,Southeast FC,CAR_A,Carrier A,standard,15,12,3,20.0,0.0,0
2018-04-06,WH_SOUTHEAST,Southeast FC,CAR_B,Carrier B,bulky,13,6,7,53.85,0.0,0
2018-04-06,WH_SOUTHEAST,Southeast FC,CAR_B,Carrier B,fast,16,16,0,0.0,0.38,1
2018-04-06,WH_SOUTHEAST,Southeast FC,CAR_B,Carrier B,standard,10,8,2,20.0,0.7,1
2018-04-06,WH_SOUTHEAST,Southeast FC,CAR_C,Carrier C,bulky,6,3,3,50.0,6.83,1
2018-04-06,WH_SOUTHEAST,Southeast FC,CAR_C,Carrier C,fast,12,11,1,8.33,0.0,0
2018-04-06,WH_SOUTHEAST,Southeast FC,CAR_C,Carrier C,standard,20,12,8,40.0,0.0,0
2018-04-06,WH_SOUTHEAST,Southeast FC,CAR_D,Carrier D,bulky,5,3,2,40.0,0.0,0
2018-04-06,WH_SOUTHEAST,Southeast FC,CAR_D,Carrier D,fast,8,8,0,0.0,0.0,0
2018-04-06,WH_SOUTHEAST,Southeast FC,CAR_D,Carrier D,standard,6,5,1,16.67,0.0,0
2018-04-07,WH_CENTRAL_WEST,Central-West FC,CAR_A,Carrier A,bulky,2,2,0,0.0,0.0,0
2018-04-07,WH_CENTRAL_WEST,Central-West FC,CAR_A,Carrier A,fast,1,1,0,0.0,0.0,0
2018-04-07,WH_CENTRAL_WEST,Central-West FC,CAR_B,Carrier B,fast,5,3,2,40.0,0.0,0
2018-04-07,WH_CENTRAL_WEST,Central-West FC,CAR_C,Carrier C,standard,1,1,0,0.0,0.0,0
2018-04-07,WH_NORTH,North FC,CAR_B,Carrier B,bulky,1,1,0,0.0,0.0,0
2018-04-07,WH_NORTH,North FC,CAR_B,Carrier B,fast,1,1,0,0.0,0.0,0
2018-04-07,WH_NORTH,North FC,CAR_B,Carrier B,standard,2,2,0,0.0,3.5,1
2018-04-07,WH_NORTH,North FC,CAR_D,Carrier D,fast,1,1,0,0.0,0.0,0
2018-04-07,WH_SOUTH,South FC,CAR_A,Carrier A,bulky,1,1,0,0.0,0.0,0
2018-04-07,WH_SOUTH,South FC,CAR_A,Carrier A,fast,1,1,0,0.0,0.0,0
2018-04-07,WH_SOUTH,South FC,CAR_A,Carrier A,standard,3,3,0,0.0,0.0,0
2018-04-07,WH_SOUTH,South FC,CAR_B,Carrier B,fast,2,2,0,0.0,0.0,0
2018-04-07,WH_SOUTH,South FC,CAR_B,Carrier B,standard,4,4,0,0.0,0.0,0
2018-04-07,WH_SOUTH,South FC,CAR_C,Carrier C,fast,1,1,0,0.0,0.0,0
2018-04-07,WH_SOUTH,South FC,CAR_C,Carrier C,standard,2,2,0,0.0,0.0,0
2018-04-07,WH_SOUTH,South FC,CAR_D,Carrier D,standard,1,1,0,0.0,0.0,0
2018-04-07,WH_SOUTHEAST,Southeast FC,CAR_A,Carrier A,bulky,9,5,4,44.44,0.44,1
2018-04-07,WH_SOUTHEAST,Southeast FC,CAR_A,Carrier A,fast,17,15,2,11.76,0.0,0
2018-04-07,WH_SOUTHEAST,Southeast FC,CAR_A,Carrier A,standard,14,11,3,21.43,1.0,2
2018-04-07,WH_SOUTHEAST,Southeast FC,CAR_B,Carrier B,bulky,10,4,6,60.0,0.3,1
2018-04-07,WH_SOUTHEAST,Southeast FC,CAR_B,Carrier B,fast,10,9,1,10.0,0.0,0
2018-04-07,WH_SOUTHEAST,Southeast FC,CAR_B,Carrier B,standard,22,12,10,45.45,0.0,0
2018-04-07,WH_SOUTHEAST,Southeast FC,CAR_C,Carrier C,bulky,13,5,8,61.54,0.38,1
2018-04-07,WH_SOUTHEAST,Southeast FC,CAR_C,Carrier C,fast,11,11,0,0.0,3.18,1
2018-04-07,WH_SOUTHEAST,Southeast FC,CAR_C,Carrier C,standard,12,10,2,16.67,0.0,0
2018-04-07,WH_SOUTHEAST,Southeast FC,CAR_D,Carrier D,bulky,8,6,2,25.0,0.0,0
2018-04-07,WH_SOUTHEAST,Southeast FC,CAR_D,Carrier D,fast,2,2,0,0.0,0.0,0
2018-04-07,WH_SOUTHEAST,Southeast FC,CAR_D,Carrier D,standard,4,2,2,50.0,0.0,0
2018-04-08,WH_CENTRAL_WEST,Central-West FC,CAR_A,Carrier A,bulky,1,1,0,0.0,0.0,0
2018-04-08,WH_CENTRAL_WEST,Central-West FC,CAR_A,Carrier A,fast,2,2,0,0.0,0.0,0
2018-04-08,WH_CENTRAL_WEST,Central-West FC,CAR_A,Carrier A,standard,1,1,0,0.0,0.0,0
2018-04-08,WH_CENTRAL_WEST,Central-West FC,CAR_B,Carrier B,bulky,1,1,0,0.0,0.0,0
2018-04-08,WH_CENTRAL_WEST,Central-West FC,CAR_C,Carrier C,fast,1,1,0,0.0,0.0,0
2018-04-08,WH_CENTRAL_WEST,Central-West FC,CAR_C,Carrier C,standard,1,1,0,0.0,0.0,0
2018-04-08,WH_CENTRAL_WEST,Central-West FC,CAR_D,Carrier D,bulky,2,1,1,50.0,0.0,0
2018-04-08,WH_CENTRAL_WEST,Central-West FC,CAR_D,Carrier D,fast,1,1,0,0.0,0.0,0
2018-04-08,WH_CENTRAL_WEST,Central-West FC,CAR_D,Carrier D,standard,1,1,0,0.0,0.0,0
2018-04-08,WH_NORTH,North FC,CAR_A,Carrier A,fast,1,1,0,0.0,0.0,0
2018-04-08,WH_NORTH,North FC,CAR_B,Carrier B,standard,1,1,0,0.0,0.0,0
2018-04-08,WH_NORTH,North FC,CAR_C,Carrier C,fast,1,1,0,0.0,0.0,0
2018-04-08,WH_SOUTH,South FC,CAR_A,Carrier A,bulky,1,1,0,0.0,0.0,0
2018-04-08,WH_SOUTH,South FC,CAR_A,Carrier A,fast,1,1,0,0.0,0.0,0
2018-04-08,WH_SOUTH,South FC,CAR_A,Carrier A,standard,3,1,2,66.67,0.0,0
2018-04-08,WH_SOUTH,South FC,CAR_B,Carrier B,bulky,3,2,1,33.33,0.0,0
2018-04-08,WH_SOUTH,South FC,CAR_B,Carrier B,fast,1,1,0,0.0,0.0,0
2018-04-08,WH_SOUTH,South FC,CAR_B,Carrier B,standard,3,1,2,66.67,0.0,0
2018-04-08,WH_SOUTH,South FC,CAR_C,Carrier C,bulky,3,2,1,33.33,0.0,0
2018-04-08,WH_SOUTH,South FC,CAR_C,Carrier C,fast,1,1,0,0.0,0.0,0
2018-04-08,WH_SOUTH,South FC,CAR_C,Carrier C,standard,1,1,0,0.0,0.0,0
2018-04-08,WH_SOUTH,South FC,CAR_D,Carrier D,fast,1,1,0,0.0,0.0,0
2018-04-08,WH_SOUTH,South FC,CAR_D,Carrier D,standard,4,2,2,50.0,0.0,0
2018-04-08,WH_SOUTHEAST,Southeast FC,CAR_A,Carrier A,bulky,13,6,7,53.85,0.0,0
2018-04-08,WH_SOUTHEAST,Southeast FC,CAR_A,Carrier A,fast,23,20,3,13.04,1.3,2
2018-04-08,WH_SOUTHEAST,Southeast FC,CAR_A,Carrier A,standard,15,9,6,40.0,0.0,0
2018-04-08,WH_SOUTHEAST,Southeast FC,CAR_B,Carrier B,bulky,14,11,3,21.43,5.43,3
2018-04-08,WH_SOUTHEAST,Southeast FC,CAR_B,Carrier B,fast,16,16,0,0.0,0.0,0
2018-04-08,WH_SOUTHEAST,Southeast FC,CAR_B,Carrier B,standard,16,13,3,18.75,1.38,2
2018-04-08,WH_SOUTHEAST,Southeast FC,CAR_C,Carrier C,bulky,12,5,7,58.33,0.42,1
2018-04-08,WH_SOUTHEAST,Southeast FC,CAR_C,Carrier C,fast,12,8,4,33.33,0.0,0
2018-04-08,WH_SOUTHEAST,Southeast FC,CAR_C,Carrier C,standard,13,6,7,53.85,0.0,0
2018-04-08,WH_SOUTHEAST,Southeast FC,CAR_D,Carrier D,bulky,2,2,0,0.0,0.0,0
2018-04-08,WH_SOUTHEAST,Southeast FC,CAR_D,Carrier D,fast,3,3,0,0.0,2.33,1
2018-04-08,WH_SOUTHEAST,Southeast FC,CAR_D,Carrier D,standard,8,5,3,37.5,0.13,1
2018-04-09,WH_CENTRAL_WEST,Central-West FC,CAR_A,Carrier A,fast,1,1,0,0.0,0.0,0
2018-04-09,WH_CENTRAL_WEST,Central-West FC,CAR_B,Carrier B,bulky,2,2,0,0.0,0.0,0
2018-04-09,WH_CENTRAL_WEST,Central-West FC,CAR_B,Carrier B,fast,2,2,0,0.0,0.0,0
2018-04-09,WH_CENTRAL_WEST,Central-West FC,CAR_C,Carrier C,bulky,2,2,0,0.0,1.0,1
2018-04-09,WH_CENTRAL_WEST,Central-West FC,CAR_D,Carrier D,standard,2,1,1,50.0,0.0,0
2018-04-09,WH_NORTH,North FC,CAR_A,Carrier A,fast,1,1,0,0.0,0.0,0
2018-04-09,WH_NORTH,North FC,CAR_B,Carrier B,fast,1,1,0,0.0,0.0,0
2018-04-09,WH_NORTH,North FC,CAR_B,Carrier B,standard,1,1,0,0.0,0.0,0
2018-04-09,WH_NORTH,North FC,CAR_D,Carrier D,standard,1,1,0,0.0,9.0,1
2018-04-09,WH_SOUTH,South FC,CAR_A,Carrier A,bulky,3,3,0,0.0,8.33,1
2018-04-09,WH_SOUTH,South FC,CAR_A,Carrier A,fast,2,2,0,0.0,0.0,0
2018-04-09,WH_SOUTH,South FC,CAR_A,Carrier A,standard,5,4,1,20.0,0.0,0
2018-04-09,WH_SOUTH,South FC,CAR_B,Carrier B,bulky,5,2,3,60.0,0.0,0
2018-04-09,WH_SOUTH,South FC,CAR_B,Carrier B,fast,3,3,0,0.0,0.0,0
2018-04-09,WH_SOUTH,South FC,CAR_B,Carrier B,standard,6,6,0,0.0,0.0,0
2018-04-09,WH_SOUTH,South FC,CAR_C,Carrier C,bulky,1,1,0,0.0,0.0,0
2018-04-09,WH_SOUTH,South FC,CAR_C,Carrier C,fast,1,1,0,0.0,0.0,0
2018-04-09,WH_SOUTH,South FC,CAR_C,Carrier C,standard,5,5,0,0.0,0.0,0
2018-04-09,WH_SOUTH,South FC,CAR_D,Carrier D,fast,1,1,0,0.0,0.0,0
2018-04-09,WH_SOUTH,South FC,CAR_D,Carrier D,standard,3,3,0,0.0,0.0,0
2018-04-09,WH_SOUTHEAST,Southeast FC,CAR_A,Carrier A,bulky,18,6,12,66.67,0.11,2
2018-04-09,WH_SOUTHEAST,Southeast FC,CAR_A,Carrier A,fast,26,21,5,19.23,0.31,1
2018-04-09,WH_SOUTHEAST,Southeast FC,CAR_A,Carrier A,standard,27,17,10,37.04,0.48,2
2018-04-09,WH_SOUTHEAST,Southeast FC,CAR_B,Carrier B,bulky,13,4,9,69.23,0.08,1
2018-04-09,WH_SOUTHEAST,Southeast FC,CAR_B,Carrier B,fast,18,15,3,16.67,0.0,0
2018-04-09,WH_SOUTHEAST,Southeast FC,CAR_B,Carrier B,standard,33,20,13,39.39,0.0,0
2018-04-09,WH_SOUTHEAST,Southeast FC,CAR_C,Carrier C,bulky,10,5,5,50.0,0.5,1
2018-04-09,WH_SOUTHEAST,Southeast FC,CAR_C,Carrier C,fast,14,11,3,21.43,0.0,0
2018-04-09,WH_SOUTHEAST,Southeast FC,CAR_C,Carrier C,standard,16,11,5,31.25,0.0,0
2018-04-09,WH_SOUTHEAST,Southeast FC,CAR_D,Carrier D,bulky,5,2,3,60.0,0.0,0
2018-04-09,WH_SOUTHEAST,Southeast FC,CAR_D,Carrier D,fast,11,10,1,9.09,0.0,0
2018-04-09,WH_SOUTHEAST,Southeast FC,CAR_D,Carrier D,standard,11,7,4,36.36,0.45,1
2018-04-10,WH_CENTRAL_WEST,Central-West FC,CAR_A,Carrier A,fast,1,1,0,0.0,0.0,0
2018-04-10,WH_CENTRAL_WEST,Central-West FC,CAR_A,Carrier A,standard,2,2,0,0.0,0.0,0
2018-04-10,WH_CENTRAL_WEST,Central-West FC,CAR_B,Carrier B,fast,2,2,0,0.0,0.0,0
2018-04-10,WH_CENTRAL_WEST,Central-West FC,CAR_B,Carrier B,standard,1,1,0,0.0,0.0,0
2018-04-10,WH_CENTRAL_WEST,Central-West FC,CAR_C,Carrier C,bulky,1,1,0,0.0,0.0,0
2018-04-10,WH_CENTRAL_WEST,Central-West FC,CAR_C,Carrier C,standard,2,2,0,0.0,1.0,1
2018-04-10,WH_CENTRAL_WEST,Central-West FC,CAR_D,Carrier D,fast,1,1,0,0.0,0.0,0
2018-04-10,WH_NORTH,North FC,CAR_B,Carrier B,bulky,2,2,0,0.0,0.0,0
2018-04-10,WH_NORTH,North FC,CAR_B,Carrier B,fast,1,1,0,0.0,0.0,0
2018-04-10,WH_NORTH,North FC,CAR_B,Carrier B,standard,1,1,0,0.0,31.0,1
2018-04-10,WH_NORTH,North FC,CAR_C,Carrier C,fast,2,2,0,0.0,0.0,0
2018-04-10,WH_NORTH,North FC,CAR_D,Carrier D,standard,1,1,0,0.0,0.0,0
2018-04-10,WH_SOUTH,South FC,CAR_A,Carrier A,bulky,2,1,1,50.0,0.0,0
2018-04-10,WH_SOUTH,South FC,CAR_A,Carrier A,fast,2,2,0,0.0,0.0,0
2018-04-10,WH_SOUTH,South FC,CAR_A,Carrier A,standard,2,2,0,0.0,0.0,0
2018-04-10,WH_SOUTH,South FC,CAR_B,Carrier B,bulky,2,0,2,100.0,0.0,0
2018-04-10,WH_SOUTH,South FC,CAR_B,Carrier B,standard,4,4,0,0.0,0.0,0
2018-04-10,WH_SOUTH,South FC,CAR_C,Carrier C,bulky,2,1,1,50.0,0.0,0
2018-04-10,WH_SOUTH,South FC,CAR_C,Carrier C,standard,2,2,0,0.0,1.5,1
2018-04-10,WH_SOUTH,South FC,CAR_D,Carrier D,fast,1,1,0,0.0,0.0,0
2018-04-10,WH_SOUTH,South FC,CAR_D,Carrier D,standard,4,4,0,0.0,0.0,0
2018-04-10,WH_SOUTHEAST,Southeast FC,CAR_A,Carrier A,bulky,11,4,7,63.64,0.0,0
2018-04-10,WH_SOUTHEAST,Southeast FC,CAR_A,Carrier A,fast,14,11,3,21.43,0.0,0
2018-04-10,WH_SOUTHEAST,Southeast FC,CAR_A,Carrier A,standard,21,16,5,23.81,0.33,1
2018-04-10,WH_SOUTHEAST,Southeast FC,CAR_B,Carrier B,bulky,14,6,8,57.14,0.07,1
2018-04-10,WH_SOUTHEAST,Southeast FC,CAR_B,Carrier B,fast,14,10,4,28.57,0.43,1
2018-04-10,WH_SOUTHEAST,Southeast FC,CAR_B,Carrier B,standard,24,18,6,25.0,0.0,0
2018-04-10,WH_SOUTHEAST,Southeast FC,CAR_C,Carrier C,bulky,13,5,8,61.54,0.0,0
2018-04-10,WH_SOUTHEAST,Southeast FC,CAR_C,Carrier C,fast,8,7,1,12.5,0.0,0
2018-04-10,WH_SOUTHEAST,Southeast FC,CAR_C,Carrier C,standard,19,13,6,31.58,5.16,2
2018-04-10,WH_SOUTHEAST,Southeast FC,CAR_D,Carrier D,bulky,3,1,2,66.67,0.33,1
2018-04-10,WH_SOUTHEAST,Southeast FC,CAR_D,Carrier D,fast,4,3,1,25.0,0.0,0
2018-04-10,WH_SOUTHEAST,Southeast FC,CAR_D,Carrier D,standard,13,10,3,23.08,0.0,0
2018-04-11,WH_CENTRAL_WEST,Central-West FC,CAR_A,Carrier A,bulky,1,1,0,0.0,0.0,0
2018-04-11,WH_CENTRAL_WEST,Central-West FC,CAR_A,Carrier A,fast,2,2,0,0.0,0.0,0
2018-04-11,WH_CENTRAL_WEST,Central-West FC,CAR_A,Carrier A,standard,1,1,0,0.0,0.0,0
2018-04-11,WH_CENTRAL_WEST,Central-West FC,CAR_B,Carrier B,bulky,1,1,0,0.0,0.0,0
2018-04-11,WH_CENTRAL_WEST,Central-West FC,CAR_B,Carrier B,fast,1,1,0,0.0,10.0,1
2018-04-11,WH_CENTRAL_WEST,Central-West FC,CAR_B,Carrier B,standard,4,4,0,0.0,0.0,0
2018-04-11,WH_CENTRAL_WEST,Central-West FC,CAR_C,Carrier C,fast,1,1,0,0.0,0.0,0
2018-04-11,WH_CENTRAL_WEST,Central-West FC,CAR_D,Carrier D,fast,2,2,0,0.0,0.0,0
2018-04-11,WH_NORTH,North FC,CAR_A,Carrier A,standard,2,2,0,0.0,0.0,0
2018-04-11,WH_NORTH,North FC,CAR_B,Carrier B,bulky,2,2,0,0.0,12.5,1
2018-04-11,WH_SOUTH,South FC,CAR_A,Carrier A,bulky,3,1,2,66.67,0.33,1
2018-04-11,WH_SOUTH,South FC,CAR_A,Carrier A,fast,2,2,0,0.0,0.0,0
2018-04-11,WH_SOUTH,South FC,CAR_A,Carrier A,standard,4,3,1,25.0,0.5,1
2018-04-11,WH_SOUTH,South FC,CAR_B,Carrier B,bulky,4,3,1,25.0,0.0,0
2018-04-11,WH_SOUTH,South FC,CAR_B,Carrier B,fast,5,5,0,0.0,0.0,0
2018-04-11,WH_SOUTH,South FC,CAR_B,Carrier B,standard,4,4,0,0.0,0.0,0
2018-04-11,WH_SOUTH,South FC,CAR_C,Carrier C,bulky,4,2,2,50.0,0.0,0
2018-04-11,WH_SOUTH,South FC,CAR_C,Carrier C,fast,2,2,0,0.0,0.0,0
2018-04-11,WH_SOUTH,South FC,CAR_C,Carrier C,standard,7,6,1,14.29,0.0,0
2018-04-11,WH_SOUTH,South FC,CAR_D,Carrier D,bulky,2,2,0,0.0,0.0,0
2018-04-11,WH_SOUTH,South FC,CAR_D,Carrier D,fast,1,1,0,0.0,0.0,0
2018-04-11,WH_SOUTH,South FC,CAR_D,Carrier D,standard,3,3,0,0.0,0.0,0
2018-04-11,WH_SOUTHEAST,Southeast FC,CAR_A,Carrier A,bulky,24,13,11,45.83,0.0,0
2018-04-11,WH_SOUTHEAST,Southeast FC,CAR_A,Carrier A,fast,26,22,4,15.38,1.73,1
2018-04-11,WH_SOUTHEAST,Southeast FC,CAR_A,Carrier A,standard,25,17,8,32.0,0.56,1
2018-04-11,WH_SOUTHEAST,Southeast FC,CAR_B,Carrier B,bulky,11,7,4,36.36,0.09,1
2018-04-11,WH_SOUTHEAST,Southeast FC,CAR_B,Carrier B,fast,25,23,2,8.0,0.0,0
2018-04-11,WH_SOUTHEAST,Southeast FC,CAR_B,Carrier B,standard,34,27,7,20.59,0.09,1
2018-04-11,WH_SOUTHEAST,Southeast FC,CAR_C,Carrier C,bulky,7,2,5,71.43,0.0,0
2018-04-11,WH_SOUTHEAST,Southeast FC,CAR_C,Carrier C,fast,12,11,1,8.33,0.75,1
2018-04-11,WH_SOUTHEAST,Southeast FC,CAR_C,Carrier C,standard,16,12,4,25.0,0.0,0
2018-04-11,WH_SOUTHEAST,Southeast FC,CAR_D,Carrier D,bulky,6,3,3,50.0,2.17,1
2018-04-11,WH_SOUTHEAST,Southeast FC,CAR_D,Carrier D,fast,6,6,0,0.0,0.0,0
2018-04-11,WH_SOUTHEAST,Southeast FC,CAR_D,Carrier D,standard,12,8,4,33.33,0.0,0
2018-04-12,WH_CENTRAL_WEST,Central-West FC,CAR_A,Carrier A,bulky,1,1,0,0.0,5.0,1
2018-04-12,WH_CENTRAL_WEST,Central-West FC,CAR_A,Carrier A,fast,2,2,0,0.0,0.0,0
2018-04-12,WH_CENTRAL_WEST,Central-West FC,CAR_A,Carrier A,standard,1,1,0,0.0,0.0,0
2018-04-12,WH_CENTRAL_WEST,Central-West FC,CAR_B,Carrier B,fast,3,3,0,0.0,0.0,0
2018-04-12,WH_CENTRAL_WEST,Central-West FC,CAR_B,Carrier B,standard,1,1,0,0.0,0.0,0
2018-04-12,WH_CENTRAL_WEST,Central-West FC,CAR_C,Carrier C,bulky,1,1,0,0.0,0.0,0
2018-04-12,WH_CENTRAL_WEST,Central-West FC,CAR_D,Carrier D,fast,2,2,0,0.0,0.0,0
2018-04-12,WH_CENTRAL_WEST,Central-West FC,CAR_D,Carrier D,standard,4,4,0,0.0,0.0,0
2018-04-12,WH_NORTH,North FC,CAR_A,Carrier A,fast,1,1,0,0.0,0.0,0
2018-04-12,WH_NORTH,North FC,CAR_B,Carrier B,fast,1,1,0,0.0,0.0,0
2018-04-12,WH_NORTH,North FC,CAR_B,Carrier B,standard,1,1,0,0.0,0.0,0
2018-04-12,WH_SOUTH,South FC,CAR_A,Carrier A,bulky,5,3,2,40.0,0.0,0
2018-04-12,WH_SOUTH,South FC,CAR_A,Carrier A,fast,2,2,0,0.0,0.0,0
2018-04-12,WH_SOUTH,South FC,CAR_A,Carrier A,standard,2,2,0,0.0,0.0,0
2018-04-12,WH_SOUTH,South FC,CAR_B,Carrier B,bulky,1,1,0,0.0,0.0,0
2018-04-12,WH_SOUTH,South FC,CAR_B,Carrier B,fast,2,2,0,0.0,0.0,0
2018-04-12,WH_SOUTH,South FC,CAR_B,Carrier B,standard,4,4,0,0.0,0.0,0
2018-04-12,WH_SOUTH,South FC,CAR_C,Carrier C,bulky,4,4,0,0.0,0.0,0
2018-04-12,WH_SOUTH,South FC,CAR_C,Carrier C,fast,4,4,0,0.0,0.0,0
2018-04-12,WH_SOUTH,South FC,CAR_C,Carrier C,standard,4,3,1,25.0,0.0,0
2018-04-12,WH_SOUTH,South FC,CAR_D,Carrier D,bulky,1,1,0,0.0,0.0,0
2018-04-12,WH_SOUTH,South FC,CAR_D,Carrier D,fast,2,2,0,0.0,0.0,0
2018-04-12,WH_SOUTH,South FC,CAR_D,Carrier D,standard,3,2,1,33.33,0.0,0
2018-04-12,WH_SOUTHEAST,Southeast FC,CAR_A,Carrier A,bulky,17,7,10,58.82,0.18,1
2018-04-12,WH_SOUTHEAST,Southeast FC,CAR_A,Carrier A,fast,22,21,1,4.55,0.77,1
2018-04-12,WH_SOUTHEAST,Southeast FC,CAR_A,Carrier A,standard,22,20,2,9.09,0.14,1
2018-04-12,WH_SOUTHEAST,Southeast FC,CAR_B,Carrier B,bulky,20,10,10,50.0,0.0,0
2018-04-12,WH_SOUTHEAST,Southeast FC,CAR_B,Carrier B,fast,28,27,1,3.57,1.93,2
2018-04-12,WH_SOUTHEAST,Southeast FC,CAR_B,Carrier B,standard,26,22,4,15.38,0.0,0
2018-04-12,WH_SOUTHEAST,Southeast FC,CAR_C,Carrier C,bulky,11,4,7,63.64,0.0,0
2018-04-12,WH_SOUTHEAST,Southeast FC,CAR_C,Carrier C,fast,14,14,0,0.0,0.0,0
2018-04-12,WH_SOUTHEAST,Southeast FC,CAR_C,Carrier C,standard,19,16,3,15.79,0.89,1
2018-04-12,WH_SOUTHEAST,Southeast FC,CAR_D,Carrier D,bulky,9,4,5,55.56,0.0,0
2018-04-12,WH_SOUTHEAST,Southeast FC,CAR_D,Carrier D,fast,5,5,0,0.0,0.0,0
2018-04-12,WH_SOUTHEAST,Southeast FC,CAR_D,Carrier D,standard,8,7,1,12.5,0.0,0
2018-04-13,WH_CENTRAL_WEST,Central-West FC,CAR_A,Carrier A,bulky,1,1,0,0.0,0.0,0
2018-04-13,WH_CENTRAL_WEST,Central-West FC,CAR_A,Carrier A,fast,1,1,0,0.0,0.0,0
2018-04-13,WH_CENTRAL_WEST,Central-West FC,CAR_B,Carrier B,fast,2,2,0,0.0,0.0,0
2018-04-13,WH_CENTRAL_WEST,Central-West FC,CAR_B,Carrier B,standard,6,6,0,0.0,0.0,0
2018-04-13,WH_CENTRAL_WEST,Central-West FC,CAR_C,Carrier C,bulky,1,1,0,0.0,0.0,0
2018-04-13,WH_CENTRAL_WEST,Central-West FC,CAR_C,Carrier C,fast,1,1,0,0.0,0.0,0
2018-04-13,WH_CENTRAL_WEST,Central-West FC,CAR_C,Carrier C,standard,2,2,0,0.0,0.0,0
2018-04-13,WH_CENTRAL_WEST,Central-West FC,CAR_D,Carrier D,fast,2,2,0,0.0,0.0,0
2018-04-13,WH_CENTRAL_WEST,Central-West FC,CAR_D,Carrier D,standard,2,2,0,0.0,0.0,0
2018-04-13,WH_NORTH,North FC,CAR_A,Carrier A,bulky,1,1,0,0.0,15.0,1
2018-04-13,WH_NORTH,North FC,CAR_B,Carrier B,fast,1,1,0,0.0,0.0,0
2018-04-13,WH_NORTH,North FC,CAR_B,Carrier B,standard,1,1,0,0.0,0.0,0
2018-04-13,WH_SOUTH,South FC,CAR_A,Carrier A,bulky,4,4,0,0.0,0.0,0
2018-04-13,WH_SOUTH,South FC,CAR_A,Carrier A,fast,5,5,0,0.0,0.0,0
2018-04-13,WH_SOUTH,South FC,CAR_A,Carrier A,standard,1,1,0,0.0,0.0,0
2018-04-13,WH_SOUTH,South FC,CAR_B,Carrier B,bulky,1,0,1,100.0,0.0,0
2018-04-13,WH_SOUTH,South FC,CAR_B,Carrier B,fast,3,3,0,0.0,0.33,1
2018-04-13,WH_SOUTH,South FC,CAR_B,Carrier B,standard,4,4,0,0.0,0.0,0
2018-04-13,WH_SOUTH,South FC,CAR_C,Carrier C,bulky,3,1,2,66.67,0.0,0
2018-04-13,WH_SOUTH,South FC,CAR_C,Carrier C,standard,4,4,0,0.0,0.0,0
2018-04-13,WH_SOUTH,South FC,CAR_D,Carrier D,bulky,1,1,0,0.0,0.0,0
2018-04-13,WH_SOUTH,South FC,CAR_D,Carrier D,fast,1,1,0,0.0,0.0,0
2018-04-13,WH_SOUTH,South FC,CAR_D,Carrier D,standard,2,2,0,0.0,0.0,0
2018-04-13,WH_SOUTHEAST,Southeast FC,CAR_A,Carrier A,bulky,10,7,3,30.0,0.0,0
2018-04-13,WH_SOUTHEAST,Southeast FC,CAR_A,Carrier A,fast,16,16,0,0.0,0.88,1
2018-04-13,WH_SOUTHEAST,Southeast FC,CAR_A,Carrier A,standard,18,16,2,11.11,0.0,0
2018-04-13,WH_SOUTHEAST,Southeast FC,CAR_B,Carrier B,bulky,17,12,5,29.41,0.0,0
2018-04-13,WH_SOUTHEAST,Southeast FC,CAR_B,Carrier B,fast,13,13,0,0.0,0.15,1
2018-04-13,WH_SOUTHEAST,Southeast FC,CAR_B,Carrier B,standard,22,18,4,18.18,0.0,0
2018-04-13,WH_SOUTHEAST,Southeast FC,CAR_C,Carrier C,bulky,10,6,4,40.0,0.0,0
2018-04-13,WH_SOUTHEAST,Southeast FC,CAR_C,Carrier C,fast,12,11,1,8.33,0.0,0
2018-04-13,WH_SOUTHEAST,Southeast FC,CAR_C,Carrier C,standard,11,5,6,54.55,0.0,0
2018-04-13,WH_SOUTHEAST,Southeast FC,CAR_D,Carrier D,bulky,3,2,1,33.33,0.0,0
2018-04-13,WH_SOUTHEAST,Southeast FC,CAR_D,Carrier D,fast,6,6,0,0.0,0.0,0
2018-04-13,WH_SOUTHEAST,Southeast FC,CAR_D,Carrier D,standard,9,7,2,22.22,0.0,0
2018-04-14,WH_CENTRAL_WEST,Central-West FC,CAR_A,Carrier A,fast,3,3,0,0.0,0.0,0
2018-04-14,WH_CENTRAL_WEST,Central-West FC,CAR_B,Carrier B,bulky,1,1,0,0.0,0.0,0
2018-04-14,WH_CENTRAL_WEST,Central-West FC,CAR_B,Carrier B,standard,1,1,0,0.0,0.0,0
2018-04-14,WH_CENTRAL_WEST,Central-West FC,CAR_C,Carrier C,bulky,1,1,0,0.0,0.0,0
2018-04-14,WH_CENTRAL_WEST,Central-West FC,CAR_C,Carrier C,fast,1,1,0,0.0,0.0,0
2018-04-14,WH_CENTRAL_WEST,Central-West FC,CAR_D,Carrier D,fast,1,1,0,0.0,0.0,0
2018-04-14,WH_NORTH,North FC,CAR_A,Carrier A,bulky,1,1,0,0.0,0.0,0
2018-04-14,WH_NORTH,North FC,CAR_A,Carrier A,standard,1,1,0,0.0,0.0,0
2018-04-14,WH_NORTH,North FC,CAR_B,Carrier B,fast,1,1,0,0.0,0.0,0
2018-04-14,WH_NORTH,North FC,CAR_D,Carrier D,standard,1,1,0,0.0,0.0,0
2018-04-14,WH_SOUTH,South FC,CAR_A,Carrier A,bulky,1,0,1,100.0,0.0,0
2018-04-14,WH_SOUTH,South FC,CAR_A,Carrier A,fast,1,1,0,0.0,0.0,0
2018-04-14,WH_SOUTH,South FC,CAR_A,Carrier A,standard,5,3,2,40.0,0.0,0
2018-04-14,WH_SOUTH,South FC,CAR_B,Carrier B,bulky,3,3,0,0.0,0.0,0
2018-04-14,WH_SOUTH,South FC,CAR_B,Carrier B,fast,3,3,0,0.0,0.0,0
2018-04-14,WH_SOUTH,South FC,CAR_B,Carrier B,standard,2,2,0,0.0,0.0,0
2018-04-14,WH_SOUTH,South FC,CAR_C,Carrier C,bulky,1,1,0,0.0,0.0,0
2018-04-14,WH_SOUTH,South FC,CAR_C,Carrier C,fast,4,4,0,0.0,0.0,0
2018-04-14,WH_SOUTHEAST,Southeast FC,CAR_A,Carrier A,bulky,9,6,3,33.33,3.67,1
2018-04-14,WH_SOUTHEAST,Southeast FC,CAR_A,Carrier A,fast,9,8,1,11.11,0.89,1
2018-04-14,WH_SOUTHEAST,Southeast FC,CAR_A,Carrier A,standard,17,15,2,11.76,0.0,0
2018-04-14,WH_SOUTHEAST,Southeast FC,CAR_B,Carrier B,bulky,11,7,4,36.36,0.09,1
2018-04-14,WH_SOUTHEAST,Southeast FC,CAR_B,Carrier B,fast,17,17,0,0.0,0.0,0
2018-04-14,WH_SOUTHEAST,Southeast FC,CAR_B,Carrier B,standard,17,12,5,29.41,0.12,1
2018-04-14,WH_SOUTHEAST,Southeast FC,CAR_C,Carrier C,bulky,7,4,3,42.86,0.0,0
2018-04-14,WH_SOUTHEAST,Southeast FC,CAR_C,Carrier C,fast,7,7,0,0.0,3.29,1
2018-04-14,WH_SOUTHEAST,Southeast FC,CAR_C,Carrier C,standard,11,10,1,9.09,0.91,1
2018-04-14,WH_SOUTHEAST,Southeast FC,CAR_D,Carrier D,bulky,3,2,1,33.33,0.0,0
2018-04-14,WH_SOUTHEAST,Southeast FC,CAR_D,Carrier D,fast,2,2,0,0.0,0.0,0
2018-04-14,WH_SOUTHEAST,Southeast FC,CAR_D,Carrier D,standard,3,3,0,0.0,0.0,0
2018-04-15,WH_CENTRAL_WEST,Central-West FC,CAR_B,Carrier B,bulky,1,1,0,0.0,0.0,0
2018-04-15,WH_CENTRAL_WEST,Central-West FC,CAR_B,Carrier B,fast,1,1,0,0.0,0.0,0
2018-04-15,WH_CENTRAL_WEST,Central-West FC,CAR_B,Carrier B,standard,2,2,0,0.0,0.0,0
2018-04-15,WH_CENTRAL_WEST,Central-West FC,CAR_C,Carrier C,fast,1,1,0,0.0,0.0,0
2018-04-15,WH_CENTRAL_WEST,Central-West FC,CAR_D,Carrier D,bulky,1,1,0,0.0,0.0,0
2018-04-15,WH_CENTRAL_WEST,Central-West FC,CAR_D,Carrier D,fast,2,2,0,0.0,0.0,0
2018-04-15,WH_CENTRAL_WEST,Central-West FC,CAR_D,Carrier D,standard,1,1,0,0.0,0.0,0
2018-04-15,WH_NORTH,North FC,CAR_A,Carrier A,fast,1,1,0,0.0,17.0,1
2018-04-15,WH_NORTH,North FC,CAR_B,Carrier B,bulky,1,1,0,0.0,0.0,0
2018-04-15,WH_NORTH,North FC,CAR_D,Carrier D,bulky,1,1,0,0.0,0.0,0
2018-04-15,WH_SOUTH,South FC,CAR_A,Carrier A,bulky,5,4,1,20.0,0.0,0
2018-04-15,WH_SOUTH,South FC,CAR_A,Carrier A,fast,3,3,0,0.0,4.0,1
2018-04-15,WH_SOUTH,South FC,CAR_A,Carrier A,standard,5,4,1,20.0,0.0,0
2018-04-15,WH_SOUTH,South FC,CAR_B,Carrier B,bulky,2,1,1,50.0,0.0,0
2018-04-15,WH_SOUTH,South FC,CAR_B,Carrier B,fast,3,3,0,0.0,0.0,0
2018-04-15,WH_SOUTH,South FC,CAR_B,Carrier B,standard,8,6,2,25.0,2.25,1
2018-04-15,WH_SOUTH,South FC,CAR_C,Carrier C,bulky,6,6,0,0.0,0.0,0
2018-04-15,WH_SOUTH,South FC,CAR_C,Carrier C,fast,3,3,0,0.0,0.0,0
2018-04-15,WH_SOUTH,South FC,CAR_C,Carrier C,standard,1,0,1,100.0,0.0,0
2018-04-15,WH_SOUTH,South FC,CAR_D,Carrier D,bulky,2,2,0,0.0,0.0,0
2018-04-15,WH_SOUTH,South FC,CAR_D,Carrier D,fast,2,2,0,0.0,0.0,0
2018-04-15,WH_SOUTHEAST,Southeast FC,CAR_A,Carrier A,bulky,16,10,6,37.5,0.0,0
2018-04-15,WH_SOUTHEAST,Southeast FC,CAR_A,Carrier A,fast,14,11,3,21.43,0.0,0
2018-04-15,WH_SOUTHEAST,Southeast FC,CAR_A,Carrier A,standard,19,12,7,36.84,4.37,2
2018-04-15,WH_SOUTHEAST,Southeast FC,CAR_B,Carrier B,bulky,19,7,12,63.16,1.47,2
2018-04-15,WH_SOUTHEAST,Southeast FC,CAR_B,Carrier B,fast,27,22,5,18.52,0.0,0
2018-04-15,WH_SOUTHEAST,Southeast FC,CAR_B,Carrier B,standard,15,10,5,33.33,0.0,0
2018-04-15,WH_SOUTHEAST,Southeast FC,CAR_C,Carrier C,bulky,7,5,2,28.57,0.0,0
2018-04-15,WH_SOUTHEAST,Southeast FC,CAR_C,Carrier C,fast,11,10,1,9.09,0.0,0
2018-04-15,WH_SOUTHEAST,Southeast FC,CAR_C,Carrier C,standard,13,7,6,46.15,0.0,0
2018-04-15,WH_SOUTHEAST,Southeast FC,CAR_D,Carrier D,bulky,12,4,8,66.67,0.0,0
2018-04-15,WH_SOUTHEAST,Southeast FC,CAR_D,Carrier D,fast,8,7,1,12.5,0.0,0
2018-04-15,WH_SOUTHEAST,Southeast FC,CAR_D,Carrier D,standard,6,6,0,0.0,0.0,0
2018-04-16,WH_CENTRAL_WEST,Central-West FC,CAR_A,Carrier A,fast,1,1,0,0.0,0.0,0
2018-04-16,WH_CENTRAL_WEST,Central-West FC,CAR_A,Carrier A,standard,1,1,0,0.0,0.0,0
2018-04-16,WH_CENTRAL_WEST,Central-West FC,CAR_B,Carrier B,standard,4,4,0,0.0,0.0,0
2018-04-16,WH_CENTRAL_WEST,Central-West FC,CAR_C,Carrier C,bulky,2,2,0,0.0,0.0,0
2018-04-16,WH_CENTRAL_WEST,Central-West FC,CAR_C,Carrier C,fast,1,1,0,0.0,0.0,0
2018-04-16,WH_CENTRAL_WEST,Central-West FC,CAR_D,Carrier D,bulky,3,0,3,100.0,0.0,0
2018-04-16,WH_CENTRAL_WEST,Central-West FC,CAR_D,Carrier D,fast,1,1,0,0.0,0.0,0
2018-04-16,WH_CENTRAL_WEST,Central-West FC,CAR_D,Carrier D,standard,1,1,0,0.0,0.0,0
2018-04-16,WH_NORTH,North FC,CAR_A,Carrier A,bulky,1,1,0,0.0,0.0,0
2018-04-16,WH_NORTH,North FC,CAR_A,Carrier A,standard,2,2,0,0.0,4.5,1
2018-04-16,WH_NORTH,North FC,CAR_B,Carrier B,fast,1,1,0,0.0,0.0,0
2018-04-16,WH_NORTH,North FC,CAR_D,Carrier D,standard,1,1,0,0.0,0.0,0
2018-04-16,WH_SOUTH,South FC,CAR_A,Carrier A,bulky,3,2,1,33.33,0.0,0
2018-04-16,WH_SOUTH,South FC,CAR_A,Carrier A,fast,4,4,0,0.0,0.0,0
2018-04-16,WH_SOUTH,South FC,CAR_A,Carrier A,standard,3,3,0,0.0,0.0,0
2018-04-16,WH_SOUTH,South FC,CAR_B,Carrier B,bulky,4,2,2,50.0,0.0,0
2018-04-16,WH_SOUTH,South FC,CAR_B,Carrier B,fast,8,8,0,0.0,0.0,0
2018-04-16,WH_SOUTH,South FC,CAR_B,Carrier B,standard,2,2,0,0.0,0.0,0
2018-04-16,WH_SOUTH,South FC,CAR_C,Carrier C,bulky,5,2,3,60.0,0.0,0
2018-04-16,WH_SOUTH,South FC,CAR_C,Carrier C,fast,4,4,0,0.0,1.75,1
2018-04-16,WH_SOUTH,South FC,CAR_C,Carrier C,standard,6,6,0,0.0,0.17,1
2018-04-16,WH_SOUTH,South FC,CAR_D,Carrier D,bulky,2,2,0,0.0,0.0,0
2018-04-16,WH_SOUTH,South FC,CAR_D,Carrier D,fast,2,2,0,0.0,0.0,0
2018-04-16,WH_SOUTH,South FC,CAR_D,Carrier D,standard,2,1,1,50.0,2.5,1
2018-04-16,WH_SOUTHEAST,Southeast FC,CAR_A,Carrier A,bulky,12,4,8,66.67,0.0,0
2018-04-16,WH_SOUTHEAST,Southeast FC,CAR_A,Carrier A,fast,26,21,5,19.23,2.88,1
2018-04-16,WH_SOUTHEAST,Southeast FC,CAR_A,Carrier A,standard,27,15,12,44.44,0.0,0
2018-04-16,WH_SOUTHEAST,Southeast FC,CAR_B,Carrier B,bulky,13,7,6,46.15,0.0,0
2018-04-16,WH_SOUTHEAST,Southeast FC,CAR_B,Carrier B,fast,27,24,3,11.11,0.41,2
2018-04-16,WH_SOUTHEAST,Southeast FC,CAR_B,Carrier B,standard,30,21,9,30.0,0.23,1
2018-04-16,WH_SOUTHEAST,Southeast FC,CAR_C,Carrier C,bulky,17,8,9,52.94,0.0,0
2018-04-16,WH_SOUTHEAST,Southeast FC,CAR_C,Carrier C,fast,13,11,2,15.38,0.0,0
2018-04-16,WH_SOUTHEAST,Southeast FC,CAR_C,Carrier C,standard,24,19,5,20.83,0.67,2
2018-04-16,WH_SOUTHEAST,Southeast FC,CAR_D,Carrier D,bulky,4,2,2,50.0,0.0,0
2018-04-16,WH_SOUTHEAST,Southeast FC,CAR_D,Carrier D,fast,13,12,1,7.69,0.0,0
2018-04-16,WH_SOUTHEAST,Southeast FC,CAR_D,Carrier D,standard,6,4,2,33.33,0.0,0
2018-04-17,WH_CENTRAL_WEST,Central-West FC,CAR_A,Carrier A,bulky,1,1,0,0.0,0.0,0
2018-04-17,WH_CENTRAL_WEST,Central-West FC,CAR_A,Carrier A,fast,3,3,0,0.0,0.0,0
2018-04-17,WH_CENTRAL_WEST,Central-West FC,CAR_A,Carrier A,standard,1,1,0,0.0,0.0,0
2018-04-17,WH_CENTRAL_WEST,Central-West FC,CAR_B,Carrier B,fast,3,3,0,0.0,0.0,0
2018-04-17,WH_CENTRAL_WEST,Central-West FC,CAR_B,Carrier B,standard,1,1,0,0.0,0.0,0
2018-04-17,WH_CENTRAL_WEST,Central-West FC,CAR_C,Carrier C,bulky,1,1,0,0.0,0.0,0
2018-04-17,WH_CENTRAL_WEST,Central-West FC,CAR_C,Carrier C,fast,1,1,0,0.0,0.0,0
2018-04-17,WH_CENTRAL_WEST,Central-West FC,CAR_C,Carrier C,standard,1,1,0,0.0,0.0,0
2018-04-17,WH_CENTRAL_WEST,Central-West FC,CAR_D,Carrier D,bulky,2,2,0,0.0,0.0,0
2018-04-17,WH_CENTRAL_WEST,Central-West FC,CAR_D,Carrier D,fast,1,1,0,0.0,0.0,0
2018-04-17,WH_NORTH,North FC,CAR_B,Carrier B,fast,1,1,0,0.0,0.0,0
2018-04-17,WH_NORTH,North FC,CAR_B,Carrier B,standard,2,2,0,0.0,0.0,0
2018-04-17,WH_NORTH,North FC,CAR_C,Carrier C,standard,1,1,0,0.0,15.0,1
2018-04-17,WH_NORTH,North FC,CAR_D,Carrier D,fast,1,1,0,0.0,7.0,1
2018-04-17,WH_SOUTH,South FC,CAR_A,Carrier A,bulky,7,5,2,28.57,0.0,0
2018-04-17,WH_SOUTH,South FC,CAR_A,Carrier A,fast,2,2,0,0.0,0.0,0
2018-04-17,WH_SOUTH,South FC,CAR_A,Carrier A,standard,2,1,1,50.0,0.0,0
2018-04-17,WH_SOUTH,South FC,CAR_B,Carrier B,fast,6,6,0,0.0,0.0,0
2018-04-17,WH_SOUTH,South FC,CAR_B,Carrier B,standard,8,8,0,0.0,0.0,0
2018-04-17,WH_SOUTH,South FC,CAR_C,Carrier C,bulky,2,0,2,100.0,0.0,0
2018-04-17,WH_SOUTH,South FC,CAR_C,Carrier C,fast,4,4,0,0.0,0.0,0
2018-04-17,WH_SOUTH,South FC,CAR_C,Carrier C,standard,4,4,0,0.0,0.0,0
2018-04-17,WH_SOUTH,South FC,CAR_D,Carrier D,bulky,2,2,0,0.0,0.0,0
2018-04-17,WH_SOUTH,South FC,CAR_D,Carrier D,fast,2,2,0,0.0,0.0,0
2018-04-17,WH_SOUTHEAST,Southeast FC,CAR_A,Carrier A,bulky,23,7,16,69.57,0.83,1
2018-04-17,WH_SOUTHEAST,Southeast FC,CAR_A,Carrier A,fast,14,11,3,21.43,1.57,2
2018-04-17,WH_SOUTHEAST,Southeast FC,CAR_A,Carrier A,standard,24,22,2,8.33,0.0,0
2018-04-17,WH_SOUTHEAST,Southeast FC,CAR_B,Carrier B,bulky,27,9,18,66.67,0.0,0
2018-04-17,WH_SOUTHEAST,Southeast FC,CAR_B,Carrier B,fast,22,18,4,18.18,0.82,3
2018-04-17,WH_SOUTHEAST,Southeast FC,CAR_B,Carrier B,standard,22,19,3,13.64,1.0,1
2018-04-17,WH_SOUTHEAST,Southeast FC,CAR_C,Carrier C,bulky,13,8,5,38.46,0.31,1
2018-04-17,WH_SOUTHEAST,Southeast FC,CAR_C,Carrier C,fast,11,8,3,27.27,0.0,0
2018-04-17,WH_SOUTHEAST,Southeast FC,CAR_C,Carrier C,standard,22,20,2,9.09,0.23,1
2018-04-17,WH_SOUTHEAST,Southeast FC,CAR_D,Carrier D,bulky,6,4,2,33.33,0.0,0
2018-04-17,WH_SOUTHEAST,Southeast FC,CAR_D,Carrier D,fast,6,4,2,33.33,0.0,0
2018-04-17,WH_SOUTHEAST,Southeast FC,CAR_D,Carrier D,standard,9,8,1,11.11,0.0,0
2018-04-18,WH_CENTRAL_WEST,Central-West FC,CAR_A,Carrier A,bulky,3,2,1,33.33,0.0,0
2018-04-18,WH_CENTRAL_WEST,Central-West FC,CAR_A,Carrier A,fast,1,1,0,0.0,0.0,0
2018-04-18,WH_CENTRAL_WEST,Central-West FC,CAR_A,Carrier A,standard,1,1,0,0.0,0.0,0
2018-04-18,WH_CENTRAL_WEST,Central-West FC,CAR_B,Carrier B,fast,1,1,0,0.0,0.0,0
2018-04-18,WH_CENTRAL_WEST,Central-West FC,CAR_B,Carrier B,standard,5,5,0,0.0,0.8,1
2018-04-18,WH_CENTRAL_WEST,Central-West FC,CAR_C,Carrier C,bulky,2,2,0,0.0,0.0,0
2018-04-18,WH_CENTRAL_WEST,Central-West FC,CAR_C,Carrier C,standard,3,3,0,0.0,0.0,0
2018-04-18,WH_CENTRAL_WEST,Central-West FC,CAR_D,Carrier D,bulky,1,0,1,100.0,0.0,0
2018-04-18,WH_CENTRAL_WEST,Central-West FC,CAR_D,Carrier D,fast,2,2,0,0.0,0.0,0
2018-04-18,WH_CENTRAL_WEST,Central-West FC,CAR_D,Carrier D,standard,2,2,0,0.0,0.0,0
2018-04-18,WH_NORTH,North FC,CAR_B,Carrier B,fast,2,2,0,0.0,5.0,1
2018-04-18,WH_NORTH,North FC,CAR_C,Carrier C,standard,1,1,0,0.0,0.0,0
2018-04-18,WH_SOUTH,South FC,CAR_A,Carrier A,bulky,7,5,2,28.57,0.0,0
2018-04-18,WH_SOUTH,South FC,CAR_A,Carrier A,fast,4,4,0,0.0,0.0,0
2018-04-18,WH_SOUTH,South FC,CAR_A,Carrier A,standard,7,7,0,0.0,0.0,0
2018-04-18,WH_SOUTH,South FC,CAR_B,Carrier B,bulky,3,1,2,66.67,0.0,0
2018-04-18,WH_SOUTH,South FC,CAR_B,Carrier B,fast,7,7,0,0.0,0.0,0
2018-04-18,WH_SOUTH,South FC,CAR_B,Carrier B,standard,3,3,0,0.0,0.0,0
2018-04-18,WH_SOUTH,South FC,CAR_C,Carrier C,bulky,4,2,2,50.0,0.0,0
2018-04-18,WH_SOUTH,South FC,CAR_C,Carrier C,fast,6,6,0,0.0,0.0,0
2018-04-18,WH_SOUTH,South FC,CAR_C,Carrier C,standard,6,6,0,0.0,0.17,1
2018-04-18,WH_SOUTH,South FC,CAR_D,Carrier D,bulky,2,2,0,0.0,0.0,0
2018-04-18,WH_SOUTH,South FC,CAR_D,Carrier D,fast,1,1,0,0.0,0.0,0
2018-04-18,WH_SOUTH,South FC,CAR_D,Carrier D,standard,2,2,0,0.0,0.0,0
2018-04-18,WH_SOUTHEAST,Southeast FC,CAR_A,Carrier A,bulky,13,7,6,46.15,0.0,0
2018-04-18,WH_SOUTHEAST,Southeast FC,CAR_A,Carrier A,fast,20,17,3,15.0,0.85,2
2018-04-18,WH_SOUTHEAST,Southeast FC,CAR_A,Carrier A,standard,28,19,9,32.14,0.0,0
2018-04-18,WH_SOUTHEAST,Southeast FC,CAR_B,Carrier B,bulky,25,12,13,52.0,0.0,0
2018-04-18,WH_SOUTHEAST,Southeast FC,CAR_B,Carrier B,fast,26,25,1,3.85,0.62,1
2018-04-18,WH_SOUTHEAST,Southeast FC,CAR_B,Carrier B,standard,25,23,2,8.0,1.04,3
2018-04-18,WH_SOUTHEAST,Southeast FC,CAR_C,Carrier C,bulky,13,11,2,15.38,1.08,1
2018-04-18,WH_SOUTHEAST,Southeast FC,CAR_C,Carrier C,fast,11,11,0,0.0,2.09,3
2018-04-18,WH_SOUTHEAST,Southeast FC,CAR_C,Carrier C,standard,16,11,5,31.25,0.81,1
2018-04-18,WH_SOUTHEAST,Southeast FC,CAR_D,Carrier D,bulky,6,4,2,33.33,1.17,1
2018-04-18,WH_SOUTHEAST,Southeast FC,CAR_D,Carrier D,fast,5,5,0,0.0,1.0,1
2018-04-18,WH_SOUTHEAST,Southeast FC,CAR_D,Carrier D,standard,7,6,1,14.29,1.29,1
2018-04-19,WH_CENTRAL_WEST,Central-West FC,CAR_A,Carrier A,bulky,1,1,0,0.0,0.0,0
2018-04-19,WH_CENTRAL_WEST,Central-West FC,CAR_A,Carrier A,fast,5,5,0,0.0,0.6,1
2018-04-19,WH_CENTRAL_WEST,Central-West FC,CAR_A,Carrier A,standard,4,4,0,0.0,0.0,0
2018-04-19,WH_CENTRAL_WEST,Central-West FC,CAR_B,Carrier B,bulky,3,2,1,33.33,0.0,0
2018-04-19,WH_CENTRAL_WEST,Central-West FC,CAR_B,Carrier B,fast,3,3,0,0.0,0.0,0
2018-04-19,WH_CENTRAL_WEST,Central-West FC,CAR_B,Carrier B,standard,2,2,0,0.0,0.0,0
2018-04-19,WH_CENTRAL_WEST,Central-West FC,CAR_C,Carrier C,bulky,2,2,0,0.0,0.0,0
2018-04-19,WH_CENTRAL_WEST,Central-West FC,CAR_C,Carrier C,fast,1,1,0,0.0,0.0,0
2018-04-19,WH_CENTRAL_WEST,Central-West FC,CAR_C,Carrier C,standard,1,1,0,0.0,0.0,0
2018-04-19,WH_CENTRAL_WEST,Central-West FC,CAR_D,Carrier D,fast,1,1,0,0.0,0.0,0
2018-04-19,WH_CENTRAL_WEST,Central-West FC,CAR_D,Carrier D,standard,1,1,0,0.0,0.0,0
2018-04-19,WH_NORTH,North FC,CAR_A,Carrier A,fast,3,3,0,0.0,0.0,0
2018-04-19,WH_NORTH,North FC,CAR_A,Carrier A,standard,1,1,0,0.0,0.0,0
2018-04-19,WH_NORTH,North FC,CAR_B,Carrier B,fast,2,2,0,0.0,2.5,1
2018-04-19,WH_SOUTH,South FC,CAR_A,Carrier A,bulky,6,4,2,33.33,0.0,0
2018-04-19,WH_SOUTH,South FC,CAR_A,Carrier A,fast,3,3,0,0.0,0.0,0
2018-04-19,WH_SOUTH,South FC,CAR_A,Carrier A,standard,5,5,0,0.0,2.0,1
2018-04-19,WH_SOUTH,South FC,CAR_B,Carrier B,bulky,1,1,0,0.0,0.0,0
2018-04-19,WH_SOUTH,South FC,CAR_B,Carrier B,fast,1,1,0,0.0,0.0,0
2018-04-19,WH_SOUTH,South FC,CAR_B,Carrier B,standard,4,4,0,0.0,0.0,0
2018-04-19,WH_SOUTH,South FC,CAR_C,Carrier C,bulky,2,2,0,0.0,0.0,0
2018-04-19,WH_SOUTH,South FC,CAR_C,Carrier C,fast,2,2,0,0.0,0.0,0
2018-04-19,WH_SOUTH,South FC,CAR_C,Carrier C,standard,3,3,0,0.0,0.0,0
2018-04-19,WH_SOUTH,South FC,CAR_D,Carrier D,fast,2,2,0,0.0,0.0,0
2018-04-19,WH_SOUTHEAST,Southeast FC,CAR_A,Carrier A,bulky,23,12,11,47.83,0.0,0
2018-04-19,WH_SOUTHEAST,Southeast FC,CAR_A,Carrier A,fast,31,31,0,0.0,0.29,1
2018-04-19,WH_SOUTHEAST,Southeast FC,CAR_A,Carrier A,standard,25,17,8,32.0,0.0,0
2018-04-19,WH_SOUTHEAST,Southeast FC,CAR_B,Carrier B,bulky,21,7,14,66.67,0.0,0
2018-04-19,WH_SOUTHEAST,Southeast FC,CAR_B,Carrier B,fast,32,30,2,6.25,1.16,1
2018-04-19,WH_SOUTHEAST,Southeast FC,CAR_B,Carrier B,standard,20,17,3,15.0,0.0,0
2018-04-19,WH_SOUTHEAST,Southeast FC,CAR_C,Carrier C,bulky,15,7,8,53.33,1.67,2
2018-04-19,WH_SOUTHEAST,Southeast FC,CAR_C,Carrier C,fast,12,12,0,0.0,0.0,0
2018-04-19,WH_SOUTHEAST,Southeast FC,CAR_C,Carrier C,standard,22,19,3,13.64,0.0,0
2018-04-19,WH_SOUTHEAST,Southeast FC,CAR_D,Carrier D,bulky,9,6,3,33.33,1.67,1
2018-04-19,WH_SOUTHEAST,Southeast FC,CAR_D,Carrier D,fast,10,10,0,0.0,0.0,0
2018-04-19,WH_SOUTHEAST,Southeast FC,CAR_D,Carrier D,standard,8,7,1,12.5,0.0,0
2018-04-20,WH_CENTRAL_WEST,Central-West FC,CAR_A,Carrier A,standard,1,1,0,0.0,0.0,0
2018-04-20,WH_CENTRAL_WEST,Central-West FC,CAR_B,Carrier B,fast,1,1,0,0.0,0.0,0
2018-04-20,WH_CENTRAL_WEST,Central-West FC,CAR_B,Carrier B,standard,2,2,0,0.0,0.0,0
2018-04-20,WH_CENTRAL_WEST,Central-West FC,CAR_C,Carrier C,fast,4,4,0,0.0,0.0,0
2018-04-20,WH_CENTRAL_WEST,Central-West FC,CAR_D,Carrier D,fast,1,1,0,0.0,0.0,0
2018-04-20,WH_CENTRAL_WEST,Central-West FC,CAR_D,Carrier D,standard,1,1,0,0.0,0.0,0
2018-04-20,WH_NORTH,North FC,CAR_A,Carrier A,fast,1,1,0,0.0,0.0,0
2018-04-20,WH_NORTH,North FC,CAR_B,Carrier B,fast,1,1,0,0.0,0.0,0
2018-04-20,WH_SOUTH,South FC,CAR_A,Carrier A,bulky,2,2,0,0.0,0.0,0
2018-04-20,WH_SOUTH,South FC,CAR_A,Carrier A,fast,1,1,0,0.0,0.0,0
2018-04-20,WH_SOUTH,South FC,CAR_A,Carrier A,standard,5,5,0,0.0,0.0,0
2018-04-20,WH_SOUTH,South FC,CAR_B,Carrier B,bulky,4,4,0,0.0,0.0,0
2018-04-20,WH_SOUTH,South FC,CAR_B,Carrier B,fast,3,2,1,33.33,0.0,0
2018-04-20,WH_SOUTH,South FC,CAR_B,Carrier B,standard,2,2,0,0.0,0.0,0
2018-04-20,WH_SOUTH,South FC,CAR_C,Carrier C,bulky,4,3,1,25.0,0.0,0
2018-04-20,WH_SOUTH,South FC,CAR_C,Carrier C,fast,3,3,0,0.0,0.0,0
2018-04-20,WH_SOUTH,South FC,CAR_C,Carrier C,standard,1,1,0,0.0,0.0,0
2018-04-20,WH_SOUTH,South FC,CAR_D,Carrier D,fast,1,1,0,0.0,0.0,0
2018-04-20,WH_SOUTH,South FC,CAR_D,Carrier D,standard,2,2,0,0.0,0.0,0
2018-04-20,WH_SOUTHEAST,Southeast FC,CAR_A,Carrier A,bulky,10,7,3,30.0,0.0,0
2018-04-20,WH_SOUTHEAST,Southeast FC,CAR_A,Carrier A,fast,17,15,2,11.76,0.0,0
2018-04-20,WH_SOUTHEAST,Southeast FC,CAR_A,Carrier A,standard,13,9,4,30.77,0.0,0
2018-04-20,WH_SOUTHEAST,Southeast FC,CAR_B,Carrier B,bulky,14,7,7,50.0,1.71,1
2018-04-20,WH_SOUTHEAST,Southeast FC,CAR_B,Carrier B,fast,19,19,0,0.0,0.0,0
2018-04-20,WH_SOUTHEAST,Southeast FC,CAR_B,Carrier B,standard,20,15,5,25.0,0.25,1
2018-04-20,WH_SOUTHEAST,Southeast FC,CAR_C,Carrier C,bulky,11,6,5,45.45,0.0,0
2018-04-20,WH_SOUTHEAST,Southeast FC,CAR_C,Carrier C,fast,8,7,1,12.5,0.0,0
2018-04-20,WH_SOUTHEAST,Southeast FC,CAR_C,Carrier C,standard,13,10,3,23.08,0.0,0
2018-04-20,WH_SOUTHEAST,Southeast FC,CAR_D,Carrier D,bulky,4,2,2,50.0,0.0,0
2018-04-20,WH_SOUTHEAST,Southeast FC,CAR_D,Carrier D,fast,13,13,0,0.0,0.0,0
2018-04-20,WH_SOUTHEAST,Southeast FC,CAR_D,Carrier D,standard,10,8,2,20.0,0.6,1
2018-04-21,WH_CENTRAL_WEST,Central-West FC,CAR_A,Carrier A,bulky,1,1,0,0.0,0.0,0
2018-04-21,WH_CENTRAL_WEST,Central-West FC,CAR_A,Carrier A,fast,1,1,0,0.0,0.0,0
2018-04-21,WH_CENTRAL_WEST,Central-West FC,CAR_B,Carrier B,bulky,1,1,0,0.0,0.0,0
2018-04-21,WH_CENTRAL_WEST,Central-West FC,CAR_B,Carrier B,fast,1,1,0,0.0,0.0,0
2018-04-21,WH_CENTRAL_WEST,Central-West FC,CAR_C,Carrier C,fast,2,2,0,0.0,0.0,0
2018-04-21,WH_CENTRAL_WEST,Central-West FC,CAR_C,Carrier C,standard,1,1,0,0.0,0.0,0
2018-04-21,WH_CENTRAL_WEST,Central-West FC,CAR_D,Carrier D,fast,2,2,0,0.0,0.0,0
2018-04-21,WH_NORTH,North FC,CAR_B,Carrier B,standard,1,1,0,0.0,1.0,1
2018-04-21,WH_SOUTH,South FC,CAR_A,Carrier A,fast,2,2,0,0.0,0.0,0
2018-04-21,WH_SOUTH,South FC,CAR_A,Carrier A,standard,6,4,2,33.33,0.0,0
2018-04-21,WH_SOUTH,South FC,CAR_B,Carrier B,bulky,1,1,0,0.0,0.0,0
2018-04-21,WH_SOUTH,South FC,CAR_B,Carrier B,fast,3,3,0,0.0,0.0,0
2018-04-21,WH_SOUTH,South FC,CAR_B,Carrier B,standard,2,1,1,50.0,0.0,0
2018-04-21,WH_SOUTH,South FC,CAR_C,Carrier C,bulky,3,3,0,0.0,0.0,0
2018-04-21,WH_SOUTH,South FC,CAR_C,Carrier C,standard,2,2,0,0.0,0.0,0
2018-04-21,WH_SOUTH,South FC,CAR_D,Carrier D,fast,1,1,0,0.0,0.0,0
2018-04-21,WH_SOUTH,South FC,CAR_D,Carrier D,standard,4,1,3,75.0,0.0,0
2018-04-21,WH_SOUTHEAST,Southeast FC,CAR_A,Carrier A,bulky,12,4,8,66.67,0.0,0
2018-04-21,WH_SOUTHEAST,Southeast FC,CAR_A,Carrier A,fast,13,11,2,15.38,0.23,1
2018-04-21,WH_SOUTHEAST,Southeast FC,CAR_A,Carrier A,standard,17,15,2,11.76,0.35,2
2018-04-21,WH_SOUTHEAST,Southeast FC,CAR_B,Carrier B,bulky,13,7,6,46.15,0.0,0
2018-04-21,WH_SOUTHEAST,Southeast FC,CAR_B,Carrier B,fast,6,5,1,16.67,0.0,0
2018-04-21,WH_SOUTHEAST,Southeast FC,CAR_B,Carrier B,standard,14,10,4,28.57,0.0,0
2018-04-21,WH_SOUTHEAST,Southeast FC,CAR_C,Carrier C,bulky,9,6,3,33.33,0.0,0
2018-04-21,WH_SOUTHEAST,Southeast FC,CAR_C,Carrier C,fast,9,9,0,0.0,0.22,1
2018-04-21,WH_SOUTHEAST,Southeast FC,CAR_C,Carrier C,standard,13,9,4,30.77,0.0,0
2018-04-21,WH_SOUTHEAST,Southeast FC,CAR_D,Carrier D,bulky,4,4,0,0.0,1.5,1
2018-04-21,WH_SOUTHEAST,Southeast FC,CAR_D,Carrier D,fast,7,7,0,0.0,0.0,0
2018-04-21,WH_SOUTHEAST,Southeast FC,CAR_D,Carrier D,standard,3,2,1,33.33,0.0,0
2018-04-22,WH_CENTRAL_WEST,Central-West FC,CAR_A,Carrier A,bulky,1,0,1,100.0,0.0,0
2018-04-22,WH_CENTRAL_WEST,Central-West FC,CAR_A,Carrier A,fast,1,1,0,0.0,0.0,0
2018-04-22,WH_CENTRAL_WEST,Central-West FC,CAR_A,Carrier A,standard,1,1,0,0.0,0.0,0
2018-04-22,WH_CENTRAL_WEST,Central-West FC,CAR_B,Carrier B,fast,3,2,1,33.33,0.0,0
2018-04-22,WH_CENTRAL_WEST,Central-West FC,CAR_B,Carrier B,standard,1,1,0,0.0,0.0,0
2018-04-22,WH_CENTRAL_WEST,Central-West FC,CAR_C,Carrier C,fast,1,1,0,0.0,0.0,0
2018-04-22,WH_CENTRAL_WEST,Central-West FC,CAR_D,Carrier D,bulky,2,2,0,0.0,0.0,0
2018-04-22,WH_CENTRAL_WEST,Central-West FC,CAR_D,Carrier D,standard,1,1,0,0.0,0.0,0
2018-04-22,WH_NORTH,North FC,CAR_A,Carrier A,bulky,1,1,0,0.0,0.0,0
2018-04-22,WH_SOUTH,South FC,CAR_A,Carrier A,bulky,4,3,1,25.0,2.25,1
2018-04-22,WH_SOUTH,South FC,CAR_A,Carrier A,fast,6,4,2,33.33,0.0,0
2018-04-22,WH_SOUTH,South FC,CAR_A,Carrier A,standard,2,1,1,50.0,0.0,0
2018-04-22,WH_SOUTH,South FC,CAR_B,Carrier B,bulky,6,3,3,50.0,0.0,0
2018-04-22,WH_SOUTH,South FC,CAR_B,Carrier B,fast,2,2,0,0.0,0.0,0
2018-04-22,WH_SOUTH,South FC,CAR_B,Carrier B,standard,6,5,1,16.67,0.0,0
2018-04-22,WH_SOUTH,South FC,CAR_C,Carrier C,bulky,2,1,1,50.0,0.0,0
2018-04-22,WH_SOUTH,South FC,CAR_C,Carrier C,fast,3,2,1,33.33,0.0,0
2018-04-22,WH_SOUTH,South FC,CAR_C,Carrier C,standard,2,2,0,0.0,0.0,0
2018-04-22,WH_SOUTH,South FC,CAR_D,Carrier D,bulky,3,3,0,0.0,0.0,0
2018-04-22,WH_SOUTH,South FC,CAR_D,Carrier D,fast,1,1,0,0.0,0.0,0
2018-04-22,WH_SOUTH,South FC,CAR_D,Carrier D,standard,1,1,0,0.0,0.0,0
2018-04-22,WH_SOUTHEAST,Southeast FC,CAR_A,Carrier A,bulky,9,3,6,66.67,0.0,0
2018-04-22,WH_SOUTHEAST,Southeast FC,CAR_A,Carrier A,fast,16,13,3,18.75,0.44,1
2018-04-22,WH_SOUTHEAST,Southeast FC,CAR_A,Carrier A,standard,20,10,10,50.0,0.9,2
2018-04-22,WH_SOUTHEAST,Southeast FC,CAR_B,Carrier B,bulky,12,5,7,58.33,0.0,0
2018-04-22,WH_SOUTHEAST,Southeast FC,CAR_B,Carrier B,fast,16,14,2,12.5,0.0,0
2018-04-22,WH_SOUTHEAST,Southeast FC,CAR_B,Carrier B,standard,22,15,7,31.82,0.0,0
2018-04-22,WH_SOUTHEAST,Southeast FC,CAR_C,Carrier C,bulky,16,4,12,75.0,0.0,0
2018-04-22,WH_SOUTHEAST,Southeast FC,CAR_C,Carrier C,fast,12,9,3,25.0,0.0,0
2018-04-22,WH_SOUTHEAST,Southeast FC,CAR_C,Carrier C,standard,11,7,4,36.36,0.91,1
2018-04-22,WH_SOUTHEAST,Southeast FC,CAR_D,Carrier D,bulky,6,0,6,100.0,0.0,0
2018-04-22,WH_SOUTHEAST,Southeast FC,CAR_D,Carrier D,fast,7,6,1,14.29,0.0,0
2018-04-22,WH_SOUTHEAST,Southeast FC,CAR_D,Carrier D,standard,2,1,1,50.0,0.0,0
2018-04-23,WH_CENTRAL_WEST,Central-West FC,CAR_A,Carrier A,bulky,3,3,0,0.0,0.0,0
2018-04-23,WH_CENTRAL_WEST,Central-West FC,CAR_A,Carrier A,fast,1,1,0,0.0,0.0,0
2018-04-23,WH_CENTRAL_WEST,Central-West FC,CAR_B,Carrier B,bulky,2,2,0,0.0,2.0,1
2018-04-23,WH_CENTRAL_WEST,Central-West FC,CAR_B,Carrier B,standard,3,3,0,0.0,0.0,0
2018-04-23,WH_CENTRAL_WEST,Central-West FC,CAR_C,Carrier C,bulky,1,1,0,0.0,0.0,0
2018-04-23,WH_CENTRAL_WEST,Central-West FC,CAR_C,Carrier C,fast,4,4,0,0.0,0.0,0
2018-04-23,WH_CENTRAL_WEST,Central-West FC,CAR_C,Carrier C,standard,2,2,0,0.0,0.0,0
2018-04-23,WH_CENTRAL_WEST,Central-West FC,CAR_D,Carrier D,bulky,1,1,0,0.0,0.0,0
2018-04-23,WH_CENTRAL_WEST,Central-West FC,CAR_D,Carrier D,fast,2,2,0,0.0,0.0,0
2018-04-23,WH_CENTRAL_WEST,Central-West FC,CAR_D,Carrier D,standard,4,4,0,0.0,0.0,0
2018-04-23,WH_NORTH,North FC,CAR_B,Carrier B,fast,1,1,0,0.0,4.0,1
2018-04-23,WH_NORTH,North FC,CAR_C,Carrier C,fast,1,1,0,0.0,3.0,1
2018-04-23,WH_NORTH,North FC,CAR_D,Carrier D,bulky,1,1,0,0.0,0.0,0
2018-04-23,WH_SOUTH,South FC,CAR_A,Carrier A,bulky,6,4,2,33.33,0.0,0
2018-04-23,WH_SOUTH,South FC,CAR_A,Carrier A,fast,7,7,0,0.0,0.0,0
2018-04-23,WH_SOUTH,South FC,CAR_A,Carrier A,standard,3,2,1,33.33,0.0,0
2018-04-23,WH_SOUTH,South FC,CAR_B,Carrier B,bulky,5,3,2,40.0,0.0,0
2018-04-23,WH_SOUTH,South FC,CAR_B,Carrier B,fast,8,7,1,12.5,0.0,0
2018-04-23,WH_SOUTH,South FC,CAR_B,Carrier B,standard,3,3,0,0.0,0.0,0
2018-04-23,WH_SOUTH,South FC,CAR_C,Carrier C,bulky,3,1,2,66.67,0.0,0
2018-04-23,WH_SOUTH,South FC,CAR_C,Carrier C,fast,2,2,0,0.0,0.0,0
2018-04-23,WH_SOUTH,South FC,CAR_C,Carrier C,standard,1,0,1,100.0,0.0,0
2018-04-23,WH_SOUTH,South FC,CAR_D,Carrier D,bulky,1,1,0,0.0,0.0,0
2018-04-23,WH_SOUTH,South FC,CAR_D,Carrier D,fast,3,3,0,0.0,0.0,0
2018-04-23,WH_SOUTH,South FC,CAR_D,Carrier D,standard,1,1,0,0.0,0.0,0
2018-04-23,WH_SOUTHEAST,Southeast FC,CAR_A,Carrier A,bulky,23,16,7,30.43,0.04,1
2018-04-23,WH_SOUTHEAST,Southeast FC,CAR_A,Carrier A,fast,27,23,4,14.81,0.0,0
2018-04-23,WH_SOUTHEAST,Southeast FC,CAR_A,Carrier A,standard,29,18,11,37.93,1.69,2
2018-04-23,WH_SOUTHEAST,Southeast FC,CAR_B,Carrier B,bulky,23,11,12,52.17,0.39,2
2018-04-23,WH_SOUTHEAST,Southeast FC,CAR_B,Carrier B,fast,29,19,10,34.48,0.45,2
2018-04-23,WH_SOUTHEAST,Southeast FC,CAR_B,Carrier B,standard,21,16,5,23.81,0.0,0
2018-04-23,WH_SOUTHEAST,Southeast FC,CAR_C,Carrier C,bulky,8,1,7,87.5,0.0,0
2018-04-23,WH_SOUTHEAST,Southeast FC,CAR_C,Carrier C,fast,17,15,2,11.76,0.0,0
2018-04-23,WH_SOUTHEAST,Southeast FC,CAR_C,Carrier C,standard,13,10,3,23.08,0.0,0
2018-04-23,WH_SOUTHEAST,Southeast FC,CAR_D,Carrier D,bulky,5,2,3,60.0,0.0,0
2018-04-23,WH_SOUTHEAST,Southeast FC,CAR_D,Carrier D,fast,8,5,3,37.5,0.25,1
2018-04-23,WH_SOUTHEAST,Southeast FC,CAR_D,Carrier D,standard,11,6,5,45.45,0.0,0
2018-04-24,WH_CENTRAL_WEST,Central-West FC,CAR_A,Carrier A,bulky,1,1,0,0.0,0.0,0
2018-04-24,WH_CENTRAL_WEST,Central-West FC,CAR_A,Carrier A,fast,1,1,0,0.0,0.0,0
2018-04-24,WH_CENTRAL_WEST,Central-West FC,CAR_A,Carrier A,standard,1,1,0,0.0,0.0,0
2018-04-24,WH_CENTRAL_WEST,Central-West FC,CAR_B,Carrier B,bulky,1,1,0,0.0,0.0,0
2018-04-24,WH_CENTRAL_WEST,Central-West FC,CAR_B,Carrier B,fast,3,3,0,0.0,0.0,0
2018-04-24,WH_CENTRAL_WEST,Central-West FC,CAR_B,Carrier B,standard,2,1,1,50.0,0.0,0
2018-04-24,WH_CENTRAL_WEST,Central-West FC,CAR_C,Carrier C,fast,1,1,0,0.0,0.0,0
2018-04-24,WH_CENTRAL_WEST,Central-West FC,CAR_D,Carrier D,fast,2,1,1,50.0,0.0,0
2018-04-24,WH_CENTRAL_WEST,Central-West FC,CAR_D,Carrier D,standard,3,3,0,0.0,0.0,0
2018-04-24,WH_NORTH,North FC,CAR_A,Carrier A,bulky,1,1,0,0.0,0.0,0
2018-04-24,WH_NORTH,North FC,CAR_A,Carrier A,fast,1,1,0,0.0,15.0,1
2018-04-24,WH_NORTH,North FC,CAR_A,Carrier A,standard,2,2,0,0.0,0.0,0
2018-04-24,WH_NORTH,North FC,CAR_B,Carrier B,fast,2,2,0,0.0,0.0,0
2018-04-24,WH_NORTH,North FC,CAR_B,Carrier B,standard,1,1,0,0.0,0.0,0
2018-04-24,WH_SOUTH,South FC,CAR_A,Carrier A,bulky,5,4,1,20.0,0.0,0
2018-04-24,WH_SOUTH,South FC,CAR_A,Carrier A,fast,2,2,0,0.0,0.0,0
2018-04-24,WH_SOUTH,South FC,CAR_A,Carrier A,standard,5,5,0,0.0,0.0,0
2018-04-24,WH_SOUTH,South FC,CAR_B,Carrier B,bulky,5,5,0,0.0,0.0,0
2018-04-24,WH_SOUTH,South FC,CAR_B,Carrier B,fast,7,7,0,0.0,0.0,0
2018-04-24,WH_SOUTH,South FC,CAR_B,Carrier B,standard,5,5,0,0.0,0.0,0
2018-04-24,WH_SOUTH,South FC,CAR_C,Carrier C,bulky,3,3,0,0.0,0.0,0
2018-04-24,WH_SOUTH,South FC,CAR_C,Carrier C,fast,4,4,0,0.0,0.0,0
2018-04-24,WH_SOUTH,South FC,CAR_C,Carrier C,standard,1,1,0,0.0,0.0,0
2018-04-24,WH_SOUTH,South FC,CAR_D,Carrier D,bulky,2,2,0,0.0,0.0,0
2018-04-24,WH_SOUTH,South FC,CAR_D,Carrier D,standard,1,1,0,0.0,0.0,0
2018-04-24,WH_SOUTHEAST,Southeast FC,CAR_A,Carrier A,bulky,9,5,4,44.44,0.0,0
2018-04-24,WH_SOUTHEAST,Southeast FC,CAR_A,Carrier A,fast,30,24,6,20.0,0.0,0
2018-04-24,WH_SOUTHEAST,Southeast FC,CAR_A,Carrier A,standard,33,27,6,18.18,0.09,1
2018-04-24,WH_SOUTHEAST,Southeast FC,CAR_B,Carrier B,bulky,14,8,6,42.86,0.29,1
2018-04-24,WH_SOUTHEAST,Southeast FC,CAR_B,Carrier B,fast,20,20,0,0.0,0.0,0
2018-04-24,WH_SOUTHEAST,Southeast FC,CAR_B,Carrier B,standard,25,22,3,12.0,0.12,1
2018-04-24,WH_SOUTHEAST,Southeast FC,CAR_C,Carrier C,bulky,10,6,4,40.0,2.0,1
2018-04-24,WH_SOUTHEAST,Southeast FC,CAR_C,Carrier C,fast,16,13,3,18.75,0.0,0
2018-04-24,WH_SOUTHEAST,Southeast FC,CAR_C,Carrier C,standard,13,9,4,30.77,0.0,0
2018-04-24,WH_SOUTHEAST,Southeast FC,CAR_D,Carrier D,bulky,10,4,6,60.0,0.0,0
2018-04-24,WH_SOUTHEAST,Southeast FC,CAR_D,Carrier D,fast,15,13,2,13.33,0.0,0
2018-04-24,WH_SOUTHEAST,Southeast FC,CAR_D,Carrier D,standard,8,5,3,37.5,0.0,0
2018-04-25,WH_CENTRAL_WEST,Central-West FC,CAR_A,Carrier A,fast,4,4,0,0.0,7.25,1
2018-04-25,WH_CENTRAL_WEST,Central-West FC,CAR_A,Carrier A,standard,2,2,0,0.0,0.0,0
2018-04-25,WH_CENTRAL_WEST,Central-West FC,CAR_B,Carrier B,bulky,2,1,1,50.0,0.0,0
2018-04-25,WH_CENTRAL_WEST,Central-West FC,CAR_B,Carrier B,standard,3,3,0,0.0,0.0,0
2018-04-25,WH_CENTRAL_WEST,Central-West FC,CAR_C,Carrier C,fast,2,2,0,0.0,0.0,0
2018-04-25,WH_CENTRAL_WEST,Central-West FC,CAR_C,Carrier C,standard,1,1,0,0.0,0.0,0
2018-04-25,WH_CENTRAL_WEST,Central-West FC,CAR_D,Carrier D,bulky,1,1,0,0.0,0.0,0
2018-04-25,WH_CENTRAL_WEST,Central-West FC,CAR_D,Carrier D,fast,1,1,0,0.0,0.0,0
2018-04-25,WH_CENTRAL_WEST,Central-West FC,CAR_D,Carrier D,standard,1,1,0,0.0,0.0,0
2018-04-25,WH_NORTH,North FC,CAR_A,Carrier A,fast,1,1,0,0.0,0.0,0
2018-04-25,WH_NORTH,North FC,CAR_A,Carrier A,standard,1,1,0,0.0,0.0,0
2018-04-25,WH_NORTH,North FC,CAR_B,Carrier B,fast,1,1,0,0.0,0.0,0
2018-04-25,WH_NORTH,North FC,CAR_B,Carrier B,standard,1,1,0,0.0,0.0,0
2018-04-25,WH_NORTH,North FC,CAR_D,Carrier D,fast,1,1,0,0.0,0.0,0
2018-04-25,WH_SOUTH,South FC,CAR_A,Carrier A,bulky,1,1,0,0.0,0.0,0
2018-04-25,WH_SOUTH,South FC,CAR_A,Carrier A,fast,2,2,0,0.0,0.0,0
2018-04-25,WH_SOUTH,South FC,CAR_A,Carrier A,standard,1,1,0,0.0,0.0,0
2018-04-25,WH_SOUTH,South FC,CAR_B,Carrier B,bulky,3,2,1,33.33,0.0,0
2018-04-25,WH_SOUTH,South FC,CAR_B,Carrier B,fast,3,3,0,0.0,0.0,0
2018-04-25,WH_SOUTH,South FC,CAR_B,Carrier B,standard,7,5,2,28.57,0.0,0
2018-04-25,WH_SOUTH,South FC,CAR_C,Carrier C,bulky,2,1,1,50.0,0.0,0
2018-04-25,WH_SOUTH,South FC,CAR_C,Carrier C,fast,3,3,0,0.0,0.0,0
2018-04-25,WH_SOUTH,South FC,CAR_C,Carrier C,standard,5,3,2,40.0,0.0,0
2018-04-25,WH_SOUTH,South FC,CAR_D,Carrier D,bulky,1,1,0,0.0,0.0,0
2018-04-25,WH_SOUTH,South FC,CAR_D,Carrier D,fast,1,1,0,0.0,0.0,0
2018-04-25,WH_SOUTHEAST,Southeast FC,CAR_A,Carrier A,bulky,15,9,6,40.0,0.93,1
2018-04-25,WH_SOUTHEAST,Southeast FC,CAR_A,Carrier A,fast,34,32,2,5.88,0.06,1
2018-04-25,WH_SOUTHEAST,Southeast FC,CAR_A,Carrier A,standard,29,22,7,24.14,0.0,0
2018-04-25,WH_SOUTHEAST,Southeast FC,CAR_B,Carrier B,bulky,17,7,10,58.82,0.0,0
2018-04-25,WH_SOUTHEAST,Southeast FC,CAR_B,Carrier B,fast,24,19,5,20.83,0.0,0
2018-04-25,WH_SOUTHEAST,Southeast FC,CAR_B,Carrier B,standard,33,31,2,6.06,0.61,3
2018-04-25,WH_SOUTHEAST,Southeast FC,CAR_C,Carrier C,bulky,16,7,9,56.25,0.0,0
2018-04-25,WH_SOUTHEAST,Southeast FC,CAR_C,Carrier C,fast,15,14,1,6.67,0.67,2
2018-04-25,WH_SOUTHEAST,Southeast FC,CAR_C,Carrier C,standard,25,15,10,40.0,0.0,0
2018-04-25,WH_SOUTHEAST,Southeast FC,CAR_D,Carrier D,bulky,5,4,1,20.0,0.0,0
2018-04-25,WH_SOUTHEAST,Southeast FC,CAR_D,Carrier D,fast,6,4,2,33.33,0.0,0
2018-04-25,WH_SOUTHEAST,Southeast FC,CAR_D,Carrier D,standard,9,6,3,33.33,0.0,0
2018-04-26,WH_CENTRAL_WEST,Central-West FC,CAR_A,Carrier A,fast,4,4,0,0.0,0.0,0
2018-04-26,WH_CENTRAL_WEST,Central-West FC,CAR_A,Carrier A,standard,1,1,0,0.0,0.0,0
2018-04-26,WH_CENTRAL_WEST,Central-West FC,CAR_B,Carrier B,bulky,1,1,0,0.0,0.0,0
2018-04-26,WH_CENTRAL_WEST,Central-West FC,CAR_B,Carrier B,standard,1,1,0,0.0,0.0,0
2018-04-26,WH_CENTRAL_WEST,Central-West FC,CAR_C,Carrier C,standard,3,3,0,0.0,0.0,0
2018-04-26,WH_CENTRAL_WEST,Central-West FC,CAR_D,Carrier D,bulky,1,1,0,0.0,0.0,0
2018-04-26,WH_CENTRAL_WEST,Central-West FC,CAR_D,Carrier D,fast,2,2,0,0.0,0.0,0
2018-04-26,WH_CENTRAL_WEST,Central-West FC,CAR_D,Carrier D,standard,2,2,0,0.0,0.0,0
2018-04-26,WH_NORTH,North FC,CAR_A,Carrier A,bulky,1,1,0,0.0,0.0,0
2018-04-26,WH_NORTH,North FC,CAR_B,Carrier B,fast,1,1,0,0.0,0.0,0
2018-04-26,WH_NORTH,North FC,CAR_C,Carrier C,standard,1,1,0,0.0,0.0,0
2018-04-26,WH_SOUTH,South FC,CAR_A,Carrier A,bulky,3,2,1,33.33,0.0,0
2018-04-26,WH_SOUTH,South FC,CAR_A,Carrier A,fast,3,3,0,0.0,0.0,0
2018-04-26,WH_SOUTH,South FC,CAR_A,Carrier A,standard,5,5,0,0.0,0.0,0
2018-04-26,WH_SOUTH,South FC,CAR_B,Carrier B,bulky,1,1,0,0.0,0.0,0
2018-04-26,WH_SOUTH,South FC,CAR_B,Carrier B,fast,4,4,0,0.0,0.0,0
2018-04-26,WH_SOUTH,South FC,CAR_B,Carrier B,standard,5,5,0,0.0,0.0,0
2018-04-26,WH_SOUTH,South FC,CAR_C,Carrier C,bulky,2,2,0,0.0,7.0,1
2018-04-26,WH_SOUTH,South FC,CAR_C,Carrier C,fast,2,2,0,0.0,0.0,0
2018-04-26,WH_SOUTH,South FC,CAR_C,Carrier C,standard,3,3,0,0.0,0.0,0
2018-04-26,WH_SOUTH,South FC,CAR_D,Carrier D,bulky,1,1,0,0.0,0.0,0
2018-04-26,WH_SOUTH,South FC,CAR_D,Carrier D,fast,3,3,0,0.0,0.0,0
2018-04-26,WH_SOUTH,South FC,CAR_D,Carrier D,standard,3,3,0,0.0,0.0,0
2018-04-26,WH_SOUTHEAST,Southeast FC,CAR_A,Carrier A,bulky,12,7,5,41.67,0.0,0
2018-04-26,WH_SOUTHEAST,Southeast FC,CAR_A,Carrier A,fast,17,17,0,0.0,0.94,1
2018-04-26,WH_SOUTHEAST,Southeast FC,CAR_A,Carrier A,standard,25,15,10,40.0,0.0,0
2018-04-26,WH_SOUTHEAST,Southeast FC,CAR_B,Carrier B,bulky,15,5,10,66.67,0.0,0
2018-04-26,WH_SOUTHEAST,Southeast FC,CAR_B,Carrier B,fast,22,22,0,0.0,0.32,2
2018-04-26,WH_SOUTHEAST,Southeast FC,CAR_B,Carrier B,standard,32,28,4,12.5,1.19,1
2018-04-26,WH_SOUTHEAST,Southeast FC,CAR_C,Carrier C,bulky,15,10,5,33.33,0.6,1
2018-04-26,WH_SOUTHEAST,Southeast FC,CAR_C,Carrier C,fast,22,22,0,0.0,0.36,1
2018-04-26,WH_SOUTHEAST,Southeast FC,CAR_C,Carrier C,standard,11,9,2,18.18,0.0,0
2018-04-26,WH_SOUTHEAST,Southeast FC,CAR_D,Carrier D,bulky,6,4,2,33.33,0.5,2
2018-04-26,WH_SOUTHEAST,Southeast FC,CAR_D,Carrier D,fast,15,15,0,0.0,0.0,0
2018-04-26,WH_SOUTHEAST,Southeast FC,CAR_D,Carrier D,standard,5,5,0,0.0,0.0,0
2018-04-27,WH_CENTRAL_WEST,Central-West FC,CAR_A,Carrier A,bulky,3,3,0,0.0,0.0,0
2018-04-27,WH_CENTRAL_WEST,Central-West FC,CAR_A,Carrier A,fast,1,1,0,0.0,0.0,0
2018-04-27,WH_CENTRAL_WEST,Central-West FC,CAR_A,Carrier A,standard,1,1,0,0.0,0.0,0
2018-04-27,WH_CENTRAL_WEST,Central-West FC,CAR_B,Carrier B,fast,3,3,0,0.0,0.0,0
2018-04-27,WH_CENTRAL_WEST,Central-West FC,CAR_B,Carrier B,standard,1,1,0,0.0,0.0,0
2018-04-27,WH_CENTRAL_WEST,Central-West FC,CAR_C,Carrier C,bulky,3,3,0,0.0,0.0,0
2018-04-27,WH_CENTRAL_WEST,Central-West FC,CAR_C,Carrier C,fast,2,2,0,0.0,0.0,0
2018-04-27,WH_NORTH,North FC,CAR_A,Carrier A,fast,1,1,0,0.0,0.0,0
2018-04-27,WH_NORTH,North FC,CAR_B,Carrier B,bulky,1,1,0,0.0,0.0,0
2018-04-27,WH_NORTH,North FC,CAR_B,Carrier B,fast,1,1,0,0.0,0.0,0
2018-04-27,WH_NORTH,North FC,CAR_D,Carrier D,fast,1,1,0,0.0,0.0,0
2018-04-27,WH_SOUTH,South FC,CAR_A,Carrier A,bulky,3,1,2,66.67,0.0,0
2018-04-27,WH_SOUTH,South FC,CAR_A,Carrier A,fast,8,8,0,0.0,0.0,0
2018-04-27,WH_SOUTH,South FC,CAR_A,Carrier A,standard,3,2,1,33.33,0.0,0
2018-04-27,WH_SOUTH,South FC,CAR_B,Carrier B,bulky,2,0,2,100.0,0.0,0
2018-04-27,WH_SOUTH,South FC,CAR_B,Carrier B,fast,3,3,0,0.0,0.0,0
2018-04-27,WH_SOUTH,South FC,CAR_B,Carrier B,standard,1,1,0,0.0,0.0,0
2018-04-27,WH_SOUTH,South FC,CAR_C,Carrier C,bulky,5,4,1,20.0,0.0,0
2018-04-27,WH_SOUTH,South FC,CAR_C,Carrier C,fast,1,1,0,0.0,0.0,0
2018-04-27,WH_SOUTH,South FC,CAR_C,Carrier C,standard,1,1,0,0.0,0.0,0
2018-04-27,WH_SOUTH,South FC,CAR_D,Carrier D,bulky,2,2,0,0.0,0.0,0
2018-04-27,WH_SOUTH,South FC,CAR_D,Carrier D,fast,1,1,0,0.0,0.0,0
2018-04-27,WH_SOUTHEAST,Southeast FC,CAR_A,Carrier A,bulky,14,8,6,42.86,1.14,1
2018-04-27,WH_SOUTHEAST,Southeast FC,CAR_A,Carrier A,fast,24,22,2,8.33,0.29,1
2018-04-27,WH_SOUTHEAST,Southeast FC,CAR_A,Carrier A,standard,22,21,1,4.55,1.68,5
2018-04-27,WH_SOUTHEAST,Southeast FC,CAR_B,Carrier B,bulky,12,5,7,58.33,0.0,0
2018-04-27,WH_SOUTHEAST,Southeast FC,CAR_B,Carrier B,fast,20,20,0,0.0,0.55,1
2018-04-27,WH_SOUTHEAST,Southeast FC,CAR_B,Carrier B,standard,22,16,6,27.27,0.0,0
2018-04-27,WH_SOUTHEAST,Southeast FC,CAR_C,Carrier C,bulky,11,10,1,9.09,0.27,1
2018-04-27,WH_SOUTHEAST,Southeast FC,CAR_C,Carrier C,fast,17,17,0,0.0,0.65,2
2018-04-27,WH_SOUTHEAST,Southeast FC,CAR_C,Carrier C,standard,20,16,4,20.0,0.0,0
2018-04-27,WH_SOUTHEAST,Southeast FC,CAR_D,Carrier D,bulky,7,5,2,28.57,0.0,0
2018-04-27,WH_SOUTHEAST,Southeast FC,CAR_D,Carrier D,fast,10,9,1,10.0,0.0,0
2018-04-27,WH_SOUTHEAST,Southeast FC,CAR_D,Carrier D,standard,10,10,0,0.0,0.0,0
2018-04-28,WH_CENTRAL_WEST,Central-West FC,CAR_B,Carrier B,fast,1,1,0,0.0,0.0,0
2018-04-28,WH_CENTRAL_WEST,Central-West FC,CAR_C,Carrier C,fast,1,1,0,0.0,0.0,0
2018-04-28,WH_CENTRAL_WEST,Central-West FC,CAR_C,Carrier C,standard,1,1,0,0.0,0.0,0
2018-04-28,WH_CENTRAL_WEST,Central-West FC,CAR_D,Carrier D,fast,1,1,0,0.0,0.0,0
2018-04-28,WH_CENTRAL_WEST,Central-West FC,CAR_D,Carrier D,standard,1,1,0,0.0,0.0,0
2018-04-28,WH_NORTH,North FC,CAR_A,Carrier A,fast,1,1,0,0.0,0.0,0
2018-04-28,WH_NORTH,North FC,CAR_A,Carrier A,standard,1,1,0,0.0,4.0,1
2018-04-28,WH_NORTH,North FC,CAR_B,Carrier B,standard,1,1,0,0.0,0.0,0
2018-04-28,WH_NORTH,North FC,CAR_C,Carrier C,fast,1,1,0,0.0,0.0,0
2018-04-28,WH_NORTH,North FC,CAR_D,Carrier D,standard,1,1,0,0.0,0.0,0
2018-04-28,WH_SOUTH,South FC,CAR_A,Carrier A,bulky,1,1,0,0.0,18.0,1
2018-04-28,WH_SOUTH,South FC,CAR_A,Carrier A,standard,3,2,1,33.33,0.0,0
2018-04-28,WH_SOUTH,South FC,CAR_B,Carrier B,bulky,1,1,0,0.0,0.0,0
2018-04-28,WH_SOUTH,South FC,CAR_B,Carrier B,fast,3,3,0,0.0,0.0,0
2018-04-28,WH_SOUTH,South FC,CAR_B,Carrier B,standard,3,1,2,66.67,0.0,0
2018-04-28,WH_SOUTH,South FC,CAR_C,Carrier C,bulky,1,1,0,0.0,0.0,0
2018-04-28,WH_SOUTH,South FC,CAR_C,Carrier C,fast,3,3,0,0.0,0.0,0
2018-04-28,WH_SOUTH,South FC,CAR_C,Carrier C,standard,2,2,0,0.0,0.0,0
2018-04-28,WH_SOUTH,South FC,CAR_D,Carrier D,bulky,2,2,0,0.0,0.0,0
2018-04-28,WH_SOUTH,South FC,CAR_D,Carrier D,standard,3,3,0,0.0,0.0,0
2018-04-28,WH_SOUTHEAST,Southeast FC,CAR_A,Carrier A,bulky,10,6,4,40.0,1.9,2
2018-04-28,WH_SOUTHEAST,Southeast FC,CAR_A,Carrier A,fast,12,12,0,0.0,0.0,0
2018-04-28,WH_SOUTHEAST,Southeast FC,CAR_A,Carrier A,standard,14,10,4,28.57,2.21,2
2018-04-28,WH_SOUTHEAST,Southeast FC,CAR_B,Carrier B,bulky,10,9,1,10.0,0.0,0
2018-04-28,WH_SOUTHEAST,Southeast FC,CAR_B,Carrier B,fast,19,19,0,0.0,0.53,1
2018-04-28,WH_SOUTHEAST,Southeast FC,CAR_B,Carrier B,standard,21,16,5,23.81,0.52,2
2018-04-28,WH_SOUTHEAST,Southeast FC,CAR_C,Carrier C,bulky,6,4,2,33.33,0.0,0
2018-04-28,WH_SOUTHEAST,Southeast FC,CAR_C,Carrier C,fast,11,11,0,0.0,0.0,0
2018-04-28,WH_SOUTHEAST,Southeast FC,CAR_C,Carrier C,standard,12,12,0,0.0,0.0,0
2018-04-28,WH_SOUTHEAST,Southeast FC,CAR_D,Carrier D,bulky,5,3,2,40.0,0.0,0
2018-04-28,WH_SOUTHEAST,Southeast FC,CAR_D,Carrier D,fast,8,8,0,0.0,0.0,0
2018-04-28,WH_SOUTHEAST,Southeast FC,CAR_D,Carrier D,standard,6,4,2,33.33,0.0,0
2018-04-29,WH_CENTRAL_WEST,Central-West FC,CAR_A,Carrier A,fast,1,1,0,0.0,0.0,0
2018-04-29,WH_CENTRAL_WEST,Central-West FC,CAR_A,Carrier A,standard,2,2,0,0.0,0.0,0
2018-04-29,WH_CENTRAL_WEST,Central-West FC,CAR_B,Carrier B,bulky,2,1,1,50.0,0.0,0
2018-04-29,WH_CENTRAL_WEST,Central-West FC,CAR_C,Carrier C,fast,1,1,0,0.0,0.0,0
2018-04-29,WH_CENTRAL_WEST,Central-West FC,CAR_C,Carrier C,standard,1,0,1,100.0,0.0,0
2018-04-29,WH_CENTRAL_WEST,Central-West FC,CAR_D,Carrier D,standard,1,1,0,0.0,0.0,0
2018-04-29,WH_NORTH,North FC,CAR_A,Carrier A,standard,1,1,0,0.0,9.0,1
2018-04-29,WH_SOUTH,South FC,CAR_A,Carrier A,bulky,2,1,1,50.0,0.0,0
2018-04-29,WH_SOUTH,South FC,CAR_A,Carrier A,fast,2,2,0,0.0,0.0,0
2018-04-29,WH_SOUTH,South FC,CAR_A,Carrier A,standard,3,3,0,0.0,0.0,0
2018-04-29,WH_SOUTH,South FC,CAR_B,Carrier B,bulky,5,3,2,40.0,0.0,0
2018-04-29,WH_SOUTH,South FC,CAR_B,Carrier B,fast,5,5,0,0.0,0.0,0
2018-04-29,WH_SOUTH,South FC,CAR_B,Carrier B,standard,3,2,1,33.33,0.0,0
2018-04-29,WH_SOUTH,South FC,CAR_C,Carrier C,bulky,4,3,1,25.0,0.5,1
2018-04-29,WH_SOUTH,South FC,CAR_C,Carrier C,fast,2,2,0,0.0,0.0,0
2018-04-29,WH_SOUTH,South FC,CAR_C,Carrier C,standard,2,1,1,50.0,0.0,0
2018-04-29,WH_SOUTH,South FC,CAR_D,Carrier D,bulky,1,1,0,0.0,0.0,0
2018-04-29,WH_SOUTH,South FC,CAR_D,Carrier D,fast,1,1,0,0.0,0.0,0
2018-04-29,WH_SOUTH,South FC,CAR_D,Carrier D,standard,1,1,0,0.0,0.0,0
2018-04-29,WH_SOUTHEAST,Southeast FC,CAR_A,Carrier A,bulky,9,3,6,66.67,0.0,0
2018-04-29,WH_SOUTHEAST,Southeast FC,CAR_A,Carrier A,fast,16,16,0,0.0,0.63,2
2018-04-29,WH_SOUTHEAST,Southeast FC,CAR_A,Carrier A,standard,10,7,3,30.0,0.1,1
2018-04-29,WH_SOUTHEAST,Southeast FC,CAR_B,Carrier B,bulky,12,5,7,58.33,0.0,0
2018-04-29,WH_SOUTHEAST,Southeast FC,CAR_B,Carrier B,fast,17,17,0,0.0,0.06,1
2018-04-29,WH_SOUTHEAST,Southeast FC,CAR_B,Carrier B,standard,21,11,10,47.62,0.67,2
2018-04-29,WH_SOUTHEAST,Southeast FC,CAR_C,Carrier C,bulky,5,2,3,60.0,0.0,0
2018-04-29,WH_SOUTHEAST,Southeast FC,CAR_C,Carrier C,fast,7,7,0,0.0,0.0,0
2018-04-29,WH_SOUTHEAST,Southeast FC,CAR_C,Carrier C,standard,12,9,3,25.0,0.33,1
2018-04-29,WH_SOUTHEAST,Southeast FC,CAR_D,Carrier D,bulky,7,4,3,42.86,0.0,0
2018-04-29,WH_SOUTHEAST,Southeast FC,CAR_D,Carrier D,fast,5,5,0,0.0,5.4,1
2018-04-29,WH_SOUTHEAST,Southeast FC,CAR_D,Carrier D,standard,7,5,2,28.57,0.0,0
2018-04-30,WH_CENTRAL_WEST,Central-West FC,CAR_A,Carrier A,bulky,2,1,1,50.0,0.0,0
2018-04-30,WH_CENTRAL_WEST,Central-West FC,CAR_A,Carrier A,standard,2,2,0,0.0,0.0,0
2018-04-30,WH_CENTRAL_WEST,Central-West FC,CAR_B,Carrier B,bulky,1,1,0,0.0,0.0,0
2018-04-30,WH_CENTRAL_WEST,Central-West FC,CAR_B,Carrier B,fast,3,3,0,0.0,0.0,0
2018-04-30,WH_CENTRAL_WEST,Central-West FC,CAR_B,Carrier B,standard,2,2,0,0.0,0.0,0
2018-04-30,WH_CENTRAL_WEST,Central-West FC,CAR_C,Carrier C,bulky,1,1,0,0.0,0.0,0
2018-04-30,WH_CENTRAL_WEST,Central-West FC,CAR_C,Carrier C,standard,2,2,0,0.0,0.0,0
2018-04-30,WH_CENTRAL_WEST,Central-West FC,CAR_D,Carrier D,standard,1,1,0,0.0,0.0,0
2018-04-30,WH_NORTH,North FC,CAR_B,Carrier B,bulky,1,1,0,0.0,0.0,0
2018-04-30,WH_NORTH,North FC,CAR_D,Carrier D,standard,1,1,0,0.0,0.0,0
2018-04-30,WH_SOUTH,South FC,CAR_A,Carrier A,bulky,3,1,2,66.67,0.0,0
2018-04-30,WH_SOUTH,South FC,CAR_A,Carrier A,fast,1,1,0,0.0,0.0,0
2018-04-30,WH_SOUTH,South FC,CAR_A,Carrier A,standard,6,6,0,0.0,2.17,1
2018-04-30,WH_SOUTH,South FC,CAR_B,Carrier B,bulky,2,2,0,0.0,0.0,0
2018-04-30,WH_SOUTH,South FC,CAR_B,Carrier B,fast,6,5,1,16.67,0.0,0
2018-04-30,WH_SOUTH,South FC,CAR_B,Carrier B,standard,2,1,1,50.0,0.0,0
2018-04-30,WH_SOUTH,South FC,CAR_C,Carrier C,bulky,1,0,1,100.0,0.0,0
2018-04-30,WH_SOUTH,South FC,CAR_C,Carrier C,fast,2,2,0,0.0,0.0,0
2018-04-30,WH_SOUTH,South FC,CAR_D,Carrier D,bulky,1,1,0,0.0,0.0,0
2018-04-30,WH_SOUTH,South FC,CAR_D,Carrier D,standard,6,6,0,0.0,0.0,0
2018-04-30,WH_SOUTHEAST,Southeast FC,CAR_A,Carrier A,bulky,13,8,5,38.46,0.0,0
2018-04-30,WH_SOUTHEAST,Southeast FC,CAR_A,Carrier A,fast,26,21,5,19.23,1.58,1
2018-04-30,WH_SOUTHEAST,Southeast FC,CAR_A,Carrier A,standard,22,13,9,40.91,0.0,0
2018-04-30,WH_SOUTHEAST,Southeast FC,CAR_B,Carrier B,bulky,15,10,5,33.33,0.4,1
2018-04-30,WH_SOUTHEAST,Southeast FC,CAR_B,Carrier B,fast,18,16,2,11.11,0.0,0
2018-04-30,WH_SOUTHEAST,Southeast FC,CAR_B,Carrier B,standard,20,14,6,30.0,0.35,1
2018-04-30,WH_SOUTHEAST,Southeast FC,CAR_C,Carrier C,bulky,9,5,4,44.44,0.0,0
2018-04-30,WH_SOUTHEAST,Southeast FC,CAR_C,Carrier C,fast,20,16,4,20.0,0.05,1
2018-04-30,WH_SOUTHEAST,Southeast FC,CAR_C,Carrier C,standard,16,12,4,25.0,0.0,0
2018-04-30,WH_SOUTHEAST,Southeast FC,CAR_D,Carrier D,bulky,7,1,6,85.71,0.0,0
2018-04-30,WH_SOUTHEAST,Southeast FC,CAR_D,Carrier D,fast,8,7,1,12.5,0.0,0
2018-04-30,WH_SOUTHEAST,Southeast FC,CAR_D,Carrier D,standard,15,12,3,20.0,0.0,0
2018-05-01,WH_CENTRAL_WEST,Central-West FC,CAR_A,Carrier A,bulky,1,0,1,100.0,0.0,0
2018-05-01,WH_CENTRAL_WEST,Central-West FC,CAR_A,Carrier A,fast,1,0,1,100.0,0.0,0
2018-05-01,WH_CENTRAL_WEST,Central-West FC,CAR_A,Carrier A,standard,4,4,0,0.0,0.0,0
2018-05-01,WH_CENTRAL_WEST,Central-West FC,CAR_B,Carrier B,bulky,1,1,0,0.0,0.0,0
2018-05-01,WH_CENTRAL_WEST,Central-West FC,CAR_B,Carrier B,fast,1,1,0,0.0,0.0,0
2018-05-01,WH_CENTRAL_WEST,Central-West FC,CAR_B,Carrier B,standard,2,2,0,0.0,0.0,0
2018-05-01,WH_CENTRAL_WEST,Central-West FC,CAR_C,Carrier C,bulky,2,2,0,0.0,0.0,0
2018-05-01,WH_CENTRAL_WEST,Central-West FC,CAR_C,Carrier C,fast,1,1,0,0.0,0.0,0
2018-05-01,WH_CENTRAL_WEST,Central-West FC,CAR_C,Carrier C,standard,2,2,0,0.0,0.0,0
2018-05-01,WH_CENTRAL_WEST,Central-West FC,CAR_D,Carrier D,bulky,2,2,0,0.0,0.0,0
2018-05-01,WH_CENTRAL_WEST,Central-West FC,CAR_D,Carrier D,fast,1,1,0,0.0,0.0,0
2018-05-01,WH_CENTRAL_WEST,Central-West FC,CAR_D,Carrier D,standard,1,1,0,0.0,0.0,0
2018-05-01,WH_NORTH,North FC,CAR_A,Carrier A,standard,1,1,0,0.0,0.0,0
2018-05-01,WH_NORTH,North FC,CAR_C,Carrier C,fast,1,1,0,0.0,0.0,0
2018-05-01,WH_SOUTH,South FC,CAR_A,Carrier A,bulky,2,1,1,50.0,0.0,0
2018-05-01,WH_SOUTH,South FC,CAR_A,Carrier A,fast,3,3,0,0.0,0.0,0
2018-05-01,WH_SOUTH,South FC,CAR_A,Carrier A,standard,10,9,1,10.0,0.0,0
2018-05-01,WH_SOUTH,South FC,CAR_B,Carrier B,bulky,5,2,3,60.0,0.0,0
2018-05-01,WH_SOUTH,South FC,CAR_B,Carrier B,fast,4,4,0,0.0,0.0,0
2018-05-01,WH_SOUTH,South FC,CAR_B,Carrier B,standard,6,5,1,16.67,0.0,0
2018-05-01,WH_SOUTH,South FC,CAR_C,Carrier C,bulky,2,2,0,0.0,0.0,0
2018-05-01,WH_SOUTH,South FC,CAR_C,Carrier C,fast,1,1,0,0.0,0.0,0
2018-05-01,WH_SOUTH,South FC,CAR_C,Carrier C,standard,6,6,0,0.0,0.0,0
2018-05-01,WH_SOUTH,South FC,CAR_D,Carrier D,bulky,2,2,0,0.0,0.0,0
2018-05-01,WH_SOUTH,South FC,CAR_D,Carrier D,fast,4,4,0,0.0,0.0,0
2018-05-01,WH_SOUTH,South FC,CAR_D,Carrier D,standard,2,2,0,0.0,0.0,0
2018-05-01,WH_SOUTHEAST,Southeast FC,CAR_A,Carrier A,bulky,11,3,8,72.73,0.0,0
2018-05-01,WH_SOUTHEAST,Southeast FC,CAR_A,Carrier A,fast,28,24,4,14.29,0.36,2
2018-05-01,WH_SOUTHEAST,Southeast FC,CAR_A,Carrier A,standard,15,12,3,20.0,1.13,2
2018-05-01,WH_SOUTHEAST,Southeast FC,CAR_B,Carrier B,bulky,20,8,12,60.0,0.65,1
2018-05-01,WH_SOUTHEAST,Southeast FC,CAR_B,Carrier B,fast,25,22,3,12.0,0.08,2
2018-05-01,WH_SOUTHEAST,Southeast FC,CAR_B,Carrier B,standard,25,20,5,20.0,0.12,1
2018-05-01,WH_SOUTHEAST,Southeast FC,CAR_C,Carrier C,bulky,8,7,1,12.5,1.88,1
2018-05-01,WH_SOUTHEAST,Southeast FC,CAR_C,Carrier C,fast,12,11,1,8.33,0.0,0
2018-05-01,WH_SOUTHEAST,Southeast FC,CAR_C,Carrier C,standard,17,14,3,17.65,0.0,0
2018-05-01,WH_SOUTHEAST,Southeast FC,CAR_D,Carrier D,bulky,6,3,3,50.0,0.0,0
2018-05-01,WH_SOUTHEAST,Southeast FC,CAR_D,Carrier D,fast,12,9,3,25.0,0.0,0
2018-05-01,WH_SOUTHEAST,Southeast FC,CAR_D,Carrier D,standard,5,4,1,20.0,0.0,0
2018-05-02,WH_CENTRAL_WEST,Central-West FC,CAR_A,Carrier A,bulky,2,2,0,0.0,0.0,0
2018-05-02,WH_CENTRAL_WEST,Central-West FC,CAR_A,Carrier A,fast,3,3,0,0.0,0.0,0
2018-05-02,WH_CENTRAL_WEST,Central-West FC,CAR_B,Carrier B,bulky,3,2,1,33.33,0.0,0
2018-05-02,WH_CENTRAL_WEST,Central-West FC,CAR_B,Carrier B,fast,1,1,0,0.0,0.0,0
2018-05-02,WH_CENTRAL_WEST,Central-West FC,CAR_B,Carrier B,standard,2,2,0,0.0,0.0,0
2018-05-02,WH_CENTRAL_WEST,Central-West FC,CAR_D,Carrier D,fast,2,2,0,0.0,0.0,0
2018-05-02,WH_CENTRAL_WEST,Central-West FC,CAR_D,Carrier D,standard,2,2,0,0.0,0.0,0
2018-05-02,WH_NORTH,North FC,CAR_B,Carrier B,fast,2,2,0,0.0,0.0,0
2018-05-02,WH_NORTH,North FC,CAR_D,Carrier D,bulky,1,1,0,0.0,0.0,0
2018-05-02,WH_SOUTH,South FC,CAR_A,Carrier A,bulky,3,2,1,33.33,0.0,0
2018-05-02,WH_SOUTH,South FC,CAR_A,Carrier A,fast,4,4,0,0.0,0.0,0
2018-05-02,WH_SOUTH,South FC,CAR_A,Carrier A,standard,4,4,0,0.0,0.0,0
2018-05-02,WH_SOUTH,South FC,CAR_B,Carrier B,bulky,4,3,1,25.0,0.0,0
2018-05-02,WH_SOUTH,South FC,CAR_B,Carrier B,fast,7,7,0,0.0,0.0,0
2018-05-02,WH_SOUTH,South FC,CAR_B,Carrier B,standard,5,5,0,0.0,0.4,1
2018-05-02,WH_SOUTH,South FC,CAR_C,Carrier C,bulky,1,1,0,0.0,0.0,0
2018-05-02,WH_SOUTH,South FC,CAR_C,Carrier C,fast,4,4,0,0.0,9.5,2
2018-05-02,WH_SOUTH,South FC,CAR_C,Carrier C,standard,1,1,0,0.0,0.0,0
2018-05-02,WH_SOUTH,South FC,CAR_D,Carrier D,bulky,1,1,0,0.0,0.0,0
2018-05-02,WH_SOUTH,South FC,CAR_D,Carrier D,fast,2,2,0,0.0,0.0,0
2018-05-02,WH_SOUTH,South FC,CAR_D,Carrier D,standard,1,0,1,100.0,0.0,0
2018-05-02,WH_SOUTHEAST,Southeast FC,CAR_A,Carrier A,bulky,24,13,11,45.83,0.67,2
2018-05-02,WH_SOUTHEAST,Southeast FC,CAR_A,Carrier A,fast,30,25,5,16.67,0.6,2
2018-05-02,WH_SOUTHEAST,Southeast FC,CAR_A,Carrier A,standard,22,19,3,13.64,0.0,0
2018-05-02,WH_SOUTHEAST,Southeast FC,CAR_B,Carrier B,bulky,17,7,10,58.82,2.94,1
2018-05-02,WH_SOUTHEAST,Southeast FC,CAR_B,Carrier B,fast,26,25,1,3.85,3.0,3
2018-05-02,WH_SOUTHEAST,Southeast FC,CAR_B,Carrier B,standard,19,15,4,21.05,0.05,1
2018-05-02,WH_SOUTHEAST,Southeast FC,CAR_C,Carrier C,bulky,9,4,5,55.56,0.11,1
2018-05-02,WH_SOUTHEAST,Southeast FC,CAR_C,Carrier C,fast,37,28,9,24.32,0.11,1
2018-05-02,WH_SOUTHEAST,Southeast FC,CAR_C,Carrier C,standard,15,10,5,33.33,0.0,0
2018-05-02,WH_SOUTHEAST,Southeast FC,CAR_D,Carrier D,bulky,8,3,5,62.5,2.75,2
2018-05-02,WH_SOUTHEAST,Southeast FC,CAR_D,Carrier D,fast,17,16,1,5.88,0.0,0
2018-05-02,WH_SOUTHEAST,Southeast FC,CAR_D,Carrier D,standard,8,5,3,37.5,0.0,0
2018-05-03,WH_CENTRAL_WEST,Central-West FC,CAR_A,Carrier A,fast,2,2,0,0.0,0.0,0
2018-05-03,WH_CENTRAL_WEST,Central-West FC,CAR_A,Carrier A,standard,1,1,0,0.0,0.0,0
2018-05-03,WH_CENTRAL_WEST,Central-West FC,CAR_B,Carrier B,fast,3,3,0,0.0,0.0,0
2018-05-03,WH_CENTRAL_WEST,Central-West FC,CAR_B,Carrier B,standard,3,3,0,0.0,0.0,0
2018-05-03,WH_CENTRAL_WEST,Central-West FC,CAR_C,Carrier C,bulky,1,0,1,100.0,0.0,0
2018-05-03,WH_CENTRAL_WEST,Central-West FC,CAR_C,Carrier C,fast,3,3,0,0.0,0.0,0
2018-05-03,WH_CENTRAL_WEST,Central-West FC,CAR_C,Carrier C,standard,1,1,0,0.0,0.0,0
2018-05-03,WH_CENTRAL_WEST,Central-West FC,CAR_D,Carrier D,bulky,2,2,0,0.0,0.0,0
2018-05-03,WH_CENTRAL_WEST,Central-West FC,CAR_D,Carrier D,fast,2,2,0,0.0,0.0,0
2018-05-03,WH_CENTRAL_WEST,Central-West FC,CAR_D,Carrier D,standard,1,1,0,0.0,0.0,0
2018-05-03,WH_NORTH,North FC,CAR_A,Carrier A,bulky,1,1,0,0.0,0.0,0
2018-05-03,WH_NORTH,North FC,CAR_B,Carrier B,fast,2,2,0,0.0,0.0,0
2018-05-03,WH_NORTH,North FC,CAR_D,Carrier D,bulky,1,1,0,0.0,8.0,1
2018-05-03,WH_NORTH,North FC,CAR_D,Carrier D,standard,1,1,0,0.0,0.0,0
2018-05-03,WH_SOUTH,South FC,CAR_A,Carrier A,bulky,4,3,1,25.0,0.0,0
2018-05-03,WH_SOUTH,South FC,CAR_A,Carrier A,fast,7,7,0,0.0,0.0,0
2018-05-03,WH_SOUTH,South FC,CAR_A,Carrier A,standard,3,2,1,33.33,0.0,0
2018-05-03,WH_SOUTH,South FC,CAR_B,Carrier B,bulky,6,5,1,16.67,0.0,0
2018-05-03,WH_SOUTH,South FC,CAR_B,Carrier B,fast,5,5,0,0.0,0.0,0
2018-05-03,WH_SOUTH,South FC,CAR_B,Carrier B,standard,2,2,0,0.0,0.0,0
2018-05-03,WH_SOUTH,South FC,CAR_C,Carrier C,bulky,2,2,0,0.0,0.0,0
2018-05-03,WH_SOUTH,South FC,CAR_C,Carrier C,fast,3,3,0,0.0,0.0,0
2018-05-03,WH_SOUTH,South FC,CAR_C,Carrier C,standard,4,3,1,25.0,0.0,0
2018-05-03,WH_SOUTH,South FC,CAR_D,Carrier D,fast,2,2,0,0.0,0.0,0
2018-05-03,WH_SOUTH,South FC,CAR_D,Carrier D,standard,2,2,0,0.0,0.0,0
2018-05-03,WH_SOUTHEAST,Southeast FC,CAR_A,Carrier A,bulky,15,8,7,46.67,0.07,1
2018-05-03,WH_SOUTHEAST,Southeast FC,CAR_A,Carrier A,fast,30,28,2,6.67,0.03,1
2018-05-03,WH_SOUTHEAST,Southeast FC,CAR_A,Carrier A,standard,40,30,10,25.0,0.0,0
2018-05-03,WH_SOUTHEAST,Southeast FC,CAR_B,Carrier B,bulky,19,4,15,78.95,0.0,0
2018-05-03,WH_SOUTHEAST,Southeast FC,CAR_B,Carrier B,fast,30,29,1,3.33,0.47,1
2018-05-03,WH_SOUTHEAST,Southeast FC,CAR_B,Carrier B,standard,19,15,4,21.05,1.11,1
2018-05-03,WH_SOUTHEAST,Southeast FC,CAR_C,Carrier C,bulky,13,4,9,69.23,0.69,1
2018-05-03,WH_SOUTHEAST,Southeast FC,CAR_C,Carrier C,fast,25,21,4,16.0,0.12,2
2018-05-03,WH_SOUTHEAST,Southeast FC,CAR_C,Carrier C,standard,18,14,4,22.22,0.0,0
2018-05-03,WH_SOUTHEAST,Southeast FC,CAR_D,Carrier D,bulky,7,5,2,28.57,3.14,1
2018-05-03,WH_SOUTHEAST,Southeast FC,CAR_D,Carrier D,fast,8,8,0,0.0,0.0,0
2018-05-03,WH_SOUTHEAST,Southeast FC,CAR_D,Carrier D,standard,12,9,3,25.0,0.25,1
2018-05-04,WH_CENTRAL_WEST,Central-West FC,CAR_A,Carrier A,bulky,1,1,0,0.0,0.0,0
2018-05-04,WH_CENTRAL_WEST,Central-West FC,CAR_A,Carrier A,fast,1,1,0,0.0,0.0,0
2018-05-04,WH_CENTRAL_WEST,Central-West FC,CAR_A,Carrier A,standard,1,1,0,0.0,0.0,0
2018-05-04,WH_CENTRAL_WEST,Central-West FC,CAR_B,Carrier B,bulky,1,1,0,0.0,0.0,0
2018-05-04,WH_CENTRAL_WEST,Central-West FC,CAR_B,Carrier B,fast,2,2,0,0.0,0.0,0
2018-05-04,WH_CENTRAL_WEST,Central-West FC,CAR_B,Carrier B,standard,3,3,0,0.0,0.0,0
2018-05-04,WH_CENTRAL_WEST,Central-West FC,CAR_C,Carrier C,fast,1,1,0,0.0,0.0,0
2018-05-04,WH_CENTRAL_WEST,Central-West FC,CAR_C,Carrier C,standard,1,1,0,0.0,0.0,0
2018-05-04,WH_CENTRAL_WEST,Central-West FC,CAR_D,Carrier D,bulky,1,1,0,0.0,0.0,0
2018-05-04,WH_CENTRAL_WEST,Central-West FC,CAR_D,Carrier D,fast,2,2,0,0.0,0.0,0
2018-05-04,WH_CENTRAL_WEST,Central-West FC,CAR_D,Carrier D,standard,3,3,0,0.0,0.0,0
2018-05-04,WH_NORTH,North FC,CAR_A,Carrier A,standard,2,2,0,0.0,0.0,0
2018-05-04,WH_NORTH,North FC,CAR_B,Carrier B,fast,1,1,0,0.0,0.0,0
2018-05-04,WH_NORTH,North FC,CAR_B,Carrier B,standard,2,2,0,0.0,0.0,0
2018-05-04,WH_NORTH,North FC,CAR_C,Carrier C,fast,1,1,0,0.0,0.0,0
2018-05-04,WH_NORTH,North FC,CAR_C,Carrier C,standard,2,2,0,0.0,0.0,0
2018-05-04,WH_SOUTH,South FC,CAR_A,Carrier A,bulky,3,3,0,0.0,0.0,0
2018-05-04,WH_SOUTH,South FC,CAR_A,Carrier A,fast,5,5,0,0.0,1.2,1
2018-05-04,WH_SOUTH,South FC,CAR_A,Carrier A,standard,7,6,1,14.29,0.0,0
2018-05-04,WH_SOUTH,South FC,CAR_B,Carrier B,bulky,2,1,1,50.0,0.0,0
2018-05-04,WH_SOUTH,South FC,CAR_B,Carrier B,fast,6,6,0,0.0,0.0,0
2018-05-04,WH_SOUTH,South FC,CAR_B,Carrier B,standard,5,5,0,0.0,0.0,0
2018-05-04,WH_SOUTH,South FC,CAR_C,Carrier C,bulky,4,4,0,0.0,0.0,0
2018-05-04,WH_SOUTH,South FC,CAR_C,Carrier C,fast,1,1,0,0.0,0.0,0
2018-05-04,WH_SOUTH,South FC,CAR_C,Carrier C,standard,3,3,0,0.0,0.0,0
2018-05-04,WH_SOUTH,South FC,CAR_D,Carrier D,bulky,1,0,1,100.0,0.0,0
2018-05-04,WH_SOUTH,South FC,CAR_D,Carrier D,standard,2,2,0,0.0,0.0,0
2018-05-04,WH_SOUTHEAST,Southeast FC,CAR_A,Carrier A,bulky,12,2,10,83.33,0.0,0
2018-05-04,WH_SOUTHEAST,Southeast FC,CAR_A,Carrier A,fast,22,21,1,4.55,0.0,0
2018-05-04,WH_SOUTHEAST,Southeast FC,CAR_A,Carrier A,standard,21,15,6,28.57,0.0,0
2018-05-04,WH_SOUTHEAST,Southeast FC,CAR_B,Carrier B,bulky,12,8,4,33.33,0.67,1
2018-05-04,WH_SOUTHEAST,Southeast FC,CAR_B,Carrier B,fast,29,29,0,0.0,0.0,0
2018-05-04,WH_SOUTHEAST,Southeast FC,CAR_B,Carrier B,standard,27,19,8,29.63,0.48,1
2018-05-04,WH_SOUTHEAST,Southeast FC,CAR_C,Carrier C,bulky,9,5,4,44.44,0.0,0
2018-05-04,WH_SOUTHEAST,Southeast FC,CAR_C,Carrier C,fast,22,21,1,4.55,0.55,1
2018-05-04,WH_SOUTHEAST,Southeast FC,CAR_C,Carrier C,standard,16,13,3,18.75,0.56,2
2018-05-04,WH_SOUTHEAST,Southeast FC,CAR_D,Carrier D,bulky,8,4,4,50.0,0.0,0
2018-05-04,WH_SOUTHEAST,Southeast FC,CAR_D,Carrier D,fast,14,14,0,0.0,1.64,1
2018-05-04,WH_SOUTHEAST,Southeast FC,CAR_D,Carrier D,standard,6,2,4,66.67,0.0,0
2018-05-05,WH_CENTRAL_WEST,Central-West FC,CAR_A,Carrier A,bulky,2,2,0,0.0,0.0,0
2018-05-05,WH_CENTRAL_WEST,Central-West FC,CAR_A,Carrier A,fast,2,2,0,0.0,0.0,0
2018-05-05,WH_CENTRAL_WEST,Central-West FC,CAR_B,Carrier B,bulky,1,1,0,0.0,0.0,0
2018-05-05,WH_CENTRAL_WEST,Central-West FC,CAR_B,Carrier B,fast,1,1,0,0.0,0.0,0
2018-05-05,WH_CENTRAL_WEST,Central-West FC,CAR_B,Carrier B,standard,2,2,0,0.0,0.0,0
2018-05-05,WH_CENTRAL_WEST,Central-West FC,CAR_C,Carrier C,standard,2,2,0,0.0,0.0,0
2018-05-05,WH_CENTRAL_WEST,Central-West FC,CAR_D,Carrier D,bulky,1,1,0,0.0,0.0,0
2018-05-05,WH_CENTRAL_WEST,Central-West FC,CAR_D,Carrier D,standard,1,0,1,100.0,0.0,0
2018-05-05,WH_NORTH,North FC,CAR_A,Carrier A,bulky,2,2,0,0.0,0.0,0
2018-05-05,WH_NORTH,North FC,CAR_B,Carrier B,bulky,1,1,0,0.0,0.0,0
2018-05-05,WH_NORTH,North FC,CAR_B,Carrier B,standard,1,1,0,0.0,0.0,0
2018-05-05,WH_NORTH,North FC,CAR_C,Carrier C,fast,1,1,0,0.0,0.0,0
2018-05-05,WH_SOUTH,South FC,CAR_A,Carrier A,fast,2,2,0,0.0,0.0,0
2018-05-05,WH_SOUTH,South FC,CAR_A,Carrier A,standard,6,6,0,0.0,0.0,0
2018-05-05,WH_SOUTH,South FC,CAR_B,Carrier B,bulky,1,1,0,0.0,0.0,0
2018-05-05,WH_SOUTH,South FC,CAR_B,Carrier B,fast,3,3,0,0.0,0.0,0
2018-05-05,WH_SOUTH,South FC,CAR_B,Carrier B,standard,1,1,0,0.0,0.0,0
2018-05-05,WH_SOUTH,South FC,CAR_C,Carrier C,bulky,2,2,0,0.0,0.0,0
2018-05-05,WH_SOUTH,South FC,CAR_C,Carrier C,fast,2,1,1,50.0,0.0,0
2018-05-05,WH_SOUTH,South FC,CAR_C,Carrier C,standard,3,3,0,0.0,2.67,1
2018-05-05,WH_SOUTHEAST,Southeast FC,CAR_A,Carrier A,bulky,13,6,7,53.85,0.38,1
2018-05-05,WH_SOUTHEAST,Southeast FC,CAR_A,Carrier A,fast,25,25,0,0.0,1.72,2
2018-05-05,WH_SOUTHEAST,Southeast FC,CAR_A,Carrier A,standard,19,11,8,42.11,0.37,1
2018-05-05,WH_SOUTHEAST,Southeast FC,CAR_B,Carrier B,bulky,8,5,3,37.5,0.75,1
2018-05-05,WH_SOUTHEAST,Southeast FC,CAR_B,Carrier B,fast,24,23,1,4.17,0.0,0
2018-05-05,WH_SOUTHEAST,Southeast FC,CAR_B,Carrier B,standard,11,9,2,18.18,0.09,1
2018-05-05,WH_SOUTHEAST,Southeast FC,CAR_C,Carrier C,bulky,8,2,6,75.0,0.0,0
2018-05-05,WH_SOUTHEAST,Southeast FC,CAR_C,Carrier C,fast,14,12,2,14.29,0.21,1
2018-05-05,WH_SOUTHEAST,Southeast FC,CAR_C,Carrier C,standard,10,8,2,20.0,0.9,1
2018-05-05,WH_SOUTHEAST,Southeast FC,CAR_D,Carrier D,bulky,4,1,3,75.0,0.0,0
2018-05-05,WH_SOUTHEAST,Southeast FC,CAR_D,Carrier D,fast,11,11,0,0.0,1.18,1
2018-05-05,WH_SOUTHEAST,Southeast FC,CAR_D,Carrier D,standard,8,5,3,37.5,0.0,0
2018-05-06,WH_CENTRAL_WEST,Central-West FC,CAR_A,Carrier A,bulky,1,1,0,0.0,0.0,0
2018-05-06,WH_CENTRAL_WEST,Central-West FC,CAR_A,Carrier A,fast,4,4,0,0.0,1.25,1
2018-05-06,WH_CENTRAL_WEST,Central-West FC,CAR_A,Carrier A,standard,1,1,0,0.0,0.0,0
2018-05-06,WH_CENTRAL_WEST,Central-West FC,CAR_B,Carrier B,bulky,1,1,0,0.0,0.0,0
2018-05-06,WH_CENTRAL_WEST,Central-West FC,CAR_B,Carrier B,fast,1,1,0,0.0,0.0,0
2018-05-06,WH_CENTRAL_WEST,Central-West FC,CAR_B,Carrier B,standard,2,2,0,0.0,0.0,0
2018-05-06,WH_CENTRAL_WEST,Central-West FC,CAR_C,Carrier C,standard,1,1,0,0.0,0.0,0
2018-05-06,WH_CENTRAL_WEST,Central-West FC,CAR_D,Carrier D,bulky,1,0,1,100.0,0.0,0
2018-05-06,WH_CENTRAL_WEST,Central-West FC,CAR_D,Carrier D,fast,2,2,0,0.0,2.5,1
2018-05-06,WH_CENTRAL_WEST,Central-West FC,CAR_D,Carrier D,standard,5,5,0,0.0,0.0,0
2018-05-06,WH_NORTH,North FC,CAR_C,Carrier C,fast,1,1,0,0.0,0.0,0
2018-05-06,WH_SOUTH,South FC,CAR_A,Carrier A,fast,2,2,0,0.0,0.0,0
2018-05-06,WH_SOUTH,South FC,CAR_A,Carrier A,standard,3,3,0,0.0,0.0,0
2018-05-06,WH_SOUTH,South FC,CAR_B,Carrier B,bulky,3,1,2,66.67,0.0,0
2018-05-06,WH_SOUTH,South FC,CAR_B,Carrier B,fast,3,3,0,0.0,0.0,0
2018-05-06,WH_SOUTH,South FC,CAR_B,Carrier B,standard,5,5,0,0.0,0.0,0
2018-05-06,WH_SOUTH,South FC,CAR_C,Carrier C,bulky,3,2,1,33.33,0.0,0
2018-05-06,WH_SOUTH,South FC,CAR_C,Carrier C,standard,3,3,0,0.0,0.0,0
2018-05-06,WH_SOUTH,South FC,CAR_D,Carrier D,bulky,4,3,1,25.0,0.0,0
2018-05-06,WH_SOUTH,South FC,CAR_D,Carrier D,standard,2,2,0,0.0,0.0,0
2018-05-06,WH_SOUTHEAST,Southeast FC,CAR_A,Carrier A,bulky,9,6,3,33.33,0.0,0
2018-05-06,WH_SOUTHEAST,Southeast FC,CAR_A,Carrier A,fast,13,11,2,15.38,0.0,0
2018-05-06,WH_SOUTHEAST,Southeast FC,CAR_A,Carrier A,standard,14,7,7,50.0,0.57,1
2018-05-06,WH_SOUTHEAST,Southeast FC,CAR_B,Carrier B,bulky,14,8,6,42.86,0.36,2
2018-05-06,WH_SOUTHEAST,Southeast FC,CAR_B,Carrier B,fast,21,18,3,14.29,0.57,2
2018-05-06,WH_SOUTHEAST,Southeast FC,CAR_B,Carrier B,standard,31,21,10,32.26,0.0,0
2018-05-06,WH_SOUTHEAST,Southeast FC,CAR_C,Carrier C,bulky,9,3,6,66.67,0.0,0
2018-05-06,WH_SOUTHEAST,Southeast FC,CAR_C,Carrier C,fast,11,11,0,0.0,0.64,1
2018-05-06,WH_SOUTHEAST,Southeast FC,CAR_C,Carrier C,standard,18,10,8,44.44,0.0,0
2018-05-06,WH_SOUTHEAST,Southeast FC,CAR_D,Carrier D,bulky,3,0,3,100.0,0.0,0
2018-05-06,WH_SOUTHEAST,Southeast FC,CAR_D,Carrier D,fast,8,6,2,25.0,0.0,0
2018-05-06,WH_SOUTHEAST,Southeast FC,CAR_D,Carrier D,standard,7,4,3,42.86,0.0,0
2018-05-07,WH_CENTRAL_WEST,Central-West FC,CAR_A,Carrier A,fast,4,4,0,0.0,0.0,0
2018-05-07,WH_CENTRAL_WEST,Central-West FC,CAR_A,Carrier A,standard,1,1,0,0.0,0.0,0
2018-05-07,WH_CENTRAL_WEST,Central-West FC,CAR_B,Carrier B,bulky,2,2,0,0.0,0.0,0
2018-05-07,WH_CENTRAL_WEST,Central-West FC,CAR_B,Carrier B,fast,5,5,0,0.0,0.0,0
2018-05-07,WH_CENTRAL_WEST,Central-West FC,CAR_B,Carrier B,standard,3,3,0,0.0,0.0,0
2018-05-07,WH_CENTRAL_WEST,Central-West FC,CAR_C,Carrier C,bulky,1,1,0,0.0,0.0,0
2018-05-07,WH_CENTRAL_WEST,Central-West FC,CAR_C,Carrier C,fast,1,1,0,0.0,0.0,0
2018-05-07,WH_CENTRAL_WEST,Central-West FC,CAR_D,Carrier D,fast,6,6,0,0.0,0.17,1
2018-05-07,WH_CENTRAL_WEST,Central-West FC,CAR_D,Carrier D,standard,3,3,0,0.0,0.0,0
2018-05-07,WH_NORTH,North FC,CAR_A,Carrier A,fast,1,1,0,0.0,0.0,0
2018-05-07,WH_NORTH,North FC,CAR_B,Carrier B,fast,1,1,0,0.0,6.0,1
2018-05-07,WH_NORTH,North FC,CAR_B,Carrier B,standard,1,1,0,0.0,0.0,0
2018-05-07,WH_NORTH,North FC,CAR_C,Carrier C,fast,2,2,0,0.0,0.0,0
2018-05-07,WH_SOUTH,South FC,CAR_A,Carrier A,bulky,4,4,0,0.0,0.0,0
2018-05-07,WH_SOUTH,South FC,CAR_A,Carrier A,fast,7,7,0,0.0,0.43,1
2018-05-07,WH_SOUTH,South FC,CAR_A,Carrier A,standard,4,4,0,0.0,0.0,0
2018-05-07,WH_SOUTH,South FC,CAR_B,Carrier B,bulky,2,1,1,50.0,0.0,0
2018-05-07,WH_SOUTH,South FC,CAR_B,Carrier B,fast,5,4,1,20.0,2.6,1
2018-05-07,WH_SOUTH,South FC,CAR_B,Carrier B,standard,7,6,1,14.29,0.0,0
2018-05-07,WH_SOUTH,South FC,CAR_C,Carrier C,bulky,1,1,0,0.0,0.0,0
2018-05-07,WH_SOUTH,South FC,CAR_C,Carrier C,fast,6,6,0,0.0,0.0,0
2018-05-07,WH_SOUTH,South FC,CAR_C,Carrier C,standard,3,3,0,0.0,0.0,0
2018-05-07,WH_SOUTH,South FC,CAR_D,Carrier D,bulky,3,3,0,0.0,0.0,0
2018-05-07,WH_SOUTH,South FC,CAR_D,Carrier D,fast,3,3,0,0.0,0.0,0
2018-05-07,WH_SOUTH,South FC,CAR_D,Carrier D,standard,2,1,1,50.0,0.0,0
2018-05-07,WH_SOUTHEAST,Southeast FC,CAR_A,Carrier A,bulky,20,9,11,55.0,1.0,2
2018-05-07,WH_SOUTHEAST,Southeast FC,CAR_A,Carrier A,fast,34,29,5,14.71,0.21,1
2018-05-07,WH_SOUTHEAST,Southeast FC,CAR_A,Carrier A,standard,41,27,14,34.15,0.27,2
2018-05-07,WH_SOUTHEAST,Southeast FC,CAR_B,Carrier B,bulky,18,8,10,55.56,0.94,2
2018-05-07,WH_SOUTHEAST,Southeast FC,CAR_B,Carrier B,fast,39,33,6,15.38,1.46,5
2018-05-07,WH_SOUTHEAST,Southeast FC,CAR_B,Carrier B,standard,32,22,10,31.25,0.0,0
2018-05-07,WH_SOUTHEAST,Southeast FC,CAR_C,Carrier C,bulky,20,8,12,60.0,4.8,1
2018-05-07,WH_SOUTHEAST,Southeast FC,CAR_C,Carrier C,fast,23,17,6,26.09,0.0,0
2018-05-07,WH_SOUTHEAST,Southeast FC,CAR_C,Carrier C,standard,20,11,9,45.0,0.0,0
2018-05-07,WH_SOUTHEAST,Southeast FC,CAR_D,Carrier D,bulky,9,3,6,66.67,0.0,0
2018-05-07,WH_SOUTHEAST,Southeast FC,CAR_D,Carrier D,fast,15,14,1,6.67,1.2,2
2018-05-07,WH_SOUTHEAST,Southeast FC,CAR_D,Carrier D,standard,14,8,6,42.86,0.86,2
2018-05-08,WH_CENTRAL_WEST,Central-West FC,CAR_A,Carrier A,bulky,4,2,2,50.0,0.0,0
2018-05-08,WH_CENTRAL_WEST,Central-West FC,CAR_A,Carrier A,fast,1,1,0,0.0,0.0,0
2018-05-08,WH_CENTRAL_WEST,Central-West FC,CAR_A,Carrier A,standard,2,2,0,0.0,0.0,0
2018-05-08,WH_CENTRAL_WEST,Central-West FC,CAR_B,Carrier B,bulky,3,3,0,0.0,0.0,0
2018-05-08,WH_CENTRAL_WEST,Central-West FC,CAR_B,Carrier B,standard,1,1,0,0.0,0.0,0
2018-05-08,WH_CENTRAL_WEST,Central-West FC,CAR_C,Carrier C,standard,1,1,0,0.0,0.0,0
2018-05-08,WH_CENTRAL_WEST,Central-West FC,CAR_D,Carrier D,bulky,1,1,0,0.0,0.0,0
2018-05-08,WH_CENTRAL_WEST,Central-West FC,CAR_D,Carrier D,fast,1,1,0,0.0,0.0,0
2018-05-08,WH_CENTRAL_WEST,Central-West FC,CAR_D,Carrier D,standard,4,4,0,0.0,0.0,0
2018-05-08,WH_NORTH,North FC,CAR_A,Carrier A,fast,2,2,0,0.0,0.0,0
2018-05-08,WH_NORTH,North FC,CAR_A,Carrier A,standard,1,1,0,0.0,0.0,0
2018-05-08,WH_NORTH,North FC,CAR_B,Carrier B,bulky,1,1,0,0.0,0.0,0
2018-05-08,WH_NORTH,North FC,CAR_B,Carrier B,fast,1,1,0,0.0,0.0,0
2018-05-08,WH_NORTH,North FC,CAR_C,Carrier C,bulky,1,1,0,0.0,0.0,0
2018-05-08,WH_NORTH,North FC,CAR_C,Carrier C,standard,1,1,0,0.0,6.0,1
2018-05-08,WH_SOUTH,South FC,CAR_A,Carrier A,bulky,4,2,2,50.0,0.0,0
2018-05-08,WH_SOUTH,South FC,CAR_A,Carrier A,fast,2,2,0,0.0,0.0,0
2018-05-08,WH_SOUTH,South FC,CAR_A,Carrier A,standard,7,7,0,0.0,0.0,0
2018-05-08,WH_SOUTH,South FC,CAR_B,Carrier B,bulky,3,1,2,66.67,0.0,0
2018-05-08,WH_SOUTH,South FC,CAR_B,Carrier B,fast,7,7,0,0.0,1.57,1
2018-05-08,WH_SOUTH,South FC,CAR_B,Carrier B,standard,3,3,0,0.0,0.0,0
2018-05-08,WH_SOUTH,South FC,CAR_C,Carrier C,bulky,4,2,2,50.0,0.0,0
2018-05-08,WH_SOUTH,South FC,CAR_C,Carrier C,fast,2,2,0,0.0,0.0,0
2018-05-08,WH_SOUTH,South FC,CAR_C,Carrier C,standard,6,6,0,0.0,1.83,1
2018-05-08,WH_SOUTH,South FC,CAR_D,Carrier D,fast,2,2,0,0.0,0.0,0
2018-05-08,WH_SOUTH,South FC,CAR_D,Carrier D,standard,1,1,0,0.0,0.0,0
2018-05-08,WH_SOUTHEAST,Southeast FC,CAR_A,Carrier A,bulky,17,6,11,64.71,0.0,0
2018-05-08,WH_SOUTHEAST,Southeast FC,CAR_A,Carrier A,fast,32,28,4,12.5,0.31,2
2018-05-08,WH_SOUTHEAST,Southeast FC,CAR_A,Carrier A,standard,26,24,2,7.69,0.69,3
2018-05-08,WH_SOUTHEAST,Southeast FC,CAR_B,Carrier B,bulky,14,3,11,78.57,0.0,0
2018-05-08,WH_SOUTHEAST,Southeast FC,CAR_B,Carrier B,fast,45,33,12,26.67,0.09,1
2018-05-08,WH_SOUTHEAST,Southeast FC,CAR_B,Carrier B,standard,25,18,7,28.0,0.16,2
2018-05-08,WH_SOUTHEAST,Southeast FC,CAR_C,Carrier C,bulky,15,4,11,73.33,0.0,0
2018-05-08,WH_SOUTHEAST,Southeast FC,CAR_C,Carrier C,fast,27,22,5,18.52,0.74,1
2018-05-08,WH_SOUTHEAST,Southeast FC,CAR_C,Carrier C,standard,26,20,6,23.08,0.5,1
2018-05-08,WH_SOUTHEAST,Southeast FC,CAR_D,Carrier D,bulky,6,4,2,33.33,0.5,1
2018-05-08,WH_SOUTHEAST,Southeast FC,CAR_D,Carrier D,fast,19,12,7,36.84,0.84,2
2018-05-08,WH_SOUTHEAST,Southeast FC,CAR_D,Carrier D,standard,5,3,2,40.0,0.0,0
2018-05-09,WH_CENTRAL_WEST,Central-West FC,CAR_A,Carrier A,bulky,2,2,0,0.0,0.0,0
2018-05-09,WH_CENTRAL_WEST,Central-West FC,CAR_A,Carrier A,fast,2,2,0,0.0,0.0,0
2018-05-09,WH_CENTRAL_WEST,Central-West FC,CAR_A,Carrier A,standard,1,0,1,100.0,0.0,0
2018-05-09,WH_CENTRAL_WEST,Central-West FC,CAR_B,Carrier B,bulky,2,1,1,50.0,0.0,0
2018-05-09,WH_CENTRAL_WEST,Central-West FC,CAR_B,Carrier B,fast,1,1,0,0.0,17.0,1
2018-05-09,WH_CENTRAL_WEST,Central-West FC,CAR_C,Carrier C,fast,1,1,0,0.0,0.0,0
2018-05-09,WH_CENTRAL_WEST,Central-West FC,CAR_D,Carrier D,bulky,1,0,1,100.0,0.0,0
2018-05-09,WH_CENTRAL_WEST,Central-West FC,CAR_D,Carrier D,fast,6,5,1,16.67,0.0,0
2018-05-09,WH_CENTRAL_WEST,Central-West FC,CAR_D,Carrier D,standard,2,2,0,0.0,0.0,0
2018-05-09,WH_NORTH,North FC,CAR_B,Carrier B,fast,1,1,0,0.0,0.0,0
2018-05-09,WH_NORTH,North FC,CAR_B,Carrier B,standard,3,3,0,0.0,2.33,1
2018-05-09,WH_NORTH,North FC,CAR_C,Carrier C,standard,1,1,0,0.0,0.0,0
2018-05-09,WH_SOUTH,South FC,CAR_A,Carrier A,bulky,5,3,2,40.0,0.0,0
2018-05-09,WH_SOUTH,South FC,CAR_A,Carrier A,fast,8,8,0,0.0,1.13,2
2018-05-09,WH_SOUTH,South FC,CAR_A,Carrier A,standard,9,8,1,11.11,0.0,0
2018-05-09,WH_SOUTH,South FC,CAR_B,Carrier B,bulky,3,3,0,0.0,0.0,0
2018-05-09,WH_SOUTH,South FC,CAR_B,Carrier B,fast,2,2,0,0.0,0.0,0
2018-05-09,WH_SOUTH,South FC,CAR_B,Carrier B,standard,6,6,0,0.0,0.0,0
2018-05-09,WH_SOUTH,South FC,CAR_C,Carrier C,bulky,2,1,1,50.0,0.0,0
2018-05-09,WH_SOUTH,South FC,CAR_C,Carrier C,fast,3,3,0,0.0,0.0,0
2018-05-09,WH_SOUTH,South FC,CAR_C,Carrier C,standard,4,2,2,50.0,0.0,0
2018-05-09,WH_SOUTH,South FC,CAR_D,Carrier D,fast,2,2,0,0.0,0.0,0
2018-05-09,WH_SOUTH,South FC,CAR_D,Carrier D,standard,4,4,0,0.0,0.0,0
2018-05-09,WH_SOUTHEAST,Southeast FC,CAR_A,Carrier A,bulky,12,1,11,91.67,1.0,1
2018-05-09,WH_SOUTHEAST,Southeast FC,CAR_A,Carrier A,fast,32,25,7,21.88,0.94,3
2018-05-09,WH_SOUTHEAST,Southeast FC,CAR_A,Carrier A,standard,37,28,9,24.32,0.7,3
2018-05-09,WH_SOUTHEAST,Southeast FC,CAR_B,Carrier B,bulky,20,9,11,55.0,0.0,0
2018-05-09,WH_SOUTHEAST,Southeast FC,CAR_B,Carrier B,fast,42,37,5,11.9,0.93,4
2018-05-09,WH_SOUTHEAST,Southeast FC,CAR_B,Carrier B,standard,35,22,13,37.14,0.43,2
2018-05-09,WH_SOUTHEAST,Southeast FC,CAR_C,Carrier C,bulky,15,7,8,53.33,0.0,0
2018-05-09,WH_SOUTHEAST,Southeast FC,CAR_C,Carrier C,fast,20,15,5,25.0,1.55,4
2018-05-09,WH_SOUTHEAST,Southeast FC,CAR_C,Carrier C,standard,19,14,5,26.32,0.0,0
2018-05-09,WH_SOUTHEAST,Southeast FC,CAR_D,Carrier D,bulky,8,4,4,50.0,0.0,0
2018-05-09,WH_SOUTHEAST,Southeast FC,CAR_D,Carrier D,fast,13,12,1,7.69,0.62,2
2018-05-09,WH_SOUTHEAST,Southeast FC,CAR_D,Carrier D,standard,11,9,2,18.18,0.45,1
2018-05-10,WH_CENTRAL_WEST,Central-West FC,CAR_A,Carrier A,fast,3,3,0,0.0,0.0,0
2018-05-10,WH_CENTRAL_WEST,Central-West FC,CAR_A,Carrier A,standard,2,2,0,0.0,0.0,0
2018-05-10,WH_CENTRAL_WEST,Central-West FC,CAR_B,Carrier B,bulky,1,1,0,0.0,0.0,0
2018-05-10,WH_CENTRAL_WEST,Central-West FC,CAR_B,Carrier B,standard,2,2,0,0.0,0.0,0
2018-05-10,WH_CENTRAL_WEST,Central-West FC,CAR_C,Carrier C,bulky,1,0,1,100.0,0.0,0
2018-05-10,WH_CENTRAL_WEST,Central-West FC,CAR_C,Carrier C,fast,2,2,0,0.0,0.0,0
2018-05-10,WH_CENTRAL_WEST,Central-West FC,CAR_C,Carrier C,standard,1,1,0,0.0,0.0,0
2018-05-10,WH_CENTRAL_WEST,Central-West FC,CAR_D,Carrier D,bulky,1,1,0,0.0,0.0,0
2018-05-10,WH_CENTRAL_WEST,Central-West FC,CAR_D,Carrier D,fast,1,1,0,0.0,0.0,0
2018-05-10,WH_CENTRAL_WEST,Central-West FC,CAR_D,Carrier D,standard,2,2,0,0.0,0.0,0
2018-05-10,WH_NORTH,North FC,CAR_A,Carrier A,standard,1,1,0,0.0,0.0,0
2018-05-10,WH_NORTH,North FC,CAR_B,Carrier B,fast,1,1,0,0.0,0.0,0
2018-05-10,WH_NORTH,North FC,CAR_C,Carrier C,standard,1,1,0,0.0,0.0,0
2018-05-10,WH_SOUTH,South FC,CAR_A,Carrier A,bulky,2,2,0,0.0,0.0,0
2018-05-10,WH_SOUTH,South FC,CAR_A,Carrier A,fast,7,7,0,0.0,0.71,2
2018-05-10,WH_SOUTH,South FC,CAR_A,Carrier A,standard,4,3,1,25.0,0.0,0
2018-05-10,WH_SOUTH,South FC,CAR_B,Carrier B,bulky,6,2,4,66.67,0.0,0
2018-05-10,WH_SOUTH,South FC,CAR_B,Carrier B,fast,7,7,0,0.0,0.71,1
2018-05-10,WH_SOUTH,South FC,CAR_B,Carrier B,standard,3,2,1,33.33,0.0,0
2018-05-10,WH_SOUTH,South FC,CAR_C,Carrier C,bulky,2,1,1,50.0,0.0,0
2018-05-10,WH_SOUTH,South FC,CAR_C,Carrier C,fast,3,3,0,0.0,0.0,0
2018-05-10,WH_SOUTH,South FC,CAR_C,Carrier C,standard,5,4,1,20.0,0.0,0
2018-05-10,WH_SOUTH,South FC,CAR_D,Carrier D,bulky,2,2,0,0.0,0.5,1
2018-05-10,WH_SOUTH,South FC,CAR_D,Carrier D,fast,2,2,0,0.0,0.0,0
2018-05-10,WH_SOUTH,South FC,CAR_D,Carrier D,standard,2,2,0,0.0,8.0,1
2018-05-10,WH_SOUTHEAST,Southeast FC,CAR_A,Carrier A,bulky,12,6,6,50.0,0.0,0
2018-05-10,WH_SOUTHEAST,Southeast FC,CAR_A,Carrier A,fast,30,27,3,10.0,0.5,3
2018-05-10,WH_SOUTHEAST,Southeast FC,CAR_A,Carrier A,standard,30,26,4,13.33,0.13,1
2018-05-10,WH_SOUTHEAST,Southeast FC,CAR_B,Carrier B,bulky,11,5,6,54.55,0.0,0
2018-05-10,WH_SOUTHEAST,Southeast FC,CAR_B,Carrier B,fast,24,23,1,4.17,0.58,4
2018-05-10,WH_SOUTHEAST,Southeast FC,CAR_B,Carrier B,standard,27,19,8,29.63,0.89,3
2018-05-10,WH_SOUTHEAST,Southeast FC,CAR_C,Carrier C,bulky,13,2,11,84.62,0.0,0
2018-05-10,WH_SOUTHEAST,Southeast FC,CAR_C,Carrier C,fast,21,20,1,4.76,0.52,2
2018-05-10,WH_SOUTHEAST,Southeast FC,CAR_C,Carrier C,standard,14,10,4,28.57,0.0,0
2018-05-10,WH_SOUTHEAST,Southeast FC,CAR_D,Carrier D,bulky,6,1,5,83.33,0.0,0
2018-05-10,WH_SOUTHEAST,Southeast FC,CAR_D,Carrier D,fast,14,13,1,7.14,0.0,0
2018-05-10,WH_SOUTHEAST,Southeast FC,CAR_D,Carrier D,standard,7,6,1,14.29,0.0,0
2018-05-11,WH_CENTRAL_WEST,Central-West FC,CAR_A,Carrier A,bulky,2,1,1,50.0,0.0,0
2018-05-11,WH_CENTRAL_WEST,Central-West FC,CAR_A,Carrier A,fast,1,1,0,0.0,0.0,0
2018-05-11,WH_CENTRAL_WEST,Central-West FC,CAR_A,Carrier A,standard,1,1,0,0.0,0.0,0
2018-05-11,WH_CENTRAL_WEST,Central-West FC,CAR_B,Carrier B,fast,1,1,0,0.0,14.0,1
2018-05-11,WH_CENTRAL_WEST,Central-West FC,CAR_B,Carrier B,standard,2,2,0,0.0,0.0,0
2018-05-11,WH_CENTRAL_WEST,Central-West FC,CAR_C,Carrier C,fast,2,2,0,0.0,0.0,0
2018-05-11,WH_CENTRAL_WEST,Central-West FC,CAR_D,Carrier D,bulky,1,1,0,0.0,0.0,0
2018-05-11,WH_CENTRAL_WEST,Central-West FC,CAR_D,Carrier D,fast,1,1,0,0.0,0.0,0
2018-05-11,WH_CENTRAL_WEST,Central-West FC,CAR_D,Carrier D,standard,4,4,0,0.0,0.0,0
2018-05-11,WH_NORTH,North FC,CAR_B,Carrier B,standard,1,1,0,0.0,1.0,1
2018-05-11,WH_NORTH,North FC,CAR_C,Carrier C,standard,2,2,0,0.0,0.0,0
2018-05-11,WH_SOUTH,South FC,CAR_A,Carrier A,fast,1,1,0,0.0,0.0,0
2018-05-11,WH_SOUTH,South FC,CAR_A,Carrier A,standard,3,2,1,33.33,0.0,0
2018-05-11,WH_SOUTH,South FC,CAR_B,Carrier B,bulky,2,1,1,50.0,0.0,0
2018-05-11,WH_SOUTH,South FC,CAR_B,Carrier B,fast,3,3,0,0.0,0.0,0
2018-05-11,WH_SOUTH,South FC,CAR_B,Carrier B,standard,6,5,1,16.67,0.5,1
2018-05-11,WH_SOUTH,South FC,CAR_C,Carrier C,bulky,2,2,0,0.0,0.0,0
2018-05-11,WH_SOUTH,South FC,CAR_C,Carrier C,fast,4,4,0,0.0,0.0,0
2018-05-11,WH_SOUTH,South FC,CAR_C,Carrier C,standard,5,5,0,0.0,0.0,0
2018-05-11,WH_SOUTH,South FC,CAR_D,Carrier D,bulky,1,1,0,0.0,0.0,0
2018-05-11,WH_SOUTH,South FC,CAR_D,Carrier D,fast,2,2,0,0.0,2.5,1
2018-05-11,WH_SOUTH,South FC,CAR_D,Carrier D,standard,3,3,0,0.0,0.0,0
2018-05-11,WH_SOUTHEAST,Southeast FC,CAR_A,Carrier A,bulky,19,9,10,52.63,0.32,2
2018-05-11,WH_SOUTHEAST,Southeast FC,CAR_A,Carrier A,fast,26,24,2,7.69,1.73,6
2018-05-11,WH_SOUTHEAST,Southeast FC,CAR_A,Carrier A,standard,22,16,6,27.27,0.18,1
2018-05-11,WH_SOUTHEAST,Southeast FC,CAR_B,Carrier B,bulky,10,6,4,40.0,0.9,1
2018-05-11,WH_SOUTHEAST,Southeast FC,CAR_B,Carrier B,fast,27,25,2,7.41,0.41,3
2018-05-11,WH_SOUTHEAST,Southeast FC,CAR_B,Carrier B,standard,20,14,6,30.0,0.15,1
2018-05-11,WH_SOUTHEAST,Southeast FC,CAR_C,Carrier C,bulky,14,5,9,64.29,0.0,0
2018-05-11,WH_SOUTHEAST,Southeast FC,CAR_C,Carrier C,fast,18,16,2,11.11,0.0,0
2018-05-11,WH_SOUTHEAST,Southeast FC,CAR_C,Carrier C,standard,14,10,4,28.57,0.86,1
2018-05-11,WH_SOUTHEAST,Southeast FC,CAR_D,Carrier D,bulky,3,1,2,66.67,0.0,0
2018-05-11,WH_SOUTHEAST,Southeast FC,CAR_D,Carrier D,fast,14,14,0,0.0,1.93,3
2018-05-11,WH_SOUTHEAST,Southeast FC,CAR_D,Carrier D,standard,7,5,2,28.57,1.57,1
2018-05-12,WH_CENTRAL_WEST,Central-West FC,CAR_A,Carrier A,bulky,1,1,0,0.0,0.0,0
2018-05-12,WH_CENTRAL_WEST,Central-West FC,CAR_A,Carrier A,fast,3,3,0,0.0,0.0,0
2018-05-12,WH_CENTRAL_WEST,Central-West FC,CAR_A,Carrier A,standard,1,1,0,0.0,0.0,0
2018-05-12,WH_CENTRAL_WEST,Central-West FC,CAR_B,Carrier B,fast,4,4,0,0.0,0.0,0
2018-05-12,WH_CENTRAL_WEST,Central-West FC,CAR_C,Carrier C,fast,2,2,0,0.0,0.0,0
2018-05-12,WH_CENTRAL_WEST,Central-West FC,CAR_D,Carrier D,bulky,2,2,0,0.0,0.0,0
2018-05-12,WH_CENTRAL_WEST,Central-West FC,CAR_D,Carrier D,standard,1,1,0,0.0,0.0,0
2018-05-12,WH_NORTH,North FC,CAR_B,Carrier B,fast,1,1,0,0.0,7.0,1
2018-05-12,WH_NORTH,North FC,CAR_D,Carrier D,fast,1,1,0,0.0,0.0,0
2018-05-12,WH_SOUTH,South FC,CAR_A,Carrier A,bulky,3,3,0,0.0,0.0,0
2018-05-12,WH_SOUTH,South FC,CAR_A,Carrier A,fast,1,1,0,0.0,0.0,0
2018-05-12,WH_SOUTH,South FC,CAR_A,Carrier A,standard,4,3,1,25.0,1.25,1
2018-05-12,WH_SOUTH,South FC,CAR_B,Carrier B,fast,5,5,0,0.0,1.6,1
2018-05-12,WH_SOUTH,South FC,CAR_B,Carrier B,standard,4,4,0,0.0,0.0,0
2018-05-12,WH_SOUTH,South FC,CAR_C,Carrier C,bulky,1,1,0,0.0,0.0,0
2018-05-12,WH_SOUTH,South FC,CAR_C,Carrier C,fast,1,1,0,0.0,0.0,0
2018-05-12,WH_SOUTH,South FC,CAR_C,Carrier C,standard,3,2,1,33.33,0.0,0
2018-05-12,WH_SOUTH,South FC,CAR_D,Carrier D,standard,1,1,0,0.0,0.0,0
2018-05-12,WH_SOUTHEAST,Southeast FC,CAR_A,Carrier A,bulky,8,4,4,50.0,0.0,0
2018-05-12,WH_SOUTHEAST,Southeast FC,CAR_A,Carrier A,fast,25,24,1,4.0,0.36,1
2018-05-12,WH_SOUTHEAST,Southeast FC,CAR_A,Carrier A,standard,20,14,6,30.0,0.3,2
2018-05-12,WH_SOUTHEAST,Southeast FC,CAR_B,Carrier B,bulky,12,9,3,25.0,0.0,0
2018-05-12,WH_SOUTHEAST,Southeast FC,CAR_B,Carrier B,fast,24,21,3,12.5,0.88,2
2018-05-12,WH_SOUTHEAST,Southeast FC,CAR_B,Carrier B,standard,13,10,3,23.08,0.46,1
2018-05-12,WH_SOUTHEAST,Southeast FC,CAR_C,Carrier C,bulky,10,6,4,40.0,0.0,0
2018-05-12,WH_SOUTHEAST,Southeast FC,CAR_C,Carrier C,fast,12,11,1,8.33,0.0,0
2018-05-12,WH_SOUTHEAST,Southeast FC,CAR_C,Carrier C,standard,17,15,2,11.76,0.47,1
2018-05-12,WH_SOUTHEAST,Southeast FC,CAR_D,Carrier D,bulky,3,2,1,33.33,0.0,0
2018-05-12,WH_SOUTHEAST,Southeast FC,CAR_D,Carrier D,fast,7,6,1,14.29,1.0,2
2018-05-12,WH_SOUTHEAST,Southeast FC,CAR_D,Carrier D,standard,10,5,5,50.0,0.7,1
2018-05-13,WH_CENTRAL_WEST,Central-West FC,CAR_A,Carrier A,bulky,1,1,0,0.0,0.0,0
2018-05-13,WH_CENTRAL_WEST,Central-West FC,CAR_A,Carrier A,fast,3,3,0,0.0,0.33,1
2018-05-13,WH_CENTRAL_WEST,Central-West FC,CAR_A,Carrier A,standard,1,1,0,0.0,0.0,0
2018-05-13,WH_CENTRAL_WEST,Central-West FC,CAR_B,Carrier B,fast,3,3,0,0.0,0.33,1
2018-05-13,WH_CENTRAL_WEST,Central-West FC,CAR_B,Carrier B,standard,1,1,0,0.0,0.0,0
2018-05-13,WH_CENTRAL_WEST,Central-West FC,CAR_C,Carrier C,fast,1,1,0,0.0,0.0,0
2018-05-13,WH_CENTRAL_WEST,Central-West FC,CAR_C,Carrier C,standard,1,1,0,0.0,0.0,0
2018-05-13,WH_CENTRAL_WEST,Central-West FC,CAR_D,Carrier D,fast,1,1,0,0.0,0.0,0
2018-05-13,WH_CENTRAL_WEST,Central-West FC,CAR_D,Carrier D,standard,1,1,0,0.0,0.0,0
2018-05-13,WH_NORTH,North FC,CAR_A,Carrier A,bulky,1,1,0,0.0,0.0,0
2018-05-13,WH_NORTH,North FC,CAR_B,Carrier B,fast,1,1,0,0.0,6.0,1
2018-05-13,WH_NORTH,North FC,CAR_C,Carrier C,fast,1,1,0,0.0,0.0,0
2018-05-13,WH_NORTH,North FC,CAR_C,Carrier C,standard,1,1,0,0.0,0.0,0
2018-05-13,WH_NORTH,North FC,CAR_D,Carrier D,fast,1,1,0,0.0,0.0,0
2018-05-13,WH_SOUTH,South FC,CAR_A,Carrier A,bulky,2,1,1,50.0,0.0,0
2018-05-13,WH_SOUTH,South FC,CAR_A,Carrier A,fast,3,3,0,0.0,0.0,0
2018-05-13,WH_SOUTH,South FC,CAR_A,Carrier A,standard,9,3,6,66.67,0.0,0
2018-05-13,WH_SOUTH,South FC,CAR_B,Carrier B,bulky,2,2,0,0.0,0.0,0
2018-05-13,WH_SOUTH,South FC,CAR_B,Carrier B,fast,2,2,0,0.0,0.0,0
2018-05-13,WH_SOUTH,South FC,CAR_B,Carrier B,standard,5,5,0,0.0,0.0,0
2018-05-13,WH_SOUTH,South FC,CAR_C,Carrier C,bulky,1,1,0,0.0,0.0,0
2018-05-13,WH_SOUTH,South FC,CAR_C,Carrier C,fast,1,1,0,0.0,0.0,0
2018-05-13,WH_SOUTH,South FC,CAR_C,Carrier C,standard,4,3,1,25.0,0.0,0
2018-05-13,WH_SOUTH,South FC,CAR_D,Carrier D,bulky,3,2,1,33.33,0.0,0
2018-05-13,WH_SOUTH,South FC,CAR_D,Carrier D,fast,1,1,0,0.0,0.0,0
2018-05-13,WH_SOUTH,South FC,CAR_D,Carrier D,standard,1,0,1,100.0,0.0,0
2018-05-13,WH_SOUTHEAST,Southeast FC,CAR_A,Carrier A,bulky,9,5,4,44.44,0.89,1
2018-05-13,WH_SOUTHEAST,Southeast FC,CAR_A,Carrier A,fast,19,17,2,10.53,0.0,0
2018-05-13,WH_SOUTHEAST,Southeast FC,CAR_A,Carrier A,standard,18,5,13,72.22,0.0,0
2018-05-13,WH_SOUTHEAST,Southeast FC,CAR_B,Carrier B,bulky,14,2,12,85.71,0.0,0
2018-05-13,WH_SOUTHEAST,Southeast FC,CAR_B,Carrier B,fast,25,20,5,20.0,1.04,5
2018-05-13,WH_SOUTHEAST,Southeast FC,CAR_B,Carrier B,standard,23,10,13,56.52,0.0,0
2018-05-13,WH_SOUTHEAST,Southeast FC,CAR_C,Carrier C,bulky,6,1,5,83.33,0.0,0
2018-05-13,WH_SOUTHEAST,Southeast FC,CAR_C,Carrier C,fast,13,11,2,15.38,0.15,1
2018-05-13,WH_SOUTHEAST,Southeast FC,CAR_C,Carrier C,standard,13,4,9,69.23,0.0,0
2018-05-13,WH_SOUTHEAST,Southeast FC,CAR_D,Carrier D,bulky,5,2,3,60.0,0.0,0
2018-05-13,WH_SOUTHEAST,Southeast FC,CAR_D,Carrier D,fast,2,2,0,0.0,0.0,0
2018-05-13,WH_SOUTHEAST,Southeast FC,CAR_D,Carrier D,standard,6,5,1,16.67,0.0,0
2018-05-14,WH_CENTRAL_WEST,Central-West FC,CAR_A,Carrier A,bulky,3,2,1,33.33,0.0,0
2018-05-14,WH_CENTRAL_WEST,Central-West FC,CAR_A,Carrier A,fast,3,2,1,33.33,0.0,0
2018-05-14,WH_CENTRAL_WEST,Central-West FC,CAR_A,Carrier A,standard,1,1,0,0.0,0.0,0
2018-05-14,WH_CENTRAL_WEST,Central-West FC,CAR_B,Carrier B,bulky,1,0,1,100.0,0.0,0
2018-05-14,WH_CENTRAL_WEST,Central-West FC,CAR_B,Carrier B,standard,2,2,0,0.0,0.0,0
2018-05-14,WH_CENTRAL_WEST,Central-West FC,CAR_C,Carrier C,fast,1,1,0,0.0,1.0,1
2018-05-14,WH_CENTRAL_WEST,Central-West FC,CAR_C,Carrier C,standard,3,3,0,0.0,1.0,1
2018-05-14,WH_CENTRAL_WEST,Central-West FC,CAR_D,Carrier D,bulky,3,3,0,0.0,1.0,1
2018-05-14,WH_CENTRAL_WEST,Central-West FC,CAR_D,Carrier D,fast,2,2,0,0.0,0.0,0
2018-05-14,WH_CENTRAL_WEST,Central-West FC,CAR_D,Carrier D,standard,1,1,0,0.0,0.0,0
2018-05-14,WH_NORTH,North FC,CAR_A,Carrier A,bulky,1,1,0,0.0,0.0,0
2018-05-14,WH_NORTH,North FC,CAR_A,Carrier A,fast,1,1,0,0.0,0.0,0
2018-05-14,WH_NORTH,North FC,CAR_B,Carrier B,fast,2,2,0,0.0,0.0,0
2018-05-14,WH_NORTH,North FC,CAR_C,Carrier C,fast,2,2,0,0.0,0.0,0
2018-05-14,WH_NORTH,North FC,CAR_D,Carrier D,standard,1,1,0,0.0,0.0,0
2018-05-14,WH_SOUTH,South FC,CAR_A,Carrier A,bulky,5,3,2,40.0,1.8,1
2018-05-14,WH_SOUTH,South FC,CAR_A,Carrier A,fast,3,3,0,0.0,0.0,0
2018-05-14,WH_SOUTH,South FC,CAR_A,Carrier A,standard,6,6,0,0.0,0.5,1
2018-05-14,WH_SOUTH,South FC,CAR_B,Carrier B,bulky,4,1,3,75.0,0.0,0
2018-05-14,WH_SOUTH,South FC,CAR_B,Carrier B,fast,3,3,0,0.0,0.0,0
2018-05-14,WH_SOUTH,South FC,CAR_B,Carrier B,standard,6,2,4,66.67,3.17,1
2018-05-14,WH_SOUTH,South FC,CAR_C,Carrier C,bulky,1,1,0,0.0,1.0,1
2018-05-14,WH_SOUTH,South FC,CAR_C,Carrier C,fast,4,3,1,25.0,0.25,1
2018-05-14,WH_SOUTH,South FC,CAR_C,Carrier C,standard,7,7,0,0.0,1.71,1
2018-05-14,WH_SOUTH,South FC,CAR_D,Carrier D,bulky,4,1,3,75.0,0.0,0
2018-05-14,WH_SOUTH,South FC,CAR_D,Carrier D,fast,1,1,0,0.0,0.0,0
2018-05-14,WH_SOUTH,South FC,CAR_D,Carrier D,standard,4,4,0,0.0,0.0,0
2018-05-14,WH_SOUTHEAST,Southeast FC,CAR_A,Carrier A,bulky,20,8,12,60.0,0.85,1
2018-05-14,WH_SOUTHEAST,Southeast FC,CAR_A,Carrier A,fast,33,25,8,24.24,0.09,1
2018-05-14,WH_SOUTHEAST,Southeast FC,CAR_A,Carrier A,standard,46,30,16,34.78,0.63,7
2018-05-14,WH_SOUTHEAST,Southeast FC,CAR_B,Carrier B,bulky,20,8,12,60.0,1.35,4
2018-05-14,WH_SOUTHEAST,Southeast FC,CAR_B,Carrier B,fast,31,22,9,29.03,0.29,3
2018-05-14,WH_SOUTHEAST,Southeast FC,CAR_B,Carrier B,standard,38,23,15,39.47,2.26,5
2018-05-14,WH_SOUTHEAST,Southeast FC,CAR_C,Carrier C,bulky,21,10,11,52.38,0.57,2
2018-05-14,WH_SOUTHEAST,Southeast FC,CAR_C,Carrier C,fast,18,15,3,16.67,1.28,4
2018-05-14,WH_SOUTHEAST,Southeast FC,CAR_C,Carrier C,standard,16,5,11,68.75,0.88,2
2018-05-14,WH_SOUTHEAST,Southeast FC,CAR_D,Carrier D,bulky,3,1,2,66.67,2.33,1
2018-05-14,WH_SOUTHEAST,Southeast FC,CAR_D,Carrier D,fast,14,7,7,50.0,0.29,1
2018-05-14,WH_SOUTHEAST,Southeast FC,CAR_D,Carrier D,standard,20,13,7,35.0,0.0,0
2018-05-15,WH_CENTRAL_WEST,Central-West FC,CAR_A,Carrier A,fast,2,2,0,0.0,0.0,0
2018-05-15,WH_CENTRAL_WEST,Central-West FC,CAR_A,Carrier A,standard,1,1,0,0.0,0.0,0
2018-05-15,WH_CENTRAL_WEST,Central-West FC,CAR_B,Carrier B,bulky,2,2,0,0.0,5.5,2
2018-05-15,WH_CENTRAL_WEST,Central-West FC,CAR_B,Carrier B,standard,4,4,0,0.0,0.0,0
2018-05-15,WH_CENTRAL_WEST,Central-West FC,CAR_C,Carrier C,bulky,2,1,1,50.0,2.0,1
2018-05-15,WH_CENTRAL_WEST,Central-West FC,CAR_C,Carrier C,standard,2,2,0,0.0,0.0,0
2018-05-15,WH_CENTRAL_WEST,Central-West FC,CAR_D,Carrier D,standard,4,3,1,25.0,0.0,0
2018-05-15,WH_NORTH,North FC,CAR_A,Carrier A,fast,1,1,0,0.0,8.0,1
2018-05-15,WH_NORTH,North FC,CAR_B,Carrier B,fast,1,1,0,0.0,0.0,0
2018-05-15,WH_SOUTH,South FC,CAR_A,Carrier A,bulky,8,3,5,62.5,2.5,2
2018-05-15,WH_SOUTH,South FC,CAR_A,Carrier A,fast,4,3,1,25.0,0.0,0
2018-05-15,WH_SOUTH,South FC,CAR_A,Carrier A,standard,2,2,0,0.0,0.0,0
2018-05-15,WH_SOUTH,South FC,CAR_B,Carrier B,bulky,1,0,1,100.0,0.0,0
2018-05-15,WH_SOUTH,South FC,CAR_B,Carrier B,fast,5,5,0,0.0,1.0,1
2018-05-15,WH_SOUTH,South FC,CAR_B,Carrier B,standard,9,7,2,22.22,0.0,0
2018-05-15,WH_SOUTH,South FC,CAR_C,Carrier C,bulky,2,1,1,50.0,0.0,0
2018-05-15,WH_SOUTH,South FC,CAR_C,Carrier C,fast,2,2,0,0.0,0.0,0
2018-05-15,WH_SOUTH,South FC,CAR_C,Carrier C,standard,5,5,0,0.0,0.0,0
2018-05-15,WH_SOUTH,South FC,CAR_D,Carrier D,bulky,3,2,1,33.33,0.0,0
2018-05-15,WH_SOUTH,South FC,CAR_D,Carrier D,fast,3,3,0,0.0,0.0,0
2018-05-15,WH_SOUTH,South FC,CAR_D,Carrier D,standard,3,3,0,0.0,0.0,0
2018-05-15,WH_SOUTHEAST,Southeast FC,CAR_A,Carrier A,bulky,27,14,13,48.15,1.11,4
2018-05-15,WH_SOUTHEAST,Southeast FC,CAR_A,Carrier A,fast,37,25,12,32.43,1.51,4
2018-05-15,WH_SOUTHEAST,Southeast FC,CAR_A,Carrier A,standard,31,20,11,35.48,0.45,2
2018-05-15,WH_SOUTHEAST,Southeast FC,CAR_B,Carrier B,bulky,26,9,17,65.38,0.19,2
2018-05-15,WH_SOUTHEAST,Southeast FC,CAR_B,Carrier B,fast,33,26,7,21.21,0.24,3
2018-05-15,WH_SOUTHEAST,Southeast FC,CAR_B,Carrier B,standard,33,20,13,39.39,0.67,5
2018-05-15,WH_SOUTHEAST,Southeast FC,CAR_C,Carrier C,bulky,14,7,7,50.0,1.0,1
2018-05-15,WH_SOUTHEAST,Southeast FC,CAR_C,Carrier C,fast,24,18,6,25.0,0.38,3
2018-05-15,WH_SOUTHEAST,Southeast FC,CAR_C,Carrier C,standard,28,21,7,25.0,1.79,4
2018-05-15,WH_SOUTHEAST,Southeast FC,CAR_D,Carrier D,bulky,7,2,5,71.43,0.0,0
2018-05-15,WH_SOUTHEAST,Southeast FC,CAR_D,Carrier D,fast,11,9,2,18.18,2.18,2
2018-05-15,WH_SOUTHEAST,Southeast FC,CAR_D,Carrier D,standard,11,8,3,27.27,0.27,1
2018-05-16,WH_CENTRAL_WEST,Central-West FC,CAR_A,Carrier A,bulky,1,1,0,0.0,0.0,0
2018-05-16,WH_CENTRAL_WEST,Central-West FC,CAR_A,Carrier A,fast,1,1,0,0.0,0.0,0
2018-05-16,WH_CENTRAL_WEST,Central-West FC,CAR_A,Carrier A,standard,1,1,0,0.0,0.0,0
2018-05-16,WH_CENTRAL_WEST,Central-West FC,CAR_B,Carrier B,fast,1,1,0,0.0,0.0,0
2018-05-16,WH_CENTRAL_WEST,Central-West FC,CAR_B,Carrier B,standard,3,3,0,0.0,0.0,0
2018-05-16,WH_CENTRAL_WEST,Central-West FC,CAR_C,Carrier C,bulky,1,0,1,100.0,0.0,0
2018-05-16,WH_CENTRAL_WEST,Central-West FC,CAR_C,Carrier C,fast,2,2,0,0.0,0.0,0
2018-05-16,WH_CENTRAL_WEST,Central-West FC,CAR_C,Carrier C,standard,2,2,0,0.0,0.0,0
2018-05-16,WH_CENTRAL_WEST,Central-West FC,CAR_D,Carrier D,bulky,2,0,2,100.0,0.0,0
2018-05-16,WH_CENTRAL_WEST,Central-West FC,CAR_D,Carrier D,fast,3,3,0,0.0,2.67,1
2018-05-16,WH_CENTRAL_WEST,Central-West FC,CAR_D,Carrier D,standard,2,2,0,0.0,0.0,0
2018-05-16,WH_NORTH,North FC,CAR_A,Carrier A,bulky,1,1,0,0.0,0.0,0
2018-05-16,WH_NORTH,North FC,CAR_B,Carrier B,bulky,1,1,0,0.0,0.0,0
2018-05-16,WH_NORTH,North FC,CAR_B,Carrier B,fast,1,1,0,0.0,0.0,0
2018-05-16,WH_NORTH,North FC,CAR_B,Carrier B,standard,1,1,0,0.0,2.0,1
2018-05-16,WH_NORTH,North FC,CAR_C,Carrier C,fast,1,1,0,0.0,0.0,0
2018-05-16,WH_NORTH,North FC,CAR_C,Carrier C,standard,1,1,0,0.0,0.0,0
2018-05-16,WH_SOUTH,South FC,CAR_A,Carrier A,bulky,2,2,0,0.0,7.0,2
2018-05-16,WH_SOUTH,South FC,CAR_A,Carrier A,fast,1,1,0,0.0,0.0,0
2018-05-16,WH_SOUTH,South FC,CAR_A,Carrier A,standard,9,6,3,33.33,0.0,0
2018-05-16,WH_SOUTH,South FC,CAR_B,Carrier B,bulky,4,4,0,0.0,2.0,1
2018-05-16,WH_SOUTH,South FC,CAR_B,Carrier B,fast,4,4,0,0.0,0.5,1
2018-05-16,WH_SOUTH,South FC,CAR_B,Carrier B,standard,10,10,0,0.0,0.0,0
2018-05-16,WH_SOUTH,South FC,CAR_C,Carrier C,bulky,4,3,1,25.0,0.0,0
2018-05-16,WH_SOUTH,South FC,CAR_C,Carrier C,fast,1,1,0,0.0,0.0,0
2018-05-16,WH_SOUTH,South FC,CAR_C,Carrier C,standard,2,1,1,50.0,0.0,0
2018-05-16,WH_SOUTH,South FC,CAR_D,Carrier D,bulky,2,1,1,50.0,0.0,0
2018-05-16,WH_SOUTH,South FC,CAR_D,Carrier D,fast,2,2,0,0.0,0.0,0
2018-05-16,WH_SOUTH,South FC,CAR_D,Carrier D,standard,3,2,1,33.33,1.33,1
2018-05-16,WH_SOUTHEAST,Southeast FC,CAR_A,Carrier A,bulky,23,13,10,43.48,2.0,4
2018-05-16,WH_SOUTHEAST,Southeast FC,CAR_A,Carrier A,fast,32,29,3,9.38,0.56,4
2018-05-16,WH_SOUTHEAST,Southeast FC,CAR_A,Carrier A,standard,36,21,15,41.67,0.39,3
2018-05-16,WH_SOUTHEAST,Southeast FC,CAR_B,Carrier B,bulky,18,9,9,50.0,1.39,3
2018-05-16,WH_SOUTHEAST,Southeast FC,CAR_B,Carrier B,fast,27,23,4,14.81,1.19,7
2018-05-16,WH_SOUTHEAST,Southeast FC,CAR_B,Carrier B,standard,40,28,12,30.0,0.88,8
2018-05-16,WH_SOUTHEAST,Southeast FC,CAR_C,Carrier C,bulky,24,12,12,50.0,0.0,0
2018-05-16,WH_SOUTHEAST,Southeast FC,CAR_C,Carrier C,fast,24,22,2,8.33,0.58,2
2018-05-16,WH_SOUTHEAST,Southeast FC,CAR_C,Carrier C,standard,27,19,8,29.63,0.67,2
2018-05-16,WH_SOUTHEAST,Southeast FC,CAR_D,Carrier D,bulky,6,3,3,50.0,0.0,0
2018-05-16,WH_SOUTHEAST,Southeast FC,CAR_D,Carrier D,fast,13,9,4,30.77,0.0,0
2018-05-16,WH_SOUTHEAST,Southeast FC,CAR_D,Carrier D,standard,12,9,3,25.0,2.08,3
2018-05-17,WH_CENTRAL_WEST,Central-West FC,CAR_A,Carrier A,bulky,2,2,0,0.0,0.0,0
2018-05-17,WH_CENTRAL_WEST,Central-West FC,CAR_A,Carrier A,standard,1,1,0,0.0,0.0,0
2018-05-17,WH_CENTRAL_WEST,Central-West FC,CAR_B,Carrier B,fast,1,1,0,0.0,0.0,0
2018-05-17,WH_CENTRAL_WEST,Central-West FC,CAR_B,Carrier B,standard,2,2,0,0.0,5.5,2
2018-05-17,WH_CENTRAL_WEST,Central-West FC,CAR_C,Carrier C,standard,1,1,0,0.0,0.0,0
2018-05-17,WH_CENTRAL_WEST,Central-West FC,CAR_D,Carrier D,bulky,2,1,1,50.0,0.5,1
2018-05-17,WH_CENTRAL_WEST,Central-West FC,CAR_D,Carrier D,fast,1,1,0,0.0,0.0,0
2018-05-17,WH_CENTRAL_WEST,Central-West FC,CAR_D,Carrier D,standard,2,2,0,0.0,1.5,1
2018-05-17,WH_NORTH,North FC,CAR_A,Carrier A,fast,1,1,0,0.0,0.0,0
2018-05-17,WH_NORTH,North FC,CAR_D,Carrier D,bulky,1,1,0,0.0,0.0,0
2018-05-17,WH_SOUTH,South FC,CAR_A,Carrier A,bulky,2,2,0,0.0,0.0,0
2018-05-17,WH_SOUTH,South FC,CAR_A,Carrier A,fast,3,3,0,0.0,0.67,1
2018-05-17,WH_SOUTH,South FC,CAR_A,Carrier A,standard,1,1,0,0.0,0.0,0
2018-05-17,WH_SOUTH,South FC,CAR_B,Carrier B,bulky,6,6,0,0.0,0.67,1
2018-05-17,WH_SOUTH,South FC,CAR_B,Carrier B,fast,3,3,0,0.0,0.0,0
2018-05-17,WH_SOUTH,South FC,CAR_B,Carrier B,standard,3,2,1,33.33,0.0,0
2018-05-17,WH_SOUTH,South FC,CAR_C,Carrier C,bulky,1,1,0,0.0,1.0,1
2018-05-17,WH_SOUTH,South FC,CAR_C,Carrier C,fast,2,2,0,0.0,0.0,0
2018-05-17,WH_SOUTH,South FC,CAR_C,Carrier C,standard,3,2,1,33.33,1.33,1
2018-05-17,WH_SOUTH,South FC,CAR_D,Carrier D,bulky,1,1,0,0.0,0.0,0
2018-05-17,WH_SOUTH,South FC,CAR_D,Carrier D,fast,1,1,0,0.0,0.0,0
2018-05-17,WH_SOUTHEAST,Southeast FC,CAR_A,Carrier A,bulky,13,7,6,46.15,1.38,3
2018-05-17,WH_SOUTHEAST,Southeast FC,CAR_A,Carrier A,fast,24,23,1,4.17,0.58,3
2018-05-17,WH_SOUTHEAST,Southeast FC,CAR_A,Carrier A,standard,24,17,7,29.17,0.38,4
2018-05-17,WH_SOUTHEAST,Southeast FC,CAR_B,Carrier B,bulky,20,10,10,50.0,1.7,5
2018-05-17,WH_SOUTHEAST,Southeast FC,CAR_B,Carrier B,fast,19,19,0,0.0,1.11,2
2018-05-17,WH_SOUTHEAST,Southeast FC,CAR_B,Carrier B,standard,21,13,8,38.1,0.76,4
2018-05-17,WH_SOUTHEAST,Southeast FC,CAR_C,Carrier C,bulky,6,3,3,50.0,0.0,0
2018-05-17,WH_SOUTHEAST,Southeast FC,CAR_C,Carrier C,fast,18,16,2,11.11,0.83,2
2018-05-17,WH_SOUTHEAST,Southeast FC,CAR_C,Carrier C,standard,15,11,4,26.67,0.0,0
2018-05-17,WH_SOUTHEAST,Southeast FC,CAR_D,Carrier D,bulky,8,4,4,50.0,0.13,1
2018-05-17,WH_SOUTHEAST,Southeast FC,CAR_D,Carrier D,fast,4,4,0,0.0,1.0,1
2018-05-17,WH_SOUTHEAST,Southeast FC,CAR_D,Carrier D,standard,12,9,3,25.0,2.0,3
2018-05-18,WH_CENTRAL_WEST,Central-West FC,CAR_B,Carrier B,standard,1,1,0,0.0,5.0,1
2018-05-18,WH_CENTRAL_WEST,Central-West FC,CAR_C,Carrier C,bulky,1,1,0,0.0,5.0,1
2018-05-18,WH_CENTRAL_WEST,Central-West FC,CAR_C,Carrier C,fast,1,1,0,0.0,1.0,1
2018-05-18,WH_CENTRAL_WEST,Central-West FC,CAR_C,Carrier C,standard,2,2,0,0.0,11.5,2
2018-05-18,WH_CENTRAL_WEST,Central-West FC,CAR_D,Carrier D,bulky,2,2,0,0.0,0.0,0
2018-05-18,WH_CENTRAL_WEST,Central-West FC,CAR_D,Carrier D,standard,1,1,0,0.0,0.0,0
2018-05-18,WH_NORTH,North FC,CAR_D,Carrier D,standard,1,1,0,0.0,0.0,0
2018-05-18,WH_SOUTH,South FC,CAR_A,Carrier A,bulky,4,3,1,25.0,0.0,0
2018-05-18,WH_SOUTH,South FC,CAR_A,Carrier A,fast,1,1,0,0.0,0.0,0
2018-05-18,WH_SOUTH,South FC,CAR_A,Carrier A,standard,1,1,0,0.0,0.0,0
2018-05-18,WH_SOUTH,South FC,CAR_B,Carrier B,bulky,7,7,0,0.0,0.71,1
2018-05-18,WH_SOUTH,South FC,CAR_B,Carrier B,standard,2,2,0,0.0,0.0,0
2018-05-18,WH_SOUTH,South FC,CAR_C,Carrier C,bulky,1,1,0,0.0,0.0,0
2018-05-18,WH_SOUTH,South FC,CAR_C,Carrier C,fast,3,3,0,0.0,0.0,0
2018-05-18,WH_SOUTH,South FC,CAR_C,Carrier C,standard,3,3,0,0.0,0.0,0
2018-05-18,WH_SOUTH,South FC,CAR_D,Carrier D,bulky,3,3,0,0.0,0.0,0
2018-05-18,WH_SOUTH,South FC,CAR_D,Carrier D,fast,2,2,0,0.0,3.0,1
2018-05-18,WH_SOUTH,South FC,CAR_D,Carrier D,standard,2,2,0,0.0,0.0,0
2018-05-18,WH_SOUTHEAST,Southeast FC,CAR_A,Carrier A,bulky,16,12,4,25.0,0.25,2
2018-05-18,WH_SOUTHEAST,Southeast FC,CAR_A,Carrier A,fast,22,22,0,0.0,0.18,2
2018-05-18,WH_SOUTHEAST,Southeast FC,CAR_A,Carrier A,standard,28,21,7,25.0,0.29,2
2018-05-18,WH_SOUTHEAST,Southeast FC,CAR_B,Carrier B,bulky,17,9,8,47.06,0.47,1
2018-05-18,WH_SOUTHEAST,Southeast FC,CAR_B,Carrier B,fast,25,24,1,4.0,0.08,1
2018-05-18,WH_SOUTHEAST,Southeast FC,CAR_B,Carrier B,standard,20,16,4,20.0,0.95,4
2018-05-18,WH_SOUTHEAST,Southeast FC,CAR_C,Carrier C,bulky,9,5,4,44.44,0.11,1
2018-05-18,WH_SOUTHEAST,Southeast FC,CAR_C,Carrier C,fast,10,9,1,10.0,0.2,1
2018-05-18,WH_SOUTHEAST,Southeast FC,CAR_C,Carrier C,standard,20,13,7,35.0,0.1,1
2018-05-18,WH_SOUTHEAST,Southeast FC,CAR_D,Carrier D,bulky,6,4,2,33.33,0.17,1
2018-05-18,WH_SOUTHEAST,Southeast FC,CAR_D,Carrier D,fast,6,6,0,0.0,0.17,1
2018-05-18,WH_SOUTHEAST,Southeast FC,CAR_D,Carrier D,standard,15,10,5,33.33,0.33,2
2018-05-19,WH_CENTRAL_WEST,Central-West FC,CAR_B,Carrier B,bulky,1,1,0,0.0,0.0,0
2018-05-19,WH_CENTRAL_WEST,Central-West FC,CAR_C,Carrier C,fast,1,1,0,0.0,0.0,0
2018-05-19,WH_CENTRAL_WEST,Central-West FC,CAR_D,Carrier D,standard,1,1,0,0.0,0.0,0
2018-05-19,WH_NORTH,North FC,CAR_A,Carrier A,fast,1,1,0,0.0,0.0,0
2018-05-19,WH_SOUTH,South FC,CAR_A,Carrier A,bulky,2,2,0,0.0,0.0,0
2018-05-19,WH_SOUTH,South FC,CAR_A,Carrier A,fast,1,1,0,0.0,0.0,0
2018-05-19,WH_SOUTH,South FC,CAR_A,Carrier A,standard,2,2,0,0.0,0.0,0
2018-05-19,WH_SOUTH,South FC,CAR_B,Carrier B,bulky,2,2,0,0.0,0.0,0
2018-05-19,WH_SOUTH,South FC,CAR_B,Carrier B,standard,4,3,1,25.0,0.0,0
2018-05-19,WH_SOUTH,South FC,CAR_C,Carrier C,fast,1,1,0,0.0,0.0,0
2018-05-19,WH_SOUTHEAST,Southeast FC,CAR_A,Carrier A,bulky,9,6,3,33.33,1.56,2
2018-05-19,WH_SOUTHEAST,Southeast FC,CAR_A,Carrier A,fast,16,16,0,0.0,2.06,3
2018-05-19,WH_SOUTHEAST,Southeast FC,CAR_A,Carrier A,standard,13,9,4,30.77,0.23,2
2018-05-19,WH_SOUTHEAST,Southeast FC,CAR_B,Carrier B,bulky,8,7,1,12.5,0.13,1
2018-05-19,WH_SOUTHEAST,Southeast FC,CAR_B,Carrier B,fast,11,10,1,9.09,0.82,2
2018-05-19,WH_SOUTHEAST,Southeast FC,CAR_B,Carrier B,standard,15,9,6,40.0,0.53,2
2018-05-19,WH_SOUTHEAST,Southeast FC,CAR_C,Carrier C,bulky,14,9,5,35.71,0.0,0
2018-05-19,WH_SOUTHEAST,Southeast FC,CAR_C,Carrier C,fast,9,8,1,11.11,0.44,1
2018-05-19,WH_SOUTHEAST,Southeast FC,CAR_C,Carrier C,standard,9,6,3,33.33,0.67,1
2018-05-19,WH_SOUTHEAST,Southeast FC,CAR_D,Carrier D,bulky,1,1,0,0.0,0.0,0
2018-05-19,WH_SOUTHEAST,Southeast FC,CAR_D,Carrier D,fast,9,6,3,33.33,0.0,0
2018-05-19,WH_SOUTHEAST,Southeast FC,CAR_D,Carrier D,standard,7,4,3,42.86,0.0,0
2018-05-20,WH_CENTRAL_WEST,Central-West FC,CAR_A,Carrier A,bulky,1,1,0,0.0,0.0,0
2018-05-20,WH_CENTRAL_WEST,Central-West FC,CAR_A,Carrier A,fast,1,1,0,0.0,0.0,0
2018-05-20,WH_CENTRAL_WEST,Central-West FC,CAR_B,Carrier B,bulky,1,1,0,0.0,5.0,1
2018-05-20,WH_CENTRAL_WEST,Central-West FC,CAR_B,Carrier B,fast,2,2,0,0.0,0.0,0
2018-05-20,WH_CENTRAL_WEST,Central-West FC,CAR_B,Carrier B,standard,2,2,0,0.0,0.0,0
2018-05-20,WH_CENTRAL_WEST,Central-West FC,CAR_C,Carrier C,bulky,1,1,0,0.0,0.0,0
2018-05-20,WH_CENTRAL_WEST,Central-West FC,CAR_C,Carrier C,fast,1,1,0,0.0,0.0,0
2018-05-20,WH_CENTRAL_WEST,Central-West FC,CAR_C,Carrier C,standard,1,1,0,0.0,0.0,0
2018-05-20,WH_CENTRAL_WEST,Central-West FC,CAR_D,Carrier D,fast,1,1,0,0.0,0.0,0
2018-05-20,WH_CENTRAL_WEST,Central-West FC,CAR_D,Carrier D,standard,1,1,0,0.0,0.0,0
2018-05-20,WH_NORTH,North FC,CAR_A,Carrier A,bulky,1,1,0,0.0,0.0,0
2018-05-20,WH_SOUTH,South FC,CAR_A,Carrier A,bulky,1,1,0,0.0,0.0,0
2018-05-20,WH_SOUTH,South FC,CAR_A,Carrier A,fast,2,2,0,0.0,0.0,0
2018-05-20,WH_SOUTH,South FC,CAR_A,Carrier A,standard,3,3,0,0.0,0.0,0
2018-05-20,WH_SOUTH,South FC,CAR_B,Carrier B,bulky,5,5,0,0.0,0.2,1
2018-05-20,WH_SOUTH,South FC,CAR_B,Carrier B,standard,2,2,0,0.0,0.0,0
2018-05-20,WH_SOUTH,South FC,CAR_C,Carrier C,bulky,1,1,0,0.0,0.0,0
2018-05-20,WH_SOUTH,South FC,CAR_C,Carrier C,fast,2,1,1,50.0,0.0,0
2018-05-20,WH_SOUTH,South FC,CAR_C,Carrier C,standard,1,1,0,0.0,0.0,0
2018-05-20,WH_SOUTH,South FC,CAR_D,Carrier D,bulky,2,2,0,0.0,0.0,0
2018-05-20,WH_SOUTH,South FC,CAR_D,Carrier D,fast,1,1,0,0.0,8.0,1
2018-05-20,WH_SOUTH,South FC,CAR_D,Carrier D,standard,1,1,0,0.0,0.0,0
2018-05-20,WH_SOUTHEAST,Southeast FC,CAR_A,Carrier A,bulky,15,12,3,20.0,0.53,2
2018-05-20,WH_SOUTHEAST,Southeast FC,CAR_A,Carrier A,fast,13,10,3,23.08,0.69,2
2018-05-20,WH_SOUTHEAST,Southeast FC,CAR_A,Carrier A,standard,15,10,5,33.33,0.73,2
2018-05-20,WH_SOUTHEAST,Southeast FC,CAR_B,Carrier B,bulky,12,7,5,41.67,0.0,0
2018-05-20,WH_SOUTHEAST,Southeast FC,CAR_B,Carrier B,fast,13,9,4,30.77,0.38,2
2018-05-20,WH_SOUTHEAST,Southeast FC,CAR_B,Carrier B,standard,16,13,3,18.75,1.81,5
2018-05-20,WH_SOUTHEAST,Southeast FC,CAR_C,Carrier C,bulky,8,6,2,25.0,1.5,1
2018-05-20,WH_SOUTHEAST,Southeast FC,CAR_C,Carrier C,fast,5,3,2,40.0,1.0,1
2018-05-20,WH_SOUTHEAST,Southeast FC,CAR_C,Carrier C,standard,8,5,3,37.5,1.63,3
2018-05-20,WH_SOUTHEAST,Southeast FC,CAR_D,Carrier D,bulky,3,2,1,33.33,0.33,1
2018-05-20,WH_SOUTHEAST,Southeast FC,CAR_D,Carrier D,fast,11,9,2,18.18,0.0,0
2018-05-20,WH_SOUTHEAST,Southeast FC,CAR_D,Carrier D,standard,5,4,1,20.0,0.0,0
2018-05-21,WH_CENTRAL_WEST,Central-West FC,CAR_A,Carrier A,fast,1,1,0,0.0,0.0,0
2018-05-21,WH_CENTRAL_WEST,Central-West FC,CAR_A,Carrier A,standard,2,2,0,0.0,0.0,0
2018-05-21,WH_CENTRAL_WEST,Central-West FC,CAR_B,Carrier B,bulky,1,1,0,0.0,0.0,0
2018-05-21,WH_CENTRAL_WEST,Central-West FC,CAR_B,Carrier B,fast,1,1,0,0.0,2.0,1
2018-05-21,WH_CENTRAL_WEST,Central-West FC,CAR_C,Carrier C,fast,2,2,0,0.0,0.0,0
2018-05-21,WH_CENTRAL_WEST,Central-West FC,CAR_C,Carrier C,standard,1,1,0,0.0,0.0,0
2018-05-21,WH_CENTRAL_WEST,Central-West FC,CAR_D,Carrier D,standard,3,3,0,0.0,0.0,0
2018-05-21,WH_SOUTH,South FC,CAR_A,Carrier A,bulky,1,1,0,0.0,4.0,1
2018-05-21,WH_SOUTH,South FC,CAR_A,Carrier A,fast,7,7,0,0.0,0.0,0
2018-05-21,WH_SOUTH,South FC,CAR_A,Carrier A,standard,4,4,0,0.0,0.0,0
2018-05-21,WH_SOUTH,South FC,CAR_B,Carrier B,fast,4,4,0,0.0,3.5,1
2018-05-21,WH_SOUTH,South FC,CAR_B,Carrier B,standard,4,4,0,0.0,0.0,0
2018-05-21,WH_SOUTH,South FC,CAR_C,Carrier C,bulky,4,4,0,0.0,0.0,0
2018-05-21,WH_SOUTH,South FC,CAR_C,Carrier C,fast,1,1,0,0.0,0.0,0
2018-05-21,WH_SOUTH,South FC,CAR_C,Carrier C,standard,3,3,0,0.0,0.0,0
2018-05-21,WH_SOUTH,South FC,CAR_D,Carrier D,fast,2,2,0,0.0,0.0,0
2018-05-21,WH_SOUTH,South FC,CAR_D,Carrier D,standard,1,1,0,0.0,0.0,0
2018-05-21,WH_SOUTHEAST,Southeast FC,CAR_A,Carrier A,bulky,11,6,5,45.45,1.55,2
2018-05-21,WH_SOUTHEAST,Southeast FC,CAR_A,Carrier A,fast,19,17,2,10.53,0.26,1
2018-05-21,WH_SOUTHEAST,Southeast FC,CAR_A,Carrier A,standard,8,4,4,50.0,0.88,1
2018-05-21,WH_SOUTHEAST,Southeast FC,CAR_B,Carrier B,bulky,14,9,5,35.71,0.21,1
2018-05-21,WH_SOUTHEAST,Southeast FC,CAR_B,Carrier B,fast,20,15,5,25.0,5.9,5
2018-05-21,WH_SOUTHEAST,Southeast FC,CAR_B,Carrier B,standard,22,13,9,40.91,1.05,3
2018-05-21,WH_SOUTHEAST,Southeast FC,CAR_C,Carrier C,bulky,13,9,4,30.77,0.0,0
2018-05-21,WH_SOUTHEAST,Southeast FC,CAR_C,Carrier C,fast,16,12,4,25.0,0.19,1
2018-05-21,WH_SOUTHEAST,Southeast FC,CAR_C,Carrier C,standard,13,9,4,30.77,1.08,2
2018-05-21,WH_SOUTHEAST,Southeast FC,CAR_D,Carrier D,bulky,5,4,1,20.0,0.0,0
2018-05-21,WH_SOUTHEAST,Southeast FC,CAR_D,Carrier D,fast,6,4,2,33.33,0.0,0
2018-05-21,WH_SOUTHEAST,Southeast FC,CAR_D,Carrier D,standard,10,7,3,30.0,0.1,1
2018-05-22,WH_CENTRAL_WEST,Central-West FC,CAR_B,Carrier B,fast,1,1,0,0.0,10.0,1
2018-05-22,WH_CENTRAL_WEST,Central-West FC,CAR_B,Carrier B,standard,1,1,0,0.0,0.0,0
2018-05-22,WH_CENTRAL_WEST,Central-West FC,CAR_C,Carrier C,fast,1,1,0,0.0,0.0,0
2018-05-22,WH_CENTRAL_WEST,Central-West FC,CAR_D,Carrier D,bulky,1,1,0,0.0,0.0,0
2018-05-22,WH_CENTRAL_WEST,Central-West FC,CAR_D,Carrier D,fast,2,1,1,50.0,0.0,0
2018-05-22,WH_CENTRAL_WEST,Central-West FC,CAR_D,Carrier D,standard,1,1,0,0.0,0.0,0
2018-05-22,WH_NORTH,North FC,CAR_A,Carrier A,fast,1,1,0,0.0,0.0,0
2018-05-22,WH_NORTH,North FC,CAR_D,Carrier D,bulky,1,1,0,0.0,0.0,0
2018-05-22,WH_SOUTH,South FC,CAR_A,Carrier A,bulky,1,1,0,0.0,0.0,0
2018-05-22,WH_SOUTH,South FC,CAR_A,Carrier A,fast,5,5,0,0.0,0.0,0
2018-05-22,WH_SOUTH,South FC,CAR_A,Carrier A,standard,4,3,1,25.0,0.0,0
2018-05-22,WH_SOUTH,South FC,CAR_B,Carrier B,bulky,2,2,0,0.0,0.0,0
2018-05-22,WH_SOUTH,South FC,CAR_B,Carrier B,fast,3,3,0,0.0,0.0,0
2018-05-22,WH_SOUTH,South FC,CAR_B,Carrier B,standard,1,1,0,0.0,9.0,1
2018-05-22,WH_SOUTH,South FC,CAR_C,Carrier C,fast,1,1,0,0.0,0.0,0
2018-05-22,WH_SOUTH,South FC,CAR_C,Carrier C,standard,2,2,0,0.0,0.0,0
2018-05-22,WH_SOUTH,South FC,CAR_D,Carrier D,bulky,1,1,0,0.0,0.0,0
2018-05-22,WH_SOUTHEAST,Southeast FC,CAR_A,Carrier A,bulky,12,8,4,33.33,0.5,1
2018-05-22,WH_SOUTHEAST,Southeast FC,CAR_A,Carrier A,fast,24,19,5,20.83,0.13,1
2018-05-22,WH_SOUTHEAST,Southeast FC,CAR_A,Carrier A,standard,28,17,11,39.29,0.36,2
2018-05-22,WH_SOUTHEAST,Southeast FC,CAR_B,Carrier B,bulky,22,15,7,31.82,0.36,2
2018-05-22,WH_SOUTHEAST,Southeast FC,CAR_B,Carrier B,fast,15,14,1,6.67,0.27,1
2018-05-22,WH_SOUTHEAST,Southeast FC,CAR_B,Carrier B,standard,19,17,2,10.53,0.26,1
2018-05-22,WH_SOUTHEAST,Southeast FC,CAR_C,Carrier C,bulky,12,10,2,16.67,0.08,1
2018-05-22,WH_SOUTHEAST,Southeast FC,CAR_C,Carrier C,fast,9,7,2,22.22,0.33,1
2018-05-22,WH_SOUTHEAST,Southeast FC,CAR_C,Carrier C,standard,9,5,4,44.44,0.0,0
2018-05-22,WH_SOUTHEAST,Southeast FC,CAR_D,Carrier D,bulky,5,4,1,20.0,0.0,0
2018-05-22,WH_SOUTHEAST,Southeast FC,CAR_D,Carrier D,fast,7,6,1,14.29,0.0,0
2018-05-22,WH_SOUTHEAST,Southeast FC,CAR_D,Carrier D,standard,4,0,4,100.0,0.0,0
2018-05-23,WH_CENTRAL_WEST,Central-West FC,CAR_A,Carrier A,bulky,2,2,0,0.0,0.0,0
2018-05-23,WH_CENTRAL_WEST,Central-West FC,CAR_B,Carrier B,fast,1,1,0,0.0,0.0,0
2018-05-23,WH_CENTRAL_WEST,Central-West FC,CAR_B,Carrier B,standard,1,1,0,0.0,0.0,0
2018-05-23,WH_CENTRAL_WEST,Central-West FC,CAR_C,Carrier C,fast,1,1,0,0.0,0.0,0
2018-05-23,WH_CENTRAL_WEST,Central-West FC,CAR_D,Carrier D,bulky,1,1,0,0.0,0.0,0
2018-05-23,WH_CENTRAL_WEST,Central-West FC,CAR_D,Carrier D,fast,1,1,0,0.0,0.0,0
2018-05-23,WH_SOUTH,South FC,CAR_A,Carrier A,bulky,1,1,0,0.0,0.0,0
2018-05-23,WH_SOUTH,South FC,CAR_A,Carrier A,standard,2,2,0,0.0,0.0,0
2018-05-23,WH_SOUTH,South FC,CAR_B,Carrier B,bulky,1,1,0,0.0,0.0,0
2018-05-23,WH_SOUTH,South FC,CAR_B,Carrier B,fast,1,1,0,0.0,0.0,0
2018-05-23,WH_SOUTH,South FC,CAR_B,Carrier B,standard,3,3,0,0.0,0.0,0
2018-05-23,WH_SOUTH,South FC,CAR_C,Carrier C,fast,1,1,0,0.0,0.0,0
2018-05-23,WH_SOUTH,South FC,CAR_C,Carrier C,standard,1,1,0,0.0,0.0,0
2018-05-23,WH_SOUTH,South FC,CAR_D,Carrier D,fast,1,1,0,0.0,0.0,0
2018-05-23,WH_SOUTH,South FC,CAR_D,Carrier D,standard,1,1,0,0.0,0.0,0
2018-05-23,WH_SOUTHEAST,Southeast FC,CAR_A,Carrier A,bulky,10,7,3,30.0,0.0,0
2018-05-23,WH_SOUTHEAST,Southeast FC,CAR_A,Carrier A,fast,11,10,1,9.09,0.0,0
2018-05-23,WH_SOUTHEAST,Southeast FC,CAR_A,Carrier A,standard,17,10,7,41.18,0.06,1
2018-05-23,WH_SOUTHEAST,Southeast FC,CAR_B,Carrier B,bulky,7,6,1,14.29,0.86,1
2018-05-23,WH_SOUTHEAST,Southeast FC,CAR_B,Carrier B,fast,11,8,3,27.27,0.0,0
2018-05-23,WH_SOUTHEAST,Southeast FC,CAR_B,Carrier B,standard,11,7,4,36.36,0.0,0
2018-05-23,WH_SOUTHEAST,Southeast FC,CAR_C,Carrier C,bulky,14,10,4,28.57,0.0,0
2018-05-23,WH_SOUTHEAST,Southeast FC,CAR_C,Carrier C,fast,8,7,1,12.5,0.0,0
2018-05-23,WH_SOUTHEAST,Southeast FC,CAR_C,Carrier C,standard,9,6,3,33.33,0.0,0
2018-05-23,WH_SOUTHEAST,Southeast FC,CAR_D,Carrier D,bulky,6,6,0,0.0,0.0,0
2018-05-23,WH_SOUTHEAST,Southeast FC,CAR_D,Carrier D,fast,5,5,0,0.0,0.0,0
2018-05-23,WH_SOUTHEAST,Southeast FC,CAR_D,Carrier D,standard,4,3,1,25.0,1.75,1
2018-05-24,WH_CENTRAL_WEST,Central-West FC,CAR_A,Carrier A,bulky,1,1,0,0.0,0.0,0
2018-05-24,WH_CENTRAL_WEST,Central-West FC,CAR_C,Carrier C,fast,1,1,0,0.0,0.0,0
2018-05-24,WH_CENTRAL_WEST,Central-West FC,CAR_D,Carrier D,fast,1,1,0,0.0,0.0,0
2018-05-24,WH_CENTRAL_WEST,Central-West FC,CAR_D,Carrier D,standard,2,2,0,0.0,0.0,0
2018-05-24,WH_SOUTH,South FC,CAR_A,Carrier A,fast,2,2,0,0.0,0.0,0
2018-05-24,WH_SOUTH,South FC,CAR_A,Carrier A,standard,3,3,0,0.0,0.0,0
2018-05-24,WH_SOUTH,South FC,CAR_B,Carrier B,bulky,1,1,0,0.0,0.0,0
2018-05-24,WH_SOUTH,South FC,CAR_C,Carrier C,bulky,1,1,0,0.0,0.0,0
2018-05-24,WH_SOUTH,South FC,CAR_D,Carrier D,standard,2,2,0,0.0,0.0,0
2018-05-24,WH_SOUTHEAST,Southeast FC,CAR_A,Carrier A,bulky,11,10,1,9.09,0.0,0
2018-05-24,WH_SOUTHEAST,Southeast FC,CAR_A,Carrier A,fast,9,8,1,11.11,0.0,0
2018-05-24,WH_SOUTHEAST,Southeast FC,CAR_A,Carrier A,standard,12,9,3,25.0,0.0,0
2018-05-24,WH_SOUTHEAST,Southeast FC,CAR_B,Carrier B,bulky,12,9,3,25.0,0.0,0
2018-05-24,WH_SOUTHEAST,Southeast FC,CAR_B,Carrier B,fast,8,7,1,12.5,0.0,0
2018-05-24,WH_SOUTHEAST,Southeast FC,CAR_B,Carrier B,standard,12,8,4,33.33,0.0,0
2018-05-24,WH_SOUTHEAST,Southeast FC,CAR_C,Carrier C,bulky,7,4,3,42.86,0.0,0
2018-05-24,WH_SOUTHEAST,Southeast FC,CAR_C,Carrier C,fast,8,8,0,0.0,0.0,0
2018-05-24,WH_SOUTHEAST,Southeast FC,CAR_C,Carrier C,standard,9,6,3,33.33,0.0,0
2018-05-24,WH_SOUTHEAST,Southeast FC,CAR_D,Carrier D,bulky,4,2,2,50.0,0.0,0
2018-05-24,WH_SOUTHEAST,Southeast FC,CAR_D,Carrier D,fast,6,6,0,0.0,1.5,1
2018-05-24,WH_SOUTHEAST,Southeast FC,CAR_D,Carrier D,standard,1,1,0,0.0,0.0,0
2018-05-25,WH_CENTRAL_WEST,Central-West FC,CAR_A,Carrier A,bulky,1,1,0,0.0,0.0,0
2018-05-25,WH_CENTRAL_WEST,Central-West FC,CAR_A,Carrier A,fast,1,1,0,0.0,0.0,0
2018-05-25,WH_CENTRAL_WEST,Central-West FC,CAR_B,Carrier B,fast,1,1,0,0.0,0.0,0
2018-05-25,WH_CENTRAL_WEST,Central-West FC,CAR_B,Carrier B,standard,1,1,0,0.0,0.0,0
2018-05-25,WH_CENTRAL_WEST,Central-West FC,CAR_C,Carrier C,standard,1,1,0,0.0,0.0,0
2018-05-25,WH_NORTH,North FC,CAR_B,Carrier B,standard,1,1,0,0.0,0.0,0
2018-05-25,WH_SOUTH,South FC,CAR_A,Carrier A,bulky,1,1,0,0.0,0.0,0
2018-05-25,WH_SOUTH,South FC,CAR_A,Carrier A,fast,2,2,0,0.0,0.0,0
2018-05-25,WH_SOUTH,South FC,CAR_A,Carrier A,standard,3,2,1,33.33,0.0,0
2018-05-25,WH_SOUTH,South FC,CAR_B,Carrier B,bulky,3,3,0,0.0,0.0,0
2018-05-25,WH_SOUTH,South FC,CAR_B,Carrier B,fast,1,1,0,0.0,0.0,0
2018-05-25,WH_SOUTH,South FC,CAR_C,Carrier C,standard,1,1,0,0.0,0.0,0
2018-05-25,WH_SOUTH,South FC,CAR_D,Carrier D,bulky,1,1,0,0.0,0.0,0
2018-05-25,WH_SOUTH,South FC,CAR_D,Carrier D,fast,1,1,0,0.0,0.0,0
2018-05-25,WH_SOUTH,South FC,CAR_D,Carrier D,standard,1,1,0,0.0,0.0,0
2018-05-25,WH_SOUTHEAST,Southeast FC,CAR_A,Carrier A,bulky,17,13,4,23.53,1.0,1
2018-05-25,WH_SOUTHEAST,Southeast FC,CAR_A,Carrier A,fast,8,8,0,0.0,0.0,0
2018-05-25,WH_SOUTHEAST,Southeast FC,CAR_A,Carrier A,standard,7,7,0,0.0,0.0,0
2018-05-25,WH_SOUTHEAST,Southeast FC,CAR_B,Carrier B,bulky,7,4,3,42.86,0.0,0
2018-05-25,WH_SOUTHEAST,Southeast FC,CAR_B,Carrier B,fast,4,4,0,0.0,0.0,0
2018-05-25,WH_SOUTHEAST,Southeast FC,CAR_B,Carrier B,standard,11,8,3,27.27,0.0,0
2018-05-25,WH_SOUTHEAST,Southeast FC,CAR_C,Carrier C,bulky,5,3,2,40.0,0.0,0
2018-05-25,WH_SOUTHEAST,Southeast FC,CAR_C,Carrier C,fast,8,8,0,0.0,0.0,0
2018-05-25,WH_SOUTHEAST,Southeast FC,CAR_C,Carrier C,standard,7,5,2,28.57,0.0,0
2018-05-25,WH_SOUTHEAST,Southeast FC,CAR_D,Carrier D,bulky,3,3,0,0.0,0.0,0
2018-05-25,WH_SOUTHEAST,Southeast FC,CAR_D,Carrier D,fast,3,3,0,0.0,0.0,0
2018-05-25,WH_SOUTHEAST,Southeast FC,CAR_D,Carrier D,standard,3,2,1,33.33,0.0,0
2018-05-26,WH_CENTRAL_WEST,Central-West FC,CAR_A,Carrier A,bulky,1,1,0,0.0,0.0,0
2018-05-26,WH_CENTRAL_WEST,Central-West FC,CAR_A,Carrier A,standard,1,1,0,0.0,0.0,0
2018-05-26,WH_CENTRAL_WEST,Central-West FC,CAR_C,Carrier C,bulky,1,1,0,0.0,0.0,0
2018-05-26,WH_NORTH,North FC,CAR_A,Carrier A,fast,1,1,0,0.0,0.0,0
2018-05-26,WH_NORTH,North FC,CAR_B,Carrier B,bulky,1,1,0,0.0,0.0,0
2018-05-26,WH_SOUTH,South FC,CAR_A,Carrier A,bulky,2,1,1,50.0,0.0,0
2018-05-26,WH_SOUTH,South FC,CAR_A,Carrier A,fast,2,2,0,0.0,0.0,0
2018-05-26,WH_SOUTH,South FC,CAR_A,Carrier A,standard,1,1,0,0.0,0.0,0
2018-05-26,WH_SOUTH,South FC,CAR_B,Carrier B,bulky,2,2,0,0.0,0.0,0
2018-05-26,WH_SOUTH,South FC,CAR_B,Carrier B,fast,2,2,0,0.0,0.0,0
2018-05-26,WH_SOUTH,South FC,CAR_C,Carrier C,fast,2,2,0,0.0,0.0,0
2018-05-26,WH_SOUTH,South FC,CAR_D,Carrier D,standard,1,1,0,0.0,0.0,0
2018-05-26,WH_SOUTHEAST,Southeast FC,CAR_A,Carrier A,bulky,10,9,1,10.0,0.5,1
2018-05-26,WH_SOUTHEAST,Southeast FC,CAR_A,Carrier A,fast,8,8,0,0.0,0.0,0
2018-05-26,WH_SOUTHEAST,Southeast FC,CAR_A,Carrier A,standard,11,9,2,18.18,0.0,0
2018-05-26,WH_SOUTHEAST,Southeast FC,CAR_B,Carrier B,bulky,9,6,3,33.33,0.0,0
2018-05-26,WH_SOUTHEAST,Southeast FC,CAR_B,Carrier B,fast,15,13,2,13.33,0.0,0
2018-05-26,WH_SOUTHEAST,Southeast FC,CAR_B,Carrier B,standard,6,5,1,16.67,0.0,0
2018-05-26,WH_SOUTHEAST,Southeast FC,CAR_C,Carrier C,bulky,5,5,0,0.0,0.0,0
2018-05-26,WH_SOUTHEAST,Southeast FC,CAR_C,Carrier C,fast,5,4,1,20.0,0.0,0
2018-05-26,WH_SOUTHEAST,Southeast FC,CAR_C,Carrier C,standard,7,5,2,28.57,0.0,0
2018-05-26,WH_SOUTHEAST,Southeast FC,CAR_D,Carrier D,bulky,2,2,0,0.0,0.0,0
2018-05-26,WH_SOUTHEAST,Southeast FC,CAR_D,Carrier D,fast,1,1,0,0.0,0.0,0
2018-05-26,WH_SOUTHEAST,Southeast FC,CAR_D,Carrier D,standard,3,2,1,33.33,0.0,0
2018-05-27,WH_CENTRAL_WEST,Central-West FC,CAR_A,Carrier A,bulky,1,1,0,0.0,0.0,0
2018-05-27,WH_CENTRAL_WEST,Central-West FC,CAR_A,Carrier A,standard,1,1,0,0.0,0.0,0
2018-05-27,WH_CENTRAL_WEST,Central-West FC,CAR_B,Carrier B,standard,2,2,0,0.0,0.0,0
2018-05-27,WH_NORTH,North FC,CAR_A,Carrier A,fast,1,1,0,0.0,0.0,0
2018-05-27,WH_SOUTH,South FC,CAR_A,Carrier A,bulky,2,2,0,0.0,0.0,0
2018-05-27,WH_SOUTH,South FC,CAR_A,Carrier A,fast,1,1,0,0.0,0.0,0
2018-05-27,WH_SOUTH,South FC,CAR_A,Carrier A,standard,1,1,0,0.0,0.0,0
2018-05-27,WH_SOUTH,South FC,CAR_B,Carrier B,fast,1,1,0,0.0,0.0,0
2018-05-27,WH_SOUTH,South FC,CAR_B,Carrier B,standard,2,2,0,0.0,0.0,0
2018-05-27,WH_SOUTH,South FC,CAR_C,Carrier C,fast,1,1,0,0.0,0.0,0
2018-05-27,WH_SOUTH,South FC,CAR_C,Carrier C,standard,1,1,0,0.0,0.0,0
2018-05-27,WH_SOUTH,South FC,CAR_D,Carrier D,bulky,1,1,0,0.0,0.0,0
2018-05-27,WH_SOUTH,South FC,CAR_D,Carrier D,fast,1,1,0,0.0,0.0,0
2018-05-27,WH_SOUTH,South FC,CAR_D,Carrier D,standard,1,1,0,0.0,0.0,0
2018-05-27,WH_SOUTHEAST,Southeast FC,CAR_A,Carrier A,bulky,5,3,2,40.0,0.0,0
2018-05-27,WH_SOUTHEAST,Southeast FC,CAR_A,Carrier A,fast,9,7,2,22.22,0.0,0
2018-05-27,WH_SOUTHEAST,Southeast FC,CAR_A,Carrier A,standard,12,10,2,16.67,0.0,0
2018-05-27,WH_SOUTHEAST,Southeast FC,CAR_B,Carrier B,bulky,7,6,1,14.29,0.0,0
2018-05-27,WH_SOUTHEAST,Southeast FC,CAR_B,Carrier B,fast,6,5,1,16.67,0.0,0
2018-05-27,WH_SOUTHEAST,Southeast FC,CAR_B,Carrier B,standard,10,8,2,20.0,0.0,0
2018-05-27,WH_SOUTHEAST,Southeast FC,CAR_C,Carrier C,bulky,6,5,1,16.67,0.0,0
2018-05-27,WH_SOUTHEAST,Southeast FC,CAR_C,Carrier C,fast,8,7,1,12.5,0.0,0
2018-05-27,WH_SOUTHEAST,Southeast FC,CAR_C,Carrier C,standard,5,5,0,0.0,0.0,0
2018-05-27,WH_SOUTHEAST,Southeast FC,CAR_D,Carrier D,bulky,6,5,1,16.67,0.0,0
2018-05-27,WH_SOUTHEAST,Southeast FC,CAR_D,Carrier D,fast,2,2,0,0.0,0.0,0
2018-05-27,WH_SOUTHEAST,Southeast FC,CAR_D,Carrier D,standard,7,6,1,14.29,0.0,0
2018-05-28,WH_CENTRAL_WEST,Central-West FC,CAR_A,Carrier A,bulky,1,0,1,100.0,0.0,0
2018-05-28,WH_CENTRAL_WEST,Central-West FC,CAR_A,Carrier A,fast,2,2,0,0.0,0.0,0
2018-05-28,WH_CENTRAL_WEST,Central-West FC,CAR_A,Carrier A,standard,1,1,0,0.0,0.0,0
2018-05-28,WH_CENTRAL_WEST,Central-West FC,CAR_B,Carrier B,standard,1,1,0,0.0,0.0,0
2018-05-28,WH_CENTRAL_WEST,Central-West FC,CAR_C,Carrier C,fast,1,1,0,0.0,0.0,0
2018-05-28,WH_CENTRAL_WEST,Central-West FC,CAR_C,Carrier C,standard,1,1,0,0.0,0.0,0
2018-05-28,WH_CENTRAL_WEST,Central-West FC,CAR_D,Carrier D,bulky,2,2,0,0.0,0.0,0
2018-05-28,WH_CENTRAL_WEST,Central-West FC,CAR_D,Carrier D,fast,2,2,0,0.0,0.0,0
2018-05-28,WH_NORTH,North FC,CAR_C,Carrier C,fast,1,1,0,0.0,0.0,0
2018-05-28,WH_SOUTH,South FC,CAR_A,Carrier A,bulky,2,2,0,0.0,0.0,0
2018-05-28,WH_SOUTH,South FC,CAR_A,Carrier A,fast,1,1,0,0.0,0.0,0
2018-05-28,WH_SOUTH,South FC,CAR_A,Carrier A,standard,1,1,0,0.0,0.0,0
2018-05-28,WH_SOUTH,South FC,CAR_B,Carrier B,bulky,2,2,0,0.0,0.0,0
2018-05-28,WH_SOUTH,South FC,CAR_B,Carrier B,fast,4,4,0,0.0,0.0,0
2018-05-28,WH_SOUTH,South FC,CAR_B,Carrier B,standard,4,4,0,0.0,0.0,0
2018-05-28,WH_SOUTH,South FC,CAR_C,Carrier C,bulky,1,1,0,0.0,0.0,0
2018-05-28,WH_SOUTH,South FC,CAR_C,Carrier C,fast,2,2,0,0.0,0.0,0
2018-05-28,WH_SOUTH,South FC,CAR_C,Carrier C,standard,1,1,0,0.0,0.0,0
2018-05-28,WH_SOUTH,South FC,CAR_D,Carrier D,fast,1,1,0,0.0,0.0,0
2018-05-28,WH_SOUTHEAST,Southeast FC,CAR_A,Carrier A,bulky,17,12,5,29.41,0.0,0
2018-05-28,WH_SOUTHEAST,Southeast FC,CAR_A,Carrier A,fast,12,11,1,8.33,0.0,0
2018-05-28,WH_SOUTHEAST,Southeast FC,CAR_A,Carrier A,standard,18,9,9,50.0,0.0,0
2018-05-28,WH_SOUTHEAST,Southeast FC,CAR_B,Carrier B,bulky,8,5,3,37.5,0.0,0
2018-05-28,WH_SOUTHEAST,Southeast FC,CAR_B,Carrier B,fast,12,12,0,0.0,0.0,0
2018-05-28,WH_SOUTHEAST,Southeast FC,CAR_B,Carrier B,standard,10,7,3,30.0,0.0,0
2018-05-28,WH_SOUTHEAST,Southeast FC,CAR_C,Carrier C,bulky,6,5,1,16.67,0.0,0
2018-05-28,WH_SOUTHEAST,Southeast FC,CAR_C,Carrier C,fast,10,9,1,10.0,0.0,0
2018-05-28,WH_SOUTHEAST,Southeast FC,CAR_C,Carrier C,standard,12,11,1,8.33,0.0,0
2018-05-28,WH_SOUTHEAST,Southeast FC,CAR_D,Carrier D,bulky,1,1,0,0.0,0.0,0
2018-05-28,WH_SOUTHEAST,Southeast FC,CAR_D,Carrier D,fast,1,1,0,0.0,0.0,0
2018-05-28,WH_SOUTHEAST,Southeast FC,CAR_D,Carrier D,standard,4,2,2,50.0,0.0,0
2018-05-29,WH_CENTRAL_WEST,Central-West FC,CAR_A,Carrier A,fast,2,2,0,0.0,0.0,0
2018-05-29,WH_CENTRAL_WEST,Central-West FC,CAR_A,Carrier A,standard,1,1,0,0.0,0.0,0
2018-05-29,WH_CENTRAL_WEST,Central-West FC,CAR_B,Carrier B,fast,3,3,0,0.0,0.0,0
2018-05-29,WH_CENTRAL_WEST,Central-West FC,CAR_C,Carrier C,bulky,1,1,0,0.0,0.0,0
2018-05-29,WH_CENTRAL_WEST,Central-West FC,CAR_D,Carrier D,standard,2,2,0,0.0,0.0,0
2018-05-29,WH_NORTH,North FC,CAR_A,Carrier A,standard,2,2,0,0.0,0.0,0
2018-05-29,WH_NORTH,North FC,CAR_C,Carrier C,fast,1,1,0,0.0,0.0,0
2018-05-29,WH_NORTH,North FC,CAR_D,Carrier D,fast,1,1,0,0.0,0.0,0
2018-05-29,WH_NORTH,North FC,CAR_D,Carrier D,standard,1,1,0,0.0,0.0,0
2018-05-29,WH_SOUTH,South FC,CAR_A,Carrier A,bulky,1,1,0,0.0,0.0,0
2018-05-29,WH_SOUTH,South FC,CAR_A,Carrier A,standard,2,2,0,0.0,0.0,0
2018-05-29,WH_SOUTH,South FC,CAR_B,Carrier B,bulky,1,1,0,0.0,0.0,0
2018-05-29,WH_SOUTH,South FC,CAR_B,Carrier B,fast,1,1,0,0.0,0.0,0
2018-05-29,WH_SOUTH,South FC,CAR_B,Carrier B,standard,1,1,0,0.0,0.0,0
2018-05-29,WH_SOUTH,South FC,CAR_C,Carrier C,bulky,2,2,0,0.0,0.0,0
2018-05-29,WH_SOUTH,South FC,CAR_C,Carrier C,fast,2,2,0,0.0,0.0,0
2018-05-29,WH_SOUTH,South FC,CAR_D,Carrier D,bulky,1,0,1,100.0,0.0,0
2018-05-29,WH_SOUTH,South FC,CAR_D,Carrier D,standard,2,2,0,0.0,0.0,0
2018-05-29,WH_SOUTHEAST,Southeast FC,CAR_A,Carrier A,bulky,13,10,3,23.08,0.0,0
2018-05-29,WH_SOUTHEAST,Southeast FC,CAR_A,Carrier A,fast,15,12,3,20.0,0.0,0
2018-05-29,WH_SOUTHEAST,Southeast FC,CAR_A,Carrier A,standard,17,12,5,29.41,0.0,0
2018-05-29,WH_SOUTHEAST,Southeast FC,CAR_B,Carrier B,bulky,13,9,4,30.77,0.0,0
2018-05-29,WH_SOUTHEAST,Southeast FC,CAR_B,Carrier B,fast,11,9,2,18.18,0.0,0
2018-05-29,WH_SOUTHEAST,Southeast FC,CAR_B,Carrier B,standard,11,8,3,27.27,0.0,0
2018-05-29,WH_SOUTHEAST,Southeast FC,CAR_C,Carrier C,bulky,10,6,4,40.0,0.0,0
2018-05-29,WH_SOUTHEAST,Southeast FC,CAR_C,Carrier C,fast,7,5,2,28.57,0.0,0
2018-05-29,WH_SOUTHEAST,Southeast FC,CAR_C,Carrier C,standard,12,10,2,16.67,0.0,0
2018-05-29,WH_SOUTHEAST,Southeast FC,CAR_D,Carrier D,bulky,4,3,1,25.0,0.0,0
2018-05-29,WH_SOUTHEAST,Southeast FC,CAR_D,Carrier D,fast,5,4,1,20.0,0.0,0
2018-05-29,WH_SOUTHEAST,Southeast FC,CAR_D,Carrier D,standard,4,3,1,25.0,0.0,0
2018-05-30,WH_CENTRAL_WEST,Central-West FC,CAR_A,Carrier A,bulky,1,1,0,0.0,0.0,0
2018-05-30,WH_CENTRAL_WEST,Central-West FC,CAR_A,Carrier A,fast,1,1,0,0.0,0.0,0
2018-05-30,WH_CENTRAL_WEST,Central-West FC,CAR_A,Carrier A,standard,1,1,0,0.0,0.0,0
2018-05-30,WH_CENTRAL_WEST,Central-West FC,CAR_B,Carrier B,bulky,2,2,0,0.0,0.0,0
2018-05-30,WH_CENTRAL_WEST,Central-West FC,CAR_C,Carrier C,bulky,1,1,0,0.0,0.0,0
2018-05-30,WH_CENTRAL_WEST,Central-West FC,CAR_C,Carrier C,standard,1,1,0,0.0,0.0,0
2018-05-30,WH_CENTRAL_WEST,Central-West FC,CAR_D,Carrier D,fast,1,1,0,0.0,0.0,0
2018-05-30,WH_CENTRAL_WEST,Central-West FC,CAR_D,Carrier D,standard,2,2,0,0.0,0.0,0
2018-05-30,WH_NORTH,North FC,CAR_C,Carrier C,fast,1,1,0,0.0,0.0,0
2018-05-30,WH_NORTH,North FC,CAR_C,Carrier C,standard,4,3,1,25.0,0.0,0
2018-05-30,WH_SOUTH,South FC,CAR_A,Carrier A,bulky,1,1,0,0.0,0.0,0
2018-05-30,WH_SOUTH,South FC,CAR_A,Carrier A,standard,1,1,0,0.0,0.0,0
2018-05-30,WH_SOUTH,South FC,CAR_B,Carrier B,bulky,2,2,0,0.0,0.0,0
2018-05-30,WH_SOUTH,South FC,CAR_B,Carrier B,fast,2,2,0,0.0,0.0,0
2018-05-30,WH_SOUTH,South FC,CAR_B,Carrier B,standard,2,2,0,0.0,0.0,0
2018-05-30,WH_SOUTH,South FC,CAR_C,Carrier C,bulky,2,2,0,0.0,0.0,0
2018-05-30,WH_SOUTH,South FC,CAR_C,Carrier C,standard,3,3,0,0.0,0.0,0
2018-05-30,WH_SOUTH,South FC,CAR_D,Carrier D,fast,2,2,0,0.0,0.0,0
2018-05-30,WH_SOUTH,South FC,CAR_D,Carrier D,standard,1,1,0,0.0,0.0,0
2018-05-30,WH_SOUTHEAST,Southeast FC,CAR_A,Carrier A,bulky,7,3,4,57.14,0.0,0
2018-05-30,WH_SOUTHEAST,Southeast FC,CAR_A,Carrier A,fast,18,18,0,0.0,0.0,0
2018-05-30,WH_SOUTHEAST,Southeast FC,CAR_A,Carrier A,standard,14,12,2,14.29,0.0,0
2018-05-30,WH_SOUTHEAST,Southeast FC,CAR_B,Carrier B,bulky,8,4,4,50.0,0.0,0
2018-05-30,WH_SOUTHEAST,Southeast FC,CAR_B,Carrier B,fast,18,18,0,0.0,0.0,0
2018-05-30,WH_SOUTHEAST,Southeast FC,CAR_B,Carrier B,standard,8,8,0,0.0,0.0,0
2018-05-30,WH_SOUTHEAST,Southeast FC,CAR_C,Carrier C,bulky,4,2,2,50.0,0.0,0
2018-05-30,WH_SOUTHEAST,Southeast FC,CAR_C,Carrier C,fast,8,8,0,0.0,0.0,0
2018-05-30,WH_SOUTHEAST,Southeast FC,CAR_C,Carrier C,standard,10,8,2,20.0,0.0,0
2018-05-30,WH_SOUTHEAST,Southeast FC,CAR_D,Carrier D,bulky,5,3,2,40.0,0.0,0
2018-05-30,WH_SOUTHEAST,Southeast FC,CAR_D,Carrier D,fast,1,1,0,0.0,0.0,0
2018-05-30,WH_SOUTHEAST,Southeast FC,CAR_D,Carrier D,standard,6,5,1,16.67,0.0,0
2018-05-31,WH_CENTRAL_WEST,Central-West FC,CAR_A,Carrier A,fast,2,2,0,0.0,0.0,0
2018-05-31,WH_SOUTH,South FC,CAR_A,Carrier A,fast,2,2,0,0.0,0.0,0
2018-05-31,WH_SOUTH,South FC,CAR_A,Carrier A,standard,3,3,0,0.0,0.0,0
2018-05-31,WH_SOUTH,South FC,CAR_B,Carrier B,bulky,1,1,0,0.0,0.0,0
2018-05-31,WH_SOUTH,South FC,CAR_B,Carrier B,fast,1,1,0,0.0,0.0,0
2018-05-31,WH_SOUTH,South FC,CAR_B,Carrier B,standard,3,3,0,0.0,0.0,0
2018-05-31,WH_SOUTH,South FC,CAR_C,Carrier C,bulky,1,1,0,0.0,0.0,0
2018-05-31,WH_SOUTH,South FC,CAR_C,Carrier C,fast,1,1,0,0.0,0.0,0
2018-05-31,WH_SOUTH,South FC,CAR_C,Carrier C,standard,3,3,0,0.0,0.0,0
2018-05-31,WH_SOUTH,South FC,CAR_D,Carrier D,fast,1,1,0,0.0,0.0,0
2018-05-31,WH_SOUTH,South FC,CAR_D,Carrier D,standard,2,2,0,0.0,0.0,0
2018-05-31,WH_SOUTHEAST,Southeast FC,CAR_A,Carrier A,bulky,10,6,4,40.0,0.0,0
2018-05-31,WH_SOUTHEAST,Southeast FC,CAR_A,Carrier A,fast,16,15,1,6.25,0.0,0
2018-05-31,WH_SOUTHEAST,Southeast FC,CAR_A,Carrier A,standard,9,6,3,33.33,0.0,0
2018-05-31,WH_SOUTHEAST,Southeast FC,CAR_B,Carrier B,bulky,12,11,1,8.33,0.0,0
2018-05-31,WH_SOUTHEAST,Southeast FC,CAR_B,Carrier B,fast,9,7,2,22.22,0.0,0
2018-05-31,WH_SOUTHEAST,Southeast FC,CAR_B,Carrier B,standard,13,9,4,30.77,0.15,1
2018-05-31,WH_SOUTHEAST,Southeast FC,CAR_C,Carrier C,bulky,10,8,2,20.0,0.0,0
2018-05-31,WH_SOUTHEAST,Southeast FC,CAR_C,Carrier C,fast,9,9,0,0.0,0.0,0
2018-05-31,WH_SOUTHEAST,Southeast FC,CAR_C,Carrier C,standard,10,5,5,50.0,0.0,0
2018-05-31,WH_SOUTHEAST,Southeast FC,CAR_D,Carrier D,bulky,2,0,2,100.0,0.0,0
2018-05-31,WH_SOUTHEAST,Southeast FC,CAR_D,Carrier D,fast,5,4,1,20.0,0.0,0
2018-05-31,WH_SOUTHEAST,Southeast FC,CAR_D,Carrier D,standard,7,6,1,14.29,0.0,0
2018-06-01,WH_CENTRAL_WEST,Central-West FC,CAR_A,Carrier A,fast,2,2,0,0.0,0.0,0
2018-06-01,WH_CENTRAL_WEST,Central-West FC,CAR_B,Carrier B,fast,1,1,0,0.0,0.0,0
2018-06-01,WH_CENTRAL_WEST,Central-West FC,CAR_B,Carrier B,standard,2,2,0,0.0,0.0,0
2018-06-01,WH_CENTRAL_WEST,Central-West FC,CAR_C,Carrier C,bulky,1,1,0,0.0,0.0,0
2018-06-01,WH_CENTRAL_WEST,Central-West FC,CAR_C,Carrier C,fast,1,1,0,0.0,0.0,0
2018-06-01,WH_CENTRAL_WEST,Central-West FC,CAR_C,Carrier C,standard,1,1,0,0.0,0.0,0
2018-06-01,WH_CENTRAL_WEST,Central-West FC,CAR_D,Carrier D,bulky,1,0,1,100.0,0.0,0
2018-06-01,WH_CENTRAL_WEST,Central-West FC,CAR_D,Carrier D,fast,1,1,0,0.0,0.0,0
2018-06-01,WH_CENTRAL_WEST,Central-West FC,CAR_D,Carrier D,standard,3,3,0,0.0,0.0,0
2018-06-01,WH_NORTH,North FC,CAR_B,Carrier B,fast,1,1,0,0.0,0.0,0
2018-06-01,WH_NORTH,North FC,CAR_B,Carrier B,standard,1,1,0,0.0,0.0,0
2018-06-01,WH_SOUTH,South FC,CAR_A,Carrier A,bulky,1,1,0,0.0,0.0,0
2018-06-01,WH_SOUTH,South FC,CAR_A,Carrier A,fast,2,2,0,0.0,0.0,0
2018-06-01,WH_SOUTH,South FC,CAR_A,Carrier A,standard,1,1,0,0.0,0.0,0
2018-06-01,WH_SOUTH,South FC,CAR_B,Carrier B,bulky,2,2,0,0.0,0.0,0
2018-06-01,WH_SOUTH,South FC,CAR_B,Carrier B,fast,1,1,0,0.0,0.0,0
2018-06-01,WH_SOUTH,South FC,CAR_B,Carrier B,standard,1,1,0,0.0,0.0,0
2018-06-01,WH_SOUTH,South FC,CAR_C,Carrier C,bulky,2,2,0,0.0,0.0,0
2018-06-01,WH_SOUTH,South FC,CAR_C,Carrier C,fast,2,2,0,0.0,0.0,0
2018-06-01,WH_SOUTH,South FC,CAR_C,Carrier C,standard,3,3,0,0.0,0.0,0
2018-06-01,WH_SOUTH,South FC,CAR_D,Carrier D,bulky,1,1,0,0.0,0.0,0
2018-06-01,WH_SOUTH,South FC,CAR_D,Carrier D,standard,2,2,0,0.0,0.0,0
2018-06-01,WH_SOUTHEAST,Southeast FC,CAR_A,Carrier A,bulky,10,4,6,60.0,0.0,0
2018-06-01,WH_SOUTHEAST,Southeast FC,CAR_A,Carrier A,fast,23,23,0,0.0,0.0,0
2018-06-01,WH_SOUTHEAST,Southeast FC,CAR_A,Carrier A,standard,18,16,2,11.11,0.0,0
2018-06-01,WH_SOUTHEAST,Southeast FC,CAR_B,Carrier B,bulky,15,11,4,26.67,0.0,0
2018-06-01,WH_SOUTHEAST,Southeast FC,CAR_B,Carrier B,fast,18,18,0,0.0,0.0,0
2018-06-01,WH_SOUTHEAST,Southeast FC,CAR_B,Carrier B,standard,20,17,3,15.0,1.2,1
2018-06-01,WH_SOUTHEAST,Southeast FC,CAR_C,Carrier C,bulky,7,4,3,42.86,0.0,0
2018-06-01,WH_SOUTHEAST,Southeast FC,CAR_C,Carrier C,fast,13,13,0,0.0,0.0,0
2018-06-01,WH_SOUTHEAST,Southeast FC,CAR_C,Carrier C,standard,16,13,3,18.75,0.19,1
2018-06-01,WH_SOUTHEAST,Southeast FC,CAR_D,Carrier D,bulky,4,2,2,50.0,0.0,0
2018-06-01,WH_SOUTHEAST,Southeast FC,CAR_D,Carrier D,fast,2,2,0,0.0,0.0,0
2018-06-01,WH_SOUTHEAST,Southeast FC,CAR_D,Carrier D,standard,5,5,0,0.0,0.0,0
2018-06-02,WH_CENTRAL_WEST,Central-West FC,CAR_A,Carrier A,standard,1,1,0,0.0,0.0,0
2018-06-02,WH_CENTRAL_WEST,Central-West FC,CAR_D,Carrier D,bulky,1,1,0,0.0,0.0,0
2018-06-02,WH_NORTH,North FC,CAR_A,Carrier A,bulky,1,1,0,0.0,0.0,0
2018-06-02,WH_NORTH,North FC,CAR_B,Carrier B,fast,1,1,0,0.0,0.0,0
2018-06-02,WH_NORTH,North FC,CAR_D,Carrier D,bulky,1,1,0,0.0,0.0,0
2018-06-02,WH_SOUTH,South FC,CAR_A,Carrier A,bulky,1,1,0,0.0,0.0,0
2018-06-02,WH_SOUTH,South FC,CAR_A,Carrier A,fast,3,3,0,0.0,0.0,0
2018-06-02,WH_SOUTH,South FC,CAR_A,Carrier A,standard,1,1,0,0.0,0.0,0
2018-06-02,WH_SOUTH,South FC,CAR_B,Carrier B,bulky,1,1,0,0.0,0.0,0
2018-06-02,WH_SOUTH,South FC,CAR_B,Carrier B,fast,2,2,0,0.0,0.0,0
2018-06-02,WH_SOUTH,South FC,CAR_B,Carrier B,standard,1,1,0,0.0,0.0,0
2018-06-02,WH_SOUTH,South FC,CAR_C,Carrier C,standard,2,2,0,0.0,0.0,0
2018-06-02,WH_SOUTH,South FC,CAR_D,Carrier D,bulky,2,2,0,0.0,0.0,0
2018-06-02,WH_SOUTH,South FC,CAR_D,Carrier D,fast,1,1,0,0.0,0.0,0
2018-06-02,WH_SOUTH,South FC,CAR_D,Carrier D,standard,1,1,0,0.0,0.0,0
2018-06-02,WH_SOUTHEAST,Southeast FC,CAR_A,Carrier A,bulky,6,3,3,50.0,0.0,0
2018-06-02,WH_SOUTHEAST,Southeast FC,CAR_A,Carrier A,fast,17,17,0,0.0,0.0,0
2018-06-02,WH_SOUTHEAST,Southeast FC,CAR_A,Carrier A,standard,12,6,6,50.0,0.0,0
2018-06-02,WH_SOUTHEAST,Southeast FC,CAR_B,Carrier B,bulky,12,7,5,41.67,0.0,0
2018-06-02,WH_SOUTHEAST,Southeast FC,CAR_B,Carrier B,fast,15,14,1,6.67,0.0,0
2018-06-02,WH_SOUTHEAST,Southeast FC,CAR_B,Carrier B,standard,14,11,3,21.43,0.0,0
2018-06-02,WH_SOUTHEAST,Southeast FC,CAR_C,Carrier C,bulky,7,4,3,42.86,0.0,0
2018-06-02,WH_SOUTHEAST,Southeast FC,CAR_C,Carrier C,fast,11,8,3,27.27,0.0,0
2018-06-02,WH_SOUTHEAST,Southeast FC,CAR_C,Carrier C,standard,8,7,1,12.5,0.0,0
2018-06-02,WH_SOUTHEAST,Southeast FC,CAR_D,Carrier D,bulky,7,7,0,0.0,13.71,1
2018-06-02,WH_SOUTHEAST,Southeast FC,CAR_D,Carrier D,fast,6,5,1,16.67,0.0,0
2018-06-02,WH_SOUTHEAST,Southeast FC,CAR_D,Carrier D,standard,6,3,3,50.0,0.0,0
2018-06-03,WH_CENTRAL_WEST,Central-West FC,CAR_A,Carrier A,bulky,1,0,1,100.0,0.0,0
2018-06-03,WH_CENTRAL_WEST,Central-West FC,CAR_A,Carrier A,fast,1,1,0,0.0,0.0,0
2018-06-03,WH_CENTRAL_WEST,Central-West FC,CAR_A,Carrier A,standard,2,2,0,0.0,0.0,0
2018-06-03,WH_CENTRAL_WEST,Central-West FC,CAR_B,Carrier B,fast,2,2,0,0.0,0.0,0
2018-06-03,WH_CENTRAL_WEST,Central-West FC,CAR_B,Carrier B,standard,2,2,0,0.0,0.0,0
2018-06-03,WH_CENTRAL_WEST,Central-West FC,CAR_C,Carrier C,standard,2,1,1,50.0,0.0,0
2018-06-03,WH_CENTRAL_WEST,Central-West FC,CAR_D,Carrier D,fast,1,1,0,0.0,0.0,0
2018-06-03,WH_CENTRAL_WEST,Central-West FC,CAR_D,Carrier D,standard,1,1,0,0.0,0.0,0
2018-06-03,WH_NORTH,North FC,CAR_A,Carrier A,standard,1,1,0,0.0,0.0,0
2018-06-03,WH_NORTH,North FC,CAR_C,Carrier C,standard,1,1,0,0.0,0.0,0
2018-06-03,WH_NORTH,North FC,CAR_D,Carrier D,bulky,1,0,1,100.0,0.0,0
2018-06-03,WH_SOUTH,South FC,CAR_A,Carrier A,bulky,2,2,0,0.0,0.0,0
2018-06-03,WH_SOUTH,South FC,CAR_A,Carrier A,fast,2,2,0,0.0,0.0,0
2018-06-03,WH_SOUTH,South FC,CAR_B,Carrier B,bulky,4,4,0,0.0,0.0,0
2018-06-03,WH_SOUTH,South FC,CAR_B,Carrier B,fast,2,2,0,0.0,0.0,0
2018-06-03,WH_SOUTH,South FC,CAR_B,Carrier B,standard,2,2,0,0.0,0.0,0
2018-06-03,WH_SOUTH,South FC,CAR_C,Carrier C,bulky,2,2,0,0.0,0.0,0
2018-06-03,WH_SOUTH,South FC,CAR_C,Carrier C,fast,2,2,0,0.0,0.0,0
2018-06-03,WH_SOUTH,South FC,CAR_C,Carrier C,standard,3,2,1,33.33,0.0,0
2018-06-03,WH_SOUTH,South FC,CAR_D,Carrier D,bulky,1,1,0,0.0,0.0,0
2018-06-03,WH_SOUTH,South FC,CAR_D,Carrier D,fast,1,1,0,0.0,0.0,0
2018-06-03,WH_SOUTH,South FC,CAR_D,Carrier D,standard,4,3,1,25.0,0.0,0
2018-06-03,WH_SOUTHEAST,Southeast FC,CAR_A,Carrier A,bulky,13,6,7,53.85,0.0,0
2018-06-03,WH_SOUTHEAST,Southeast FC,CAR_A,Carrier A,fast,16,11,5,31.25,0.0,0
2018-06-03,WH_SOUTHEAST,Southeast FC,CAR_A,Carrier A,standard,14,5,9,64.29,0.0,0
2018-06-03,WH_SOUTHEAST,Southeast FC,CAR_B,Carrier B,bulky,8,3,5,62.5,0.0,0
2018-06-03,WH_SOUTHEAST,Southeast FC,CAR_B,Carrier B,fast,21,18,3,14.29,0.0,0
2018-06-03,WH_SOUTHEAST,Southeast FC,CAR_B,Carrier B,standard,19,10,9,47.37,0.0,0
2018-06-03,WH_SOUTHEAST,Southeast FC,CAR_C,Carrier C,bulky,15,10,5,33.33,0.0,0
2018-06-03,WH_SOUTHEAST,Southeast FC,CAR_C,Carrier C,fast,15,12,3,20.0,0.0,0
2018-06-03,WH_SOUTHEAST,Southeast FC,CAR_C,Carrier C,standard,12,6,6,50.0,0.0,0
2018-06-03,WH_SOUTHEAST,Southeast FC,CAR_D,Carrier D,bulky,1,1,0,0.0,0.0,0
2018-06-03,WH_SOUTHEAST,Southeast FC,CAR_D,Carrier D,fast,8,7,1,12.5,0.0,0
2018-06-03,WH_SOUTHEAST,Southeast FC,CAR_D,Carrier D,standard,7,4,3,42.86,0.0,0
2018-06-04,WH_CENTRAL_WEST,Central-West FC,CAR_A,Carrier A,fast,1,1,0,0.0,0.0,0
2018-06-04,WH_CENTRAL_WEST,Central-West FC,CAR_A,Carrier A,standard,1,1,0,0.0,0.0,0
2018-06-04,WH_CENTRAL_WEST,Central-West FC,CAR_B,Carrier B,bulky,1,1,0,0.0,0.0,0
2018-06-04,WH_CENTRAL_WEST,Central-West FC,CAR_C,Carrier C,standard,1,1,0,0.0,0.0,0
2018-06-04,WH_CENTRAL_WEST,Central-West FC,CAR_D,Carrier D,fast,1,1,0,0.0,0.0,0
2018-06-04,WH_CENTRAL_WEST,Central-West FC,CAR_D,Carrier D,standard,1,1,0,0.0,0.0,0
2018-06-04,WH_NORTH,North FC,CAR_C,Carrier C,fast,1,1,0,0.0,0.0,0
2018-06-04,WH_NORTH,North FC,CAR_C,Carrier C,standard,1,1,0,0.0,0.0,0
2018-06-04,WH_SOUTH,South FC,CAR_A,Carrier A,fast,2,2,0,0.0,0.0,0
2018-06-04,WH_SOUTH,South FC,CAR_A,Carrier A,standard,6,5,1,16.67,0.0,0
2018-06-04,WH_SOUTH,South FC,CAR_B,Carrier B,bulky,4,2,2,50.0,0.0,0
2018-06-04,WH_SOUTH,South FC,CAR_B,Carrier B,fast,3,2,1,33.33,0.0,0
2018-06-04,WH_SOUTH,South FC,CAR_B,Carrier B,standard,1,1,0,0.0,0.0,0
2018-06-04,WH_SOUTH,South FC,CAR_C,Carrier C,bulky,2,2,0,0.0,0.0,0
2018-06-04,WH_SOUTH,South FC,CAR_C,Carrier C,fast,4,4,0,0.0,0.0,0
2018-06-04,WH_SOUTH,South FC,CAR_C,Carrier C,standard,2,1,1,50.0,0.0,0
2018-06-04,WH_SOUTH,South FC,CAR_D,Carrier D,bulky,3,2,1,33.33,0.0,0
2018-06-04,WH_SOUTH,South FC,CAR_D,Carrier D,standard,3,3,0,0.0,0.0,0
2018-06-04,WH_SOUTHEAST,Southeast FC,CAR_A,Carrier A,bulky,13,8,5,38.46,0.0,0
2018-06-04,WH_SOUTHEAST,Southeast FC,CAR_A,Carrier A,fast,23,20,3,13.04,0.0,0
2018-06-04,WH_SOUTHEAST,Southeast FC,CAR_A,Carrier A,standard,26,18,8,30.77,0.0,0
2018-06-04,WH_SOUTHEAST,Southeast FC,CAR_B,Carrier B,bulky,16,6,10,62.5,0.0,0
2018-06-04,WH_SOUTHEAST,Southeast FC,CAR_B,Carrier B,fast,17,15,2,11.76,0.0,0
2018-06-04,WH_SOUTHEAST,Southeast FC,CAR_B,Carrier B,standard,22,12,10,45.45,0.0,0
2018-06-04,WH_SOUTHEAST,Southeast FC,CAR_C,Carrier C,bulky,9,3,6,66.67,0.0,0
2018-06-04,WH_SOUTHEAST,Southeast FC,CAR_C,Carrier C,fast,16,13,3,18.75,0.0,0
2018-06-04,WH_SOUTHEAST,Southeast FC,CAR_C,Carrier C,standard,18,10,8,44.44,0.0,0
2018-06-04,WH_SOUTHEAST,Southeast FC,CAR_D,Carrier D,bulky,8,4,4,50.0,0.0,0
2018-06-04,WH_SOUTHEAST,Southeast FC,CAR_D,Carrier D,fast,6,5,1,16.67,0.0,0
2018-06-04,WH_SOUTHEAST,Southeast FC,CAR_D,Carrier D,standard,10,7,3,30.0,0.0,0
2018-06-05,WH_CENTRAL_WEST,Central-West FC,CAR_A,Carrier A,fast,1,1,0,0.0,0.0,0
2018-06-05,WH_CENTRAL_WEST,Central-West FC,CAR_A,Carrier A,standard,1,1,0,0.0,0.0,0
2018-06-05,WH_CENTRAL_WEST,Central-West FC,CAR_C,Carrier C,bulky,1,1,0,0.0,0.0,0
2018-06-05,WH_CENTRAL_WEST,Central-West FC,CAR_D,Carrier D,fast,1,1,0,0.0,0.0,0
2018-06-05,WH_NORTH,North FC,CAR_B,Carrier B,bulky,1,1,0,0.0,0.0,0
2018-06-05,WH_NORTH,North FC,CAR_B,Carrier B,standard,1,1,0,0.0,0.0,0
2018-06-05,WH_NORTH,North FC,CAR_C,Carrier C,fast,1,1,0,0.0,0.0,0
2018-06-05,WH_NORTH,North FC,CAR_C,Carrier C,standard,1,1,0,0.0,0.0,0
2018-06-05,WH_NORTH,North FC,CAR_D,Carrier D,standard,1,1,0,0.0,0.0,0
2018-06-05,WH_SOUTH,South FC,CAR_A,Carrier A,bulky,2,0,2,100.0,0.0,0
2018-06-05,WH_SOUTH,South FC,CAR_A,Carrier A,fast,4,4,0,0.0,0.0,0
2018-06-05,WH_SOUTH,South FC,CAR_A,Carrier A,standard,5,5,0,0.0,0.0,0
2018-06-05,WH_SOUTH,South FC,CAR_B,Carrier B,bulky,3,3,0,0.0,0.0,0
2018-06-05,WH_SOUTH,South FC,CAR_B,Carrier B,fast,1,1,0,0.0,0.0,0
2018-06-05,WH_SOUTH,South FC,CAR_B,Carrier B,standard,5,5,0,0.0,0.0,0
2018-06-05,WH_SOUTH,South FC,CAR_C,Carrier C,bulky,5,3,2,40.0,0.0,0
2018-06-05,WH_SOUTH,South FC,CAR_C,Carrier C,fast,2,2,0,0.0,0.0,0
2018-06-05,WH_SOUTH,South FC,CAR_C,Carrier C,standard,1,1,0,0.0,0.0,0
2018-06-05,WH_SOUTH,South FC,CAR_D,Carrier D,bulky,1,0,1,100.0,0.0,0
2018-06-05,WH_SOUTH,South FC,CAR_D,Carrier D,standard,2,2,0,0.0,0.0,0
2018-06-05,WH_SOUTHEAST,Southeast FC,CAR_A,Carrier A,bulky,12,6,6,50.0,0.0,0
2018-06-05,WH_SOUTHEAST,Southeast FC,CAR_A,Carrier A,fast,19,16,3,15.79,0.0,0
2018-06-05,WH_SOUTHEAST,Southeast FC,CAR_A,Carrier A,standard,22,19,3,13.64,0.0,0
2018-06-05,WH_SOUTHEAST,Southeast FC,CAR_B,Carrier B,bulky,17,6,11,64.71,0.0,0
2018-06-05,WH_SOUTHEAST,Southeast FC,CAR_B,Carrier B,fast,19,15,4,21.05,0.0,0
2018-06-05,WH_SOUTHEAST,Southeast FC,CAR_B,Carrier B,standard,20,15,5,25.0,0.0,0
2018-06-05,WH_SOUTHEAST,Southeast FC,CAR_C,Carrier C,bulky,12,7,5,41.67,1.58,1
2018-06-05,WH_SOUTHEAST,Southeast FC,CAR_C,Carrier C,fast,11,6,5,45.45,0.0,0
2018-06-05,WH_SOUTHEAST,Southeast FC,CAR_C,Carrier C,standard,7,7,0,0.0,0.0,0
2018-06-05,WH_SOUTHEAST,Southeast FC,CAR_D,Carrier D,bulky,2,0,2,100.0,0.0,0
2018-06-05,WH_SOUTHEAST,Southeast FC,CAR_D,Carrier D,fast,8,7,1,12.5,1.38,1
2018-06-05,WH_SOUTHEAST,Southeast FC,CAR_D,Carrier D,standard,7,5,2,28.57,0.0,0
2018-06-06,WH_CENTRAL_WEST,Central-West FC,CAR_A,Carrier A,bulky,1,1,0,0.0,0.0,0
2018-06-06,WH_CENTRAL_WEST,Central-West FC,CAR_A,Carrier A,fast,1,1,0,0.0,0.0,0
2018-06-06,WH_CENTRAL_WEST,Central-West FC,CAR_A,Carrier A,standard,3,3,0,0.0,0.0,0
2018-06-06,WH_CENTRAL_WEST,Central-West FC,CAR_B,Carrier B,bulky,1,1,0,0.0,0.0,0
2018-06-06,WH_CENTRAL_WEST,Central-West FC,CAR_B,Carrier B,standard,1,1,0,0.0,0.0,0
2018-06-06,WH_CENTRAL_WEST,Central-West FC,CAR_C,Carrier C,bulky,1,1,0,0.0,0.0,0
2018-06-06,WH_CENTRAL_WEST,Central-West FC,CAR_C,Carrier C,standard,2,2,0,0.0,0.0,0
2018-06-06,WH_CENTRAL_WEST,Central-West FC,CAR_D,Carrier D,bulky,2,2,0,0.0,0.0,0
2018-06-06,WH_CENTRAL_WEST,Central-West FC,CAR_D,Carrier D,fast,2,2,0,0.0,0.0,0
2018-06-06,WH_CENTRAL_WEST,Central-West FC,CAR_D,Carrier D,standard,3,2,1,33.33,0.0,0
2018-06-06,WH_NORTH,North FC,CAR_B,Carrier B,fast,2,2,0,0.0,0.0,0
2018-06-06,WH_NORTH,North FC,CAR_B,Carrier B,standard,1,1,0,0.0,0.0,0
2018-06-06,WH_NORTH,North FC,CAR_D,Carrier D,fast,2,2,0,0.0,0.0,0
2018-06-06,WH_SOUTH,South FC,CAR_A,Carrier A,bulky,2,2,0,0.0,0.0,0
2018-06-06,WH_SOUTH,South FC,CAR_A,Carrier A,fast,3,3,0,0.0,0.0,0
2018-06-06,WH_SOUTH,South FC,CAR_A,Carrier A,standard,2,2,0,0.0,0.0,0
2018-06-06,WH_SOUTH,South FC,CAR_B,Carrier B,bulky,1,1,0,0.0,0.0,0
2018-06-06,WH_SOUTH,South FC,CAR_B,Carrier B,fast,5,5,0,0.0,0.0,0
2018-06-06,WH_SOUTH,South FC,CAR_B,Carrier B,standard,5,5,0,0.0,0.0,0
2018-06-06,WH_SOUTH,South FC,CAR_C,Carrier C,bulky,1,1,0,0.0,0.0,0
2018-06-06,WH_SOUTH,South FC,CAR_C,Carrier C,fast,1,1,0,0.0,0.0,0
2018-06-06,WH_SOUTH,South FC,CAR_C,Carrier C,standard,6,6,0,0.0,0.0,0
2018-06-06,WH_SOUTH,South FC,CAR_D,Carrier D,fast,1,1,0,0.0,0.0,0
2018-06-06,WH_SOUTH,South FC,CAR_D,Carrier D,standard,4,4,0,0.0,0.0,0
2018-06-06,WH_SOUTHEAST,Southeast FC,CAR_A,Carrier A,bulky,13,7,6,46.15,0.0,0
2018-06-06,WH_SOUTHEAST,Southeast FC,CAR_A,Carrier A,fast,26,22,4,15.38,0.0,0
2018-06-06,WH_SOUTHEAST,Southeast FC,CAR_A,Carrier A,standard,24,16,8,33.33,0.0,0
2018-06-06,WH_SOUTHEAST,Southeast FC,CAR_B,Carrier B,bulky,12,8,4,33.33,0.0,0
2018-06-06,WH_SOUTHEAST,Southeast FC,CAR_B,Carrier B,fast,26,24,2,7.69,0.58,1
2018-06-06,WH_SOUTHEAST,Southeast FC,CAR_B,Carrier B,standard,15,11,4,26.67,0.0,0
2018-06-06,WH_SOUTHEAST,Southeast FC,CAR_C,Carrier C,bulky,12,9,3,25.0,0.0,0
2018-06-06,WH_SOUTHEAST,Southeast FC,CAR_C,Carrier C,fast,8,6,2,25.0,1.13,1
2018-06-06,WH_SOUTHEAST,Southeast FC,CAR_C,Carrier C,standard,18,12,6,33.33,0.0,0
2018-06-06,WH_SOUTHEAST,Southeast FC,CAR_D,Carrier D,bulky,3,2,1,33.33,0.0,0
2018-06-06,WH_SOUTHEAST,Southeast FC,CAR_D,Carrier D,fast,13,12,1,7.69,0.0,0
2018-06-06,WH_SOUTHEAST,Southeast FC,CAR_D,Carrier D,standard,4,4,0,0.0,0.5,1
2018-06-07,WH_CENTRAL_WEST,Central-West FC,CAR_A,Carrier A,standard,2,2,0,0.0,0.0,0
2018-06-07,WH_CENTRAL_WEST,Central-West FC,CAR_B,Carrier B,fast,2,2,0,0.0,0.0,0
2018-06-07,WH_CENTRAL_WEST,Central-West FC,CAR_B,Carrier B,standard,1,1,0,0.0,0.0,0
2018-06-07,WH_CENTRAL_WEST,Central-West FC,CAR_C,Carrier C,fast,1,1,0,0.0,0.0,0
2018-06-07,WH_CENTRAL_WEST,Central-West FC,CAR_D,Carrier D,fast,2,2,0,0.0,0.0,0
2018-06-07,WH_CENTRAL_WEST,Central-West FC,CAR_D,Carrier D,standard,2,1,1,50.0,0.0,0
2018-06-07,WH_NORTH,North FC,CAR_A,Carrier A,bulky,2,2,0,0.0,0.0,0
2018-06-07,WH_NORTH,North FC,CAR_A,Carrier A,fast,2,2,0,0.0,0.0,0
2018-06-07,WH_NORTH,North FC,CAR_B,Carrier B,fast,3,3,0,0.0,0.0,0
2018-06-07,WH_NORTH,North FC,CAR_C,Carrier C,fast,1,1,0,0.0,0.0,0
2018-06-07,WH_SOUTH,South FC,CAR_A,Carrier A,bulky,4,3,1,25.0,0.0,0
2018-06-07,WH_SOUTH,South FC,CAR_A,Carrier A,fast,5,5,0,0.0,0.0,0
2018-06-07,WH_SOUTH,South FC,CAR_A,Carrier A,standard,5,5,0,0.0,0.0,0
2018-06-07,WH_SOUTH,South FC,CAR_B,Carrier B,bulky,1,0,1,100.0,0.0,0
2018-06-07,WH_SOUTH,South FC,CAR_B,Carrier B,fast,2,2,0,0.0,0.0,0
2018-06-07,WH_SOUTH,South FC,CAR_B,Carrier B,standard,3,2,1,33.33,0.0,0
2018-06-07,WH_SOUTH,South FC,CAR_C,Carrier C,bulky,3,2,1,33.33,0.0,0
2018-06-07,WH_SOUTH,South FC,CAR_C,Carrier C,fast,1,1,0,0.0,0.0,0
2018-06-07,WH_SOUTH,South FC,CAR_C,Carrier C,standard,1,1,0,0.0,0.0,0
2018-06-07,WH_SOUTH,South FC,CAR_D,Carrier D,bulky,2,2,0,0.0,0.0,0
2018-06-07,WH_SOUTH,South FC,CAR_D,Carrier D,fast,1,1,0,0.0,0.0,0
2018-06-07,WH_SOUTH,South FC,CAR_D,Carrier D,standard,3,3,0,0.0,0.0,0
2018-06-07,WH_SOUTHEAST,Southeast FC,CAR_A,Carrier A,bulky,16,8,8,50.0,0.0,0
2018-06-07,WH_SOUTHEAST,Southeast FC,CAR_A,Carrier A,fast,20,19,1,5.0,0.0,0
2018-06-07,WH_SOUTHEAST,Southeast FC,CAR_A,Carrier A,standard,20,17,3,15.0,0.0,0
2018-06-07,WH_SOUTHEAST,Southeast FC,CAR_B,Carrier B,bulky,14,5,9,64.29,0.0,0
2018-06-07,WH_SOUTHEAST,Southeast FC,CAR_B,Carrier B,fast,29,28,1,3.45,0.1,1
2018-06-07,WH_SOUTHEAST,Southeast FC,CAR_B,Carrier B,standard,17,11,6,35.29,0.0,0
2018-06-07,WH_SOUTHEAST,Southeast FC,CAR_C,Carrier C,bulky,7,2,5,71.43,0.0,0
2018-06-07,WH_SOUTHEAST,Southeast FC,CAR_C,Carrier C,fast,17,17,0,0.0,0.0,0
2018-06-07,WH_SOUTHEAST,Southeast FC,CAR_C,Carrier C,standard,13,12,1,7.69,0.0,0
2018-06-07,WH_SOUTHEAST,Southeast FC,CAR_D,Carrier D,bulky,7,1,6,85.71,0.0,0
2018-06-07,WH_SOUTHEAST,Southeast FC,CAR_D,Carrier D,fast,10,10,0,0.0,0.0,0
2018-06-07,WH_SOUTHEAST,Southeast FC,CAR_D,Carrier D,standard,4,3,1,25.0,0.0,0
2018-06-08,WH_CENTRAL_WEST,Central-West FC,CAR_A,Carrier A,fast,1,1,0,0.0,0.0,0
2018-06-08,WH_CENTRAL_WEST,Central-West FC,CAR_A,Carrier A,standard,2,2,0,0.0,0.0,0
2018-06-08,WH_CENTRAL_WEST,Central-West FC,CAR_B,Carrier B,bulky,1,1,0,0.0,0.0,0
2018-06-08,WH_CENTRAL_WEST,Central-West FC,CAR_B,Carrier B,fast,2,2,0,0.0,0.0,0
2018-06-08,WH_CENTRAL_WEST,Central-West FC,CAR_B,Carrier B,standard,2,2,0,0.0,0.0,0
2018-06-08,WH_CENTRAL_WEST,Central-West FC,CAR_C,Carrier C,fast,1,1,0,0.0,0.0,0
2018-06-08,WH_CENTRAL_WEST,Central-West FC,CAR_D,Carrier D,fast,4,4,0,0.0,0.0,0
2018-06-08,WH_CENTRAL_WEST,Central-West FC,CAR_D,Carrier D,standard,2,2,0,0.0,0.0,0
2018-06-08,WH_NORTH,North FC,CAR_A,Carrier A,fast,2,2,0,0.0,0.0,0
2018-06-08,WH_SOUTH,South FC,CAR_A,Carrier A,bulky,2,2,0,0.0,0.0,0
2018-06-08,WH_SOUTH,South FC,CAR_A,Carrier A,fast,5,5,0,0.0,0.0,0
2018-06-08,WH_SOUTH,South FC,CAR_A,Carrier A,standard,6,5,1,16.67,0.0,0
2018-06-08,WH_SOUTH,South FC,CAR_B,Carrier B,bulky,5,5,0,0.0,0.0,0
2018-06-08,WH_SOUTH,South FC,CAR_B,Carrier B,fast,3,3,0,0.0,0.0,0
2018-06-08,WH_SOUTH,South FC,CAR_C,Carrier C,fast,2,2,0,0.0,0.0,0
2018-06-08,WH_SOUTH,South FC,CAR_C,Carrier C,standard,1,1,0,0.0,0.0,0
2018-06-08,WH_SOUTH,South FC,CAR_D,Carrier D,bulky,2,2,0,0.0,0.0,0
2018-06-08,WH_SOUTH,South FC,CAR_D,Carrier D,fast,3,3,0,0.0,0.0,0
2018-06-08,WH_SOUTH,South FC,CAR_D,Carrier D,standard,2,2,0,0.0,0.0,0
2018-06-08,WH_SOUTHEAST,Southeast FC,CAR_A,Carrier A,bulky,11,8,3,27.27,0.0,0
2018-06-08,WH_SOUTHEAST,Southeast FC,CAR_A,Carrier A,fast,24,23,1,4.17,0.71,1
2018-06-08,WH_SOUTHEAST,Southeast FC,CAR_A,Carrier A,standard,16,12,4,25.0,0.5,1
2018-06-08,WH_SOUTHEAST,Southeast FC,CAR_B,Carrier B,bulky,6,4,2,33.33,0.0,0
2018-06-08,WH_SOUTHEAST,Southeast FC,CAR_B,Carrier B,fast,19,17,2,10.53,0.05,1
2018-06-08,WH_SOUTHEAST,Southeast FC,CAR_B,Carrier B,standard,13,9,4,30.77,0.15,1
2018-06-08,WH_SOUTHEAST,Southeast FC,CAR_C,Carrier C,bulky,4,2,2,50.0,0.0,0
2018-06-08,WH_SOUTHEAST,Southeast FC,CAR_C,Carrier C,fast,19,17,2,10.53,0.0,0
2018-06-08,WH_SOUTHEAST,Southeast FC,CAR_C,Carrier C,standard,14,11,3,21.43,0.0,0
2018-06-08,WH_SOUTHEAST,Southeast FC,CAR_D,Carrier D,bulky,4,0,4,100.0,0.0,0
2018-06-08,WH_SOUTHEAST,Southeast FC,CAR_D,Carrier D,fast,8,8,0,0.0,0.0,0
2018-06-08,WH_SOUTHEAST,Southeast FC,CAR_D,Carrier D,standard,8,7,1,12.5,1.5,2
2018-06-09,WH_CENTRAL_WEST,Central-West FC,CAR_A,Carrier A,fast,1,1,0,0.0,0.0,0
2018-06-09,WH_CENTRAL_WEST,Central-West FC,CAR_A,Carrier A,standard,1,0,1,100.0,0.0,0
2018-06-09,WH_CENTRAL_WEST,Central-West FC,CAR_B,Carrier B,bulky,1,1,0,0.0,0.0,0
2018-06-09,WH_CENTRAL_WEST,Central-West FC,CAR_B,Carrier B,standard,1,1,0,0.0,0.0,0
2018-06-09,WH_CENTRAL_WEST,Central-West FC,CAR_C,Carrier C,fast,1,1,0,0.0,0.0,0
2018-06-09,WH_CENTRAL_WEST,Central-West FC,CAR_C,Carrier C,standard,1,1,0,0.0,0.0,0
2018-06-09,WH_CENTRAL_WEST,Central-West FC,CAR_D,Carrier D,bulky,1,1,0,0.0,0.0,0
2018-06-09,WH_CENTRAL_WEST,Central-West FC,CAR_D,Carrier D,fast,2,2,0,0.0,0.0,0
2018-06-09,WH_NORTH,North FC,CAR_B,Carrier B,bulky,1,1,0,0.0,0.0,0
2018-06-09,WH_NORTH,North FC,CAR_B,Carrier B,standard,3,3,0,0.0,0.0,0
2018-06-09,WH_NORTH,North FC,CAR_C,Carrier C,standard,1,1,0,0.0,0.0,0
2018-06-09,WH_SOUTH,South FC,CAR_A,Carrier A,bulky,4,4,0,0.0,0.0,0
2018-06-09,WH_SOUTH,South FC,CAR_A,Carrier A,fast,2,2,0,0.0,0.0,0
2018-06-09,WH_SOUTH,South FC,CAR_A,Carrier A,standard,2,2,0,0.0,0.0,0
2018-06-09,WH_SOUTH,South FC,CAR_B,Carrier B,fast,6,6,0,0.0,0.0,0
2018-06-09,WH_SOUTH,South FC,CAR_B,Carrier B,standard,1,1,0,0.0,0.0,0
2018-06-09,WH_SOUTH,South FC,CAR_C,Carrier C,bulky,2,1,1,50.0,0.0,0
2018-06-09,WH_SOUTH,South FC,CAR_C,Carrier C,fast,1,1,0,0.0,0.0,0
2018-06-09,WH_SOUTH,South FC,CAR_C,Carrier C,standard,1,1,0,0.0,0.0,0
2018-06-09,WH_SOUTH,South FC,CAR_D,Carrier D,bulky,2,2,0,0.0,0.0,0
2018-06-09,WH_SOUTH,South FC,CAR_D,Carrier D,standard,2,2,0,0.0,0.0,0
2018-06-09,WH_SOUTHEAST,Southeast FC,CAR_A,Carrier A,bulky,12,6,6,50.0,0.0,0
2018-06-09,WH_SOUTHEAST,Southeast FC,CAR_A,Carrier A,fast,17,16,1,5.88,0.0,0
2018-06-09,WH_SOUTHEAST,Southeast FC,CAR_A,Carrier A,standard,21,13,8,38.1,0.0,0
2018-06-09,WH_SOUTHEAST,Southeast FC,CAR_B,Carrier B,bulky,13,11,2,15.38,0.0,0
2018-06-09,WH_SOUTHEAST,Southeast FC,CAR_B,Carrier B,fast,18,18,0,0.0,0.0,0
2018-06-09,WH_SOUTHEAST,Southeast FC,CAR_B,Carrier B,standard,6,4,2,33.33,0.0,0
2018-06-09,WH_SOUTHEAST,Southeast FC,CAR_C,Carrier C,bulky,9,7,2,22.22,0.0,0
2018-06-09,WH_SOUTHEAST,Southeast FC,CAR_C,Carrier C,fast,15,13,2,13.33,0.0,0
2018-06-09,WH_SOUTHEAST,Southeast FC,CAR_C,Carrier C,standard,8,6,2,25.0,0.0,0
2018-06-09,WH_SOUTHEAST,Southeast FC,CAR_D,Carrier D,bulky,4,4,0,0.0,14.5,1
2018-06-09,WH_SOUTHEAST,Southeast FC,CAR_D,Carrier D,fast,4,2,2,50.0,0.0,0
2018-06-09,WH_SOUTHEAST,Southeast FC,CAR_D,Carrier D,standard,5,4,1,20.0,1.6,1
2018-06-10,WH_CENTRAL_WEST,Central-West FC,CAR_A,Carrier A,bulky,2,1,1,50.0,0.0,0
2018-06-10,WH_CENTRAL_WEST,Central-West FC,CAR_A,Carrier A,fast,1,1,0,0.0,0.0,0
2018-06-10,WH_CENTRAL_WEST,Central-West FC,CAR_A,Carrier A,standard,3,3,0,0.0,9.0,1
2018-06-10,WH_CENTRAL_WEST,Central-West FC,CAR_B,Carrier B,fast,1,1,0,0.0,0.0,0
2018-06-10,WH_CENTRAL_WEST,Central-West FC,CAR_B,Carrier B,standard,1,1,0,0.0,0.0,0
2018-06-10,WH_CENTRAL_WEST,Central-West FC,CAR_C,Carrier C,standard,1,1,0,0.0,0.0,0
2018-06-10,WH_CENTRAL_WEST,Central-West FC,CAR_D,Carrier D,bulky,2,1,1,50.0,0.0,0
2018-06-10,WH_CENTRAL_WEST,Central-West FC,CAR_D,Carrier D,fast,2,2,0,0.0,0.0,0
2018-06-10,WH_NORTH,North FC,CAR_A,Carrier A,fast,1,1,0,0.0,0.0,0
2018-06-10,WH_NORTH,North FC,CAR_B,Carrier B,standard,1,1,0,0.0,0.0,0
2018-06-10,WH_NORTH,North FC,CAR_C,Carrier C,fast,1,1,0,0.0,0.0,0
2018-06-10,WH_NORTH,North FC,CAR_D,Carrier D,standard,1,1,0,0.0,0.0,0
2018-06-10,WH_SOUTH,South FC,CAR_A,Carrier A,bulky,1,0,1,100.0,0.0,0
2018-06-10,WH_SOUTH,South FC,CAR_A,Carrier A,fast,4,4,0,0.0,0.0,0
2018-06-10,WH_SOUTH,South FC,CAR_A,Carrier A,standard,5,3,2,40.0,0.0,0
2018-06-10,WH_SOUTH,South FC,CAR_B,Carrier B,bulky,1,0,1,100.0,0.0,0
2018-06-10,WH_SOUTH,South FC,CAR_B,Carrier B,fast,1,1,0,0.0,0.0,0
2018-06-10,WH_SOUTH,South FC,CAR_B,Carrier B,standard,1,1,0,0.0,0.0,0
2018-06-10,WH_SOUTH,South FC,CAR_C,Carrier C,fast,1,1,0,0.0,0.0,0
2018-06-10,WH_SOUTH,South FC,CAR_C,Carrier C,standard,4,2,2,50.0,0.0,0
2018-06-10,WH_SOUTH,South FC,CAR_D,Carrier D,bulky,1,1,0,0.0,0.0,0
2018-06-10,WH_SOUTH,South FC,CAR_D,Carrier D,fast,1,1,0,0.0,0.0,0
2018-06-10,WH_SOUTH,South FC,CAR_D,Carrier D,standard,1,0,1,100.0,0.0,0
2018-06-10,WH_SOUTHEAST,Southeast FC,CAR_A,Carrier A,bulky,9,5,4,44.44,1.56,1
2018-06-10,WH_SOUTHEAST,Southeast FC,CAR_A,Carrier A,fast,11,11,0,0.0,0.0,0
2018-06-10,WH_SOUTHEAST,Southeast FC,CAR_A,Carrier A,standard,19,13,6,31.58,0.0,0
2018-06-10,WH_SOUTHEAST,Southeast FC,CAR_B,Carrier B,bulky,9,3,6,66.67,0.0,0
2018-06-10,WH_SOUTHEAST,Southeast FC,CAR_B,Carrier B,fast,21,17,4,19.05,0.33,1
2018-06-10,WH_SOUTHEAST,Southeast FC,CAR_B,Carrier B,standard,23,11,12,52.17,0.0,0
2018-06-10,WH_SOUTHEAST,Southeast FC,CAR_C,Carrier C,bulky,10,2,8,80.0,0.0,0
2018-06-10,WH_SOUTHEAST,Southeast FC,CAR_C,Carrier C,fast,22,20,2,9.09,0.23,1
2018-06-10,WH_SOUTHEAST,Southeast FC,CAR_C,Carrier C,standard,13,8,5,38.46,0.0,0
2018-06-10,WH_SOUTHEAST,Southeast FC,CAR_D,Carrier D,bulky,4,1,3,75.0,0.0,0
2018-06-10,WH_SOUTHEAST,Southeast FC,CAR_D,Carrier D,fast,6,5,1,16.67,0.0,0
2018-06-10,WH_SOUTHEAST,Southeast FC,CAR_D,Carrier D,standard,5,3,2,40.0,0.0,0
2018-06-11,WH_CENTRAL_WEST,Central-West FC,CAR_A,Carrier A,bulky,1,0,1,100.0,0.0,0
2018-06-11,WH_CENTRAL_WEST,Central-West FC,CAR_A,Carrier A,fast,6,6,0,0.0,0.0,0
2018-06-11,WH_CENTRAL_WEST,Central-West FC,CAR_B,Carrier B,fast,1,1,0,0.0,0.0,0
2018-06-11,WH_CENTRAL_WEST,Central-West FC,CAR_B,Carrier B,standard,2,2,0,0.0,0.0,0
2018-06-11,WH_CENTRAL_WEST,Central-West FC,CAR_C,Carrier C,fast,1,1,0,0.0,13.0,1
2018-06-11,WH_CENTRAL_WEST,Central-West FC,CAR_C,Carrier C,standard,1,1,0,0.0,0.0,0
2018-06-11,WH_CENTRAL_WEST,Central-West FC,CAR_D,Carrier D,bulky,1,1,0,0.0,0.0,0
2018-06-11,WH_CENTRAL_WEST,Central-West FC,CAR_D,Carrier D,standard,1,1,0,0.0,0.0,0
2018-06-11,WH_NORTH,North FC,CAR_A,Carrier A,fast,1,1,0,0.0,0.0,0
2018-06-11,WH_NORTH,North FC,CAR_B,Carrier B,fast,1,1,0,0.0,0.0,0
2018-06-11,WH_NORTH,North FC,CAR_B,Carrier B,standard,1,1,0,0.0,0.0,0
2018-06-11,WH_NORTH,North FC,CAR_C,Carrier C,fast,1,1,0,0.0,0.0,0
2018-06-11,WH_SOUTH,South FC,CAR_A,Carrier A,bulky,7,6,1,14.29,0.0,0
2018-06-11,WH_SOUTH,South FC,CAR_A,Carrier A,fast,4,4,0,0.0,0.0,0
2018-06-11,WH_SOUTH,South FC,CAR_A,Carrier A,standard,5,4,1,20.0,0.0,0
2018-06-11,WH_SOUTH,South FC,CAR_B,Carrier B,bulky,2,0,2,100.0,0.0,0
2018-06-11,WH_SOUTH,South FC,CAR_B,Carrier B,fast,2,2,0,0.0,0.0,0
2018-06-11,WH_SOUTH,South FC,CAR_B,Carrier B,standard,2,1,1,50.0,0.0,0
2018-06-11,WH_SOUTH,South FC,CAR_C,Carrier C,bulky,1,1,0,0.0,0.0,0
2018-06-11,WH_SOUTH,South FC,CAR_C,Carrier C,fast,7,7,0,0.0,0.0,0
2018-06-11,WH_SOUTH,South FC,CAR_C,Carrier C,standard,3,3,0,0.0,0.0,0
2018-06-11,WH_SOUTH,South FC,CAR_D,Carrier D,standard,2,1,1,50.0,0.0,0
2018-06-11,WH_SOUTHEAST,Southeast FC,CAR_A,Carrier A,bulky,22,6,16,72.73,0.0,0
2018-06-11,WH_SOUTHEAST,Southeast FC,CAR_A,Carrier A,fast,32,24,8,25.0,0.03,1
2018-06-11,WH_SOUTHEAST,Southeast FC,CAR_A,Carrier A,standard,30,15,15,50.0,0.0,0
2018-06-11,WH_SOUTHEAST,Southeast FC,CAR_B,Carrier B,bulky,19,6,13,68.42,0.11,1
2018-06-11,WH_SOUTHEAST,Southeast FC,CAR_B,Carrier B,fast,25,19,6,24.0,0.76,2
2018-06-11,WH_SOUTHEAST,Southeast FC,CAR_B,Carrier B,standard,31,17,14,45.16,0.13,1
2018-06-11,WH_SOUTHEAST,Southeast FC,CAR_C,Carrier C,bulky,10,5,5,50.0,0.0,0
2018-06-11,WH_SOUTHEAST,Southeast FC,CAR_C,Carrier C,fast,27,20,7,25.93,0.0,0
2018-06-11,WH_SOUTHEAST,Southeast FC,CAR_C,Carrier C,standard,18,12,6,33.33,1.94,2
2018-06-11,WH_SOUTHEAST,Southeast FC,CAR_D,Carrier D,bulky,6,1,5,83.33,0.0,0
2018-06-11,WH_SOUTHEAST,Southeast FC,CAR_D,Carrier D,fast,15,12,3,20.0,0.0,0
2018-06-11,WH_SOUTHEAST,Southeast FC,CAR_D,Carrier D,standard,6,6,0,0.0,1.33,1
2018-06-12,WH_CENTRAL_WEST,Central-West FC,CAR_A,Carrier A,fast,1,1,0,0.0,0.0,0
2018-06-12,WH_CENTRAL_WEST,Central-West FC,CAR_A,Carrier A,standard,1,1,0,0.0,0.0,0
2018-06-12,WH_CENTRAL_WEST,Central-West FC,CAR_B,Carrier B,bulky,1,1,0,0.0,0.0,0
2018-06-12,WH_CENTRAL_WEST,Central-West FC,CAR_B,Carrier B,fast,1,0,1,100.0,0.0,0
2018-06-12,WH_CENTRAL_WEST,Central-West FC,CAR_C,Carrier C,bulky,1,1,0,0.0,0.0,0
2018-06-12,WH_CENTRAL_WEST,Central-West FC,CAR_D,Carrier D,fast,1,1,0,0.0,0.0,0
2018-06-12,WH_CENTRAL_WEST,Central-West FC,CAR_D,Carrier D,standard,2,2,0,0.0,0.5,1
2018-06-12,WH_NORTH,North FC,CAR_A,Carrier A,bulky,2,2,0,0.0,0.0,0
2018-06-12,WH_NORTH,North FC,CAR_A,Carrier A,fast,1,1,0,0.0,0.0,0
2018-06-12,WH_NORTH,North FC,CAR_B,Carrier B,fast,2,2,0,0.0,0.0,0
2018-06-12,WH_NORTH,North FC,CAR_D,Carrier D,fast,1,1,0,0.0,0.0,0
2018-06-12,WH_SOUTH,South FC,CAR_A,Carrier A,bulky,2,1,1,50.0,0.0,0
2018-06-12,WH_SOUTH,South FC,CAR_A,Carrier A,fast,8,8,0,0.0,0.0,0
2018-06-12,WH_SOUTH,South FC,CAR_A,Carrier A,standard,5,5,0,0.0,0.0,0
2018-06-12,WH_SOUTH,South FC,CAR_B,Carrier B,bulky,2,0,2,100.0,0.0,0
2018-06-12,WH_SOUTH,South FC,CAR_B,Carrier B,fast,2,2,0,0.0,0.0,0
2018-06-12,WH_SOUTH,South FC,CAR_B,Carrier B,standard,4,4,0,0.0,0.0,0
2018-06-12,WH_SOUTH,South FC,CAR_C,Carrier C,bulky,1,1,0,0.0,0.0,0
2018-06-12,WH_SOUTH,South FC,CAR_C,Carrier C,fast,2,2,0,0.0,0.0,0
2018-06-12,WH_SOUTH,South FC,CAR_C,Carrier C,standard,1,0,1,100.0,0.0,0
2018-06-12,WH_SOUTH,South FC,CAR_D,Carrier D,bulky,1,1,0,0.0,0.0,0
2018-06-12,WH_SOUTH,South FC,CAR_D,Carrier D,fast,1,1,0,0.0,0.0,0
2018-06-12,WH_SOUTH,South FC,CAR_D,Carrier D,standard,2,2,0,0.0,0.0,0
2018-06-12,WH_SOUTHEAST,Southeast FC,CAR_A,Carrier A,bulky,15,7,8,53.33,0.0,0
2018-06-12,WH_SOUTHEAST,Southeast FC,CAR_A,Carrier A,fast,24,17,7,29.17,0.46,2
2018-06-12,WH_SOUTHEAST,Southeast FC,CAR_A,Carrier A,standard,26,22,4,15.38,0.23,1
2018-06-12,WH_SOUTHEAST,Southeast FC,CAR_B,Carrier B,bulky,14,6,8,57.14,0.0,0
2018-06-12,WH_SOUTHEAST,Southeast FC,CAR_B,Carrier B,fast,27,18,9,33.33,0.0,0
2018-06-12,WH_SOUTHEAST,Southeast FC,CAR_B,Carrier B,standard,23,12,11,47.83,0.0,0
2018-06-12,WH_SOUTHEAST,Southeast FC,CAR_C,Carrier C,bulky,9,3,6,66.67,0.67,1
2018-06-12,WH_SOUTHEAST,Southeast FC,CAR_C,Carrier C,fast,20,18,2,10.0,0.0,0
2018-06-12,WH_SOUTHEAST,Southeast FC,CAR_C,Carrier C,standard,12,10,2,16.67,1.83,2
2018-06-12,WH_SOUTHEAST,Southeast FC,CAR_D,Carrier D,bulky,3,0,3,100.0,0.0,0
2018-06-12,WH_SOUTHEAST,Southeast FC,CAR_D,Carrier D,fast,14,12,2,14.29,0.86,1
2018-06-12,WH_SOUTHEAST,Southeast FC,CAR_D,Carrier D,standard,12,7,5,41.67,0.0,0
2018-06-13,WH_CENTRAL_WEST,Central-West FC,CAR_A,Carrier A,fast,4,4,0,0.0,0.0,0
2018-06-13,WH_CENTRAL_WEST,Central-West FC,CAR_A,Carrier A,standard,2,2,0,0.0,0.0,0
2018-06-13,WH_CENTRAL_WEST,Central-West FC,CAR_B,Carrier B,bulky,1,1,0,0.0,0.0,0
2018-06-13,WH_CENTRAL_WEST,Central-West FC,CAR_B,Carrier B,fast,1,1,0,0.0,0.0,0
2018-06-13,WH_CENTRAL_WEST,Central-West FC,CAR_B,Carrier B,standard,3,2,1,33.33,0.0,0
2018-06-13,WH_CENTRAL_WEST,Central-West FC,CAR_C,Carrier C,standard,1,1,0,0.0,0.0,0
2018-06-13,WH_CENTRAL_WEST,Central-West FC,CAR_D,Carrier D,bulky,1,1,0,0.0,0.0,0
2018-06-13,WH_CENTRAL_WEST,Central-West FC,CAR_D,Carrier D,fast,1,1,0,0.0,35.0,1
2018-06-13,WH_CENTRAL_WEST,Central-West FC,CAR_D,Carrier D,standard,5,4,1,20.0,0.0,0
2018-06-13,WH_NORTH,North FC,CAR_A,Carrier A,bulky,1,1,0,0.0,0.0,0
2018-06-13,WH_NORTH,North FC,CAR_B,Carrier B,fast,2,2,0,0.0,0.0,0
2018-06-13,WH_SOUTH,South FC,CAR_A,Carrier A,bulky,2,1,1,50.0,0.0,0
2018-06-13,WH_SOUTH,South FC,CAR_A,Carrier A,fast,5,4,1,20.0,0.0,0
2018-06-13,WH_SOUTH,South FC,CAR_A,Carrier A,standard,5,5,0,0.0,0.0,0
2018-06-13,WH_SOUTH,South FC,CAR_B,Carrier B,bulky,5,1,4,80.0,0.0,0
2018-06-13,WH_SOUTH,South FC,CAR_B,Carrier B,fast,3,3,0,0.0,0.0,0
2018-06-13,WH_SOUTH,South FC,CAR_B,Carrier B,standard,7,6,1,14.29,0.0,0
2018-06-13,WH_SOUTH,South FC,CAR_C,Carrier C,bulky,3,2,1,33.33,0.0,0
2018-06-13,WH_SOUTH,South FC,CAR_C,Carrier C,fast,1,1,0,0.0,0.0,0
2018-06-13,WH_SOUTH,South FC,CAR_C,Carrier C,standard,4,4,0,0.0,0.0,0
2018-06-13,WH_SOUTH,South FC,CAR_D,Carrier D,bulky,2,2,0,0.0,0.0,0
2018-06-13,WH_SOUTH,South FC,CAR_D,Carrier D,standard,1,1,0,0.0,0.0,0
2018-06-13,WH_SOUTHEAST,Southeast FC,CAR_A,Carrier A,bulky,13,2,11,84.62,0.0,0
2018-06-13,WH_SOUTHEAST,Southeast FC,CAR_A,Carrier A,fast,30,27,3,10.0,0.0,0
2018-06-13,WH_SOUTHEAST,Southeast FC,CAR_A,Carrier A,standard,21,14,7,33.33,0.0,0
2018-06-13,WH_SOUTHEAST,Southeast FC,CAR_B,Carrier B,bulky,14,4,10,71.43,0.0,0
2018-06-13,WH_SOUTHEAST,Southeast FC,CAR_B,Carrier B,fast,27,21,6,22.22,0.0,0
2018-06-13,WH_SOUTHEAST,Southeast FC,CAR_B,Carrier B,standard,21,8,13,61.9,0.0,0
2018-06-13,WH_SOUTHEAST,Southeast FC,CAR_C,Carrier C,bulky,12,1,11,91.67,0.0,0
2018-06-13,WH_SOUTHEAST,Southeast FC,CAR_C,Carrier C,fast,18,15,3,16.67,0.94,1
2018-06-13,WH_SOUTHEAST,Southeast FC,CAR_C,Carrier C,standard,19,14,5,26.32,0.0,0
2018-06-13,WH_SOUTHEAST,Southeast FC,CAR_D,Carrier D,bulky,6,2,4,66.67,0.0,0
2018-06-13,WH_SOUTHEAST,Southeast FC,CAR_D,Carrier D,fast,7,5,2,28.57,0.0,0
2018-06-13,WH_SOUTHEAST,Southeast FC,CAR_D,Carrier D,standard,5,3,2,40.0,3.0,1
2018-06-14,WH_CENTRAL_WEST,Central-West FC,CAR_A,Carrier A,bulky,1,1,0,0.0,0.0,0
2018-06-14,WH_CENTRAL_WEST,Central-West FC,CAR_A,Carrier A,fast,4,4,0,0.0,0.0,0
2018-06-14,WH_CENTRAL_WEST,Central-West FC,CAR_A,Carrier A,standard,5,5,0,0.0,0.0,0
2018-06-14,WH_CENTRAL_WEST,Central-West FC,CAR_B,Carrier B,fast,1,1,0,0.0,0.0,0
2018-06-14,WH_CENTRAL_WEST,Central-West FC,CAR_B,Carrier B,standard,1,1,0,0.0,0.0,0
2018-06-14,WH_CENTRAL_WEST,Central-West FC,CAR_C,Carrier C,fast,1,1,0,0.0,0.0,0
2018-06-14,WH_CENTRAL_WEST,Central-West FC,CAR_D,Carrier D,bulky,1,0,1,100.0,0.0,0
2018-06-14,WH_CENTRAL_WEST,Central-West FC,CAR_D,Carrier D,fast,3,3,0,0.0,0.0,0
2018-06-14,WH_CENTRAL_WEST,Central-West FC,CAR_D,Carrier D,standard,1,1,0,0.0,0.0,0
2018-06-14,WH_NORTH,North FC,CAR_A,Carrier A,bulky,1,1,0,0.0,0.0,0
2018-06-14,WH_NORTH,North FC,CAR_A,Carrier A,standard,2,2,0,0.0,0.0,0
2018-06-14,WH_NORTH,North FC,CAR_B,Carrier B,fast,1,1,0,0.0,0.0,0
2018-06-14,WH_NORTH,North FC,CAR_C,Carrier C,fast,1,1,0,0.0,0.0,0
2018-06-14,WH_NORTH,North FC,CAR_C,Carrier C,standard,1,1,0,0.0,0.0,0
2018-06-14,WH_SOUTH,South FC,CAR_A,Carrier A,bulky,4,4,0,0.0,0.0,0
2018-06-14,WH_SOUTH,South FC,CAR_A,Carrier A,fast,3,3,0,0.0,0.0,0
2018-06-14,WH_SOUTH,South FC,CAR_A,Carrier A,standard,3,1,2,66.67,0.0,0
2018-06-14,WH_SOUTH,South FC,CAR_B,Carrier B,fast,3,3,0,0.0,0.0,0
2018-06-14,WH_SOUTH,South FC,CAR_B,Carrier B,standard,2,2,0,0.0,0.0,0
2018-06-14,WH_SOUTH,South FC,CAR_C,Carrier C,bulky,1,1,0,0.0,0.0,0
2018-06-14,WH_SOUTH,South FC,CAR_C,Carrier C,standard,2,1,1,50.0,0.0,0
2018-06-14,WH_SOUTH,South FC,CAR_D,Carrier D,fast,1,1,0,0.0,0.0,0
2018-06-14,WH_SOUTHEAST,Southeast FC,CAR_A,Carrier A,bulky,16,6,10,62.5,0.0,0
2018-06-14,WH_SOUTHEAST,Southeast FC,CAR_A,Carrier A,fast,23,21,2,8.7,0.43,1
2018-06-14,WH_SOUTHEAST,Southeast FC,CAR_A,Carrier A,standard,20,15,5,25.0,0.0,0
2018-06-14,WH_SOUTHEAST,Southeast FC,CAR_B,Carrier B,bulky,16,7,9,56.25,0.0,0
2018-06-14,WH_SOUTHEAST,Southeast FC,CAR_B,Carrier B,fast,15,14,1,6.67,0.0,0
2018-06-14,WH_SOUTHEAST,Southeast FC,CAR_B,Carrier B,standard,13,10,3,23.08,0.0,0
2018-06-14,WH_SOUTHEAST,Southeast FC,CAR_C,Carrier C,bulky,9,3,6,66.67,0.0,0
2018-06-14,WH_SOUTHEAST,Southeast FC,CAR_C,Carrier C,fast,16,15,1,6.25,0.0,0
2018-06-14,WH_SOUTHEAST,Southeast FC,CAR_C,Carrier C,standard,14,10,4,28.57,0.0,0
2018-06-14,WH_SOUTHEAST,Southeast FC,CAR_D,Carrier D,bulky,9,5,4,44.44,0.0,0
2018-06-14,WH_SOUTHEAST,Southeast FC,CAR_D,Carrier D,fast,6,6,0,0.0,0.0,0
2018-06-14,WH_SOUTHEAST,Southeast FC,CAR_D,Carrier D,standard,11,8,3,27.27,0.0,0
2018-06-15,WH_CENTRAL_WEST,Central-West FC,CAR_B,Carrier B,bulky,1,1,0,0.0,0.0,0
2018-06-15,WH_CENTRAL_WEST,Central-West FC,CAR_B,Carrier B,standard,1,1,0,0.0,0.0,0
2018-06-15,WH_CENTRAL_WEST,Central-West FC,CAR_C,Carrier C,standard,1,1,0,0.0,0.0,0
2018-06-15,WH_CENTRAL_WEST,Central-West FC,CAR_D,Carrier D,bulky,2,2,0,0.0,0.0,0
2018-06-15,WH_CENTRAL_WEST,Central-West FC,CAR_D,Carrier D,fast,2,2,0,0.0,0.0,0
2018-06-15,WH_NORTH,North FC,CAR_A,Carrier A,bulky,1,1,0,0.0,0.0,0
2018-06-15,WH_NORTH,North FC,CAR_B,Carrier B,standard,1,1,0,0.0,0.0,0
2018-06-15,WH_NORTH,North FC,CAR_C,Carrier C,bulky,1,1,0,0.0,0.0,0
2018-06-15,WH_NORTH,North FC,CAR_C,Carrier C,standard,1,1,0,0.0,0.0,0
2018-06-15,WH_SOUTH,South FC,CAR_A,Carrier A,bulky,1,1,0,0.0,0.0,0
2018-06-15,WH_SOUTH,South FC,CAR_A,Carrier A,fast,6,6,0,0.0,0.0,0
2018-06-15,WH_SOUTH,South FC,CAR_A,Carrier A,standard,3,1,2,66.67,0.0,0
2018-06-15,WH_SOUTH,South FC,CAR_B,Carrier B,fast,4,4,0,0.0,0.0,0
2018-06-15,WH_SOUTH,South FC,CAR_B,Carrier B,standard,3,3,0,0.0,0.0,0
2018-06-15,WH_SOUTH,South FC,CAR_C,Carrier C,bulky,2,2,0,0.0,0.0,0
2018-06-15,WH_SOUTH,South FC,CAR_C,Carrier C,fast,2,2,0,0.0,0.0,0
2018-06-15,WH_SOUTH,South FC,CAR_C,Carrier C,standard,2,2,0,0.0,0.0,0
2018-06-15,WH_SOUTH,South FC,CAR_D,Carrier D,bulky,2,2,0,0.0,0.0,0
2018-06-15,WH_SOUTHEAST,Southeast FC,CAR_A,Carrier A,bulky,5,3,2,40.0,0.0,0
2018-06-15,WH_SOUTHEAST,Southeast FC,CAR_A,Carrier A,fast,26,25,1,3.85,1.15,1
2018-06-15,WH_SOUTHEAST,Southeast FC,CAR_A,Carrier A,standard,16,12,4,25.0,0.0,0
2018-06-15,WH_SOUTHEAST,Southeast FC,CAR_B,Carrier B,bulky,15,7,8,53.33,0.0,0
2018-06-15,WH_SOUTHEAST,Southeast FC,CAR_B,Carrier B,fast,12,12,0,0.0,0.0,0
2018-06-15,WH_SOUTHEAST,Southeast FC,CAR_B,Carrier B,standard,21,16,5,23.81,0.0,0
2018-06-15,WH_SOUTHEAST,Southeast FC,CAR_C,Carrier C,bulky,9,5,4,44.44,1.56,1
2018-06-15,WH_SOUTHEAST,Southeast FC,CAR_C,Carrier C,fast,13,13,0,0.0,0.0,0
2018-06-15,WH_SOUTHEAST,Southeast FC,CAR_C,Carrier C,standard,11,8,3,27.27,0.0,0
2018-06-15,WH_SOUTHEAST,Southeast FC,CAR_D,Carrier D,bulky,5,0,5,100.0,0.0,0
2018-06-15,WH_SOUTHEAST,Southeast FC,CAR_D,Carrier D,fast,7,6,1,14.29,0.0,0
2018-06-15,WH_SOUTHEAST,Southeast FC,CAR_D,Carrier D,standard,6,4,2,33.33,0.0,0
2018-06-16,WH_CENTRAL_WEST,Central-West FC,CAR_A,Carrier A,bulky,1,1,0,0.0,0.0,0
2018-06-16,WH_CENTRAL_WEST,Central-West FC,CAR_A,Carrier A,fast,3,3,0,0.0,0.0,0
2018-06-16,WH_CENTRAL_WEST,Central-West FC,CAR_A,Carrier A,standard,1,1,0,0.0,0.0,0
2018-06-16,WH_CENTRAL_WEST,Central-West FC,CAR_B,Carrier B,bulky,1,1,0,0.0,0.0,0
2018-06-16,WH_CENTRAL_WEST,Central-West FC,CAR_B,Carrier B,fast,3,3,0,0.0,0.0,0
2018-06-16,WH_CENTRAL_WEST,Central-West FC,CAR_C,Carrier C,bulky,1,0,1,100.0,0.0,0
2018-06-16,WH_CENTRAL_WEST,Central-West FC,CAR_C,Carrier C,standard,2,2,0,0.0,0.0,0
2018-06-16,WH_CENTRAL_WEST,Central-West FC,CAR_D,Carrier D,fast,2,2,0,0.0,0.0,0
2018-06-16,WH_CENTRAL_WEST,Central-West FC,CAR_D,Carrier D,standard,1,1,0,0.0,0.0,0
2018-06-16,WH_NORTH,North FC,CAR_A,Carrier A,bulky,1,1,0,0.0,0.0,0
2018-06-16,WH_NORTH,North FC,CAR_B,Carrier B,fast,2,2,0,0.0,0.0,0
2018-06-16,WH_NORTH,North FC,CAR_D,Carrier D,fast,1,1,0,0.0,0.0,0
2018-06-16,WH_SOUTH,South FC,CAR_A,Carrier A,fast,1,1,0,0.0,0.0,0
2018-06-16,WH_SOUTH,South FC,CAR_A,Carrier A,standard,1,1,0,0.0,0.0,0
2018-06-16,WH_SOUTH,South FC,CAR_B,Carrier B,bulky,1,1,0,0.0,0.0,0
2018-06-16,WH_SOUTH,South FC,CAR_B,Carrier B,standard,4,4,0,0.0,0.0,0
2018-06-16,WH_SOUTH,South FC,CAR_C,Carrier C,fast,2,2,0,0.0,0.0,0
2018-06-16,WH_SOUTH,South FC,CAR_C,Carrier C,standard,1,1,0,0.0,0.0,0
2018-06-16,WH_SOUTH,South FC,CAR_D,Carrier D,bulky,1,1,0,0.0,0.0,0
2018-06-16,WH_SOUTH,South FC,CAR_D,Carrier D,fast,1,1,0,0.0,0.0,0
2018-06-16,WH_SOUTH,South FC,CAR_D,Carrier D,standard,4,4,0,0.0,0.0,0
2018-06-16,WH_SOUTHEAST,Southeast FC,CAR_A,Carrier A,bulky,15,8,7,46.67,0.0,0
2018-06-16,WH_SOUTHEAST,Southeast FC,CAR_A,Carrier A,fast,10,9,1,10.0,0.0,0
2018-06-16,WH_SOUTHEAST,Southeast FC,CAR_A,Carrier A,standard,17,13,4,23.53,0.0,0
2018-06-16,WH_SOUTHEAST,Southeast FC,CAR_B,Carrier B,bulky,6,2,4,66.67,0.0,0
2018-06-16,WH_SOUTHEAST,Southeast FC,CAR_B,Carrier B,fast,12,12,0,0.0,0.0,0
2018-06-16,WH_SOUTHEAST,Southeast FC,CAR_B,Carrier B,standard,18,14,4,22.22,0.0,0
2018-06-16,WH_SOUTHEAST,Southeast FC,CAR_C,Carrier C,bulky,12,9,3,25.0,0.0,0
2018-06-16,WH_SOUTHEAST,Southeast FC,CAR_C,Carrier C,fast,9,9,0,0.0,0.0,0
2018-06-16,WH_SOUTHEAST,Southeast FC,CAR_C,Carrier C,standard,11,4,7,63.64,1.45,1
2018-06-16,WH_SOUTHEAST,Southeast FC,CAR_D,Carrier D,bulky,6,4,2,33.33,0.0,0
2018-06-16,WH_SOUTHEAST,Southeast FC,CAR_D,Carrier D,fast,8,8,0,0.0,0.0,0
2018-06-16,WH_SOUTHEAST,Southeast FC,CAR_D,Carrier D,standard,3,2,1,33.33,0.0,0
2018-06-17,WH_CENTRAL_WEST,Central-West FC,CAR_B,Carrier B,fast,1,1,0,0.0,0.0,0
2018-06-17,WH_CENTRAL_WEST,Central-West FC,CAR_B,Carrier B,standard,2,1,1,50.0,0.0,0
2018-06-17,WH_CENTRAL_WEST,Central-West FC,CAR_D,Carrier D,bulky,1,0,1,100.0,0.0,0
2018-06-17,WH_CENTRAL_WEST,Central-West FC,CAR_D,Carrier D,fast,3,3,0,0.0,0.0,0
2018-06-17,WH_NORTH,North FC,CAR_A,Carrier A,standard,1,1,0,0.0,0.0,0
2018-06-17,WH_SOUTH,South FC,CAR_A,Carrier A,fast,1,1,0,0.0,0.0,0
2018-06-17,WH_SOUTH,South FC,CAR_A,Carrier A,standard,2,2,0,0.0,0.0,0
2018-06-17,WH_SOUTH,South FC,CAR_B,Carrier B,bulky,3,2,1,33.33,0.0,0
2018-06-17,WH_SOUTH,South FC,CAR_B,Carrier B,fast,1,1,0,0.0,0.0,0
2018-06-17,WH_SOUTH,South FC,CAR_C,Carrier C,fast,2,2,0,0.0,0.0,0
2018-06-17,WH_SOUTH,South FC,CAR_D,Carrier D,fast,1,1,0,0.0,0.0,0
2018-06-17,WH_SOUTH,South FC,CAR_D,Carrier D,standard,1,1,0,0.0,0.0,0
2018-06-17,WH_SOUTHEAST,Southeast FC,CAR_A,Carrier A,bulky,10,5,5,50.0,0.0,0
2018-06-17,WH_SOUTHEAST,Southeast FC,CAR_A,Carrier A,fast,18,15,3,16.67,0.0,0
2018-06-17,WH_SOUTHEAST,Southeast FC,CAR_A,Carrier A,standard,13,7,6,46.15,0.62,1
2018-06-17,WH_SOUTHEAST,Southeast FC,CAR_B,Carrier B,bulky,12,4,8,66.67,0.0,0
2018-06-17,WH_SOUTHEAST,Southeast FC,CAR_B,Carrier B,fast,16,11,5,31.25,1.38,1
2018-06-17,WH_SOUTHEAST,Southeast FC,CAR_B,Carrier B,standard,17,6,11,64.71,0.0,0
2018-06-17,WH_SOUTHEAST,Southeast FC,CAR_C,Carrier C,bulky,7,1,6,85.71,0.0,0
2018-06-17,WH_SOUTHEAST,Southeast FC,CAR_C,Carrier C,fast,17,11,6,35.29,0.0,0
2018-06-17,WH_SOUTHEAST,Southeast FC,CAR_C,Carrier C,standard,8,3,5,62.5,0.0,0
2018-06-17,WH_SOUTHEAST,Southeast FC,CAR_D,Carrier D,bulky,4,1,3,75.0,0.0,0
2018-06-17,WH_SOUTHEAST,Southeast FC,CAR_D,Carrier D,fast,5,2,3,60.0,0.0,0
2018-06-17,WH_SOUTHEAST,Southeast FC,CAR_D,Carrier D,standard,5,1,4,80.0,0.0,0
2018-06-18,WH_CENTRAL_WEST,Central-West FC,CAR_A,Carrier A,bulky,1,0,1,100.0,0.0,0
2018-06-18,WH_CENTRAL_WEST,Central-West FC,CAR_A,Carrier A,standard,3,3,0,0.0,0.0,0
2018-06-18,WH_CENTRAL_WEST,Central-West FC,CAR_B,Carrier B,bulky,1,0,1,100.0,0.0,0
2018-06-18,WH_CENTRAL_WEST,Central-West FC,CAR_B,Carrier B,fast,1,1,0,0.0,0.0,0
2018-06-18,WH_CENTRAL_WEST,Central-West FC,CAR_B,Carrier B,standard,1,1,0,0.0,0.0,0
2018-06-18,WH_CENTRAL_WEST,Central-West FC,CAR_C,Carrier C,fast,1,1,0,0.0,0.0,0
2018-06-18,WH_CENTRAL_WEST,Central-West FC,CAR_C,Carrier C,standard,2,2,0,0.0,0.0,0
2018-06-18,WH_CENTRAL_WEST,Central-West FC,CAR_D,Carrier D,fast,1,1,0,0.0,0.0,0
2018-06-18,WH_CENTRAL_WEST,Central-West FC,CAR_D,Carrier D,standard,2,2,0,0.0,0.0,0
2018-06-18,WH_NORTH,North FC,CAR_A,Carrier A,standard,1,1,0,0.0,0.0,0
2018-06-18,WH_NORTH,North FC,CAR_B,Carrier B,standard,1,1,0,0.0,0.0,0
2018-06-18,WH_SOUTH,South FC,CAR_A,Carrier A,bulky,7,3,4,57.14,0.0,0
2018-06-18,WH_SOUTH,South FC,CAR_A,Carrier A,fast,6,6,0,0.0,0.0,0
2018-06-18,WH_SOUTH,South FC,CAR_A,Carrier A,standard,4,3,1,25.0,0.0,0
2018-06-18,WH_SOUTH,South FC,CAR_B,Carrier B,bulky,3,1,2,66.67,0.0,0
2018-06-18,WH_SOUTH,South FC,CAR_B,Carrier B,fast,4,4,0,0.0,0.0,0
2018-06-18,WH_SOUTH,South FC,CAR_B,Carrier B,standard,3,3,0,0.0,0.0,0
2018-06-18,WH_SOUTH,South FC,CAR_C,Carrier C,bulky,4,1,3,75.0,0.0,0
2018-06-18,WH_SOUTH,South FC,CAR_C,Carrier C,fast,3,3,0,0.0,0.0,0
2018-06-18,WH_SOUTH,South FC,CAR_D,Carrier D,bulky,1,1,0,0.0,0.0,0
2018-06-18,WH_SOUTH,South FC,CAR_D,Carrier D,fast,1,1,0,0.0,0.0,0
2018-06-18,WH_SOUTHEAST,Southeast FC,CAR_A,Carrier A,bulky,11,2,9,81.82,0.0,0
2018-06-18,WH_SOUTHEAST,Southeast FC,CAR_A,Carrier A,fast,27,22,5,18.52,0.0,0
2018-06-18,WH_SOUTHEAST,Southeast FC,CAR_A,Carrier A,standard,22,5,17,77.27,0.0,0
2018-06-18,WH_SOUTHEAST,Southeast FC,CAR_B,Carrier B,bulky,17,9,8,47.06,0.0,0
2018-06-18,WH_SOUTHEAST,Southeast FC,CAR_B,Carrier B,fast,31,23,8,25.81,0.13,2
2018-06-18,WH_SOUTHEAST,Southeast FC,CAR_B,Carrier B,standard,19,10,9,47.37,0.0,0
2018-06-18,WH_SOUTHEAST,Southeast FC,CAR_C,Carrier C,bulky,11,2,9,81.82,0.0,0
2018-06-18,WH_SOUTHEAST,Southeast FC,CAR_C,Carrier C,fast,13,8,5,38.46,0.0,0
2018-06-18,WH_SOUTHEAST,Southeast FC,CAR_C,Carrier C,standard,7,2,5,71.43,0.0,0
2018-06-18,WH_SOUTHEAST,Southeast FC,CAR_D,Carrier D,bulky,7,3,4,57.14,0.0,0
2018-06-18,WH_SOUTHEAST,Southeast FC,CAR_D,Carrier D,fast,16,9,7,43.75,0.0,0
2018-06-18,WH_SOUTHEAST,Southeast FC,CAR_D,Carrier D,standard,11,5,6,54.55,0.0,0
2018-06-19,WH_CENTRAL_WEST,Central-West FC,CAR_A,Carrier A,fast,3,3,0,0.0,0.0,0
2018-06-19,WH_CENTRAL_WEST,Central-West FC,CAR_A,Carrier A,standard,1,1,0,0.0,0.0,0
2018-06-19,WH_CENTRAL_WEST,Central-West FC,CAR_B,Carrier B,standard,1,1,0,0.0,0.0,0
2018-06-19,WH_CENTRAL_WEST,Central-West FC,CAR_C,Carrier C,bulky,2,1,1,50.0,0.0,0
2018-06-19,WH_CENTRAL_WEST,Central-West FC,CAR_C,Carrier C,fast,1,1,0,0.0,0.0,0
2018-06-19,WH_CENTRAL_WEST,Central-West FC,CAR_C,Carrier C,standard,2,2,0,0.0,0.0,0
2018-06-19,WH_CENTRAL_WEST,Central-West FC,CAR_D,Carrier D,fast,3,3,0,0.0,0.0,0
2018-06-19,WH_CENTRAL_WEST,Central-West FC,CAR_D,Carrier D,standard,2,2,0,0.0,0.0,0
2018-06-19,WH_NORTH,North FC,CAR_A,Carrier A,fast,1,1,0,0.0,0.0,0
2018-06-19,WH_NORTH,North FC,CAR_B,Carrier B,standard,1,1,0,0.0,0.0,0
2018-06-19,WH_SOUTH,South FC,CAR_A,Carrier A,bulky,3,1,2,66.67,0.0,0
2018-06-19,WH_SOUTH,South FC,CAR_A,Carrier A,fast,4,4,0,0.0,0.0,0
2018-06-19,WH_SOUTH,South FC,CAR_A,Carrier A,standard,3,3,0,0.0,0.0,0
2018-06-19,WH_SOUTH,South FC,CAR_B,Carrier B,bulky,3,1,2,66.67,0.0,0
2018-06-19,WH_SOUTH,South FC,CAR_B,Carrier B,fast,4,4,0,0.0,0.0,0
2018-06-19,WH_SOUTH,South FC,CAR_B,Carrier B,standard,2,2,0,0.0,0.0,0
2018-06-19,WH_SOUTH,South FC,CAR_C,Carrier C,bulky,2,1,1,50.0,0.0,0
2018-06-19,WH_SOUTH,South FC,CAR_C,Carrier C,fast,3,3,0,0.0,0.0,0
2018-06-19,WH_SOUTH,South FC,CAR_C,Carrier C,standard,1,1,0,0.0,0.0,0
2018-06-19,WH_SOUTH,South FC,CAR_D,Carrier D,bulky,2,0,2,100.0,0.0,0
2018-06-19,WH_SOUTH,South FC,CAR_D,Carrier D,standard,1,1,0,0.0,0.0,0
2018-06-19,WH_SOUTHEAST,Southeast FC,CAR_A,Carrier A,bulky,11,4,7,63.64,0.0,0
2018-06-19,WH_SOUTHEAST,Southeast FC,CAR_A,Carrier A,fast,16,11,5,31.25,0.75,1
2018-06-19,WH_SOUTHEAST,Southeast FC,CAR_A,Carrier A,standard,26,15,11,42.31,0.0,0
2018-06-19,WH_SOUTHEAST,Southeast FC,CAR_B,Carrier B,bulky,16,7,9,56.25,0.0,0
2018-06-19,WH_SOUTHEAST,Southeast FC,CAR_B,Carrier B,fast,22,14,8,36.36,0.0,0
2018-06-19,WH_SOUTHEAST,Southeast FC,CAR_B,Carrier B,standard,17,11,6,35.29,0.0,0
2018-06-19,WH_SOUTHEAST,Southeast FC,CAR_C,Carrier C,bulky,17,8,9,52.94,0.29,1
2018-06-19,WH_SOUTHEAST,Southeast FC,CAR_C,Carrier C,fast,12,5,7,58.33,0.0,0
2018-06-19,WH_SOUTHEAST,Southeast FC,CAR_C,Carrier C,standard,18,12,6,33.33,0.11,1
2018-06-19,WH_SOUTHEAST,Southeast FC,CAR_D,Carrier D,bulky,5,2,3,60.0,0.0,0
2018-06-19,WH_SOUTHEAST,Southeast FC,CAR_D,Carrier D,fast,13,8,5,38.46,0.0,0
2018-06-19,WH_SOUTHEAST,Southeast FC,CAR_D,Carrier D,standard,10,8,2,20.0,0.0,0
2018-06-20,WH_CENTRAL_WEST,Central-West FC,CAR_A,Carrier A,bulky,2,1,1,50.0,0.0,0
2018-06-20,WH_CENTRAL_WEST,Central-West FC,CAR_A,Carrier A,fast,3,3,0,0.0,0.0,0
2018-06-20,WH_CENTRAL_WEST,Central-West FC,CAR_B,Carrier B,bulky,1,0,1,100.0,0.0,0
2018-06-20,WH_CENTRAL_WEST,Central-West FC,CAR_B,Carrier B,fast,1,1,0,0.0,0.0,0
2018-06-20,WH_CENTRAL_WEST,Central-West FC,CAR_C,Carrier C,fast,1,1,0,0.0,0.0,0
2018-06-20,WH_CENTRAL_WEST,Central-West FC,CAR_C,Carrier C,standard,2,2,0,0.0,0.0,0
2018-06-20,WH_CENTRAL_WEST,Central-West FC,CAR_D,Carrier D,fast,2,2,0,0.0,0.0,0
2018-06-20,WH_NORTH,North FC,CAR_A,Carrier A,bulky,1,1,0,0.0,0.0,0
2018-06-20,WH_NORTH,North FC,CAR_B,Carrier B,fast,1,1,0,0.0,0.0,0
2018-06-20,WH_NORTH,North FC,CAR_C,Carrier C,standard,1,1,0,0.0,0.0,0
2018-06-20,WH_NORTH,North FC,CAR_D,Carrier D,fast,1,1,0,0.0,0.0,0
2018-06-20,WH_NORTH,North FC,CAR_D,Carrier D,standard,1,1,0,0.0,0.0,0
2018-06-20,WH_SOUTH,South FC,CAR_A,Carrier A,bulky,2,1,1,50.0,0.0,0
2018-06-20,WH_SOUTH,South FC,CAR_A,Carrier A,fast,4,4,0,0.0,0.0,0
2018-06-20,WH_SOUTH,South FC,CAR_A,Carrier A,standard,1,1,0,0.0,0.0,0
2018-06-20,WH_SOUTH,South FC,CAR_B,Carrier B,bulky,5,3,2,40.0,0.0,0
2018-06-20,WH_SOUTH,South FC,CAR_B,Carrier B,fast,4,4,0,0.0,0.0,0
2018-06-20,WH_SOUTH,South FC,CAR_B,Carrier B,standard,4,4,0,0.0,0.0,0
2018-06-20,WH_SOUTH,South FC,CAR_C,Carrier C,bulky,3,1,2,66.67,0.0,0
2018-06-20,WH_SOUTH,South FC,CAR_C,Carrier C,fast,3,3,0,0.0,0.0,0
2018-06-20,WH_SOUTH,South FC,CAR_C,Carrier C,standard,4,4,0,0.0,0.0,0
2018-06-20,WH_SOUTH,South FC,CAR_D,Carrier D,fast,2,2,0,0.0,0.0,0
2018-06-20,WH_SOUTH,South FC,CAR_D,Carrier D,standard,1,0,1,100.0,0.0,0
2018-06-20,WH_SOUTHEAST,Southeast FC,CAR_A,Carrier A,bulky,13,4,9,69.23,0.0,0
2018-06-20,WH_SOUTHEAST,Southeast FC,CAR_A,Carrier A,fast,25,23,2,8.0,0.0,0
2018-06-20,WH_SOUTHEAST,Southeast FC,CAR_A,Carrier A,standard,14,9,5,35.71,0.0,0
2018-06-20,WH_SOUTHEAST,Southeast FC,CAR_B,Carrier B,bulky,17,6,11,64.71,0.0,0
2018-06-20,WH_SOUTHEAST,Southeast FC,CAR_B,Carrier B,fast,20,17,3,15.0,0.0,0
2018-06-20,WH_SOUTHEAST,Southeast FC,CAR_B,Carrier B,standard,19,13,6,31.58,0.0,0
2018-06-20,WH_SOUTHEAST,Southeast FC,CAR_C,Carrier C,bulky,14,4,10,71.43,0.0,0
2018-06-20,WH_SOUTHEAST,Southeast FC,CAR_C,Carrier C,fast,13,11,2,15.38,0.0,0
2018-06-20,WH_SOUTHEAST,Southeast FC,CAR_C,Carrier C,standard,13,8,5,38.46,0.0,0
2018-06-20,WH_SOUTHEAST,Southeast FC,CAR_D,Carrier D,bulky,3,0,3,100.0,0.0,0
2018-06-20,WH_SOUTHEAST,Southeast FC,CAR_D,Carrier D,fast,8,7,1,12.5,0.0,0
2018-06-20,WH_SOUTHEAST,Southeast FC,CAR_D,Carrier D,standard,6,1,5,83.33,0.0,0
2018-06-21,WH_CENTRAL_WEST,Central-West FC,CAR_A,Carrier A,fast,1,1,0,0.0,0.0,0
2018-06-21,WH_CENTRAL_WEST,Central-West FC,CAR_B,Carrier B,bulky,1,1,0,0.0,0.0,0
2018-06-21,WH_CENTRAL_WEST,Central-West FC,CAR_B,Carrier B,fast,5,5,0,0.0,0.0,0
2018-06-21,WH_CENTRAL_WEST,Central-West FC,CAR_B,Carrier B,standard,1,1,0,0.0,0.0,0
2018-06-21,WH_CENTRAL_WEST,Central-West FC,CAR_C,Carrier C,fast,1,1,0,0.0,0.0,0
2018-06-21,WH_CENTRAL_WEST,Central-West FC,CAR_D,Carrier D,fast,3,3,0,0.0,0.0,0
2018-06-21,WH_CENTRAL_WEST,Central-West FC,CAR_D,Carrier D,standard,2,2,0,0.0,0.0,0
2018-06-21,WH_SOUTH,South FC,CAR_A,Carrier A,bulky,5,2,3,60.0,0.0,0
2018-06-21,WH_SOUTH,South FC,CAR_A,Carrier A,fast,2,2,0,0.0,0.0,0
2018-06-21,WH_SOUTH,South FC,CAR_A,Carrier A,standard,2,2,0,0.0,0.0,0
2018-06-21,WH_SOUTH,South FC,CAR_B,Carrier B,bulky,3,1,2,66.67,0.0,0
2018-06-21,WH_SOUTH,South FC,CAR_B,Carrier B,fast,5,5,0,0.0,0.0,0
2018-06-21,WH_SOUTH,South FC,CAR_B,Carrier B,standard,4,3,1,25.0,0.0,0
2018-06-21,WH_SOUTH,South FC,CAR_C,Carrier C,bulky,2,1,1,50.0,0.0,0
2018-06-21,WH_SOUTH,South FC,CAR_C,Carrier C,fast,2,2,0,0.0,0.0,0
2018-06-21,WH_SOUTH,South FC,CAR_C,Carrier C,standard,2,2,0,0.0,0.0,0
2018-06-21,WH_SOUTH,South FC,CAR_D,Carrier D,bulky,1,1,0,0.0,0.0,0
2018-06-21,WH_SOUTH,South FC,CAR_D,Carrier D,fast,1,1,0,0.0,0.0,0
2018-06-21,WH_SOUTH,South FC,CAR_D,Carrier D,standard,1,1,0,0.0,0.0,0
2018-06-21,WH_SOUTHEAST,Southeast FC,CAR_A,Carrier A,bulky,11,3,8,72.73,0.0,0
2018-06-21,WH_SOUTHEAST,Southeast FC,CAR_A,Carrier A,fast,35,34,1,2.86,0.03,1
2018-06-21,WH_SOUTHEAST,Southeast FC,CAR_A,Carrier A,standard,28,17,11,39.29,0.21,1
2018-06-21,WH_SOUTHEAST,Southeast FC,CAR_B,Carrier B,bulky,17,6,11,64.71,0.0,0
2018-06-21,WH_SOUTHEAST,Southeast FC,CAR_B,Carrier B,fast,26,26,0,0.0,0.0,0
2018-06-21,WH_SOUTHEAST,Southeast FC,CAR_B,Carrier B,standard,13,8,5,38.46,0.08,1
2018-06-21,WH_SOUTHEAST,Southeast FC,CAR_C,Carrier C,bulky,11,5,6,54.55,0.0,0
2018-06-21,WH_SOUTHEAST,Southeast FC,CAR_C,Carrier C,fast,20,20,0,0.0,0.0,0
2018-06-21,WH_SOUTHEAST,Southeast FC,CAR_C,Carrier C,standard,13,7,6,46.15,3.31,1
2018-06-21,WH_SOUTHEAST,Southeast FC,CAR_D,Carrier D,bulky,5,3,2,40.0,0.0,0
2018-06-21,WH_SOUTHEAST,Southeast FC,CAR_D,Carrier D,fast,6,5,1,16.67,0.0,0
2018-06-21,WH_SOUTHEAST,Southeast FC,CAR_D,Carrier D,standard,3,2,1,33.33,0.0,0
2018-06-22,WH_CENTRAL_WEST,Central-West FC,CAR_A,Carrier A,fast,1,1,0,0.0,0.0,0
2018-06-22,WH_CENTRAL_WEST,Central-West FC,CAR_A,Carrier A,standard,2,2,0,0.0,0.0,0
2018-06-22,WH_CENTRAL_WEST,Central-West FC,CAR_B,Carrier B,bulky,2,1,1,50.0,0.0,0
2018-06-22,WH_CENTRAL_WEST,Central-West FC,CAR_B,Carrier B,fast,3,3,0,0.0,0.0,0
2018-06-22,WH_CENTRAL_WEST,Central-West FC,CAR_B,Carrier B,standard,2,2,0,0.0,0.0,0
2018-06-22,WH_CENTRAL_WEST,Central-West FC,CAR_D,Carrier D,bulky,1,1,0,0.0,0.0,0
2018-06-22,WH_CENTRAL_WEST,Central-West FC,CAR_D,Carrier D,fast,2,2,0,0.0,0.0,0
2018-06-22,WH_CENTRAL_WEST,Central-West FC,CAR_D,Carrier D,standard,2,2,0,0.0,0.0,0
2018-06-22,WH_NORTH,North FC,CAR_A,Carrier A,bulky,1,1,0,0.0,0.0,0
2018-06-22,WH_NORTH,North FC,CAR_B,Carrier B,fast,1,1,0,0.0,0.0,0
2018-06-22,WH_NORTH,North FC,CAR_D,Carrier D,standard,1,1,0,0.0,0.0,0
2018-06-22,WH_SOUTH,South FC,CAR_A,Carrier A,bulky,2,1,1,50.0,0.0,0
2018-06-22,WH_SOUTH,South FC,CAR_A,Carrier A,fast,2,2,0,0.0,0.0,0
2018-06-22,WH_SOUTH,South FC,CAR_A,Carrier A,standard,5,4,1,20.0,0.0,0
2018-06-22,WH_SOUTH,South FC,CAR_B,Carrier B,fast,2,2,0,0.0,5.0,1
2018-06-22,WH_SOUTH,South FC,CAR_B,Carrier B,standard,5,5,0,0.0,0.0,0
2018-06-22,WH_SOUTH,South FC,CAR_C,Carrier C,bulky,2,2,0,0.0,0.0,0
2018-06-22,WH_SOUTH,South FC,CAR_C,Carrier C,fast,2,2,0,0.0,0.0,0
2018-06-22,WH_SOUTH,South FC,CAR_C,Carrier C,standard,1,0,1,100.0,0.0,0
2018-06-22,WH_SOUTH,South FC,CAR_D,Carrier D,bulky,1,0,1,100.0,0.0,0
2018-06-22,WH_SOUTH,South FC,CAR_D,Carrier D,fast,5,5,0,0.0,0.0,0
2018-06-22,WH_SOUTHEAST,Southeast FC,CAR_A,Carrier A,bulky,11,6,5,45.45,0.0,0
2018-06-22,WH_SOUTHEAST,Southeast FC,CAR_A,Carrier A,fast,13,12,1,7.69,0.0,0
2018-06-22,WH_SOUTHEAST,Southeast FC,CAR_A,Carrier A,standard,22,17,5,22.73,0.0,0
2018-06-22,WH_SOUTHEAST,Southeast FC,CAR_B,Carrier B,bulky,8,3,5,62.5,0.0,0
2018-06-22,WH_SOUTHEAST,Southeast FC,CAR_B,Carrier B,fast,21,20,1,4.76,0.0,0
2018-06-22,WH_SOUTHEAST,Southeast FC,CAR_B,Carrier B,standard,16,10,6,37.5,0.0,0
2018-06-22,WH_SOUTHEAST,Southeast FC,CAR_C,Carrier C,bulky,6,2,4,66.67,0.0,0
2018-06-22,WH_SOUTHEAST,Southeast FC,CAR_C,Carrier C,fast,12,12,0,0.0,0.0,0
2018-06-22,WH_SOUTHEAST,Southeast FC,CAR_C,Carrier C,standard,8,5,3,37.5,0.0,0
2018-06-22,WH_SOUTHEAST,Southeast FC,CAR_D,Carrier D,bulky,4,2,2,50.0,0.0,0
2018-06-22,WH_SOUTHEAST,Southeast FC,CAR_D,Carrier D,fast,5,5,0,0.0,0.0,0
2018-06-22,WH_SOUTHEAST,Southeast FC,CAR_D,Carrier D,standard,6,6,0,0.0,0.0,0
2018-06-23,WH_CENTRAL_WEST,Central-West FC,CAR_A,Carrier A,bulky,2,2,0,0.0,0.0,0
2018-06-23,WH_CENTRAL_WEST,Central-West FC,CAR_A,Carrier A,standard,1,1,0,0.0,0.0,0
2018-06-23,WH_CENTRAL_WEST,Central-West FC,CAR_B,Carrier B,fast,2,2,0,0.0,0.0,0
2018-06-23,WH_CENTRAL_WEST,Central-West FC,CAR_B,Carrier B,standard,2,2,0,0.0,0.0,0
2018-06-23,WH_CENTRAL_WEST,Central-West FC,CAR_D,Carrier D,standard,1,1,0,0.0,0.0,0
2018-06-23,WH_NORTH,North FC,CAR_C,Carrier C,fast,1,1,0,0.0,0.0,0
2018-06-23,WH_SOUTH,South FC,CAR_A,Carrier A,fast,3,3,0,0.0,0.0,0
2018-06-23,WH_SOUTH,South FC,CAR_A,Carrier A,standard,3,3,0,0.0,9.0,1
2018-06-23,WH_SOUTH,South FC,CAR_B,Carrier B,bulky,2,1,1,50.0,0.0,0
2018-06-23,WH_SOUTH,South FC,CAR_B,Carrier B,fast,2,2,0,0.0,0.0,0
2018-06-23,WH_SOUTH,South FC,CAR_B,Carrier B,standard,3,2,1,33.33,0.0,0
2018-06-23,WH_SOUTH,South FC,CAR_C,Carrier C,bulky,1,0,1,100.0,0.0,0
2018-06-23,WH_SOUTH,South FC,CAR_C,Carrier C,fast,2,2,0,0.0,0.0,0
2018-06-23,WH_SOUTH,South FC,CAR_C,Carrier C,standard,4,4,0,0.0,0.0,0
2018-06-23,WH_SOUTH,South FC,CAR_D,Carrier D,bulky,1,0,1,100.0,0.0,0
2018-06-23,WH_SOUTH,South FC,CAR_D,Carrier D,fast,1,0,1,100.0,0.0,0
2018-06-23,WH_SOUTH,South FC,CAR_D,Carrier D,standard,1,1,0,0.0,0.0,0
2018-06-23,WH_SOUTHEAST,Southeast FC,CAR_A,Carrier A,bulky,7,3,4,57.14,0.0,0
2018-06-23,WH_SOUTHEAST,Southeast FC,CAR_A,Carrier A,fast,18,16,2,11.11,0.0,0
2018-06-23,WH_SOUTHEAST,Southeast FC,CAR_A,Carrier A,standard,13,9,4,30.77,0.0,0
2018-06-23,WH_SOUTHEAST,Southeast FC,CAR_B,Carrier B,bulky,11,4,7,63.64,0.0,0
2018-06-23,WH_SOUTHEAST,Southeast FC,CAR_B,Carrier B,fast,16,15,1,6.25,0.0,0
2018-06-23,WH_SOUTHEAST,Southeast FC,CAR_B,Carrier B,standard,15,8,7,46.67,0.0,0
2018-06-23,WH_SOUTHEAST,Southeast FC,CAR_C,Carrier C,bulky,7,1,6,85.71,0.0,0
2018-06-23,WH_SOUTHEAST,Southeast FC,CAR_C,Carrier C,fast,10,9,1,10.0,0.0,0
2018-06-23,WH_SOUTHEAST,Southeast FC,CAR_C,Carrier C,standard,10,4,6,60.0,0.0,0
2018-06-23,WH_SOUTHEAST,Southeast FC,CAR_D,Carrier D,bulky,4,0,4,100.0,0.0,0
2018-06-23,WH_SOUTHEAST,Southeast FC,CAR_D,Carrier D,fast,2,1,1,50.0,0.0,0
2018-06-23,WH_SOUTHEAST,Southeast FC,CAR_D,Carrier D,standard,4,3,1,25.0,0.0,0
2018-06-24,WH_CENTRAL_WEST,Central-West FC,CAR_A,Carrier A,standard,4,2,2,50.0,0.0,0
2018-06-24,WH_CENTRAL_WEST,Central-West FC,CAR_B,Carrier B,bulky,1,1,0,0.0,0.0,0
2018-06-24,WH_CENTRAL_WEST,Central-West FC,CAR_B,Carrier B,fast,4,4,0,0.0,0.0,0
2018-06-24,WH_CENTRAL_WEST,Central-West FC,CAR_B,Carrier B,standard,2,2,0,0.0,0.0,0
2018-06-24,WH_CENTRAL_WEST,Central-West FC,CAR_C,Carrier C,bulky,1,1,0,0.0,0.0,0
2018-06-24,WH_CENTRAL_WEST,Central-West FC,CAR_C,Carrier C,standard,1,0,1,100.0,0.0,0
2018-06-24,WH_CENTRAL_WEST,Central-West FC,CAR_D,Carrier D,bulky,1,0,1,100.0,0.0,0
2018-06-24,WH_CENTRAL_WEST,Central-West FC,CAR_D,Carrier D,fast,1,1,0,0.0,0.0,0
2018-06-24,WH_NORTH,North FC,CAR_B,Carrier B,bulky,1,1,0,0.0,0.0,0
2018-06-24,WH_NORTH,North FC,CAR_B,Carrier B,fast,2,2,0,0.0,0.0,0
2018-06-24,WH_NORTH,North FC,CAR_C,Carrier C,standard,1,1,0,0.0,0.0,0
2018-06-24,WH_SOUTH,South FC,CAR_A,Carrier A,bulky,2,2,0,0.0,0.0,0
2018-06-24,WH_SOUTH,South FC,CAR_A,Carrier A,fast,1,1,0,0.0,0.0,0
2018-06-24,WH_SOUTH,South FC,CAR_A,Carrier A,standard,3,2,1,33.33,0.0,0
2018-06-24,WH_SOUTH,South FC,CAR_B,Carrier B,bulky,3,2,1,33.33,0.0,0
2018-06-24,WH_SOUTH,South FC,CAR_B,Carrier B,fast,1,1,0,0.0,0.0,0
2018-06-24,WH_SOUTH,South FC,CAR_B,Carrier B,standard,2,1,1,50.0,0.0,0
2018-06-24,WH_SOUTH,South FC,CAR_C,Carrier C,bulky,1,0,1,100.0,0.0,0
2018-06-24,WH_SOUTH,South FC,CAR_C,Carrier C,standard,5,3,2,40.0,5.6,1
2018-06-24,WH_SOUTH,South FC,CAR_D,Carrier D,bulky,1,0,1,100.0,0.0,0
2018-06-24,WH_SOUTH,South FC,CAR_D,Carrier D,fast,2,2,0,0.0,0.0,0
2018-06-24,WH_SOUTH,South FC,CAR_D,Carrier D,standard,1,1,0,0.0,0.0,0
2018-06-24,WH_SOUTHEAST,Southeast FC,CAR_A,Carrier A,bulky,10,4,6,60.0,0.0,0
2018-06-24,WH_SOUTHEAST,Southeast FC,CAR_A,Carrier A,fast,18,14,4,22.22,0.0,0
2018-06-24,WH_SOUTHEAST,Southeast FC,CAR_A,Carrier A,standard,18,6,12,66.67,0.0,0
2018-06-24,WH_SOUTHEAST,Southeast FC,CAR_B,Carrier B,bulky,19,8,11,57.89,0.0,0
2018-06-24,WH_SOUTHEAST,Southeast FC,CAR_B,Carrier B,fast,20,16,4,20.0,0.0,0
2018-06-24,WH_SOUTHEAST,Southeast FC,CAR_B,Carrier B,standard,17,6,11,64.71,0.0,0
2018-06-24,WH_SOUTHEAST,Southeast FC,CAR_C,Carrier C,bulky,9,4,5,55.56,1.56,2
2018-06-24,WH_SOUTHEAST,Southeast FC,CAR_C,Carrier C,fast,9,8,1,11.11,0.0,0
2018-06-24,WH_SOUTHEAST,Southeast FC,CAR_C,Carrier C,standard,17,9,8,47.06,0.0,0
2018-06-24,WH_SOUTHEAST,Southeast FC,CAR_D,Carrier D,bulky,5,0,5,100.0,0.0,0
2018-06-24,WH_SOUTHEAST,Southeast FC,CAR_D,Carrier D,fast,8,6,2,25.0,0.0,0
2018-06-24,WH_SOUTHEAST,Southeast FC,CAR_D,Carrier D,standard,7,4,3,42.86,0.0,0
2018-06-25,WH_CENTRAL_WEST,Central-West FC,CAR_A,Carrier A,fast,3,3,0,0.0,0.0,0
2018-06-25,WH_CENTRAL_WEST,Central-West FC,CAR_A,Carrier A,standard,1,1,0,0.0,0.0,0
2018-06-25,WH_CENTRAL_WEST,Central-West FC,CAR_B,Carrier B,bulky,2,0,2,100.0,0.0,0
2018-06-25,WH_CENTRAL_WEST,Central-West FC,CAR_B,Carrier B,fast,1,1,0,0.0,0.0,0
2018-06-25,WH_CENTRAL_WEST,Central-West FC,CAR_B,Carrier B,standard,2,2,0,0.0,0.0,0
2018-06-25,WH_CENTRAL_WEST,Central-West FC,CAR_C,Carrier C,bulky,1,1,0,0.0,0.0,0
2018-06-25,WH_CENTRAL_WEST,Central-West FC,CAR_C,Carrier C,standard,3,3,0,0.0,0.0,0
2018-06-25,WH_CENTRAL_WEST,Central-West FC,CAR_D,Carrier D,bulky,3,1,2,66.67,0.0,0
2018-06-25,WH_CENTRAL_WEST,Central-West FC,CAR_D,Carrier D,fast,2,2,0,0.0,0.0,0
2018-06-25,WH_CENTRAL_WEST,Central-West FC,CAR_D,Carrier D,standard,2,1,1,50.0,0.0,0
2018-06-25,WH_NORTH,North FC,CAR_C,Carrier C,bulky,1,1,0,0.0,0.0,0
2018-06-25,WH_SOUTH,South FC,CAR_A,Carrier A,bulky,3,3,0,0.0,0.0,0
2018-06-25,WH_SOUTH,South FC,CAR_A,Carrier A,fast,5,5,0,0.0,0.0,0
2018-06-25,WH_SOUTH,South FC,CAR_A,Carrier A,standard,4,4,0,0.0,0.0,0
2018-06-25,WH_SOUTH,South FC,CAR_B,Carrier B,bulky,2,0,2,100.0,0.0,0
2018-06-25,WH_SOUTH,South FC,CAR_B,Carrier B,standard,7,5,2,28.57,0.0,0
2018-06-25,WH_SOUTH,South FC,CAR_C,Carrier C,bulky,3,3,0,0.0,0.0,0
2018-06-25,WH_SOUTH,South FC,CAR_C,Carrier C,fast,3,2,1,33.33,0.0,0
2018-06-25,WH_SOUTH,South FC,CAR_C,Carrier C,standard,3,3,0,0.0,0.0,0
2018-06-25,WH_SOUTH,South FC,CAR_D,Carrier D,fast,2,2,0,0.0,0.0,0
2018-06-25,WH_SOUTH,South FC,CAR_D,Carrier D,standard,1,1,0,0.0,0.0,0
2018-06-25,WH_SOUTHEAST,Southeast FC,CAR_A,Carrier A,bulky,12,3,9,75.0,0.0,0
2018-06-25,WH_SOUTHEAST,Southeast FC,CAR_A,Carrier A,fast,27,18,9,33.33,0.22,1
2018-06-25,WH_SOUTHEAST,Southeast FC,CAR_A,Carrier A,standard,18,7,11,61.11,0.0,0
2018-06-25,WH_SOUTHEAST,Southeast FC,CAR_B,Carrier B,bulky,20,6,14,70.0,0.0,0
2018-06-25,WH_SOUTHEAST,Southeast FC,CAR_B,Carrier B,fast,25,20,5,20.0,0.2,1
2018-06-25,WH_SOUTHEAST,Southeast FC,CAR_B,Carrier B,standard,17,6,11,64.71,0.0,0
2018-06-25,WH_SOUTHEAST,Southeast FC,CAR_C,Carrier C,bulky,9,3,6,66.67,0.0,0
2018-06-25,WH_SOUTHEAST,Southeast FC,CAR_C,Carrier C,fast,17,11,6,35.29,0.0,0
2018-06-25,WH_SOUTHEAST,Southeast FC,CAR_C,Carrier C,standard,14,8,6,42.86,4.14,1
2018-06-25,WH_SOUTHEAST,Southeast FC,CAR_D,Carrier D,bulky,5,0,5,100.0,0.0,0
2018-06-25,WH_SOUTHEAST,Southeast FC,CAR_D,Carrier D,fast,11,8,3,27.27,0.0,0
2018-06-25,WH_SOUTHEAST,Southeast FC,CAR_D,Carrier D,standard,9,3,6,66.67,0.0,0
2018-06-26,WH_CENTRAL_WEST,Central-West FC,CAR_A,Carrier A,bulky,1,0,1,100.0,0.0,0
2018-06-26,WH_CENTRAL_WEST,Central-West FC,CAR_A,Carrier A,fast,1,1,0,0.0,0.0,0
2018-06-26,WH_CENTRAL_WEST,Central-West FC,CAR_A,Carrier A,standard,2,2,0,0.0,0.0,0
2018-06-26,WH_CENTRAL_WEST,Central-West FC,CAR_B,Carrier B,standard,4,4,0,0.0,0.0,0
2018-06-26,WH_CENTRAL_WEST,Central-West FC,CAR_D,Carrier D,bulky,3,1,2,66.67,0.0,0
2018-06-26,WH_CENTRAL_WEST,Central-West FC,CAR_D,Carrier D,fast,4,4,0,0.0,0.0,0
2018-06-26,WH_CENTRAL_WEST,Central-West FC,CAR_D,Carrier D,standard,1,1,0,0.0,0.0,0
2018-06-26,WH_NORTH,North FC,CAR_B,Carrier B,fast,1,1,0,0.0,0.0,0
2018-06-26,WH_NORTH,North FC,CAR_B,Carrier B,standard,1,1,0,0.0,0.0,0
2018-06-26,WH_NORTH,North FC,CAR_C,Carrier C,bulky,1,1,0,0.0,0.0,0
2018-06-26,WH_NORTH,North FC,CAR_C,Carrier C,standard,1,1,0,0.0,0.0,0
2018-06-26,WH_NORTH,North FC,CAR_D,Carrier D,fast,1,1,0,0.0,0.0,0
2018-06-26,WH_SOUTH,South FC,CAR_A,Carrier A,bulky,3,2,1,33.33,0.0,0
2018-06-26,WH_SOUTH,South FC,CAR_A,Carrier A,fast,3,3,0,0.0,0.0,0
2018-06-26,WH_SOUTH,South FC,CAR_A,Carrier A,standard,3,3,0,0.0,0.0,0
2018-06-26,WH_SOUTH,South FC,CAR_B,Carrier B,bulky,2,0,2,100.0,0.0,0
2018-06-26,WH_SOUTH,South FC,CAR_B,Carrier B,fast,6,6,0,0.0,0.0,0
2018-06-26,WH_SOUTH,South FC,CAR_B,Carrier B,standard,6,5,1,16.67,0.0,0
2018-06-26,WH_SOUTH,South FC,CAR_C,Carrier C,bulky,1,1,0,0.0,0.0,0
2018-06-26,WH_SOUTH,South FC,CAR_C,Carrier C,fast,5,4,1,20.0,0.0,0
2018-06-26,WH_SOUTH,South FC,CAR_C,Carrier C,standard,4,4,0,0.0,0.0,0
2018-06-26,WH_SOUTH,South FC,CAR_D,Carrier D,bulky,1,0,1,100.0,0.0,0
2018-06-26,WH_SOUTHEAST,Southeast FC,CAR_A,Carrier A,bulky,19,7,12,63.16,0.0,0
2018-06-26,WH_SOUTHEAST,Southeast FC,CAR_A,Carrier A,fast,17,12,5,29.41,0.0,0
2018-06-26,WH_SOUTHEAST,Southeast FC,CAR_A,Carrier A,standard,23,16,7,30.43,0.0,0
2018-06-26,WH_SOUTHEAST,Southeast FC,CAR_B,Carrier B,bulky,20,5,15,75.0,0.0,0
2018-06-26,WH_SOUTHEAST,Southeast FC,CAR_B,Carrier B,fast,25,16,9,36.0,0.0,0
2018-06-26,WH_SOUTHEAST,Southeast FC,CAR_B,Carrier B,standard,17,11,6,35.29,0.0,0
2018-06-26,WH_SOUTHEAST,Southeast FC,CAR_C,Carrier C,bulky,14,4,10,71.43,0.0,0
2018-06-26,WH_SOUTHEAST,Southeast FC,CAR_C,Carrier C,fast,19,17,2,10.53,0.0,0
2018-06-26,WH_SOUTHEAST,Southeast FC,CAR_C,Carrier C,standard,10,6,4,40.0,0.0,0
2018-06-26,WH_SOUTHEAST,Southeast FC,CAR_D,Carrier D,bulky,6,3,3,50.0,0.0,0
2018-06-26,WH_SOUTHEAST,Southeast FC,CAR_D,Carrier D,fast,7,5,2,28.57,0.0,0
2018-06-26,WH_SOUTHEAST,Southeast FC,CAR_D,Carrier D,standard,6,5,1,16.67,0.0,0
2018-06-27,WH_CENTRAL_WEST,Central-West FC,CAR_A,Carrier A,fast,2,2,0,0.0,0.0,0
2018-06-27,WH_CENTRAL_WEST,Central-West FC,CAR_A,Carrier A,standard,3,3,0,0.0,0.0,0
2018-06-27,WH_CENTRAL_WEST,Central-West FC,CAR_B,Carrier B,fast,2,2,0,0.0,0.0,0
2018-06-27,WH_CENTRAL_WEST,Central-West FC,CAR_B,Carrier B,standard,5,4,1,20.0,0.0,0
2018-06-27,WH_CENTRAL_WEST,Central-West FC,CAR_C,Carrier C,bulky,2,1,1,50.0,0.0,0
2018-06-27,WH_CENTRAL_WEST,Central-West FC,CAR_D,Carrier D,bulky,1,1,0,0.0,0.0,0
2018-06-27,WH_CENTRAL_WEST,Central-West FC,CAR_D,Carrier D,fast,1,1,0,0.0,0.0,0
2018-06-27,WH_CENTRAL_WEST,Central-West FC,CAR_D,Carrier D,standard,3,3,0,0.0,0.0,0
2018-06-27,WH_NORTH,North FC,CAR_A,Carrier A,fast,2,2,0,0.0,0.0,0
2018-06-27,WH_NORTH,North FC,CAR_B,Carrier B,bulky,1,1,0,0.0,0.0,0
2018-06-27,WH_SOUTH,South FC,CAR_A,Carrier A,bulky,4,1,3,75.0,0.0,0
2018-06-27,WH_SOUTH,South FC,CAR_A,Carrier A,fast,5,5,0,0.0,0.0,0
2018-06-27,WH_SOUTH,South FC,CAR_A,Carrier A,standard,3,3,0,0.0,11.0,1
2018-06-27,WH_SOUTH,South FC,CAR_B,Carrier B,bulky,2,2,0,0.0,0.0,0
2018-06-27,WH_SOUTH,South FC,CAR_B,Carrier B,fast,1,1,0,0.0,0.0,0
2018-06-27,WH_SOUTH,South FC,CAR_B,Carrier B,standard,4,3,1,25.0,0.0,0
2018-06-27,WH_SOUTH,South FC,CAR_C,Carrier C,bulky,4,1,3,75.0,0.0,0
2018-06-27,WH_SOUTH,South FC,CAR_C,Carrier C,fast,2,2,0,0.0,0.0,0
2018-06-27,WH_SOUTH,South FC,CAR_C,Carrier C,standard,2,2,0,0.0,0.0,0
2018-06-27,WH_SOUTH,South FC,CAR_D,Carrier D,bulky,2,0,2,100.0,0.0,0
2018-06-27,WH_SOUTH,South FC,CAR_D,Carrier D,fast,2,2,0,0.0,0.0,0
2018-06-27,WH_SOUTHEAST,Southeast FC,CAR_A,Carrier A,bulky,18,7,11,61.11,0.0,0
2018-06-27,WH_SOUTHEAST,Southeast FC,CAR_A,Carrier A,fast,12,11,1,8.33,0.0,0
2018-06-27,WH_SOUTHEAST,Southeast FC,CAR_A,Carrier A,standard,21,13,8,38.1,1.38,1
2018-06-27,WH_SOUTHEAST,Southeast FC,CAR_B,Carrier B,bulky,14,3,11,78.57,0.0,0
2018-06-27,WH_SOUTHEAST,Southeast FC,CAR_B,Carrier B,fast,18,15,3,16.67,0.0,0
2018-06-27,WH_SOUTHEAST,Southeast FC,CAR_B,Carrier B,standard,25,17,8,32.0,0.0,0
2018-06-27,WH_SOUTHEAST,Southeast FC,CAR_C,Carrier C,bulky,9,2,7,77.78,0.0,0
2018-06-27,WH_SOUTHEAST,Southeast FC,CAR_C,Carrier C,fast,8,6,2,25.0,0.0,0
2018-06-27,WH_SOUTHEAST,Southeast FC,CAR_C,Carrier C,standard,12,7,5,41.67,0.0,0
2018-06-27,WH_SOUTHEAST,Southeast FC,CAR_D,Carrier D,bulky,3,0,3,100.0,0.0,0
2018-06-27,WH_SOUTHEAST,Southeast FC,CAR_D,Carrier D,fast,13,11,2,15.38,0.0,0
2018-06-27,WH_SOUTHEAST,Southeast FC,CAR_D,Carrier D,standard,7,7,0,0.0,0.0,0
2018-06-28,WH_CENTRAL_WEST,Central-West FC,CAR_A,Carrier A,fast,2,2,0,0.0,0.0,0
2018-06-28,WH_CENTRAL_WEST,Central-West FC,CAR_A,Carrier A,standard,1,1,0,0.0,0.0,0
2018-06-28,WH_CENTRAL_WEST,Central-West FC,CAR_B,Carrier B,standard,3,2,1,33.33,0.0,0
2018-06-28,WH_CENTRAL_WEST,Central-West FC,CAR_C,Carrier C,fast,1,1,0,0.0,0.0,0
2018-06-28,WH_CENTRAL_WEST,Central-West FC,CAR_D,Carrier D,fast,4,4,0,0.0,0.0,0
2018-06-28,WH_CENTRAL_WEST,Central-West FC,CAR_D,Carrier D,standard,2,2,0,0.0,0.0,0
2018-06-28,WH_NORTH,North FC,CAR_B,Carrier B,fast,1,1,0,0.0,0.0,0
2018-06-28,WH_NORTH,North FC,CAR_C,Carrier C,fast,1,1,0,0.0,0.0,0
2018-06-28,WH_SOUTH,South FC,CAR_A,Carrier A,bulky,5,4,1,20.0,0.0,0
2018-06-28,WH_SOUTH,South FC,CAR_A,Carrier A,fast,4,4,0,0.0,0.0,0
2018-06-28,WH_SOUTH,South FC,CAR_A,Carrier A,standard,2,2,0,0.0,0.0,0
2018-06-28,WH_SOUTH,South FC,CAR_B,Carrier B,bulky,4,4,0,0.0,0.0,0
2018-06-28,WH_SOUTH,South FC,CAR_B,Carrier B,fast,5,5,0,0.0,0.0,0
2018-06-28,WH_SOUTH,South FC,CAR_B,Carrier B,standard,3,3,0,0.0,0.0,0
2018-06-28,WH_SOUTH,South FC,CAR_C,Carrier C,bulky,2,1,1,50.0,0.0,0
2018-06-28,WH_SOUTH,South FC,CAR_C,Carrier C,fast,3,3,0,0.0,0.0,0
2018-06-28,WH_SOUTH,South FC,CAR_C,Carrier C,standard,2,2,0,0.0,0.0,0
2018-06-28,WH_SOUTH,South FC,CAR_D,Carrier D,bulky,2,0,2,100.0,0.0,0
2018-06-28,WH_SOUTH,South FC,CAR_D,Carrier D,fast,5,5,0,0.0,0.0,0
2018-06-28,WH_SOUTH,South FC,CAR_D,Carrier D,standard,5,4,1,20.0,0.0,0
2018-06-28,WH_SOUTHEAST,Southeast FC,CAR_A,Carrier A,bulky,18,7,11,61.11,0.33,1
2018-06-28,WH_SOUTHEAST,Southeast FC,CAR_A,Carrier A,fast,26,24,2,7.69,0.0,0
2018-06-28,WH_SOUTHEAST,Southeast FC,CAR_A,Carrier A,standard,23,18,5,21.74,0.0,0
2018-06-28,WH_SOUTHEAST,Southeast FC,CAR_B,Carrier B,bulky,15,5,10,66.67,0.0,0
2018-06-28,WH_SOUTHEAST,Southeast FC,CAR_B,Carrier B,fast,22,19,3,13.64,0.27,2
2018-06-28,WH_SOUTHEAST,Southeast FC,CAR_B,Carrier B,standard,21,13,8,38.1,0.0,0
2018-06-28,WH_SOUTHEAST,Southeast FC,CAR_C,Carrier C,bulky,13,4,9,69.23,0.0,0
2018-06-28,WH_SOUTHEAST,Southeast FC,CAR_C,Carrier C,fast,11,10,1,9.09,0.0,0
2018-06-28,WH_SOUTHEAST,Southeast FC,CAR_C,Carrier C,standard,17,11,6,35.29,0.0,0
2018-06-28,WH_SOUTHEAST,Southeast FC,CAR_D,Carrier D,bulky,3,1,2,66.67,0.0,0
2018-06-28,WH_SOUTHEAST,Southeast FC,CAR_D,Carrier D,fast,10,9,1,10.0,0.0,0
2018-06-28,WH_SOUTHEAST,Southeast FC,CAR_D,Carrier D,standard,3,2,1,33.33,0.0,0
2018-06-29,WH_CENTRAL_WEST,Central-West FC,CAR_A,Carrier A,fast,3,3,0,0.0,0.0,0
2018-06-29,WH_CENTRAL_WEST,Central-West FC,CAR_B,Carrier B,fast,1,1,0,0.0,0.0,0
2018-06-29,WH_CENTRAL_WEST,Central-West FC,CAR_B,Carrier B,standard,1,1,0,0.0,0.0,0
2018-06-29,WH_CENTRAL_WEST,Central-West FC,CAR_C,Carrier C,fast,1,1,0,0.0,0.0,0
2018-06-29,WH_CENTRAL_WEST,Central-West FC,CAR_D,Carrier D,fast,1,1,0,0.0,0.0,0
2018-06-29,WH_NORTH,North FC,CAR_A,Carrier A,standard,1,1,0,0.0,0.0,0
2018-06-29,WH_NORTH,North FC,CAR_C,Carrier C,fast,2,2,0,0.0,0.0,0
2018-06-29,WH_SOUTH,South FC,CAR_A,Carrier A,bulky,3,1,2,66.67,0.0,0
2018-06-29,WH_SOUTH,South FC,CAR_A,Carrier A,standard,8,8,0,0.0,0.0,0
2018-06-29,WH_SOUTH,South FC,CAR_B,Carrier B,bulky,2,2,0,0.0,0.0,0
2018-06-29,WH_SOUTH,South FC,CAR_B,Carrier B,fast,4,4,0,0.0,0.0,0
2018-06-29,WH_SOUTH,South FC,CAR_B,Carrier B,standard,3,2,1,33.33,0.0,0
2018-06-29,WH_SOUTH,South FC,CAR_C,Carrier C,bulky,1,0,1,100.0,0.0,0
2018-06-29,WH_SOUTH,South FC,CAR_C,Carrier C,fast,3,3,0,0.0,0.0,0
2018-06-29,WH_SOUTH,South FC,CAR_C,Carrier C,standard,1,1,0,0.0,0.0,0
2018-06-29,WH_SOUTH,South FC,CAR_D,Carrier D,bulky,1,1,0,0.0,0.0,0
2018-06-29,WH_SOUTHEAST,Southeast FC,CAR_A,Carrier A,bulky,6,2,4,66.67,0.0,0
2018-06-29,WH_SOUTHEAST,Southeast FC,CAR_A,Carrier A,fast,25,24,1,4.0,0.0,0
2018-06-29,WH_SOUTHEAST,Southeast FC,CAR_A,Carrier A,standard,18,12,6,33.33,0.0,0
2018-06-29,WH_SOUTHEAST,Southeast FC,CAR_B,Carrier B,bulky,11,4,7,63.64,0.0,0
2018-06-29,WH_SOUTHEAST,Southeast FC,CAR_B,Carrier B,fast,16,16,0,0.0,0.0,0
2018-06-29,WH_SOUTHEAST,Southeast FC,CAR_B,Carrier B,standard,13,10,3,23.08,0.0,0
2018-06-29,WH_SOUTHEAST,Southeast FC,CAR_C,Carrier C,bulky,7,5,2,28.57,0.0,0
2018-06-29,WH_SOUTHEAST,Southeast FC,CAR_C,Carrier C,fast,5,5,0,0.0,0.6,1
2018-06-29,WH_SOUTHEAST,Southeast FC,CAR_C,Carrier C,standard,11,10,1,9.09,0.0,0
2018-06-29,WH_SOUTHEAST,Southeast FC,CAR_D,Carrier D,bulky,7,5,2,28.57,0.14,1
2018-06-29,WH_SOUTHEAST,Southeast FC,CAR_D,Carrier D,fast,10,10,0,0.0,0.0,0
2018-06-29,WH_SOUTHEAST,Southeast FC,CAR_D,Carrier D,standard,6,4,2,33.33,0.0,0
2018-06-30,WH_CENTRAL_WEST,Central-West FC,CAR_A,Carrier A,standard,1,1,0,0.0,0.0,0
2018-06-30,WH_CENTRAL_WEST,Central-West FC,CAR_B,Carrier B,fast,1,1,0,0.0,0.0,0
2018-06-30,WH_CENTRAL_WEST,Central-West FC,CAR_C,Carrier C,standard,1,1,0,0.0,0.0,0
2018-06-30,WH_NORTH,North FC,CAR_B,Carrier B,standard,1,1,0,0.0,0.0,0
2018-06-30,WH_NORTH,North FC,CAR_C,Carrier C,fast,1,1,0,0.0,0.0,0
2018-06-30,WH_SOUTH,South FC,CAR_A,Carrier A,bulky,1,0,1,100.0,0.0,0
2018-06-30,WH_SOUTH,South FC,CAR_A,Carrier A,fast,2,2,0,0.0,0.0,0
2018-06-30,WH_SOUTH,South FC,CAR_A,Carrier A,standard,3,2,1,33.33,0.0,0
2018-06-30,WH_SOUTH,South FC,CAR_B,Carrier B,bulky,3,3,0,0.0,0.0,0
2018-06-30,WH_SOUTH,South FC,CAR_B,Carrier B,standard,2,1,1,50.0,0.0,0
2018-06-30,WH_SOUTH,South FC,CAR_C,Carrier C,bulky,2,1,1,50.0,0.0,0
2018-06-30,WH_SOUTH,South FC,CAR_C,Carrier C,fast,2,2,0,0.0,0.0,0
2018-06-30,WH_SOUTH,South FC,CAR_D,Carrier D,bulky,1,1,0,0.0,0.0,0
2018-06-30,WH_SOUTH,South FC,CAR_D,Carrier D,fast,1,1,0,0.0,0.0,0
2018-06-30,WH_SOUTH,South FC,CAR_D,Carrier D,standard,2,2,0,0.0,0.0,0
2018-06-30,WH_SOUTHEAST,Southeast FC,CAR_A,Carrier A,bulky,12,11,1,8.33,0.0,0
2018-06-30,WH_SOUTHEAST,Southeast FC,CAR_A,Carrier A,fast,8,7,1,12.5,0.0,0
2018-06-30,WH_SOUTHEAST,Southeast FC,CAR_A,Carrier A,standard,23,12,11,47.83,0.0,0
2018-06-30,WH_SOUTHEAST,Southeast FC,CAR_B,Carrier B,bulky,7,4,3,42.86,0.0,0
2018-06-30,WH_SOUTHEAST,Southeast FC,CAR_B,Carrier B,fast,5,4,1,20.0,0.0,0
2018-06-30,WH_SOUTHEAST,Southeast FC,CAR_B,Carrier B,standard,14,10,4,28.57,0.0,0
2018-06-30,WH_SOUTHEAST,Southeast FC,CAR_C,Carrier C,bulky,5,3,2,40.0,0.0,0
2018-06-30,WH_SOUTHEAST,Southeast FC,CAR_C,Carrier C,fast,8,8,0,0.0,0.0,0
2018-06-30,WH_SOUTHEAST,Southeast FC,CAR_C,Carrier C,standard,9,4,5,55.56,0.0,0
2018-06-30,WH_SOUTHEAST,Southeast FC,CAR_D,Carrier D,bulky,1,1,0,0.0,0.0,0
2018-06-30,WH_SOUTHEAST,Southeast FC,CAR_D,Carrier D,fast,4,4,0,0.0,0.0,0
2018-06-30,WH_SOUTHEAST,Southeast FC,CAR_D,Carrier D,standard,3,3,0,0.0,0.0,0
2018-07-01,WH_CENTRAL_WEST,Central-West FC,CAR_A,Carrier A,fast,1,1,0,0.0,0.0,0
2018-07-01,WH_CENTRAL_WEST,Central-West FC,CAR_B,Carrier B,standard,1,1,0,0.0,0.0,0
2018-07-01,WH_CENTRAL_WEST,Central-West FC,CAR_D,Carrier D,fast,1,1,0,0.0,0.0,0
2018-07-01,WH_CENTRAL_WEST,Central-West FC,CAR_D,Carrier D,standard,3,3,0,0.0,0.0,0
2018-07-01,WH_NORTH,North FC,CAR_A,Carrier A,bulky,1,1,0,0.0,0.0,0
2018-07-01,WH_NORTH,North FC,CAR_A,Carrier A,fast,1,1,0,0.0,0.0,0
2018-07-01,WH_NORTH,North FC,CAR_D,Carrier D,standard,2,2,0,0.0,0.0,0
2018-07-01,WH_SOUTH,South FC,CAR_A,Carrier A,bulky,2,2,0,0.0,0.0,0
2018-07-01,WH_SOUTH,South FC,CAR_A,Carrier A,standard,6,1,5,83.33,0.0,0
2018-07-01,WH_SOUTH,South FC,CAR_B,Carrier B,bulky,1,1,0,0.0,0.0,0
2018-07-01,WH_SOUTH,South FC,CAR_B,Carrier B,fast,2,2,0,0.0,0.0,0
2018-07-01,WH_SOUTH,South FC,CAR_B,Carrier B,standard,4,3,1,25.0,0.0,0
2018-07-01,WH_SOUTH,South FC,CAR_C,Carrier C,bulky,2,1,1,50.0,0.0,0
2018-07-01,WH_SOUTH,South FC,CAR_C,Carrier C,fast,2,2,0,0.0,0.0,0
2018-07-01,WH_SOUTH,South FC,CAR_D,Carrier D,bulky,1,0,1,100.0,0.0,0
2018-07-01,WH_SOUTH,South FC,CAR_D,Carrier D,fast,1,1,0,0.0,0.0,0
2018-07-01,WH_SOUTHEAST,Southeast FC,CAR_A,Carrier A,bulky,8,5,3,37.5,0.0,0
2018-07-01,WH_SOUTHEAST,Southeast FC,CAR_A,Carrier A,fast,16,12,4,25.0,0.0,0
2018-07-01,WH_SOUTHEAST,Southeast FC,CAR_A,Carrier A,standard,19,9,10,52.63,0.0,0
2018-07-01,WH_SOUTHEAST,Southeast FC,CAR_B,Carrier B,bulky,16,10,6,37.5,0.0,0
2018-07-01,WH_SOUTHEAST,Southeast FC,CAR_B,Carrier B,fast,13,7,6,46.15,0.0,0
2018-07-01,WH_SOUTHEAST,Southeast FC,CAR_B,Carrier B,standard,16,8,8,50.0,0.0,0
2018-07-01,WH_SOUTHEAST,Southeast FC,CAR_C,Carrier C,bulky,7,3,4,57.14,0.0,0
2018-07-01,WH_SOUTHEAST,Southeast FC,CAR_C,Carrier C,fast,9,7,2,22.22,0.0,0
2018-07-01,WH_SOUTHEAST,Southeast FC,CAR_C,Carrier C,standard,6,4,2,33.33,0.0,0
2018-07-01,WH_SOUTHEAST,Southeast FC,CAR_D,Carrier D,bulky,6,2,4,66.67,0.0,0
2018-07-01,WH_SOUTHEAST,Southeast FC,CAR_D,Carrier D,fast,4,4,0,0.0,0.0,0
2018-07-01,WH_SOUTHEAST,Southeast FC,CAR_D,Carrier D,standard,5,1,4,80.0,0.0,0
2018-07-02,WH_CENTRAL_WEST,Central-West FC,CAR_A,Carrier A,bulky,1,1,0,0.0,0.0,0
2018-07-02,WH_CENTRAL_WEST,Central-West FC,CAR_A,Carrier A,fast,3,3,0,0.0,0.0,0
2018-07-02,WH_CENTRAL_WEST,Central-West FC,CAR_A,Carrier A,standard,3,3,0,0.0,0.0,0
2018-07-02,WH_CENTRAL_WEST,Central-West FC,CAR_B,Carrier B,bulky,2,1,1,50.0,0.0,0
2018-07-02,WH_CENTRAL_WEST,Central-West FC,CAR_B,Carrier B,fast,2,2,0,0.0,0.0,0
2018-07-02,WH_CENTRAL_WEST,Central-West FC,CAR_D,Carrier D,standard,1,1,0,0.0,2.0,1
2018-07-02,WH_SOUTH,South FC,CAR_A,Carrier A,bulky,1,1,0,0.0,0.0,0
2018-07-02,WH_SOUTH,South FC,CAR_A,Carrier A,fast,1,1,0,0.0,0.0,0
2018-07-02,WH_SOUTH,South FC,CAR_A,Carrier A,standard,3,2,1,33.33,0.0,0
2018-07-02,WH_SOUTH,South FC,CAR_B,Carrier B,bulky,5,3,2,40.0,0.0,0
2018-07-02,WH_SOUTH,South FC,CAR_B,Carrier B,fast,1,1,0,0.0,0.0,0
2018-07-02,WH_SOUTH,South FC,CAR_B,Carrier B,standard,8,6,2,25.0,0.0,0
2018-07-02,WH_SOUTH,South FC,CAR_C,Carrier C,fast,1,1,0,0.0,0.0,0
2018-07-02,WH_SOUTH,South FC,CAR_C,Carrier C,standard,2,2,0,0.0,0.0,0
2018-07-02,WH_SOUTH,South FC,CAR_D,Carrier D,bulky,1,1,0,0.0,0.0,0
2018-07-02,WH_SOUTH,South FC,CAR_D,Carrier D,fast,3,3,0,0.0,0.0,0
2018-07-02,WH_SOUTH,South FC,CAR_D,Carrier D,standard,2,2,0,0.0,0.0,0
2018-07-02,WH_SOUTHEAST,Southeast FC,CAR_A,Carrier A,bulky,16,7,9,56.25,0.0,0
2018-07-02,WH_SOUTHEAST,Southeast FC,CAR_A,Carrier A,fast,20,15,5,25.0,0.0,0
2018-07-02,WH_SOUTHEAST,Southeast FC,CAR_A,Carrier A,standard,18,10,8,44.44,0.0,0
2018-07-02,WH_SOUTHEAST,Southeast FC,CAR_B,Carrier B,bulky,18,7,11,61.11,0.0,0
2018-07-02,WH_SOUTHEAST,Southeast FC,CAR_B,Carrier B,fast,15,9,6,40.0,0.0,0
2018-07-02,WH_SOUTHEAST,Southeast FC,CAR_B,Carrier B,standard,17,10,7,41.18,0.0,0
2018-07-02,WH_SOUTHEAST,Southeast FC,CAR_C,Carrier C,bulky,4,0,4,100.0,0.0,0
2018-07-02,WH_SOUTHEAST,Southeast FC,CAR_C,Carrier C,fast,10,7,3,30.0,0.0,0
2018-07-02,WH_SOUTHEAST,Southeast FC,CAR_C,Carrier C,standard,15,11,4,26.67,0.0,0
2018-07-02,WH_SOUTHEAST,Southeast FC,CAR_D,Carrier D,bulky,2,0,2,100.0,0.0,0
2018-07-02,WH_SOUTHEAST,Southeast FC,CAR_D,Carrier D,fast,12,10,2,16.67,0.0,0
2018-07-02,WH_SOUTHEAST,Southeast FC,CAR_D,Carrier D,standard,6,3,3,50.0,0.0,0
2018-07-03,WH_CENTRAL_WEST,Central-West FC,CAR_A,Carrier A,fast,1,1,0,0.0,0.0,0
2018-07-03,WH_CENTRAL_WEST,Central-West FC,CAR_A,Carrier A,standard,1,1,0,0.0,0.0,0
2018-07-03,WH_CENTRAL_WEST,Central-West FC,CAR_B,Carrier B,bulky,2,1,1,50.0,0.0,0
2018-07-03,WH_CENTRAL_WEST,Central-West FC,CAR_B,Carrier B,standard,2,1,1,50.0,0.0,0
2018-07-03,WH_CENTRAL_WEST,Central-West FC,CAR_C,Carrier C,fast,2,2,0,0.0,0.0,0
2018-07-03,WH_CENTRAL_WEST,Central-West FC,CAR_C,Carrier C,standard,1,1,0,0.0,0.0,0
2018-07-03,WH_CENTRAL_WEST,Central-West FC,CAR_D,Carrier D,standard,2,2,0,0.0,16.0,1
2018-07-03,WH_NORTH,North FC,CAR_B,Carrier B,standard,1,1,0,0.0,0.0,0
2018-07-03,WH_SOUTH,South FC,CAR_A,Carrier A,bulky,3,0,3,100.0,0.0,0
2018-07-03,WH_SOUTH,South FC,CAR_A,Carrier A,fast,7,7,0,0.0,0.0,0
2018-07-03,WH_SOUTH,South FC,CAR_A,Carrier A,standard,7,7,0,0.0,0.0,0
2018-07-03,WH_SOUTH,South FC,CAR_B,Carrier B,bulky,2,0,2,100.0,0.0,0
2018-07-03,WH_SOUTH,South FC,CAR_B,Carrier B,fast,2,2,0,0.0,0.0,0
2018-07-03,WH_SOUTH,South FC,CAR_B,Carrier B,standard,4,4,0,0.0,2.0,1
2018-07-03,WH_SOUTH,South FC,CAR_C,Carrier C,fast,3,3,0,0.0,0.0,0
2018-07-03,WH_SOUTH,South FC,CAR_D,Carrier D,bulky,2,0,2,100.0,0.0,0
2018-07-03,WH_SOUTH,South FC,CAR_D,Carrier D,fast,1,0,1,100.0,0.0,0
2018-07-03,WH_SOUTH,South FC,CAR_D,Carrier D,standard,1,1,0,0.0,0.0,0
2018-07-03,WH_SOUTHEAST,Southeast FC,CAR_A,Carrier A,bulky,15,6,9,60.0,0.0,0
2018-07-03,WH_SOUTHEAST,Southeast FC,CAR_A,Carrier A,fast,27,20,7,25.93,1.85,1
2018-07-03,WH_SOUTHEAST,Southeast FC,CAR_A,Carrier A,standard,29,17,12,41.38,0.52,1
2018-07-03,WH_SOUTHEAST,Southeast FC,CAR_B,Carrier B,bulky,12,1,11,91.67,0.0,0
2018-07-03,WH_SOUTHEAST,Southeast FC,CAR_B,Carrier B,fast,17,12,5,29.41,1.47,1
2018-07-03,WH_SOUTHEAST,Southeast FC,CAR_B,Carrier B,standard,10,7,3,30.0,0.0,0
2018-07-03,WH_SOUTHEAST,Southeast FC,CAR_C,Carrier C,bulky,6,0,6,100.0,0.0,0
2018-07-03,WH_SOUTHEAST,Southeast FC,CAR_C,Carrier C,fast,17,13,4,23.53,0.0,0
2018-07-03,WH_SOUTHEAST,Southeast FC,CAR_C,Carrier C,standard,12,8,4,33.33,0.0,0
2018-07-03,WH_SOUTHEAST,Southeast FC,CAR_D,Carrier D,bulky,6,3,3,50.0,0.0,0
2018-07-03,WH_SOUTHEAST,Southeast FC,CAR_D,Carrier D,fast,10,7,3,30.0,0.0,0
2018-07-03,WH_SOUTHEAST,Southeast FC,CAR_D,Carrier D,standard,9,5,4,44.44,0.0,0
2018-07-04,WH_CENTRAL_WEST,Central-West FC,CAR_A,Carrier A,bulky,1,1,0,0.0,0.0,0
2018-07-04,WH_CENTRAL_WEST,Central-West FC,CAR_A,Carrier A,fast,2,2,0,0.0,0.0,0
2018-07-04,WH_CENTRAL_WEST,Central-West FC,CAR_A,Carrier A,standard,1,1,0,0.0,0.0,0
2018-07-04,WH_CENTRAL_WEST,Central-West FC,CAR_B,Carrier B,bulky,1,0,1,100.0,0.0,0
2018-07-04,WH_CENTRAL_WEST,Central-West FC,CAR_B,Carrier B,standard,1,1,0,0.0,0.0,0
2018-07-04,WH_CENTRAL_WEST,Central-West FC,CAR_C,Carrier C,bulky,2,1,1,50.0,0.0,0
2018-07-04,WH_CENTRAL_WEST,Central-West FC,CAR_C,Carrier C,fast,1,1,0,0.0,0.0,0
2018-07-04,WH_CENTRAL_WEST,Central-West FC,CAR_C,Carrier C,standard,3,3,0,0.0,0.0,0
2018-07-04,WH_CENTRAL_WEST,Central-West FC,CAR_D,Carrier D,bulky,1,1,0,0.0,0.0,0
2018-07-04,WH_CENTRAL_WEST,Central-West FC,CAR_D,Carrier D,fast,1,1,0,0.0,0.0,0
2018-07-04,WH_CENTRAL_WEST,Central-West FC,CAR_D,Carrier D,standard,1,0,1,100.0,0.0,0
2018-07-04,WH_NORTH,North FC,CAR_B,Carrier B,fast,1,1,0,0.0,0.0,0
2018-07-04,WH_NORTH,North FC,CAR_C,Carrier C,bulky,1,1,0,0.0,0.0,0
2018-07-04,WH_NORTH,North FC,CAR_C,Carrier C,standard,2,2,0,0.0,0.0,0
2018-07-04,WH_SOUTH,South FC,CAR_A,Carrier A,bulky,1,0,1,100.0,0.0,0
2018-07-04,WH_SOUTH,South FC,CAR_A,Carrier A,fast,5,4,1,20.0,0.0,0
2018-07-04,WH_SOUTH,South FC,CAR_A,Carrier A,standard,2,2,0,0.0,0.0,0
2018-07-04,WH_SOUTH,South FC,CAR_B,Carrier B,bulky,1,0,1,100.0,0.0,0
2018-07-04,WH_SOUTH,South FC,CAR_B,Carrier B,fast,4,4,0,0.0,0.0,0
2018-07-04,WH_SOUTH,South FC,CAR_B,Carrier B,standard,4,4,0,0.0,0.0,0
2018-07-04,WH_SOUTH,South FC,CAR_C,Carrier C,fast,3,3,0,0.0,0.0,0
2018-07-04,WH_SOUTH,South FC,CAR_C,Carrier C,standard,2,2,0,0.0,0.0,0
2018-07-04,WH_SOUTH,South FC,CAR_D,Carrier D,bulky,1,0,1,100.0,0.0,0
2018-07-04,WH_SOUTH,South FC,CAR_D,Carrier D,fast,2,2,0,0.0,0.0,0
2018-07-04,WH_SOUTH,South FC,CAR_D,Carrier D,standard,2,2,0,0.0,0.0,0
2018-07-04,WH_SOUTHEAST,Southeast FC,CAR_A,Carrier A,bulky,16,2,14,87.5,0.0,0
2018-07-04,WH_SOUTHEAST,Southeast FC,CAR_A,Carrier A,fast,23,17,6,26.09,0.0,0
2018-07-04,WH_SOUTHEAST,Southeast FC,CAR_A,Carrier A,standard,28,21,7,25.0,0.0,0
2018-07-04,WH_SOUTHEAST,Southeast FC,CAR_B,Carrier B,bulky,17,3,14,82.35,0.0,0
2018-07-04,WH_SOUTHEAST,Southeast FC,CAR_B,Carrier B,fast,30,25,5,16.67,0.0,0
2018-07-04,WH_SOUTHEAST,Southeast FC,CAR_B,Carrier B,standard,31,21,10,32.26,0.23,1
2018-07-04,WH_SOUTHEAST,Southeast FC,CAR_C,Carrier C,bulky,12,4,8,66.67,0.0,0
2018-07-04,WH_SOUTHEAST,Southeast FC,CAR_C,Carrier C,fast,11,9,2,18.18,0.0,0
2018-07-04,WH_SOUTHEAST,Southeast FC,CAR_C,Carrier C,standard,12,6,6,50.0,0.0,0
2018-07-04,WH_SOUTHEAST,Southeast FC,CAR_D,Carrier D,bulky,6,1,5,83.33,0.0,0
2018-07-04,WH_SOUTHEAST,Southeast FC,CAR_D,Carrier D,fast,7,5,2,28.57,1.14,1
2018-07-04,WH_SOUTHEAST,Southeast FC,CAR_D,Carrier D,standard,12,10,2,16.67,1.5,1
2018-07-05,WH_CENTRAL_WEST,Central-West FC,CAR_A,Carrier A,bulky,1,0,1,100.0,0.0,0
2018-07-05,WH_CENTRAL_WEST,Central-West FC,CAR_A,Carrier A,fast,2,2,0,0.0,0.0,0
2018-07-05,WH_CENTRAL_WEST,Central-West FC,CAR_A,Carrier A,standard,1,1,0,0.0,0.0,0
2018-07-05,WH_CENTRAL_WEST,Central-West FC,CAR_B,Carrier B,bulky,1,0,1,100.0,0.0,0
2018-07-05,WH_CENTRAL_WEST,Central-West FC,CAR_C,Carrier C,fast,2,2,0,0.0,0.0,0
2018-07-05,WH_CENTRAL_WEST,Central-West FC,CAR_C,Carrier C,standard,1,1,0,0.0,0.0,0
2018-07-05,WH_CENTRAL_WEST,Central-West FC,CAR_D,Carrier D,bulky,2,0,2,100.0,0.0,0
2018-07-05,WH_CENTRAL_WEST,Central-West FC,CAR_D,Carrier D,fast,1,1,0,0.0,0.0,0
2018-07-05,WH_CENTRAL_WEST,Central-West FC,CAR_D,Carrier D,standard,1,1,0,0.0,0.0,0
2018-07-05,WH_NORTH,North FC,CAR_A,Carrier A,fast,2,2,0,0.0,4.0,1
2018-07-05,WH_NORTH,North FC,CAR_B,Carrier B,fast,1,1,0,0.0,0.0,0
2018-07-05,WH_NORTH,North FC,CAR_B,Carrier B,standard,1,1,0,0.0,0.0,0
2018-07-05,WH_NORTH,North FC,CAR_C,Carrier C,standard,1,1,0,0.0,0.0,0
2018-07-05,WH_SOUTH,South FC,CAR_A,Carrier A,bulky,3,2,1,33.33,0.0,0
2018-07-05,WH_SOUTH,South FC,CAR_A,Carrier A,fast,2,2,0,0.0,0.0,0
2018-07-05,WH_SOUTH,South FC,CAR_A,Carrier A,standard,4,2,2,50.0,0.0,0
2018-07-05,WH_SOUTH,South FC,CAR_B,Carrier B,bulky,2,0,2,100.0,0.0,0
2018-07-05,WH_SOUTH,South FC,CAR_B,Carrier B,fast,6,6,0,0.0,0.0,0
2018-07-05,WH_SOUTH,South FC,CAR_B,Carrier B,standard,3,3,0,0.0,0.0,0
2018-07-05,WH_SOUTH,South FC,CAR_C,Carrier C,bulky,1,0,1,100.0,0.0,0
2018-07-05,WH_SOUTH,South FC,CAR_C,Carrier C,fast,1,1,0,0.0,0.0,0
2018-07-05,WH_SOUTH,South FC,CAR_C,Carrier C,standard,2,1,1,50.0,0.0,0
2018-07-05,WH_SOUTHEAST,Southeast FC,CAR_A,Carrier A,bulky,14,1,13,92.86,0.0,0
2018-07-05,WH_SOUTHEAST,Southeast FC,CAR_A,Carrier A,fast,18,16,2,11.11,0.61,1
2018-07-05,WH_SOUTHEAST,Southeast FC,CAR_A,Carrier A,standard,15,9,6,40.0,0.0,0
2018-07-05,WH_SOUTHEAST,Southeast FC,CAR_B,Carrier B,bulky,12,4,8,66.67,0.0,0
2018-07-05,WH_SOUTHEAST,Southeast FC,CAR_B,Carrier B,fast,16,15,1,6.25,0.0,0
2018-07-05,WH_SOUTHEAST,Southeast FC,CAR_B,Carrier B,standard,18,11,7,38.89,0.39,1
2018-07-05,WH_SOUTHEAST,Southeast FC,CAR_C,Carrier C,bulky,10,4,6,60.0,0.0,0
2018-07-05,WH_SOUTHEAST,Southeast FC,CAR_C,Carrier C,fast,14,12,2,14.29,0.0,0
2018-07-05,WH_SOUTHEAST,Southeast FC,CAR_C,Carrier C,standard,12,6,6,50.0,0.0,0
2018-07-05,WH_SOUTHEAST,Southeast FC,CAR_D,Carrier D,bulky,7,2,5,71.43,0.0,0
2018-07-05,WH_SOUTHEAST,Southeast FC,CAR_D,Carrier D,fast,8,7,1,12.5,0.0,0
2018-07-05,WH_SOUTHEAST,Southeast FC,CAR_D,Carrier D,standard,8,8,0,0.0,0.0,0
2018-07-06,WH_CENTRAL_WEST,Central-West FC,CAR_A,Carrier A,bulky,1,1,0,0.0,0.0,0
2018-07-06,WH_CENTRAL_WEST,Central-West FC,CAR_A,Carrier A,fast,1,1,0,0.0,0.0,0
2018-07-06,WH_CENTRAL_WEST,Central-West FC,CAR_A,Carrier A,standard,1,1,0,0.0,0.0,0
2018-07-06,WH_CENTRAL_WEST,Central-West FC,CAR_D,Carrier D,standard,1,0,1,100.0,0.0,0
2018-07-06,WH_NORTH,North FC,CAR_A,Carrier A,fast,2,2,0,0.0,0.0,0
2018-07-06,WH_NORTH,North FC,CAR_C,Carrier C,bulky,1,1,0,0.0,0.0,0
2018-07-06,WH_SOUTH,South FC,CAR_A,Carrier A,bulky,2,0,2,100.0,0.0,0
2018-07-06,WH_SOUTH,South FC,CAR_A,Carrier A,fast,1,1,0,0.0,0.0,0
2018-07-06,WH_SOUTH,South FC,CAR_A,Carrier A,standard,2,1,1,50.0,0.0,0
2018-07-06,WH_SOUTH,South FC,CAR_B,Carrier B,bulky,2,0,2,100.0,0.0,0
2018-07-06,WH_SOUTH,South FC,CAR_B,Carrier B,standard,1,1,0,0.0,0.0,0
2018-07-06,WH_SOUTH,South FC,CAR_C,Carrier C,fast,1,1,0,0.0,0.0,0
2018-07-06,WH_SOUTH,South FC,CAR_D,Carrier D,standard,2,2,0,0.0,0.0,0
2018-07-06,WH_SOUTHEAST,Southeast FC,CAR_A,Carrier A,bulky,8,0,8,100.0,0.0,0
2018-07-06,WH_SOUTHEAST,Southeast FC,CAR_A,Carrier A,fast,10,10,0,0.0,0.0,0
2018-07-06,WH_SOUTHEAST,Southeast FC,CAR_A,Carrier A,standard,9,7,2,22.22,0.0,0
2018-07-06,WH_SOUTHEAST,Southeast FC,CAR_B,Carrier B,bulky,9,5,4,44.44,0.0,0
2018-07-06,WH_SOUTHEAST,Southeast FC,CAR_B,Carrier B,fast,13,13,0,0.0,0.0,0
2018-07-06,WH_SOUTHEAST,Southeast FC,CAR_B,Carrier B,standard,17,16,1,5.88,0.53,2
2018-07-06,WH_SOUTHEAST,Southeast FC,CAR_C,Carrier C,bulky,5,3,2,40.0,0.0,0
2018-07-06,WH_SOUTHEAST,Southeast FC,CAR_C,Carrier C,fast,10,10,0,0.0,0.0,0
2018-07-06,WH_SOUTHEAST,Southeast FC,CAR_C,Carrier C,standard,6,5,1,16.67,0.0,0
2018-07-06,WH_SOUTHEAST,Southeast FC,CAR_D,Carrier D,bulky,6,0,6,100.0,0.0,0
2018-07-06,WH_SOUTHEAST,Southeast FC,CAR_D,Carrier D,fast,2,2,0,0.0,0.0,0
2018-07-06,WH_SOUTHEAST,Southeast FC,CAR_D,Carrier D,standard,7,4,3,42.86,0.0,0
2018-07-07,WH_CENTRAL_WEST,Central-West FC,CAR_D,Carrier D,standard,1,1,0,0.0,0.0,0
2018-07-07,WH_NORTH,North FC,CAR_B,Carrier B,fast,1,1,0,0.0,0.0,0
2018-07-07,WH_SOUTH,South FC,CAR_A,Carrier A,fast,2,2,0,0.0,0.0,0
2018-07-07,WH_SOUTH,South FC,CAR_A,Carrier A,standard,1,0,1,100.0,0.0,0
2018-07-07,WH_SOUTH,South FC,CAR_B,Carrier B,bulky,1,0,1,100.0,0.0,0
2018-07-07,WH_SOUTH,South FC,CAR_B,Carrier B,standard,1,1,0,0.0,0.0,0
2018-07-07,WH_SOUTH,South FC,CAR_C,Carrier C,fast,2,2,0,0.0,0.0,0
2018-07-07,WH_SOUTH,South FC,CAR_C,Carrier C,standard,1,1,0,0.0,0.0,0
2018-07-07,WH_SOUTH,South FC,CAR_D,Carrier D,fast,1,1,0,0.0,0.0,0
2018-07-07,WH_SOUTH,South FC,CAR_D,Carrier D,standard,2,0,2,100.0,0.0,0
2018-07-07,WH_SOUTHEAST,Southeast FC,CAR_A,Carrier A,bulky,4,1,3,75.0,0.0,0
2018-07-07,WH_SOUTHEAST,Southeast FC,CAR_A,Carrier A,fast,9,9,0,0.0,0.0,0
2018-07-07,WH_SOUTHEAST,Southeast FC,CAR_A,Carrier A,standard,13,8,5,38.46,0.0,0
2018-07-07,WH_SOUTHEAST,Southeast FC,CAR_B,Carrier B,bulky,8,4,4,50.0,0.0,0
2018-07-07,WH_SOUTHEAST,Southeast FC,CAR_B,Carrier B,fast,11,11,0,0.0,0.0,0
2018-07-07,WH_SOUTHEAST,Southeast FC,CAR_B,Carrier B,standard,8,5,3,37.5,0.0,0
2018-07-07,WH_SOUTHEAST,Southeast FC,CAR_C,Carrier C,bulky,3,2,1,33.33,0.0,0
2018-07-07,WH_SOUTHEAST,Southeast FC,CAR_C,Carrier C,fast,8,8,0,0.0,0.0,0
2018-07-07,WH_SOUTHEAST,Southeast FC,CAR_C,Carrier C,standard,5,3,2,40.0,0.0,0
2018-07-07,WH_SOUTHEAST,Southeast FC,CAR_D,Carrier D,bulky,3,2,1,33.33,0.0,0
2018-07-07,WH_SOUTHEAST,Southeast FC,CAR_D,Carrier D,fast,2,2,0,0.0,0.0,0
2018-07-07,WH_SOUTHEAST,Southeast FC,CAR_D,Carrier D,standard,2,1,1,50.0,0.0,0
2018-07-08,WH_CENTRAL_WEST,Central-West FC,CAR_A,Carrier A,standard,1,1,0,0.0,0.0,0
2018-07-08,WH_CENTRAL_WEST,Central-West FC,CAR_B,Carrier B,fast,2,2,0,0.0,0.0,0
2018-07-08,WH_CENTRAL_WEST,Central-West FC,CAR_C,Carrier C,standard,1,0,1,100.0,0.0,0
2018-07-08,WH_CENTRAL_WEST,Central-West FC,CAR_D,Carrier D,fast,1,0,1,100.0,0.0,0
2018-07-08,WH_NORTH,North FC,CAR_B,Carrier B,standard,1,1,0,0.0,0.0,0
2018-07-08,WH_NORTH,North FC,CAR_C,Carrier C,bulky,1,1,0,0.0,0.0,0
2018-07-08,WH_NORTH,North FC,CAR_C,Carrier C,standard,1,1,0,0.0,0.0,0
2018-07-08,WH_SOUTH,South FC,CAR_A,Carrier A,bulky,3,1,2,66.67,0.0,0
2018-07-08,WH_SOUTH,South FC,CAR_B,Carrier B,bulky,2,1,1,50.0,0.0,0
2018-07-08,WH_SOUTH,South FC,CAR_B,Carrier B,fast,3,2,1,33.33,0.0,0
2018-07-08,WH_SOUTH,South FC,CAR_B,Carrier B,standard,1,0,1,100.0,0.0,0
2018-07-08,WH_SOUTH,South FC,CAR_C,Carrier C,bulky,2,2,0,0.0,0.0,0
2018-07-08,WH_SOUTH,South FC,CAR_C,Carrier C,standard,2,1,1,50.0,0.0,0
2018-07-08,WH_SOUTH,South FC,CAR_D,Carrier D,bulky,1,0,1,100.0,0.0,0
2018-07-08,WH_SOUTH,South FC,CAR_D,Carrier D,fast,2,2,0,0.0,0.0,0
2018-07-08,WH_SOUTH,South FC,CAR_D,Carrier D,standard,1,0,1,100.0,0.0,0
2018-07-08,WH_SOUTHEAST,Southeast FC,CAR_A,Carrier A,bulky,6,3,3,50.0,0.0,0
2018-07-08,WH_SOUTHEAST,Southeast FC,CAR_A,Carrier A,fast,15,13,2,13.33,0.87,2
2018-07-08,WH_SOUTHEAST,Southeast FC,CAR_A,Carrier A,standard,11,7,4,36.36,0.0,0
2018-07-08,WH_SOUTHEAST,Southeast FC,CAR_B,Carrier B,bulky,6,4,2,33.33,0.0,0
2018-07-08,WH_SOUTHEAST,Southeast FC,CAR_B,Carrier B,fast,13,9,4,30.77,0.0,0
2018-07-08,WH_SOUTHEAST,Southeast FC,CAR_B,Carrier B,standard,12,5,7,58.33,0.0,0
2018-07-08,WH_SOUTHEAST,Southeast FC,CAR_C,Carrier C,bulky,6,2,4,66.67,0.0,0
2018-07-08,WH_SOUTHEAST,Southeast FC,CAR_C,Carrier C,fast,6,6,0,0.0,0.67,1
2018-07-08,WH_SOUTHEAST,Southeast FC,CAR_C,Carrier C,standard,4,1,3,75.0,0.0,0
2018-07-08,WH_SOUTHEAST,Southeast FC,CAR_D,Carrier D,bulky,3,1,2,66.67,0.0,0
2018-07-08,WH_SOUTHEAST,Southeast FC,CAR_D,Carrier D,fast,8,7,1,12.5,0.0,0
2018-07-08,WH_SOUTHEAST,Southeast FC,CAR_D,Carrier D,standard,3,1,2,66.67,0.0,0
2018-07-09,WH_CENTRAL_WEST,Central-West FC,CAR_A,Carrier A,standard,1,0,1,100.0,0.0,0
2018-07-09,WH_CENTRAL_WEST,Central-West FC,CAR_B,Carrier B,fast,3,3,0,0.0,2.33,1
2018-07-09,WH_CENTRAL_WEST,Central-West FC,CAR_C,Carrier C,standard,2,2,0,0.0,0.0,0
2018-07-09,WH_NORTH,North FC,CAR_A,Carrier A,fast,1,1,0,0.0,0.0,0
2018-07-09,WH_NORTH,North FC,CAR_B,Carrier B,fast,1,1,0,0.0,0.0,0
2018-07-09,WH_SOUTH,South FC,CAR_A,Carrier A,bulky,2,1,1,50.0,0.0,0
2018-07-09,WH_SOUTH,South FC,CAR_A,Carrier A,standard,4,3,1,25.0,7.5,1
2018-07-09,WH_SOUTH,South FC,CAR_B,Carrier B,bulky,2,1,1,50.0,0.0,0
2018-07-09,WH_SOUTH,South FC,CAR_B,Carrier B,fast,2,2,0,0.0,0.0,0
2018-07-09,WH_SOUTH,South FC,CAR_B,Carrier B,standard,3,0,3,100.0,0.0,0
2018-07-09,WH_SOUTH,South FC,CAR_C,Carrier C,bulky,2,1,1,50.0,1.5,1
2018-07-09,WH_SOUTH,South FC,CAR_D,Carrier D,fast,1,1,0,0.0,0.0,0
2018-07-09,WH_SOUTHEAST,Southeast FC,CAR_A,Carrier A,bulky,12,5,7,58.33,1.83,1
2018-07-09,WH_SOUTHEAST,Southeast FC,CAR_A,Carrier A,fast,13,9,4,30.77,1.08,2
2018-07-09,WH_SOUTHEAST,Southeast FC,CAR_A,Carrier A,standard,13,9,4,30.77,0.38,1
2018-07-09,WH_SOUTHEAST,Southeast FC,CAR_B,Carrier B,bulky,6,0,6,100.0,0.0,0
2018-07-09,WH_SOUTHEAST,Southeast FC,CAR_B,Carrier B,fast,16,12,4,25.0,0.0,0
2018-07-09,WH_SOUTHEAST,Southeast FC,CAR_B,Carrier B,standard,20,7,13,65.0,0.0,0
2018-07-09,WH_SOUTHEAST,Southeast FC,CAR_C,Carrier C,bulky,3,1,2,66.67,0.0,0
2018-07-09,WH_SOUTHEAST,Southeast FC,CAR_C,Carrier C,fast,12,6,6,50.0,0.0,0
2018-07-09,WH_SOUTHEAST,Southeast FC,CAR_C,Carrier C,standard,14,8,6,42.86,0.0,0
2018-07-09,WH_SOUTHEAST,Southeast FC,CAR_D,Carrier D,bulky,2,1,1,50.0,0.0,0
2018-07-09,WH_SOUTHEAST,Southeast FC,CAR_D,Carrier D,fast,5,4,1,20.0,1.2,1
2018-07-09,WH_SOUTHEAST,Southeast FC,CAR_D,Carrier D,standard,6,4,2,33.33,0.0,0
2018-07-10,WH_CENTRAL_WEST,Central-West FC,CAR_B,Carrier B,bulky,1,1,0,0.0,0.0,0
2018-07-10,WH_CENTRAL_WEST,Central-West FC,CAR_B,Carrier B,fast,1,1,0,0.0,0.0,0
2018-07-10,WH_CENTRAL_WEST,Central-West FC,CAR_B,Carrier B,standard,1,1,0,0.0,0.0,0
2018-07-10,WH_CENTRAL_WEST,Central-West FC,CAR_C,Carrier C,bulky,1,1,0,0.0,0.0,0
2018-07-10,WH_CENTRAL_WEST,Central-West FC,CAR_C,Carrier C,fast,2,2,0,0.0,0.0,0
2018-07-10,WH_CENTRAL_WEST,Central-West FC,CAR_C,Carrier C,standard,1,1,0,0.0,0.0,0
2018-07-10,WH_CENTRAL_WEST,Central-West FC,CAR_D,Carrier D,fast,2,2,0,0.0,0.0,0
2018-07-10,WH_NORTH,North FC,CAR_A,Carrier A,fast,1,1,0,0.0,0.0,0
2018-07-10,WH_NORTH,North FC,CAR_A,Carrier A,standard,1,1,0,0.0,0.0,0
2018-07-10,WH_NORTH,North FC,CAR_B,Carrier B,fast,1,1,0,0.0,0.0,0
2018-07-10,WH_SOUTH,South FC,CAR_A,Carrier A,bulky,1,1,0,0.0,0.0,0
2018-07-10,WH_SOUTH,South FC,CAR_A,Carrier A,fast,1,1,0,0.0,0.0,0
2018-07-10,WH_SOUTH,South FC,CAR_A,Carrier A,standard,2,1,1,50.0,0.0,0
2018-07-10,WH_SOUTH,South FC,CAR_B,Carrier B,fast,1,1,0,0.0,0.0,0
2018-07-10,WH_SOUTH,South FC,CAR_B,Carrier B,standard,3,3,0,0.0,0.0,0
2018-07-10,WH_SOUTH,South FC,CAR_C,Carrier C,bulky,1,0,1,100.0,0.0,0
2018-07-10,WH_SOUTH,South FC,CAR_C,Carrier C,fast,5,5,0,0.0,1.0,1
2018-07-10,WH_SOUTH,South FC,CAR_C,Carrier C,standard,3,2,1,33.33,0.0,0
2018-07-10,WH_SOUTH,South FC,CAR_D,Carrier D,bulky,1,0,1,100.0,0.0,0
2018-07-10,WH_SOUTHEAST,Southeast FC,CAR_A,Carrier A,bulky,7,3,4,57.14,1.43,1
2018-07-10,WH_SOUTHEAST,Southeast FC,CAR_A,Carrier A,fast,11,9,2,18.18,2.91,1
2018-07-10,WH_SOUTHEAST,Southeast FC,CAR_A,Carrier A,standard,6,2,4,66.67,0.0,0
2018-07-10,WH_SOUTHEAST,Southeast FC,CAR_B,Carrier B,bulky,5,2,3,60.0,0.0,0
2018-07-10,WH_SOUTHEAST,Southeast FC,CAR_B,Carrier B,fast,13,8,5,38.46,1.31,2
2018-07-10,WH_SOUTHEAST,Southeast FC,CAR_B,Carrier B,standard,18,8,10,55.56,0.11,1
2018-07-10,WH_SOUTHEAST,Southeast FC,CAR_C,Carrier C,bulky,4,2,2,50.0,0.0,0
2018-07-10,WH_SOUTHEAST,Southeast FC,CAR_C,Carrier C,fast,9,4,5,55.56,0.89,1
2018-07-10,WH_SOUTHEAST,Southeast FC,CAR_C,Carrier C,standard,12,5,7,58.33,0.0,0
2018-07-10,WH_SOUTHEAST,Southeast FC,CAR_D,Carrier D,bulky,5,4,1,20.0,0.0,0
2018-07-10,WH_SOUTHEAST,Southeast FC,CAR_D,Carrier D,fast,6,2,4,66.67,0.0,0
2018-07-10,WH_SOUTHEAST,Southeast FC,CAR_D,Carrier D,standard,3,1,2,66.67,0.0,0
2018-07-11,WH_CENTRAL_WEST,Central-West FC,CAR_A,Carrier A,fast,1,1,0,0.0,0.0,0
2018-07-11,WH_CENTRAL_WEST,Central-West FC,CAR_A,Carrier A,standard,2,2,0,0.0,9.5,1
2018-07-11,WH_CENTRAL_WEST,Central-West FC,CAR_B,Carrier B,bulky,1,1,0,0.0,0.0,0
2018-07-11,WH_CENTRAL_WEST,Central-West FC,CAR_B,Carrier B,fast,1,1,0,0.0,0.0,0
2018-07-11,WH_CENTRAL_WEST,Central-West FC,CAR_D,Carrier D,bulky,1,1,0,0.0,0.0,0
2018-07-11,WH_CENTRAL_WEST,Central-West FC,CAR_D,Carrier D,fast,2,2,0,0.0,0.0,0
2018-07-11,WH_CENTRAL_WEST,Central-West FC,CAR_D,Carrier D,standard,2,2,0,0.0,0.0,0
2018-07-11,WH_NORTH,North FC,CAR_A,Carrier A,fast,1,1,0,0.0,0.0,0
2018-07-11,WH_NORTH,North FC,CAR_A,Carrier A,standard,2,2,0,0.0,0.0,0
2018-07-11,WH_NORTH,North FC,CAR_B,Carrier B,standard,1,1,0,0.0,0.0,0
2018-07-11,WH_NORTH,North FC,CAR_C,Carrier C,bulky,1,1,0,0.0,0.0,0
2018-07-11,WH_NORTH,North FC,CAR_C,Carrier C,standard,1,1,0,0.0,0.0,0
2018-07-11,WH_NORTH,North FC,CAR_D,Carrier D,fast,1,1,0,0.0,0.0,0
2018-07-11,WH_NORTH,North FC,CAR_D,Carrier D,standard,1,1,0,0.0,0.0,0
2018-07-11,WH_SOUTH,South FC,CAR_A,Carrier A,fast,2,2,0,0.0,0.0,0
2018-07-11,WH_SOUTH,South FC,CAR_A,Carrier A,standard,3,3,0,0.0,1.67,1
2018-07-11,WH_SOUTH,South FC,CAR_B,Carrier B,fast,1,1,0,0.0,0.0,0
2018-07-11,WH_SOUTH,South FC,CAR_B,Carrier B,standard,3,3,0,0.0,0.0,0
2018-07-11,WH_SOUTH,South FC,CAR_C,Carrier C,bulky,1,0,1,100.0,0.0,0
2018-07-11,WH_SOUTH,South FC,CAR_C,Carrier C,fast,3,3,0,0.0,0.0,0
2018-07-11,WH_SOUTH,South FC,CAR_C,Carrier C,standard,1,0,1,100.0,0.0,0
2018-07-11,WH_SOUTH,South FC,CAR_D,Carrier D,fast,1,1,0,0.0,0.0,0
2018-07-11,WH_SOUTHEAST,Southeast FC,CAR_A,Carrier A,bulky,6,5,1,16.67,2.33,1
2018-07-11,WH_SOUTHEAST,Southeast FC,CAR_A,Carrier A,fast,9,7,2,22.22,1.67,2
2018-07-11,WH_SOUTHEAST,Southeast FC,CAR_A,Carrier A,standard,13,5,8,61.54,0.15,1
2018-07-11,WH_SOUTHEAST,Southeast FC,CAR_B,Carrier B,bulky,6,6,0,0.0,0.0,0
2018-07-11,WH_SOUTHEAST,Southeast FC,CAR_B,Carrier B,fast,12,7,5,41.67,0.5,2
2018-07-11,WH_SOUTHEAST,Southeast FC,CAR_B,Carrier B,standard,13,7,6,46.15,4.62,1
2018-07-11,WH_SOUTHEAST,Southeast FC,CAR_C,Carrier C,bulky,4,2,2,50.0,0.0,0
2018-07-11,WH_SOUTHEAST,Southeast FC,CAR_C,Carrier C,fast,5,2,3,60.0,2.0,1
2018-07-11,WH_SOUTHEAST,Southeast FC,CAR_C,Carrier C,standard,8,4,4,50.0,0.0,0
2018-07-11,WH_SOUTHEAST,Southeast FC,CAR_D,Carrier D,bulky,4,4,0,0.0,0.0,0
2018-07-11,WH_SOUTHEAST,Southeast FC,CAR_D,Carrier D,fast,4,1,3,75.0,0.0,0
2018-07-11,WH_SOUTHEAST,Southeast FC,CAR_D,Carrier D,standard,6,3,3,50.0,0.0,0
2018-07-12,WH_CENTRAL_WEST,Central-West FC,CAR_A,Carrier A,fast,1,1,0,0.0,2.0,1
2018-07-12,WH_CENTRAL_WEST,Central-West FC,CAR_B,Carrier B,bulky,1,1,0,0.0,0.0,0
2018-07-12,WH_CENTRAL_WEST,Central-West FC,CAR_C,Carrier C,fast,1,1,0,0.0,0.0,0
2018-07-12,WH_CENTRAL_WEST,Central-West FC,CAR_D,Carrier D,fast,2,2,0,0.0,3.0,1
2018-07-12,WH_NORTH,North FC,CAR_A,Carrier A,bulky,1,1,0,0.0,0.0,0
2018-07-12,WH_NORTH,North FC,CAR_B,Carrier B,fast,2,2,0,0.0,0.0,0
2018-07-12,WH_SOUTH,South FC,CAR_A,Carrier A,bulky,2,1,1,50.0,0.0,0
2018-07-12,WH_SOUTH,South FC,CAR_A,Carrier A,fast,2,2,0,0.0,0.0,0
2018-07-12,WH_SOUTH,South FC,CAR_A,Carrier A,standard,2,2,0,0.0,0.0,0
2018-07-12,WH_SOUTH,South FC,CAR_B,Carrier B,bulky,1,1,0,0.0,0.0,0
2018-07-12,WH_SOUTH,South FC,CAR_B,Carrier B,fast,3,2,1,33.33,0.0,0
2018-07-12,WH_SOUTH,South FC,CAR_B,Carrier B,standard,3,3,0,0.0,0.0,0
2018-07-12,WH_SOUTH,South FC,CAR_C,Carrier C,bulky,1,1,0,0.0,0.0,0
2018-07-12,WH_SOUTH,South FC,CAR_C,Carrier C,fast,3,3,0,0.0,0.0,0
2018-07-12,WH_SOUTH,South FC,CAR_C,Carrier C,standard,2,2,0,0.0,0.0,0
2018-07-12,WH_SOUTH,South FC,CAR_D,Carrier D,fast,1,1,0,0.0,0.0,0
2018-07-12,WH_SOUTH,South FC,CAR_D,Carrier D,standard,2,2,0,0.0,0.0,0
2018-07-12,WH_SOUTHEAST,Southeast FC,CAR_A,Carrier A,bulky,7,6,1,14.29,0.0,0
2018-07-12,WH_SOUTHEAST,Southeast FC,CAR_A,Carrier A,fast,14,13,1,7.14,0.79,2
2018-07-12,WH_SOUTHEAST,Southeast FC,CAR_A,Carrier A,standard,7,6,1,14.29,0.0,0
2018-07-12,WH_SOUTHEAST,Southeast FC,CAR_B,Carrier B,bulky,7,3,4,57.14,0.0,0
2018-07-12,WH_SOUTHEAST,Southeast FC,CAR_B,Carrier B,fast,12,10,2,16.67,2.58,1
2018-07-12,WH_SOUTHEAST,Southeast FC,CAR_B,Carrier B,standard,13,12,1,7.69,0.0,0
2018-07-12,WH_SOUTHEAST,Southeast FC,CAR_C,Carrier C,bulky,2,2,0,0.0,6.5,1
2018-07-12,WH_SOUTHEAST,Southeast FC,CAR_C,Carrier C,fast,5,5,0,0.0,5.8,2
2018-07-12,WH_SOUTHEAST,Southeast FC,CAR_C,Carrier C,standard,12,9,3,25.0,0.58,1
2018-07-12,WH_SOUTHEAST,Southeast FC,CAR_D,Carrier D,bulky,5,3,2,40.0,0.0,0
2018-07-12,WH_SOUTHEAST,Southeast FC,CAR_D,Carrier D,fast,3,2,1,33.33,0.0,0
2018-07-13,WH_CENTRAL_WEST,Central-West FC,CAR_A,Carrier A,bulky,1,1,0,0.0,0.0,0
2018-07-13,WH_CENTRAL_WEST,Central-West FC,CAR_A,Carrier A,fast,1,1,0,0.0,0.0,0
2018-07-13,WH_CENTRAL_WEST,Central-West FC,CAR_A,Carrier A,standard,2,2,0,0.0,0.0,0
2018-07-13,WH_CENTRAL_WEST,Central-West FC,CAR_B,Carrier B,fast,1,1,0,0.0,0.0,0
2018-07-13,WH_CENTRAL_WEST,Central-West FC,CAR_C,Carrier C,bulky,3,3,0,0.0,0.0,0
2018-07-13,WH_CENTRAL_WEST,Central-West FC,CAR_C,Carrier C,fast,2,2,0,0.0,0.0,0
2018-07-13,WH_CENTRAL_WEST,Central-West FC,CAR_D,Carrier D,fast,2,2,0,0.0,0.0,0
2018-07-13,WH_CENTRAL_WEST,Central-West FC,CAR_D,Carrier D,standard,4,4,0,0.0,0.0,0
2018-07-13,WH_NORTH,North FC,CAR_A,Carrier A,fast,1,1,0,0.0,0.0,0
2018-07-13,WH_NORTH,North FC,CAR_B,Carrier B,fast,2,2,0,0.0,0.0,0
2018-07-13,WH_NORTH,North FC,CAR_C,Carrier C,fast,2,2,0,0.0,3.0,1
2018-07-13,WH_NORTH,North FC,CAR_D,Carrier D,fast,1,1,0,0.0,0.0,0
2018-07-13,WH_SOUTH,South FC,CAR_A,Carrier A,bulky,1,0,1,100.0,0.0,0
2018-07-13,WH_SOUTH,South FC,CAR_A,Carrier A,fast,8,8,0,0.0,0.0,0
2018-07-13,WH_SOUTH,South FC,CAR_A,Carrier A,standard,6,6,0,0.0,0.0,0
2018-07-13,WH_SOUTH,South FC,CAR_B,Carrier B,fast,6,6,0,0.0,0.0,0
2018-07-13,WH_SOUTH,South FC,CAR_B,Carrier B,standard,1,1,0,0.0,0.0,0
2018-07-13,WH_SOUTH,South FC,CAR_C,Carrier C,bulky,1,1,0,0.0,0.0,0
2018-07-13,WH_SOUTH,South FC,CAR_C,Carrier C,fast,6,6,0,0.0,0.0,0
2018-07-13,WH_SOUTH,South FC,CAR_C,Carrier C,standard,4,4,0,0.0,0.0,0
2018-07-13,WH_SOUTH,South FC,CAR_D,Carrier D,bulky,1,1,0,0.0,0.0,0
2018-07-13,WH_SOUTH,South FC,CAR_D,Carrier D,standard,1,1,0,0.0,0.0,0
2018-07-13,WH_SOUTHEAST,Southeast FC,CAR_A,Carrier A,bulky,6,5,1,16.67,0.0,0
2018-07-13,WH_SOUTHEAST,Southeast FC,CAR_A,Carrier A,fast,21,21,0,0.0,0.29,1
2018-07-13,WH_SOUTHEAST,Southeast FC,CAR_A,Carrier A,standard,14,13,1,7.14,0.0,0
2018-07-13,WH_SOUTHEAST,Southeast FC,CAR_B,Carrier B,bulky,5,5,0,0.0,0.0,0
2018-07-13,WH_SOUTHEAST,Southeast FC,CAR_B,Carrier B,fast,22,22,0,0.0,0.0,0
2018-07-13,WH_SOUTHEAST,Southeast FC,CAR_B,Carrier B,standard,4,4,0,0.0,0.0,0
2018-07-13,WH_SOUTHEAST,Southeast FC,CAR_C,Carrier C,bulky,7,6,1,14.29,0.0,0
2018-07-13,WH_SOUTHEAST,Southeast FC,CAR_C,Carrier C,fast,10,10,0,0.0,0.6,1
2018-07-13,WH_SOUTHEAST,Southeast FC,CAR_C,Carrier C,standard,7,7,0,0.0,0.0,0
2018-07-13,WH_SOUTHEAST,Southeast FC,CAR_D,Carrier D,bulky,3,3,0,0.0,0.0,0
2018-07-13,WH_SOUTHEAST,Southeast FC,CAR_D,Carrier D,fast,6,6,0,0.0,0.0,0
2018-07-13,WH_SOUTHEAST,Southeast FC,CAR_D,Carrier D,standard,5,5,0,0.0,0.0,0
2018-07-14,WH_CENTRAL_WEST,Central-West FC,CAR_A,Carrier A,fast,2,2,0,0.0,0.0,0
2018-07-14,WH_CENTRAL_WEST,Central-West FC,CAR_A,Carrier A,standard,3,3,0,0.0,0.0,0
2018-07-14,WH_CENTRAL_WEST,Central-West FC,CAR_B,Carrier B,bulky,2,2,0,0.0,0.0,0
2018-07-14,WH_CENTRAL_WEST,Central-West FC,CAR_B,Carrier B,fast,1,1,0,0.0,0.0,0
2018-07-14,WH_CENTRAL_WEST,Central-West FC,CAR_B,Carrier B,standard,2,2,0,0.0,0.0,0
2018-07-14,WH_CENTRAL_WEST,Central-West FC,CAR_C,Carrier C,bulky,1,1,0,0.0,0.0,0
2018-07-14,WH_CENTRAL_WEST,Central-West FC,CAR_C,Carrier C,fast,2,2,0,0.0,0.0,0
2018-07-14,WH_CENTRAL_WEST,Central-West FC,CAR_C,Carrier C,standard,2,2,0,0.0,0.0,0
2018-07-14,WH_CENTRAL_WEST,Central-West FC,CAR_D,Carrier D,bulky,1,1,0,0.0,0.0,0
2018-07-14,WH_NORTH,North FC,CAR_A,Carrier A,fast,1,1,0,0.0,0.0,0
2018-07-14,WH_NORTH,North FC,CAR_A,Carrier A,standard,1,1,0,0.0,0.0,0
2018-07-14,WH_SOUTH,South FC,CAR_A,Carrier A,bulky,5,4,1,20.0,0.0,0
2018-07-14,WH_SOUTH,South FC,CAR_A,Carrier A,fast,3,3,0,0.0,0.0,0
2018-07-14,WH_SOUTH,South FC,CAR_B,Carrier B,bulky,1,1,0,0.0,0.0,0
2018-07-14,WH_SOUTH,South FC,CAR_B,Carrier B,fast,2,2,0,0.0,0.0,0
2018-07-14,WH_SOUTH,South FC,CAR_B,Carrier B,standard,1,1,0,0.0,0.0,0
2018-07-14,WH_SOUTH,South FC,CAR_C,Carrier C,bulky,2,2,0,0.0,0.0,0
2018-07-14,WH_SOUTH,South FC,CAR_C,Carrier C,fast,2,2,0,0.0,0.0,0
2018-07-14,WH_SOUTH,South FC,CAR_C,Carrier C,standard,1,1,0,0.0,0.0,0
2018-07-14,WH_SOUTH,South FC,CAR_D,Carrier D,standard,1,1,0,0.0,0.0,0
2018-07-14,WH_SOUTHEAST,Southeast FC,CAR_A,Carrier A,bulky,12,7,5,41.67,0.0,0
2018-07-14,WH_SOUTHEAST,Southeast FC,CAR_A,Carrier A,fast,15,15,0,0.0,0.4,1
2018-07-14,WH_SOUTHEAST,Southeast FC,CAR_A,Carrier A,standard,11,11,0,0.0,0.0,0
2018-07-14,WH_SOUTHEAST,Southeast FC,CAR_B,Carrier B,bulky,5,5,0,0.0,0.0,0
2018-07-14,WH_SOUTHEAST,Southeast FC,CAR_B,Carrier B,fast,13,13,0,0.0,0.15,1
2018-07-14,WH_SOUTHEAST,Southeast FC,CAR_B,Carrier B,standard,11,11,0,0.0,0.0,0
2018-07-14,WH_SOUTHEAST,Southeast FC,CAR_C,Carrier C,bulky,7,6,1,14.29,0.86,1
2018-07-14,WH_SOUTHEAST,Southeast FC,CAR_C,Carrier C,fast,12,12,0,0.0,2.17,3
2018-07-14,WH_SOUTHEAST,Southeast FC,CAR_C,Carrier C,standard,11,11,0,0.0,1.18,1
2018-07-14,WH_SOUTHEAST,Southeast FC,CAR_D,Carrier D,bulky,4,4,0,0.0,0.0,0
2018-07-14,WH_SOUTHEAST,Southeast FC,CAR_D,Carrier D,fast,4,4,0,0.0,0.0,0
2018-07-14,WH_SOUTHEAST,Southeast FC,CAR_D,Carrier D,standard,1,1,0,0.0,0.0,0
2018-07-15,WH_CENTRAL_WEST,Central-West FC,CAR_A,Carrier A,bulky,1,1,0,0.0,0.0,0
2018-07-15,WH_CENTRAL_WEST,Central-West FC,CAR_A,Carrier A,fast,1,1,0,0.0,0.0,0
2018-07-15,WH_CENTRAL_WEST,Central-West FC,CAR_A,Carrier A,standard,1,1,0,0.0,0.0,0
2018-07-15,WH_CENTRAL_WEST,Central-West FC,CAR_B,Carrier B,fast,1,1,0,0.0,0.0,0
2018-07-15,WH_CENTRAL_WEST,Central-West FC,CAR_B,Carrier B,standard,3,3,0,0.0,0.0,0
2018-07-15,WH_CENTRAL_WEST,Central-West FC,CAR_C,Carrier C,standard,1,1,0,0.0,0.0,0
2018-07-15,WH_CENTRAL_WEST,Central-West FC,CAR_D,Carrier D,standard,2,2,0,0.0,0.0,0
2018-07-15,WH_NORTH,North FC,CAR_C,Carrier C,standard,3,3,0,0.0,0.0,0
2018-07-15,WH_SOUTH,South FC,CAR_A,Carrier A,fast,6,6,0,0.0,0.0,0
2018-07-15,WH_SOUTH,South FC,CAR_A,Carrier A,standard,4,2,2,50.0,5.5,1
2018-07-15,WH_SOUTH,South FC,CAR_B,Carrier B,bulky,2,1,1,50.0,0.0,0
2018-07-15,WH_SOUTH,South FC,CAR_B,Carrier B,fast,3,3,0,0.0,0.0,0
2018-07-15,WH_SOUTH,South FC,CAR_B,Carrier B,standard,4,4,0,0.0,0.0,0
2018-07-15,WH_SOUTH,South FC,CAR_C,Carrier C,bulky,2,1,1,50.0,0.0,0
2018-07-15,WH_SOUTH,South FC,CAR_C,Carrier C,standard,4,4,0,0.0,0.0,0
2018-07-15,WH_SOUTH,South FC,CAR_D,Carrier D,fast,4,4,0,0.0,11.5,1
2018-07-15,WH_SOUTHEAST,Southeast FC,CAR_A,Carrier A,bulky,5,3,2,40.0,0.0,0
2018-07-15,WH_SOUTHEAST,Southeast FC,CAR_A,Carrier A,fast,11,11,0,0.0,0.27,1
2018-07-15,WH_SOUTHEAST,Southeast FC,CAR_A,Carrier A,standard,11,11,0,0.0,0.55,1
2018-07-15,WH_SOUTHEAST,Southeast FC,CAR_B,Carrier B,bulky,11,4,7,63.64,0.0,0
2018-07-15,WH_SOUTHEAST,Southeast FC,CAR_B,Carrier B,fast,19,19,0,0.0,0.16,1
2018-07-15,WH_SOUTHEAST,Southeast FC,CAR_B,Carrier B,standard,13,9,4,30.77,0.54,1
2018-07-15,WH_SOUTHEAST,Southeast FC,CAR_C,Carrier C,bulky,5,4,1,20.0,0.0,0
2018-07-15,WH_SOUTHEAST,Southeast FC,CAR_C,Carrier C,fast,14,13,1,7.14,0.0,0
2018-07-15,WH_SOUTHEAST,Southeast FC,CAR_C,Carrier C,standard,5,3,2,40.0,0.0,0
2018-07-15,WH_SOUTHEAST,Southeast FC,CAR_D,Carrier D,bulky,1,1,0,0.0,0.0,0
2018-07-15,WH_SOUTHEAST,Southeast FC,CAR_D,Carrier D,fast,9,9,0,0.0,2.67,2
2018-07-15,WH_SOUTHEAST,Southeast FC,CAR_D,Carrier D,standard,2,2,0,0.0,0.0,0
2018-07-16,WH_CENTRAL_WEST,Central-West FC,CAR_A,Carrier A,fast,2,2,0,0.0,0.0,0
2018-07-16,WH_CENTRAL_WEST,Central-West FC,CAR_A,Carrier A,standard,3,3,0,0.0,0.0,0
2018-07-16,WH_CENTRAL_WEST,Central-West FC,CAR_B,Carrier B,bulky,1,0,1,100.0,0.0,0
2018-07-16,WH_CENTRAL_WEST,Central-West FC,CAR_B,Carrier B,fast,1,1,0,0.0,0.0,0
2018-07-16,WH_CENTRAL_WEST,Central-West FC,CAR_B,Carrier B,standard,1,1,0,0.0,0.0,0
2018-07-16,WH_CENTRAL_WEST,Central-West FC,CAR_C,Carrier C,fast,1,1,0,0.0,0.0,0
2018-07-16,WH_CENTRAL_WEST,Central-West FC,CAR_C,Carrier C,standard,1,1,0,0.0,0.0,0
2018-07-16,WH_CENTRAL_WEST,Central-West FC,CAR_D,Carrier D,bulky,1,1,0,0.0,0.0,0
2018-07-16,WH_CENTRAL_WEST,Central-West FC,CAR_D,Carrier D,standard,4,4,0,0.0,0.0,0
2018-07-16,WH_NORTH,North FC,CAR_A,Carrier A,bulky,1,1,0,0.0,0.0,0
2018-07-16,WH_NORTH,North FC,CAR_A,Carrier A,fast,1,1,0,0.0,0.0,0
2018-07-16,WH_NORTH,North FC,CAR_A,Carrier A,standard,1,1,0,0.0,0.0,0
2018-07-16,WH_NORTH,North FC,CAR_B,Carrier B,bulky,2,2,0,0.0,0.0,0
2018-07-16,WH_NORTH,North FC,CAR_B,Carrier B,standard,3,3,0,0.0,0.0,0
2018-07-16,WH_NORTH,North FC,CAR_C,Carrier C,bulky,1,1,0,0.0,0.0,0
2018-07-16,WH_NORTH,North FC,CAR_C,Carrier C,fast,2,2,0,0.0,0.0,0
2018-07-16,WH_NORTH,North FC,CAR_C,Carrier C,standard,1,1,0,0.0,0.0,0
2018-07-16,WH_SOUTH,South FC,CAR_A,Carrier A,bulky,2,1,1,50.0,0.0,0
2018-07-16,WH_SOUTH,South FC,CAR_A,Carrier A,fast,4,4,0,0.0,0.0,0
2018-07-16,WH_SOUTH,South FC,CAR_A,Carrier A,standard,3,3,0,0.0,0.0,0
2018-07-16,WH_SOUTH,South FC,CAR_B,Carrier B,bulky,6,4,2,33.33,0.33,1
2018-07-16,WH_SOUTH,South FC,CAR_B,Carrier B,fast,9,9,0,0.0,0.0,0
2018-07-16,WH_SOUTH,South FC,CAR_B,Carrier B,standard,5,5,0,0.0,0.0,0
2018-07-16,WH_SOUTH,South FC,CAR_C,Carrier C,bulky,2,1,1,50.0,0.0,0
2018-07-16,WH_SOUTH,South FC,CAR_C,Carrier C,fast,5,5,0,0.0,0.0,0
2018-07-16,WH_SOUTH,South FC,CAR_C,Carrier C,standard,8,6,2,25.0,0.0,0
2018-07-16,WH_SOUTH,South FC,CAR_D,Carrier D,bulky,1,1,0,0.0,0.0,0
2018-07-16,WH_SOUTHEAST,Southeast FC,CAR_A,Carrier A,bulky,15,4,11,73.33,0.0,0
2018-07-16,WH_SOUTHEAST,Southeast FC,CAR_A,Carrier A,fast,27,26,1,3.7,0.33,2
2018-07-16,WH_SOUTHEAST,Southeast FC,CAR_A,Carrier A,standard,17,13,4,23.53,0.24,2
2018-07-16,WH_SOUTHEAST,Southeast FC,CAR_B,Carrier B,bulky,10,3,7,70.0,0.2,1
2018-07-16,WH_SOUTHEAST,Southeast FC,CAR_B,Carrier B,fast,22,22,0,0.0,0.5,1
2018-07-16,WH_SOUTHEAST,Southeast FC,CAR_B,Carrier B,standard,18,14,4,22.22,0.39,1
2018-07-16,WH_SOUTHEAST,Southeast FC,CAR_C,Carrier C,bulky,8,4,4,50.0,0.0,0
2018-07-16,WH_SOUTHEAST,Southeast FC,CAR_C,Carrier C,fast,15,15,0,0.0,0.0,0
2018-07-16,WH_SOUTHEAST,Southeast FC,CAR_C,Carrier C,standard,14,13,1,7.14,0.0,0
2018-07-16,WH_SOUTHEAST,Southeast FC,CAR_D,Carrier D,bulky,3,2,1,33.33,0.0,0
2018-07-16,WH_SOUTHEAST,Southeast FC,CAR_D,Carrier D,fast,13,13,0,0.0,1.31,2
2018-07-16,WH_SOUTHEAST,Southeast FC,CAR_D,Carrier D,standard,4,4,0,0.0,0.0,0
2018-07-17,WH_CENTRAL_WEST,Central-West FC,CAR_A,Carrier A,bulky,1,1,0,0.0,0.0,0
2018-07-17,WH_CENTRAL_WEST,Central-West FC,CAR_A,Carrier A,fast,3,3,0,0.0,2.0,1
2018-07-17,WH_CENTRAL_WEST,Central-West FC,CAR_A,Carrier A,standard,1,1,0,0.0,0.0,0
2018-07-17,WH_CENTRAL_WEST,Central-West FC,CAR_B,Carrier B,bulky,1,1,0,0.0,0.0,0
2018-07-17,WH_CENTRAL_WEST,Central-West FC,CAR_B,Carrier B,fast,1,1,0,0.0,0.0,0
2018-07-17,WH_CENTRAL_WEST,Central-West FC,CAR_C,Carrier C,bulky,1,1,0,0.0,0.0,0
2018-07-17,WH_CENTRAL_WEST,Central-West FC,CAR_C,Carrier C,fast,3,3,0,0.0,1.0,1
2018-07-17,WH_CENTRAL_WEST,Central-West FC,CAR_D,Carrier D,fast,3,3,0,0.0,1.33,2
2018-07-17,WH_CENTRAL_WEST,Central-West FC,CAR_D,Carrier D,standard,3,3,0,0.0,0.0,0
2018-07-17,WH_NORTH,North FC,CAR_B,Carrier B,standard,1,1,0,0.0,0.0,0
2018-07-17,WH_NORTH,North FC,CAR_C,Carrier C,bulky,1,0,1,100.0,0.0,0
2018-07-17,WH_SOUTH,South FC,CAR_A,Carrier A,bulky,6,1,5,83.33,0.0,0
2018-07-17,WH_SOUTH,South FC,CAR_A,Carrier A,fast,3,3,0,0.0,0.0,0
2018-07-17,WH_SOUTH,South FC,CAR_A,Carrier A,standard,5,4,1,20.0,2.2,1
2018-07-17,WH_SOUTH,South FC,CAR_B,Carrier B,bulky,2,1,1,50.0,0.0,0
2018-07-17,WH_SOUTH,South FC,CAR_B,Carrier B,fast,6,6,0,0.0,0.0,0
2018-07-17,WH_SOUTH,South FC,CAR_B,Carrier B,standard,5,5,0,0.0,0.0,0
2018-07-17,WH_SOUTH,South FC,CAR_C,Carrier C,bulky,2,1,1,50.0,0.0,0
2018-07-17,WH_SOUTH,South FC,CAR_C,Carrier C,fast,2,1,1,50.0,0.0,0
2018-07-17,WH_SOUTH,South FC,CAR_C,Carrier C,standard,4,3,1,25.0,0.0,0
2018-07-17,WH_SOUTH,South FC,CAR_D,Carrier D,fast,1,0,1,100.0,0.0,0
2018-07-17,WH_SOUTH,South FC,CAR_D,Carrier D,standard,2,2,0,0.0,0.0,0
2018-07-17,WH_SOUTHEAST,Southeast FC,CAR_A,Carrier A,bulky,10,2,8,80.0,0.1,1
2018-07-17,WH_SOUTHEAST,Southeast FC,CAR_A,Carrier A,fast,21,20,1,4.76,0.05,1
2018-07-17,WH_SOUTHEAST,Southeast FC,CAR_A,Carrier A,standard,20,16,4,20.0,0.15,1
2018-07-17,WH_SOUTHEAST,Southeast FC,CAR_B,Carrier B,bulky,16,9,7,43.75,0.69,2
2018-07-17,WH_SOUTHEAST,Southeast FC,CAR_B,Carrier B,fast,24,23,1,4.17,0.0,0
2018-07-17,WH_SOUTHEAST,Southeast FC,CAR_B,Carrier B,standard,17,14,3,17.65,0.0,0
2018-07-17,WH_SOUTHEAST,Southeast FC,CAR_C,Carrier C,bulky,10,3,7,70.0,0.0,0
2018-07-17,WH_SOUTHEAST,Southeast FC,CAR_C,Carrier C,fast,15,14,1,6.67,1.4,1
2018-07-17,WH_SOUTHEAST,Southeast FC,CAR_C,Carrier C,standard,7,5,2,28.57,0.0,0
2018-07-17,WH_SOUTHEAST,Southeast FC,CAR_D,Carrier D,bulky,2,0,2,100.0,0.0,0
2018-07-17,WH_SOUTHEAST,Southeast FC,CAR_D,Carrier D,fast,7,6,1,14.29,0.71,1
2018-07-17,WH_SOUTHEAST,Southeast FC,CAR_D,Carrier D,standard,10,9,1,10.0,0.0,0
2018-07-18,WH_CENTRAL_WEST,Central-West FC,CAR_A,Carrier A,bulky,1,0,1,100.0,0.0,0
2018-07-18,WH_CENTRAL_WEST,Central-West FC,CAR_A,Carrier A,fast,2,2,0,0.0,0.0,0
2018-07-18,WH_CENTRAL_WEST,Central-West FC,CAR_A,Carrier A,standard,2,2,0,0.0,0.0,0
2018-07-18,WH_CENTRAL_WEST,Central-West FC,CAR_B,Carrier B,bulky,1,1,0,0.0,0.0,0
2018-07-18,WH_CENTRAL_WEST,Central-West FC,CAR_B,Carrier B,fast,3,3,0,0.0,0.0,0
2018-07-18,WH_CENTRAL_WEST,Central-West FC,CAR_B,Carrier B,standard,1,1,0,0.0,0.0,0
2018-07-18,WH_CENTRAL_WEST,Central-West FC,CAR_C,Carrier C,fast,2,2,0,0.0,0.0,0
2018-07-18,WH_CENTRAL_WEST,Central-West FC,CAR_C,Carrier C,standard,1,1,0,0.0,0.0,0
2018-07-18,WH_CENTRAL_WEST,Central-West FC,CAR_D,Carrier D,bulky,3,1,2,66.67,0.0,0
2018-07-18,WH_CENTRAL_WEST,Central-West FC,CAR_D,Carrier D,standard,3,3,0,0.0,0.0,0
2018-07-18,WH_NORTH,North FC,CAR_A,Carrier A,fast,1,1,0,0.0,0.0,0
2018-07-18,WH_NORTH,North FC,CAR_B,Carrier B,fast,2,2,0,0.0,0.0,0
2018-07-18,WH_NORTH,North FC,CAR_C,Carrier C,fast,1,1,0,0.0,0.0,0
2018-07-18,WH_NORTH,North FC,CAR_D,Carrier D,bulky,1,1,0,0.0,0.0,0
2018-07-18,WH_SOUTH,South FC,CAR_A,Carrier A,bulky,1,0,1,100.0,0.0,0
2018-07-18,WH_SOUTH,South FC,CAR_A,Carrier A,fast,4,4,0,0.0,0.0,0
2018-07-18,WH_SOUTH,South FC,CAR_A,Carrier A,standard,7,6,1,14.29,0.0,0
2018-07-18,WH_SOUTH,South FC,CAR_B,Carrier B,bulky,4,1,3,75.0,0.0,0
2018-07-18,WH_SOUTH,South FC,CAR_B,Carrier B,standard,4,4,0,0.0,0.0,0
2018-07-18,WH_SOUTH,South FC,CAR_C,Carrier C,bulky,3,1,2,66.67,0.0,0
2018-07-18,WH_SOUTH,South FC,CAR_C,Carrier C,fast,3,3,0,0.0,0.0,0
2018-07-18,WH_SOUTH,South FC,CAR_C,Carrier C,standard,6,6,0,0.0,0.0,0
2018-07-18,WH_SOUTH,South FC,CAR_D,Carrier D,bulky,1,1,0,0.0,0.0,0
2018-07-18,WH_SOUTH,South FC,CAR_D,Carrier D,fast,1,1,0,0.0,1.0,1
2018-07-18,WH_SOUTH,South FC,CAR_D,Carrier D,standard,1,1,0,0.0,0.0,0
2018-07-18,WH_SOUTHEAST,Southeast FC,CAR_A,Carrier A,bulky,17,4,13,76.47,0.0,0
2018-07-18,WH_SOUTHEAST,Southeast FC,CAR_A,Carrier A,fast,34,31,3,8.82,0.0,0
2018-07-18,WH_SOUTHEAST,Southeast FC,CAR_A,Carrier A,standard,24,17,7,29.17,0.21,1
2018-07-18,WH_SOUTHEAST,Southeast FC,CAR_B,Carrier B,bulky,23,6,17,73.91,0.09,1
2018-07-18,WH_SOUTHEAST,Southeast FC,CAR_B,Carrier B,fast,31,26,5,16.13,0.87,1
2018-07-18,WH_SOUTHEAST,Southeast FC,CAR_B,Carrier B,standard,33,22,11,33.33,0.0,0
2018-07-18,WH_SOUTHEAST,Southeast FC,CAR_C,Carrier C,bulky,20,5,15,75.0,0.0,0
2018-07-18,WH_SOUTHEAST,Southeast FC,CAR_C,Carrier C,fast,20,20,0,0.0,0.2,1
2018-07-18,WH_SOUTHEAST,Southeast FC,CAR_C,Carrier C,standard,23,14,9,39.13,0.22,1
2018-07-18,WH_SOUTHEAST,Southeast FC,CAR_D,Carrier D,bulky,5,0,5,100.0,0.0,0
2018-07-18,WH_SOUTHEAST,Southeast FC,CAR_D,Carrier D,fast,7,5,2,28.57,0.0,0
2018-07-18,WH_SOUTHEAST,Southeast FC,CAR_D,Carrier D,standard,6,4,2,33.33,0.0,0
2018-07-19,WH_CENTRAL_WEST,Central-West FC,CAR_A,Carrier A,bulky,1,1,0,0.0,0.0,0
2018-07-19,WH_CENTRAL_WEST,Central-West FC,CAR_B,Carrier B,fast,1,1,0,0.0,0.0,0
2018-07-19,WH_CENTRAL_WEST,Central-West FC,CAR_B,Carrier B,standard,1,1,0,0.0,0.0,0
2018-07-19,WH_CENTRAL_WEST,Central-West FC,CAR_C,Carrier C,fast,1,1,0,0.0,0.0,0
2018-07-19,WH_CENTRAL_WEST,Central-West FC,CAR_C,Carrier C,standard,1,1,0,0.0,0.0,0
2018-07-19,WH_CENTRAL_WEST,Central-West FC,CAR_D,Carrier D,standard,2,2,0,0.0,0.0,0
2018-07-19,WH_NORTH,North FC,CAR_A,Carrier A,standard,1,1,0,0.0,0.0,0
2018-07-19,WH_NORTH,North FC,CAR_B,Carrier B,fast,2,2,0,0.0,0.0,0
2018-07-19,WH_SOUTH,South FC,CAR_A,Carrier A,bulky,3,0,3,100.0,0.0,0
2018-07-19,WH_SOUTH,South FC,CAR_A,Carrier A,fast,4,4,0,0.0,0.0,0
2018-07-19,WH_SOUTH,South FC,CAR_B,Carrier B,bulky,6,2,4,66.67,0.0,0
2018-07-19,WH_SOUTH,South FC,CAR_B,Carrier B,fast,4,4,0,0.0,0.0,0
2018-07-19,WH_SOUTH,South FC,CAR_B,Carrier B,standard,4,4,0,0.0,0.0,0
2018-07-19,WH_SOUTH,South FC,CAR_C,Carrier C,bulky,2,2,0,0.0,0.0,0
2018-07-19,WH_SOUTH,South FC,CAR_C,Carrier C,fast,4,4,0,0.0,0.0,0
2018-07-19,WH_SOUTH,South FC,CAR_C,Carrier C,standard,2,2,0,0.0,0.0,0
2018-07-19,WH_SOUTH,South FC,CAR_D,Carrier D,fast,1,1,0,0.0,0.0,0
2018-07-19,WH_SOUTH,South FC,CAR_D,Carrier D,standard,3,3,0,0.0,0.0,0
2018-07-19,WH_SOUTHEAST,Southeast FC,CAR_A,Carrier A,bulky,18,7,11,61.11,0.72,1
2018-07-19,WH_SOUTHEAST,Southeast FC,CAR_A,Carrier A,fast,18,18,0,0.0,1.28,4
2018-07-19,WH_SOUTHEAST,Southeast FC,CAR_A,Carrier A,standard,27,22,5,18.52,0.0,0
2018-07-19,WH_SOUTHEAST,Southeast FC,CAR_B,Carrier B,bulky,18,7,11,61.11,0.0,0
2018-07-19,WH_SOUTHEAST,Southeast FC,CAR_B,Carrier B,fast,24,24,0,0.0,0.0,0
2018-07-19,WH_SOUTHEAST,Southeast FC,CAR_B,Carrier B,standard,24,14,10,41.67,0.0,0
2018-07-19,WH_SOUTHEAST,Southeast FC,CAR_C,Carrier C,bulky,8,4,4,50.0,0.0,0
2018-07-19,WH_SOUTHEAST,Southeast FC,CAR_C,Carrier C,fast,21,21,0,0.0,0.0,0
2018-07-19,WH_SOUTHEAST,Southeast FC,CAR_C,Carrier C,standard,20,15,5,25.0,0.0,0
2018-07-19,WH_SOUTHEAST,Southeast FC,CAR_D,Carrier D,bulky,11,3,8,72.73,0.0,0
2018-07-19,WH_SOUTHEAST,Southeast FC,CAR_D,Carrier D,fast,3,3,0,0.0,0.0,0
2018-07-19,WH_SOUTHEAST,Southeast FC,CAR_D,Carrier D,standard,14,7,7,50.0,0.0,0
2018-07-20,WH_CENTRAL_WEST,Central-West FC,CAR_A,Carrier A,bulky,1,0,1,100.0,0.0,0
2018-07-20,WH_CENTRAL_WEST,Central-West FC,CAR_A,Carrier A,fast,1,1,0,0.0,0.0,0
2018-07-20,WH_CENTRAL_WEST,Central-West FC,CAR_A,Carrier A,standard,3,3,0,0.0,1.33,1
2018-07-20,WH_CENTRAL_WEST,Central-West FC,CAR_B,Carrier B,bulky,3,1,2,66.67,0.0,0
2018-07-20,WH_CENTRAL_WEST,Central-West FC,CAR_B,Carrier B,fast,2,2,0,0.0,0.0,0
2018-07-20,WH_CENTRAL_WEST,Central-West FC,CAR_B,Carrier B,standard,3,3,0,0.0,0.0,0
2018-07-20,WH_CENTRAL_WEST,Central-West FC,CAR_C,Carrier C,fast,3,3,0,0.0,0.0,0
2018-07-20,WH_CENTRAL_WEST,Central-West FC,CAR_C,Carrier C,standard,1,1,0,0.0,0.0,0
2018-07-20,WH_CENTRAL_WEST,Central-West FC,CAR_D,Carrier D,bulky,1,1,0,0.0,0.0,0
2018-07-20,WH_CENTRAL_WEST,Central-West FC,CAR_D,Carrier D,fast,1,1,0,0.0,0.0,0
2018-07-20,WH_NORTH,North FC,CAR_A,Carrier A,fast,1,1,0,0.0,0.0,0
2018-07-20,WH_NORTH,North FC,CAR_B,Carrier B,bulky,1,1,0,0.0,0.0,0
2018-07-20,WH_NORTH,North FC,CAR_B,Carrier B,fast,1,1,0,0.0,0.0,0
2018-07-20,WH_NORTH,North FC,CAR_B,Carrier B,standard,1,1,0,0.0,0.0,0
2018-07-20,WH_NORTH,North FC,CAR_C,Carrier C,fast,2,2,0,0.0,0.0,0
2018-07-20,WH_SOUTH,South FC,CAR_A,Carrier A,bulky,3,2,1,33.33,0.0,0
2018-07-20,WH_SOUTH,South FC,CAR_A,Carrier A,fast,4,4,0,0.0,0.0,0
2018-07-20,WH_SOUTH,South FC,CAR_A,Carrier A,standard,3,3,0,0.0,0.0,0
2018-07-20,WH_SOUTH,South FC,CAR_B,Carrier B,bulky,5,2,3,60.0,0.0,0
2018-07-20,WH_SOUTH,South FC,CAR_B,Carrier B,fast,6,6,0,0.0,1.0,1
2018-07-20,WH_SOUTH,South FC,CAR_B,Carrier B,standard,4,3,1,25.0,0.0,0
2018-07-20,WH_SOUTH,South FC,CAR_C,Carrier C,bulky,2,2,0,0.0,0.0,0
2018-07-20,WH_SOUTH,South FC,CAR_C,Carrier C,fast,2,1,1,50.0,0.0,0
2018-07-20,WH_SOUTH,South FC,CAR_C,Carrier C,standard,1,1,0,0.0,0.0,0
2018-07-20,WH_SOUTH,South FC,CAR_D,Carrier D,bulky,1,1,0,0.0,0.0,0
2018-07-20,WH_SOUTH,South FC,CAR_D,Carrier D,fast,2,2,0,0.0,0.0,0
2018-07-20,WH_SOUTHEAST,Southeast FC,CAR_A,Carrier A,bulky,19,10,9,47.37,0.95,1
2018-07-20,WH_SOUTHEAST,Southeast FC,CAR_A,Carrier A,fast,27,27,0,0.0,1.19,1
2018-07-20,WH_SOUTHEAST,Southeast FC,CAR_A,Carrier A,standard,28,19,9,32.14,0.0,0
2018-07-20,WH_SOUTHEAST,Southeast FC,CAR_B,Carrier B,bulky,21,5,16,76.19,0.0,0
2018-07-20,WH_SOUTHEAST,Southeast FC,CAR_B,Carrier B,fast,24,23,1,4.17,0.29,1
2018-07-20,WH_SOUTHEAST,Southeast FC,CAR_B,Carrier B,standard,20,14,6,30.0,0.15,1
2018-07-20,WH_SOUTHEAST,Southeast FC,CAR_C,Carrier C,bulky,5,4,1,20.0,2.4,1
2018-07-20,WH_SOUTHEAST,Southeast FC,CAR_C,Carrier C,fast,17,15,2,11.76,0.0,0
2018-07-20,WH_SOUTHEAST,Southeast FC,CAR_C,Carrier C,standard,17,12,5,29.41,0.06,1
2018-07-20,WH_SOUTHEAST,Southeast FC,CAR_D,Carrier D,bulky,2,1,1,50.0,0.0,0
2018-07-20,WH_SOUTHEAST,Southeast FC,CAR_D,Carrier D,fast,3,3,0,0.0,0.0,0
2018-07-20,WH_SOUTHEAST,Southeast FC,CAR_D,Carrier D,standard,6,2,4,66.67,0.0,0
2018-07-21,WH_CENTRAL_WEST,Central-West FC,CAR_B,Carrier B,bulky,1,1,0,0.0,0.0,0
2018-07-21,WH_CENTRAL_WEST,Central-West FC,CAR_B,Carrier B,fast,3,3,0,0.0,0.0,0
2018-07-21,WH_CENTRAL_WEST,Central-West FC,CAR_C,Carrier C,standard,1,1,0,0.0,0.0,0
2018-07-21,WH_CENTRAL_WEST,Central-West FC,CAR_D,Carrier D,bulky,2,1,1,50.0,0.0,0
2018-07-21,WH_NORTH,North FC,CAR_A,Carrier A,fast,2,2,0,0.0,0.0,0
2018-07-21,WH_NORTH,North FC,CAR_B,Carrier B,fast,1,1,0,0.0,0.0,0
2018-07-21,WH_NORTH,North FC,CAR_C,Carrier C,fast,1,1,0,0.0,0.0,0
2018-07-21,WH_NORTH,North FC,CAR_C,Carrier C,standard,1,1,0,0.0,0.0,0
2018-07-21,WH_SOUTH,South FC,CAR_A,Carrier A,bulky,1,1,0,0.0,0.0,0
2018-07-21,WH_SOUTH,South FC,CAR_A,Carrier A,fast,3,3,0,0.0,0.0,0
2018-07-21,WH_SOUTH,South FC,CAR_A,Carrier A,standard,4,2,2,50.0,1.0,1
2018-07-21,WH_SOUTH,South FC,CAR_B,Carrier B,bulky,1,1,0,0.0,0.0,0
2018-07-21,WH_SOUTH,South FC,CAR_B,Carrier B,fast,5,5,0,0.0,0.0,0
2018-07-21,WH_SOUTH,South FC,CAR_B,Carrier B,standard,1,0,1,100.0,0.0,0
2018-07-21,WH_SOUTH,South FC,CAR_C,Carrier C,bulky,1,1,0,0.0,0.0,0
2018-07-21,WH_SOUTH,South FC,CAR_C,Carrier C,fast,1,1,0,0.0,0.0,0
2018-07-21,WH_SOUTH,South FC,CAR_C,Carrier C,standard,1,1,0,0.0,0.0,0
2018-07-21,WH_SOUTH,South FC,CAR_D,Carrier D,fast,2,2,0,0.0,0.0,0
2018-07-21,WH_SOUTHEAST,Southeast FC,CAR_A,Carrier A,bulky,12,6,6,50.0,0.0,0
2018-07-21,WH_SOUTHEAST,Southeast FC,CAR_A,Carrier A,fast,18,18,0,0.0,0.11,1
2018-07-21,WH_SOUTHEAST,Southeast FC,CAR_A,Carrier A,standard,15,7,8,53.33,0.0,0
2018-07-21,WH_SOUTHEAST,Southeast FC,CAR_B,Carrier B,bulky,13,7,6,46.15,0.0,0
2018-07-21,WH_SOUTHEAST,Southeast FC,CAR_B,Carrier B,fast,21,19,2,9.52,0.0,0
2018-07-21,WH_SOUTHEAST,Southeast FC,CAR_B,Carrier B,standard,20,12,8,40.0,0.0,0
2018-07-21,WH_SOUTHEAST,Southeast FC,CAR_C,Carrier C,bulky,7,3,4,57.14,0.0,0
2018-07-21,WH_SOUTHEAST,Southeast FC,CAR_C,Carrier C,fast,16,15,1,6.25,0.25,1
2018-07-21,WH_SOUTHEAST,Southeast FC,CAR_C,Carrier C,standard,12,6,6,50.0,0.33,1
2018-07-21,WH_SOUTHEAST,Southeast FC,CAR_D,Carrier D,bulky,8,3,5,62.5,0.0,0
2018-07-21,WH_SOUTHEAST,Southeast FC,CAR_D,Carrier D,fast,6,6,0,0.0,0.0,0
2018-07-21,WH_SOUTHEAST,Southeast FC,CAR_D,Carrier D,standard,4,1,3,75.0,0.0,0
2018-07-22,WH_CENTRAL_WEST,Central-West FC,CAR_A,Carrier A,bulky,1,0,1,100.0,0.0,0
2018-07-22,WH_CENTRAL_WEST,Central-West FC,CAR_A,Carrier A,fast,2,2,0,0.0,0.0,0
2018-07-22,WH_CENTRAL_WEST,Central-West FC,CAR_A,Carrier A,standard,2,2,0,0.0,0.0,0
2018-07-22,WH_CENTRAL_WEST,Central-West FC,CAR_B,Carrier B,bulky,1,1,0,0.0,0.0,0
2018-07-22,WH_CENTRAL_WEST,Central-West FC,CAR_B,Carrier B,fast,2,2,0,0.0,0.0,0
2018-07-22,WH_CENTRAL_WEST,Central-West FC,CAR_B,Carrier B,standard,4,4,0,0.0,0.0,0
2018-07-22,WH_CENTRAL_WEST,Central-West FC,CAR_C,Carrier C,fast,1,1,0,0.0,0.0,0
2018-07-22,WH_CENTRAL_WEST,Central-West FC,CAR_D,Carrier D,fast,3,3,0,0.0,0.0,0
2018-07-22,WH_NORTH,North FC,CAR_B,Carrier B,standard,1,1,0,0.0,0.0,0
2018-07-22,WH_SOUTH,South FC,CAR_A,Carrier A,bulky,2,1,1,50.0,0.0,0
2018-07-22,WH_SOUTH,South FC,CAR_A,Carrier A,fast,4,4,0,0.0,0.0,0
2018-07-22,WH_SOUTH,South FC,CAR_A,Carrier A,standard,2,1,1,50.0,0.0,0
2018-07-22,WH_SOUTH,South FC,CAR_B,Carrier B,bulky,1,0,1,100.0,0.0,0
2018-07-22,WH_SOUTH,South FC,CAR_B,Carrier B,fast,2,2,0,0.0,0.0,0
2018-07-22,WH_SOUTH,South FC,CAR_B,Carrier B,standard,3,1,2,66.67,0.0,0
2018-07-22,WH_SOUTH,South FC,CAR_C,Carrier C,bulky,2,0,2,100.0,0.0,0
2018-07-22,WH_SOUTH,South FC,CAR_C,Carrier C,fast,5,5,0,0.0,0.0,0
2018-07-22,WH_SOUTH,South FC,CAR_C,Carrier C,standard,2,0,2,100.0,0.0,0
2018-07-22,WH_SOUTH,South FC,CAR_D,Carrier D,fast,1,1,0,0.0,0.0,0
2018-07-22,WH_SOUTH,South FC,CAR_D,Carrier D,standard,1,1,0,0.0,0.0,0
2018-07-22,WH_SOUTHEAST,Southeast FC,CAR_A,Carrier A,bulky,16,5,11,68.75,0.0,0
2018-07-22,WH_SOUTHEAST,Southeast FC,CAR_A,Carrier A,fast,29,24,5,17.24,0.0,0
2018-07-22,WH_SOUTHEAST,Southeast FC,CAR_A,Carrier A,standard,19,10,9,47.37,0.0,0
2018-07-22,WH_SOUTHEAST,Southeast FC,CAR_B,Carrier B,bulky,20,6,14,70.0,0.3,1
2018-07-22,WH_SOUTHEAST,Southeast FC,CAR_B,Carrier B,fast,13,12,1,7.69,0.0,0
2018-07-22,WH_SOUTHEAST,Southeast FC,CAR_B,Carrier B,standard,24,10,14,58.33,0.13,1
2018-07-22,WH_SOUTHEAST,Southeast FC,CAR_C,Carrier C,bulky,8,2,6,75.0,0.0,0
2018-07-22,WH_SOUTHEAST,Southeast FC,CAR_C,Carrier C,fast,11,11,0,0.0,0.0,0
2018-07-22,WH_SOUTHEAST,Southeast FC,CAR_C,Carrier C,standard,12,5,7,58.33,3.42,1
2018-07-22,WH_SOUTHEAST,Southeast FC,CAR_D,Carrier D,bulky,6,5,1,16.67,0.17,1
2018-07-22,WH_SOUTHEAST,Southeast FC,CAR_D,Carrier D,fast,5,5,0,0.0,0.0,0
2018-07-22,WH_SOUTHEAST,Southeast FC,CAR_D,Carrier D,standard,8,4,4,50.0,0.0,0
2018-07-23,WH_CENTRAL_WEST,Central-West FC,CAR_A,Carrier A,bulky,2,2,0,0.0,0.0,0
2018-07-23,WH_CENTRAL_WEST,Central-West FC,CAR_A,Carrier A,fast,2,2,0,0.0,0.0,0
2018-07-23,WH_CENTRAL_WEST,Central-West FC,CAR_A,Carrier A,standard,3,3,0,0.0,0.0,0
2018-07-23,WH_CENTRAL_WEST,Central-West FC,CAR_B,Carrier B,bulky,2,1,1,50.0,0.0,0
2018-07-23,WH_CENTRAL_WEST,Central-West FC,CAR_B,Carrier B,fast,2,2,0,0.0,0.0,0
2018-07-23,WH_CENTRAL_WEST,Central-West FC,CAR_B,Carrier B,standard,1,1,0,0.0,0.0,0
2018-07-23,WH_CENTRAL_WEST,Central-West FC,CAR_C,Carrier C,bulky,1,0,1,100.0,0.0,0
2018-07-23,WH_CENTRAL_WEST,Central-West FC,CAR_D,Carrier D,bulky,2,0,2,100.0,0.0,0
2018-07-23,WH_CENTRAL_WEST,Central-West FC,CAR_D,Carrier D,fast,3,3,0,0.0,0.0,0
2018-07-23,WH_CENTRAL_WEST,Central-West FC,CAR_D,Carrier D,standard,1,1,0,0.0,7.0,1
2018-07-23,WH_NORTH,North FC,CAR_A,Carrier A,fast,1,1,0,0.0,0.0,0
2018-07-23,WH_NORTH,North FC,CAR_B,Carrier B,fast,2,2,0,0.0,0.0,0
2018-07-23,WH_NORTH,North FC,CAR_B,Carrier B,standard,1,1,0,0.0,0.0,0
2018-07-23,WH_NORTH,North FC,CAR_C,Carrier C,fast,2,2,0,0.0,0.0,0
2018-07-23,WH_NORTH,North FC,CAR_C,Carrier C,standard,1,1,0,0.0,0.0,0
2018-07-23,WH_SOUTH,South FC,CAR_A,Carrier A,bulky,3,0,3,100.0,0.0,0
2018-07-23,WH_SOUTH,South FC,CAR_A,Carrier A,fast,6,6,0,0.0,0.0,0
2018-07-23,WH_SOUTH,South FC,CAR_A,Carrier A,standard,9,5,4,44.44,0.0,0
2018-07-23,WH_SOUTH,South FC,CAR_B,Carrier B,bulky,7,3,4,57.14,0.0,0
2018-07-23,WH_SOUTH,South FC,CAR_B,Carrier B,fast,6,6,0,0.0,0.0,0
2018-07-23,WH_SOUTH,South FC,CAR_B,Carrier B,standard,5,5,0,0.0,0.0,0
2018-07-23,WH_SOUTH,South FC,CAR_C,Carrier C,bulky,1,0,1,100.0,0.0,0
2018-07-23,WH_SOUTH,South FC,CAR_C,Carrier C,fast,2,2,0,0.0,0.0,0
2018-07-23,WH_SOUTH,South FC,CAR_C,Carrier C,standard,4,1,3,75.0,0.0,0
2018-07-23,WH_SOUTH,South FC,CAR_D,Carrier D,bulky,1,0,1,100.0,0.0,0
2018-07-23,WH_SOUTH,South FC,CAR_D,Carrier D,fast,2,2,0,0.0,0.0,0
2018-07-23,WH_SOUTH,South FC,CAR_D,Carrier D,standard,5,5,0,0.0,0.0,0
2018-07-23,WH_SOUTHEAST,Southeast FC,CAR_A,Carrier A,bulky,14,2,12,85.71,0.0,0
2018-07-23,WH_SOUTHEAST,Southeast FC,CAR_A,Carrier A,fast,31,22,9,29.03,1.42,3
2018-07-23,WH_SOUTHEAST,Southeast FC,CAR_A,Carrier A,standard,26,12,14,53.85,0.04,1
2018-07-23,WH_SOUTHEAST,Southeast FC,CAR_B,Carrier B,bulky,25,9,16,64.0,0.56,3
2018-07-23,WH_SOUTHEAST,Southeast FC,CAR_B,Carrier B,fast,23,19,4,17.39,0.3,1
2018-07-23,WH_SOUTHEAST,Southeast FC,CAR_B,Carrier B,standard,23,16,7,30.43,0.0,0
2018-07-23,WH_SOUTHEAST,Southeast FC,CAR_C,Carrier C,bulky,9,3,6,66.67,0.0,0
2018-07-23,WH_SOUTHEAST,Southeast FC,CAR_C,Carrier C,fast,17,14,3,17.65,0.12,2
2018-07-23,WH_SOUTHEAST,Southeast FC,CAR_C,Carrier C,standard,20,11,9,45.0,0.0,0
2018-07-23,WH_SOUTHEAST,Southeast FC,CAR_D,Carrier D,bulky,7,2,5,71.43,1.29,1
2018-07-23,WH_SOUTHEAST,Southeast FC,CAR_D,Carrier D,fast,11,8,3,27.27,0.0,0
2018-07-23,WH_SOUTHEAST,Southeast FC,CAR_D,Carrier D,standard,15,8,7,46.67,0.2,1
2018-07-24,WH_CENTRAL_WEST,Central-West FC,CAR_A,Carrier A,bulky,2,0,2,100.0,0.0,0
2018-07-24,WH_CENTRAL_WEST,Central-West FC,CAR_A,Carrier A,fast,4,4,0,0.0,0.0,0
2018-07-24,WH_CENTRAL_WEST,Central-West FC,CAR_B,Carrier B,bulky,1,1,0,0.0,0.0,0
2018-07-24,WH_CENTRAL_WEST,Central-West FC,CAR_B,Carrier B,fast,1,1,0,0.0,0.0,0
2018-07-24,WH_CENTRAL_WEST,Central-West FC,CAR_C,Carrier C,standard,1,1,0,0.0,0.0,0
2018-07-24,WH_CENTRAL_WEST,Central-West FC,CAR_D,Carrier D,bulky,1,0,1,100.0,0.0,0
2018-07-24,WH_CENTRAL_WEST,Central-West FC,CAR_D,Carrier D,fast,1,1,0,0.0,0.0,0
2018-07-24,WH_CENTRAL_WEST,Central-West FC,CAR_D,Carrier D,standard,5,4,1,20.0,0.0,0
2018-07-24,WH_NORTH,North FC,CAR_A,Carrier A,bulky,1,1,0,0.0,0.0,0
2018-07-24,WH_NORTH,North FC,CAR_B,Carrier B,fast,1,1,0,0.0,10.0,1
2018-07-24,WH_NORTH,North FC,CAR_B,Carrier B,standard,1,1,0,0.0,0.0,0
2018-07-24,WH_NORTH,North FC,CAR_C,Carrier C,bulky,1,1,0,0.0,0.0,0
2018-07-24,WH_NORTH,North FC,CAR_C,Carrier C,fast,2,2,0,0.0,0.0,0
2018-07-24,WH_SOUTH,South FC,CAR_A,Carrier A,bulky,5,2,3,60.0,0.0,0
2018-07-24,WH_SOUTH,South FC,CAR_A,Carrier A,fast,2,2,0,0.0,0.0,0
2018-07-24,WH_SOUTH,South FC,CAR_A,Carrier A,standard,6,6,0,0.0,0.0,0
2018-07-24,WH_SOUTH,South FC,CAR_B,Carrier B,bulky,4,2,2,50.0,0.0,0
2018-07-24,WH_SOUTH,South FC,CAR_B,Carrier B,fast,2,2,0,0.0,0.0,0
2018-07-24,WH_SOUTH,South FC,CAR_B,Carrier B,standard,6,5,1,16.67,0.0,0
2018-07-24,WH_SOUTH,South FC,CAR_C,Carrier C,bulky,3,0,3,100.0,0.0,0
2018-07-24,WH_SOUTH,South FC,CAR_C,Carrier C,fast,1,1,0,0.0,0.0,0
2018-07-24,WH_SOUTH,South FC,CAR_C,Carrier C,standard,1,1,0,0.0,0.0,0
2018-07-24,WH_SOUTH,South FC,CAR_D,Carrier D,bulky,1,1,0,0.0,0.0,0
2018-07-24,WH_SOUTH,South FC,CAR_D,Carrier D,standard,1,1,0,0.0,0.0,0
2018-07-24,WH_SOUTHEAST,Southeast FC,CAR_A,Carrier A,bulky,24,5,19,79.17,0.0,0
2018-07-24,WH_SOUTHEAST,Southeast FC,CAR_A,Carrier A,fast,22,16,6,27.27,0.0,0
2018-07-24,WH_SOUTHEAST,Southeast FC,CAR_A,Carrier A,standard,26,19,7,26.92,0.0,0
2018-07-24,WH_SOUTHEAST,Southeast FC,CAR_B,Carrier B,bulky,17,4,13,76.47,0.53,2
2018-07-24,WH_SOUTHEAST,Southeast FC,CAR_B,Carrier B,fast,22,17,5,22.73,0.09,1
2018-07-24,WH_SOUTHEAST,Southeast FC,CAR_B,Carrier B,standard,31,20,11,35.48,0.39,1
2018-07-24,WH_SOUTHEAST,Southeast FC,CAR_C,Carrier C,bulky,12,3,9,75.0,0.92,1
2018-07-24,WH_SOUTHEAST,Southeast FC,CAR_C,Carrier C,fast,14,11,3,21.43,0.0,0
2018-07-24,WH_SOUTHEAST,Southeast FC,CAR_C,Carrier C,standard,16,10,6,37.5,0.0,0
2018-07-24,WH_SOUTHEAST,Southeast FC,CAR_D,Carrier D,bulky,5,1,4,80.0,0.0,0
2018-07-24,WH_SOUTHEAST,Southeast FC,CAR_D,Carrier D,fast,7,6,1,14.29,0.0,0
2018-07-24,WH_SOUTHEAST,Southeast FC,CAR_D,Carrier D,standard,14,10,4,28.57,0.0,0
2018-07-25,WH_CENTRAL_WEST,Central-West FC,CAR_A,Carrier A,fast,1,0,1,100.0,0.0,0
2018-07-25,WH_CENTRAL_WEST,Central-West FC,CAR_A,Carrier A,standard,3,3,0,0.0,0.0,0
2018-07-25,WH_CENTRAL_WEST,Central-West FC,CAR_B,Carrier B,fast,2,2,0,0.0,0.0,0
2018-07-25,WH_CENTRAL_WEST,Central-West FC,CAR_B,Carrier B,standard,3,3,0,0.0,0.0,0
2018-07-25,WH_CENTRAL_WEST,Central-West FC,CAR_C,Carrier C,bulky,2,2,0,0.0,0.0,0
2018-07-25,WH_CENTRAL_WEST,Central-West FC,CAR_C,Carrier C,standard,2,2,0,0.0,0.0,0
2018-07-25,WH_CENTRAL_WEST,Central-West FC,CAR_D,Carrier D,bulky,1,0,1,100.0,0.0,0
2018-07-25,WH_CENTRAL_WEST,Central-West FC,CAR_D,Carrier D,fast,2,2,0,0.0,0.0,0
2018-07-25,WH_CENTRAL_WEST,Central-West FC,CAR_D,Carrier D,standard,1,1,0,0.0,0.0,0
2018-07-25,WH_NORTH,North FC,CAR_A,Carrier A,standard,1,1,0,0.0,0.0,0
2018-07-25,WH_NORTH,North FC,CAR_B,Carrier B,fast,1,1,0,0.0,0.0,0
2018-07-25,WH_NORTH,North FC,CAR_B,Carrier B,standard,1,1,0,0.0,0.0,0
2018-07-25,WH_NORTH,North FC,CAR_C,Carrier C,standard,2,2,0,0.0,0.0,0
2018-07-25,WH_SOUTH,South FC,CAR_A,Carrier A,bulky,2,2,0,0.0,3.5,1
2018-07-25,WH_SOUTH,South FC,CAR_A,Carrier A,fast,7,7,0,0.0,0.0,0
2018-07-25,WH_SOUTH,South FC,CAR_A,Carrier A,standard,6,6,0,0.0,0.0,0
2018-07-25,WH_SOUTH,South FC,CAR_B,Carrier B,bulky,3,2,1,33.33,0.0,0
2018-07-25,WH_SOUTH,South FC,CAR_B,Carrier B,fast,2,2,0,0.0,0.0,0
2018-07-25,WH_SOUTH,South FC,CAR_B,Carrier B,standard,4,4,0,0.0,0.0,0
2018-07-25,WH_SOUTH,South FC,CAR_C,Carrier C,bulky,1,0,1,100.0,0.0,0
2018-07-25,WH_SOUTH,South FC,CAR_C,Carrier C,fast,1,1,0,0.0,0.0,0
2018-07-25,WH_SOUTH,South FC,CAR_C,Carrier C,standard,1,1,0,0.0,0.0,0
2018-07-25,WH_SOUTH,South FC,CAR_D,Carrier D,bulky,1,0,1,100.0,0.0,0
2018-07-25,WH_SOUTH,South FC,CAR_D,Carrier D,standard,4,2,2,50.0,0.0,0
2018-07-25,WH_SOUTHEAST,Southeast FC,CAR_A,Carrier A,bulky,12,5,7,58.33,0.0,0
2018-07-25,WH_SOUTHEAST,Southeast FC,CAR_A,Carrier A,fast,28,20,8,28.57,0.43,1
2018-07-25,WH_SOUTHEAST,Southeast FC,CAR_A,Carrier A,standard,29,18,11,37.93,0.59,2
2018-07-25,WH_SOUTHEAST,Southeast FC,CAR_B,Carrier B,bulky,22,6,16,72.73,1.14,3
2018-07-25,WH_SOUTHEAST,Southeast FC,CAR_B,Carrier B,fast,26,21,5,19.23,0.0,0
2018-07-25,WH_SOUTHEAST,Southeast FC,CAR_B,Carrier B,standard,24,15,9,37.5,1.58,1
2018-07-25,WH_SOUTHEAST,Southeast FC,CAR_C,Carrier C,bulky,8,5,3,37.5,0.0,0
2018-07-25,WH_SOUTHEAST,Southeast FC,CAR_C,Carrier C,fast,17,15,2,11.76,0.0,0
2018-07-25,WH_SOUTHEAST,Southeast FC,CAR_C,Carrier C,standard,16,11,5,31.25,0.0,0
2018-07-25,WH_SOUTHEAST,Southeast FC,CAR_D,Carrier D,bulky,6,1,5,83.33,0.0,0
2018-07-25,WH_SOUTHEAST,Southeast FC,CAR_D,Carrier D,fast,12,9,3,25.0,0.0,0
2018-07-25,WH_SOUTHEAST,Southeast FC,CAR_D,Carrier D,standard,10,7,3,30.0,0.0,0
2018-07-26,WH_CENTRAL_WEST,Central-West FC,CAR_A,Carrier A,fast,3,3,0,0.0,0.0,0
2018-07-26,WH_CENTRAL_WEST,Central-West FC,CAR_A,Carrier A,standard,2,1,1,50.0,0.0,0
2018-07-26,WH_CENTRAL_WEST,Central-West FC,CAR_B,Carrier B,bulky,1,0,1,100.0,0.0,0
2018-07-26,WH_CENTRAL_WEST,Central-West FC,CAR_B,Carrier B,fast,3,3,0,0.0,0.0,0
2018-07-26,WH_CENTRAL_WEST,Central-West FC,CAR_B,Carrier B,standard,1,1,0,0.0,0.0,0
2018-07-26,WH_CENTRAL_WEST,Central-West FC,CAR_D,Carrier D,fast,1,1,0,0.0,0.0,0
2018-07-26,WH_CENTRAL_WEST,Central-West FC,CAR_D,Carrier D,standard,7,4,3,42.86,0.0,0
2018-07-26,WH_NORTH,North FC,CAR_A,Carrier A,bulky,1,1,0,0.0,0.0,0
2018-07-26,WH_NORTH,North FC,CAR_A,Carrier A,fast,1,1,0,0.0,0.0,0
2018-07-26,WH_NORTH,North FC,CAR_B,Carrier B,fast,2,2,0,0.0,0.0,0
2018-07-26,WH_NORTH,North FC,CAR_B,Carrier B,standard,1,1,0,0.0,0.0,0
2018-07-26,WH_NORTH,North FC,CAR_C,Carrier C,fast,1,1,0,0.0,0.0,0
2018-07-26,WH_SOUTH,South FC,CAR_A,Carrier A,fast,5,5,0,0.0,0.0,0
2018-07-26,WH_SOUTH,South FC,CAR_A,Carrier A,standard,1,1,0,0.0,0.0,0
2018-07-26,WH_SOUTH,South FC,CAR_B,Carrier B,fast,2,2,0,0.0,0.0,0
2018-07-26,WH_SOUTH,South FC,CAR_B,Carrier B,standard,6,5,1,16.67,0.0,0
2018-07-26,WH_SOUTH,South FC,CAR_C,Carrier C,fast,1,1,0,0.0,0.0,0
2018-07-26,WH_SOUTH,South FC,CAR_C,Carrier C,standard,3,3,0,0.0,0.0,0
2018-07-26,WH_SOUTH,South FC,CAR_D,Carrier D,bulky,1,0,1,100.0,0.0,0
2018-07-26,WH_SOUTH,South FC,CAR_D,Carrier D,standard,1,0,1,100.0,0.0,0
2018-07-26,WH_SOUTHEAST,Southeast FC,CAR_A,Carrier A,bulky,15,3,12,80.0,0.0,0
2018-07-26,WH_SOUTHEAST,Southeast FC,CAR_A,Carrier A,fast,23,23,0,0.0,0.0,0
2018-07-26,WH_SOUTHEAST,Southeast FC,CAR_A,Carrier A,standard,30,19,11,36.67,0.0,0
2018-07-26,WH_SOUTHEAST,Southeast FC,CAR_B,Carrier B,bulky,14,5,9,64.29,0.0,0
2018-07-26,WH_SOUTHEAST,Southeast FC,CAR_B,Carrier B,fast,24,22,2,8.33,0.13,1
2018-07-26,WH_SOUTHEAST,Southeast FC,CAR_B,Carrier B,standard,26,17,9,34.62,0.04,1
2018-07-26,WH_SOUTHEAST,Southeast FC,CAR_C,Carrier C,bulky,14,5,9,64.29,0.07,1
2018-07-26,WH_SOUTHEAST,Southeast FC,CAR_C,Carrier C,fast,16,15,1,6.25,0.0,0
2018-07-26,WH_SOUTHEAST,Southeast FC,CAR_C,Carrier C,standard,10,8,2,20.0,0.0,0
2018-07-26,WH_SOUTHEAST,Southeast FC,CAR_D,Carrier D,bulky,8,1,7,87.5,0.0,0
2018-07-26,WH_SOUTHEAST,Southeast FC,CAR_D,Carrier D,fast,12,11,1,8.33,0.17,1
2018-07-26,WH_SOUTHEAST,Southeast FC,CAR_D,Carrier D,standard,8,4,4,50.0,0.75,1
2018-07-27,WH_CENTRAL_WEST,Central-West FC,CAR_A,Carrier A,bulky,1,1,0,0.0,0.0,0
2018-07-27,WH_CENTRAL_WEST,Central-West FC,CAR_A,Carrier A,fast,2,2,0,0.0,0.0,0
2018-07-27,WH_CENTRAL_WEST,Central-West FC,CAR_A,Carrier A,standard,2,2,0,0.0,0.0,0
2018-07-27,WH_CENTRAL_WEST,Central-West FC,CAR_B,Carrier B,bulky,2,0,2,100.0,0.0,0
2018-07-27,WH_CENTRAL_WEST,Central-West FC,CAR_B,Carrier B,fast,1,1,0,0.0,0.0,0
2018-07-27,WH_CENTRAL_WEST,Central-West FC,CAR_C,Carrier C,fast,5,5,0,0.0,0.0,0
2018-07-27,WH_CENTRAL_WEST,Central-West FC,CAR_C,Carrier C,standard,2,2,0,0.0,0.0,0
2018-07-27,WH_CENTRAL_WEST,Central-West FC,CAR_D,Carrier D,fast,1,1,0,0.0,0.0,0
2018-07-27,WH_CENTRAL_WEST,Central-West FC,CAR_D,Carrier D,standard,3,3,0,0.0,0.0,0
2018-07-27,WH_NORTH,North FC,CAR_A,Carrier A,standard,1,1,0,0.0,0.0,0
2018-07-27,WH_NORTH,North FC,CAR_B,Carrier B,fast,1,1,0,0.0,0.0,0
2018-07-27,WH_NORTH,North FC,CAR_C,Carrier C,fast,1,1,0,0.0,0.0,0
2018-07-27,WH_NORTH,North FC,CAR_D,Carrier D,bulky,1,1,0,0.0,0.0,0
2018-07-27,WH_NORTH,North FC,CAR_D,Carrier D,standard,1,1,0,0.0,0.0,0
2018-07-27,WH_SOUTH,South FC,CAR_A,Carrier A,bulky,2,2,0,0.0,0.0,0
2018-07-27,WH_SOUTH,South FC,CAR_A,Carrier A,fast,4,4,0,0.0,0.0,0
2018-07-27,WH_SOUTH,South FC,CAR_A,Carrier A,standard,2,2,0,0.0,0.0,0
2018-07-27,WH_SOUTH,South FC,CAR_B,Carrier B,bulky,4,3,1,25.0,0.0,0
2018-07-27,WH_SOUTH,South FC,CAR_B,Carrier B,fast,4,4,0,0.0,0.0,0
2018-07-27,WH_SOUTH,South FC,CAR_B,Carrier B,standard,1,1,0,0.0,0.0,0
2018-07-27,WH_SOUTH,South FC,CAR_C,Carrier C,bulky,1,0,1,100.0,0.0,0
2018-07-27,WH_SOUTH,South FC,CAR_C,Carrier C,fast,1,1,0,0.0,0.0,0
2018-07-27,WH_SOUTH,South FC,CAR_C,Carrier C,standard,3,3,0,0.0,0.0,0
2018-07-27,WH_SOUTH,South FC,CAR_D,Carrier D,bulky,1,1,0,0.0,0.0,0
2018-07-27,WH_SOUTH,South FC,CAR_D,Carrier D,standard,1,1,0,0.0,0.0,0
2018-07-27,WH_SOUTHEAST,Southeast FC,CAR_A,Carrier A,bulky,12,6,6,50.0,0.0,0
2018-07-27,WH_SOUTHEAST,Southeast FC,CAR_A,Carrier A,fast,17,15,2,11.76,2.12,2
2018-07-27,WH_SOUTHEAST,Southeast FC,CAR_A,Carrier A,standard,21,13,8,38.1,0.0,0
2018-07-27,WH_SOUTHEAST,Southeast FC,CAR_B,Carrier B,bulky,9,3,6,66.67,0.0,0
2018-07-27,WH_SOUTHEAST,Southeast FC,CAR_B,Carrier B,fast,17,17,0,0.0,0.47,2
2018-07-27,WH_SOUTHEAST,Southeast FC,CAR_B,Carrier B,standard,9,7,2,22.22,0.0,0
2018-07-27,WH_SOUTHEAST,Southeast FC,CAR_C,Carrier C,bulky,8,2,6,75.0,0.0,0
2018-07-27,WH_SOUTHEAST,Southeast FC,CAR_C,Carrier C,fast,16,15,1,6.25,0.0,0
2018-07-27,WH_SOUTHEAST,Southeast FC,CAR_C,Carrier C,standard,10,6,4,40.0,0.0,0
2018-07-27,WH_SOUTHEAST,Southeast FC,CAR_D,Carrier D,bulky,4,1,3,75.0,0.0,0
2018-07-27,WH_SOUTHEAST,Southeast FC,CAR_D,Carrier D,fast,6,6,0,0.0,0.0,0
2018-07-27,WH_SOUTHEAST,Southeast FC,CAR_D,Carrier D,standard,9,8,1,11.11,0.0,0
2018-07-28,WH_CENTRAL_WEST,Central-West FC,CAR_A,Carrier A,fast,2,2,0,0.0,0.0,0
2018-07-28,WH_CENTRAL_WEST,Central-West FC,CAR_A,Carrier A,standard,2,1,1,50.0,0.0,0
2018-07-28,WH_CENTRAL_WEST,Central-West FC,CAR_B,Carrier B,standard,1,1,0,0.0,0.0,0
2018-07-28,WH_CENTRAL_WEST,Central-West FC,CAR_D,Carrier D,bulky,1,0,1,100.0,0.0,0
2018-07-28,WH_NORTH,North FC,CAR_A,Carrier A,fast,2,2,0,0.0,0.0,0
2018-07-28,WH_NORTH,North FC,CAR_A,Carrier A,standard,1,1,0,0.0,0.0,0
2018-07-28,WH_NORTH,North FC,CAR_C,Carrier C,bulky,1,1,0,0.0,0.0,0
2018-07-28,WH_NORTH,North FC,CAR_C,Carrier C,fast,1,1,0,0.0,0.0,0
2018-07-28,WH_NORTH,North FC,CAR_C,Carrier C,standard,1,1,0,0.0,0.0,0
2018-07-28,WH_SOUTH,South FC,CAR_A,Carrier A,bulky,2,1,1,50.0,0.0,0
2018-07-28,WH_SOUTH,South FC,CAR_A,Carrier A,fast,2,2,0,0.0,0.0,0
2018-07-28,WH_SOUTH,South FC,CAR_A,Carrier A,standard,5,4,1,20.0,0.0,0
2018-07-28,WH_SOUTH,South FC,CAR_B,Carrier B,fast,5,5,0,0.0,0.0,0
2018-07-28,WH_SOUTH,South FC,CAR_B,Carrier B,standard,5,5,0,0.0,0.0,0
2018-07-28,WH_SOUTH,South FC,CAR_C,Carrier C,bulky,1,1,0,0.0,0.0,0
2018-07-28,WH_SOUTH,South FC,CAR_C,Carrier C,fast,1,1,0,0.0,0.0,0
2018-07-28,WH_SOUTH,South FC,CAR_C,Carrier C,standard,4,4,0,0.0,0.0,0
2018-07-28,WH_SOUTHEAST,Southeast FC,CAR_A,Carrier A,bulky,6,2,4,66.67,0.0,0
2018-07-28,WH_SOUTHEAST,Southeast FC,CAR_A,Carrier A,fast,14,12,2,14.29,0.0,0
2018-07-28,WH_SOUTHEAST,Southeast FC,CAR_A,Carrier A,standard,18,13,5,27.78,1.06,1
2018-07-28,WH_SOUTHEAST,Southeast FC,CAR_B,Carrier B,bulky,14,7,7,50.0,0.0,0
2018-07-28,WH_SOUTHEAST,Southeast FC,CAR_B,Carrier B,fast,13,13,0,0.0,0.0,0
2018-07-28,WH_SOUTHEAST,Southeast FC,CAR_B,Carrier B,standard,22,12,10,45.45,0.0,0
2018-07-28,WH_SOUTHEAST,Southeast FC,CAR_C,Carrier C,bulky,5,1,4,80.0,0.0,0
2018-07-28,WH_SOUTHEAST,Southeast FC,CAR_C,Carrier C,fast,14,12,2,14.29,0.0,0
2018-07-28,WH_SOUTHEAST,Southeast FC,CAR_C,Carrier C,standard,10,7,3,30.0,0.0,0
2018-07-28,WH_SOUTHEAST,Southeast FC,CAR_D,Carrier D,bulky,5,2,3,60.0,0.0,0
2018-07-28,WH_SOUTHEAST,Southeast FC,CAR_D,Carrier D,fast,7,5,2,28.57,0.0,0
2018-07-28,WH_SOUTHEAST,Southeast FC,CAR_D,Carrier D,standard,7,4,3,42.86,0.0,0
2018-07-29,WH_CENTRAL_WEST,Central-West FC,CAR_A,Carrier A,standard,2,1,1,50.0,0.0,0
2018-07-29,WH_CENTRAL_WEST,Central-West FC,CAR_C,Carrier C,fast,1,1,0,0.0,0.0,0
2018-07-29,WH_CENTRAL_WEST,Central-West FC,CAR_D,Carrier D,fast,4,4,0,0.0,0.0,0
2018-07-29,WH_CENTRAL_WEST,Central-West FC,CAR_D,Carrier D,standard,2,2,0,0.0,1.0,1
2018-07-29,WH_NORTH,North FC,CAR_A,Carrier A,fast,1,1,0,0.0,0.0,0
2018-07-29,WH_NORTH,North FC,CAR_A,Carrier A,standard,1,1,0,0.0,0.0,0
2018-07-29,WH_SOUTH,South FC,CAR_A,Carrier A,bulky,3,1,2,66.67,0.0,0
2018-07-29,WH_SOUTH,South FC,CAR_A,Carrier A,fast,2,2,0,0.0,0.0,0
2018-07-29,WH_SOUTH,South FC,CAR_A,Carrier A,standard,3,3,0,0.0,0.0,0
2018-07-29,WH_SOUTH,South FC,CAR_B,Carrier B,bulky,3,0,3,100.0,0.0,0
2018-07-29,WH_SOUTH,South FC,CAR_B,Carrier B,fast,4,3,1,25.0,0.0,0
2018-07-29,WH_SOUTH,South FC,CAR_B,Carrier B,standard,4,2,2,50.0,0.0,0
2018-07-29,WH_SOUTH,South FC,CAR_C,Carrier C,bulky,1,1,0,0.0,0.0,0
2018-07-29,WH_SOUTH,South FC,CAR_C,Carrier C,fast,1,1,0,0.0,0.0,0
2018-07-29,WH_SOUTH,South FC,CAR_C,Carrier C,standard,3,2,1,33.33,0.0,0
2018-07-29,WH_SOUTH,South FC,CAR_D,Carrier D,fast,2,2,0,0.0,0.0,0
2018-07-29,WH_SOUTHEAST,Southeast FC,CAR_A,Carrier A,bulky,15,6,9,60.0,2.6,2
2018-07-29,WH_SOUTHEAST,Southeast FC,CAR_A,Carrier A,fast,14,10,4,28.57,0.43,1
2018-07-29,WH_SOUTHEAST,Southeast FC,CAR_A,Carrier A,standard,24,10,14,58.33,0.17,1
2018-07-29,WH_SOUTHEAST,Southeast FC,CAR_B,Carrier B,bulky,5,1,4,80.0,0.0,0
2018-07-29,WH_SOUTHEAST,Southeast FC,CAR_B,Carrier B,fast,13,10,3,23.08,0.0,0
2018-07-29,WH_SOUTHEAST,Southeast FC,CAR_B,Carrier B,standard,22,8,14,63.64,0.0,0
2018-07-29,WH_SOUTHEAST,Southeast FC,CAR_C,Carrier C,bulky,8,1,7,87.5,0.0,0
2018-07-29,WH_SOUTHEAST,Southeast FC,CAR_C,Carrier C,fast,9,5,4,44.44,0.0,0
2018-07-29,WH_SOUTHEAST,Southeast FC,CAR_C,Carrier C,standard,14,9,5,35.71,0.0,0
2018-07-29,WH_SOUTHEAST,Southeast FC,CAR_D,Carrier D,bulky,8,2,6,75.0,1.5,1
2018-07-29,WH_SOUTHEAST,Southeast FC,CAR_D,Carrier D,fast,6,5,1,16.67,0.0,0
2018-07-29,WH_SOUTHEAST,Southeast FC,CAR_D,Carrier D,standard,7,4,3,42.86,0.29,1
2018-07-30,WH_CENTRAL_WEST,Central-West FC,CAR_A,Carrier A,fast,5,5,0,0.0,0.0,0
2018-07-30,WH_CENTRAL_WEST,Central-West FC,CAR_B,Carrier B,fast,1,1,0,0.0,0.0,0
2018-07-30,WH_CENTRAL_WEST,Central-West FC,CAR_B,Carrier B,standard,3,2,1,33.33,0.0,0
2018-07-30,WH_CENTRAL_WEST,Central-West FC,CAR_C,Carrier C,bulky,1,0,1,100.0,0.0,0
2018-07-30,WH_CENTRAL_WEST,Central-West FC,CAR_C,Carrier C,fast,2,2,0,0.0,0.0,0
2018-07-30,WH_CENTRAL_WEST,Central-West FC,CAR_C,Carrier C,standard,2,2,0,0.0,0.0,0
2018-07-30,WH_CENTRAL_WEST,Central-West FC,CAR_D,Carrier D,standard,2,2,0,0.0,0.0,0
2018-07-30,WH_NORTH,North FC,CAR_A,Carrier A,fast,1,1,0,0.0,0.0,0
2018-07-30,WH_SOUTH,South FC,CAR_A,Carrier A,bulky,3,0,3,100.0,0.0,0
2018-07-30,WH_SOUTH,South FC,CAR_A,Carrier A,fast,3,3,0,0.0,0.0,0
2018-07-30,WH_SOUTH,South FC,CAR_A,Carrier A,standard,5,4,1,20.0,0.0,0
2018-07-30,WH_SOUTH,South FC,CAR_B,Carrier B,fast,3,3,0,0.0,0.0,0
2018-07-30,WH_SOUTH,South FC,CAR_B,Carrier B,standard,6,6,0,0.0,0.0,0
2018-07-30,WH_SOUTH,South FC,CAR_C,Carrier C,fast,4,4,0,0.0,1.75,1
2018-07-30,WH_SOUTH,South FC,CAR_D,Carrier D,standard,1,1,0,0.0,0.0,0
2018-07-30,WH_SOUTHEAST,Southeast FC,CAR_A,Carrier A,bulky,21,6,15,71.43,2.95,3
2018-07-30,WH_SOUTHEAST,Southeast FC,CAR_A,Carrier A,fast,28,20,8,28.57,0.18,1
2018-07-30,WH_SOUTHEAST,Southeast FC,CAR_A,Carrier A,standard,34,16,18,52.94,0.32,3
2018-07-30,WH_SOUTHEAST,Southeast FC,CAR_B,Carrier B,bulky,19,5,14,73.68,0.42,3
2018-07-30,WH_SOUTHEAST,Southeast FC,CAR_B,Carrier B,fast,36,23,13,36.11,0.11,2
2018-07-30,WH_SOUTHEAST,Southeast FC,CAR_B,Carrier B,standard,26,17,9,34.62,0.31,3
2018-07-30,WH_SOUTHEAST,Southeast FC,CAR_C,Carrier C,bulky,6,1,5,83.33,0.0,0
2018-07-30,WH_SOUTHEAST,Southeast FC,CAR_C,Carrier C,fast,19,15,4,21.05,1.32,4
2018-07-30,WH_SOUTHEAST,Southeast FC,CAR_C,Carrier C,standard,25,14,11,44.0,0.64,4
2018-07-30,WH_SOUTHEAST,Southeast FC,CAR_D,Carrier D,bulky,9,3,6,66.67,0.44,1
2018-07-30,WH_SOUTHEAST,Southeast FC,CAR_D,Carrier D,fast,7,7,0,0.0,1.14,1
2018-07-30,WH_SOUTHEAST,Southeast FC,CAR_D,Carrier D,standard,6,3,3,50.0,0.0,0
2018-07-31,WH_CENTRAL_WEST,Central-West FC,CAR_A,Carrier A,fast,1,1,0,0.0,0.0,0
2018-07-31,WH_CENTRAL_WEST,Central-West FC,CAR_A,Carrier A,standard,2,2,0,0.0,0.0,0
2018-07-31,WH_CENTRAL_WEST,Central-West FC,CAR_B,Carrier B,bulky,1,1,0,0.0,7.0,1
2018-07-31,WH_CENTRAL_WEST,Central-West FC,CAR_B,Carrier B,fast,3,3,0,0.0,0.0,0
2018-07-31,WH_CENTRAL_WEST,Central-West FC,CAR_B,Carrier B,standard,3,2,1,33.33,0.0,0
2018-07-31,WH_CENTRAL_WEST,Central-West FC,CAR_C,Carrier C,fast,2,2,0,0.0,0.0,0
2018-07-31,WH_CENTRAL_WEST,Central-West FC,CAR_D,Carrier D,fast,1,1,0,0.0,0.0,0
2018-07-31,WH_CENTRAL_WEST,Central-West FC,CAR_D,Carrier D,standard,2,2,0,0.0,0.0,0
2018-07-31,WH_NORTH,North FC,CAR_A,Carrier A,standard,2,2,0,0.0,0.0,0
2018-07-31,WH_NORTH,North FC,CAR_B,Carrier B,fast,2,2,0,0.0,0.0,0
2018-07-31,WH_NORTH,North FC,CAR_B,Carrier B,standard,3,3,0,0.0,1.0,1
2018-07-31,WH_NORTH,North FC,CAR_C,Carrier C,fast,1,1,0,0.0,0.0,0
2018-07-31,WH_SOUTH,South FC,CAR_A,Carrier A,bulky,3,1,2,66.67,0.0,0
2018-07-31,WH_SOUTH,South FC,CAR_A,Carrier A,fast,1,1,0,0.0,0.0,0
2018-07-31,WH_SOUTH,South FC,CAR_A,Carrier A,standard,2,2,0,0.0,0.0,0
2018-07-31,WH_SOUTH,South FC,CAR_B,Carrier B,bulky,2,2,0,0.0,0.0,0
2018-07-31,WH_SOUTH,South FC,CAR_B,Carrier B,fast,1,0,1,100.0,0.0,0
2018-07-31,WH_SOUTH,South FC,CAR_B,Carrier B,standard,4,4,0,0.0,0.0,0
2018-07-31,WH_SOUTH,South FC,CAR_C,Carrier C,bulky,2,1,1,50.0,0.0,0
2018-07-31,WH_SOUTH,South FC,CAR_C,Carrier C,fast,5,5,0,0.0,0.0,0
2018-07-31,WH_SOUTH,South FC,CAR_C,Carrier C,standard,2,2,0,0.0,0.0,0
2018-07-31,WH_SOUTH,South FC,CAR_D,Carrier D,bulky,2,2,0,0.0,1.5,1
2018-07-31,WH_SOUTH,South FC,CAR_D,Carrier D,fast,1,1,0,0.0,0.0,0
2018-07-31,WH_SOUTH,South FC,CAR_D,Carrier D,standard,4,4,0,0.0,0.0,0
2018-07-31,WH_SOUTHEAST,Southeast FC,CAR_A,Carrier A,bulky,23,3,20,86.96,0.04,1
2018-07-31,WH_SOUTHEAST,Southeast FC,CAR_A,Carrier A,fast,26,20,6,23.08,0.46,3
2018-07-31,WH_SOUTHEAST,Southeast FC,CAR_A,Carrier A,standard,30,24,6,20.0,0.27,4
2018-07-31,WH_SOUTHEAST,Southeast FC,CAR_B,Carrier B,bulky,25,6,19,76.0,0.16,1
2018-07-31,WH_SOUTHEAST,Southeast FC,CAR_B,Carrier B,fast,28,19,9,32.14,0.04,1
2018-07-31,WH_SOUTHEAST,Southeast FC,CAR_B,Carrier B,standard,32,21,11,34.38,0.09,1
2018-07-31,WH_SOUTHEAST,Southeast FC,CAR_C,Carrier C,bulky,13,1,12,92.31,0.0,0
2018-07-31,WH_SOUTHEAST,Southeast FC,CAR_C,Carrier C,fast,28,20,8,28.57,0.14,1
2018-07-31,WH_SOUTHEAST,Southeast FC,CAR_C,Carrier C,standard,21,11,10,47.62,0.33,1
2018-07-31,WH_SOUTHEAST,Southeast FC,CAR_D,Carrier D,bulky,8,2,6,75.0,0.75,1
2018-07-31,WH_SOUTHEAST,Southeast FC,CAR_D,Carrier D,fast,13,11,2,15.38,2.08,2
2018-07-31,WH_SOUTHEAST,Southeast FC,CAR_D,Carrier D,standard,14,12,2,14.29,0.07,1
2018-08-01,WH_CENTRAL_WEST,Central-West FC,CAR_A,Carrier A,bulky,1,1,0,0.0,0.0,0
2018-08-01,WH_CENTRAL_WEST,Central-West FC,CAR_A,Carrier A,fast,3,3,0,0.0,1.0,1
2018-08-01,WH_CENTRAL_WEST,Central-West FC,CAR_A,Carrier A,standard,2,2,0,0.0,0.0,0
2018-08-01,WH_CENTRAL_WEST,Central-West FC,CAR_B,Carrier B,bulky,1,0,1,100.0,0.0,0
2018-08-01,WH_CENTRAL_WEST,Central-West FC,CAR_B,Carrier B,standard,1,1,0,0.0,0.0,0
2018-08-01,WH_CENTRAL_WEST,Central-West FC,CAR_C,Carrier C,bulky,1,1,0,0.0,0.0,0
2018-08-01,WH_CENTRAL_WEST,Central-West FC,CAR_C,Carrier C,fast,2,2,0,0.0,1.0,1
2018-08-01,WH_CENTRAL_WEST,Central-West FC,CAR_C,Carrier C,standard,4,4,0,0.0,0.0,0
2018-08-01,WH_CENTRAL_WEST,Central-West FC,CAR_D,Carrier D,bulky,2,1,1,50.0,0.0,0
2018-08-01,WH_CENTRAL_WEST,Central-West FC,CAR_D,Carrier D,fast,1,1,0,0.0,3.0,1
2018-08-01,WH_CENTRAL_WEST,Central-West FC,CAR_D,Carrier D,standard,1,1,0,0.0,0.0,0
2018-08-01,WH_NORTH,North FC,CAR_A,Carrier A,fast,2,2,0,0.0,0.0,0
2018-08-01,WH_NORTH,North FC,CAR_A,Carrier A,standard,4,4,0,0.0,0.0,0
2018-08-01,WH_NORTH,North FC,CAR_B,Carrier B,fast,2,2,0,0.0,0.0,0
2018-08-01,WH_NORTH,North FC,CAR_B,Carrier B,standard,1,1,0,0.0,0.0,0
2018-08-01,WH_NORTH,North FC,CAR_C,Carrier C,bulky,1,1,0,0.0,0.0,0
2018-08-01,WH_NORTH,North FC,CAR_C,Carrier C,standard,2,2,0,0.0,0.0,0
2018-08-01,WH_SOUTH,South FC,CAR_A,Carrier A,bulky,2,0,2,100.0,0.0,0
2018-08-01,WH_SOUTH,South FC,CAR_A,Carrier A,fast,1,1,0,0.0,0.0,0
2018-08-01,WH_SOUTH,South FC,CAR_A,Carrier A,standard,5,5,0,0.0,0.0,0
2018-08-01,WH_SOUTH,South FC,CAR_B,Carrier B,bulky,1,0,1,100.0,0.0,0
2018-08-01,WH_SOUTH,South FC,CAR_B,Carrier B,fast,4,3,1,25.0,0.0,0
2018-08-01,WH_SOUTH,South FC,CAR_B,Carrier B,standard,7,6,1,14.29,0.0,0
2018-08-01,WH_SOUTH,South FC,CAR_C,Carrier C,bulky,1,0,1,100.0,0.0,0
2018-08-01,WH_SOUTH,South FC,CAR_C,Carrier C,fast,5,5,0,0.0,0.0,0
2018-08-01,WH_SOUTH,South FC,CAR_C,Carrier C,standard,3,3,0,0.0,0.0,0
2018-08-01,WH_SOUTH,South FC,CAR_D,Carrier D,bulky,1,1,0,0.0,0.0,0
2018-08-01,WH_SOUTH,South FC,CAR_D,Carrier D,fast,2,2,0,0.0,0.0,0
2018-08-01,WH_SOUTHEAST,Southeast FC,CAR_A,Carrier A,bulky,13,5,8,61.54,0.08,1
2018-08-01,WH_SOUTHEAST,Southeast FC,CAR_A,Carrier A,fast,37,31,6,16.22,1.54,6
2018-08-01,WH_SOUTHEAST,Southeast FC,CAR_A,Carrier A,standard,18,13,5,27.78,0.39,1
2018-08-01,WH_SOUTHEAST,Southeast FC,CAR_B,Carrier B,bulky,22,8,14,63.64,0.36,2
2018-08-01,WH_SOUTHEAST,Southeast FC,CAR_B,Carrier B,fast,23,17,6,26.09,0.3,2
2018-08-01,WH_SOUTHEAST,Southeast FC,CAR_B,Carrier B,standard,24,17,7,29.17,0.67,3
2018-08-01,WH_SOUTHEAST,Southeast FC,CAR_C,Carrier C,bulky,17,5,12,70.59,0.29,1
2018-08-01,WH_SOUTHEAST,Southeast FC,CAR_C,Carrier C,fast,28,24,4,14.29,0.25,3
2018-08-01,WH_SOUTHEAST,Southeast FC,CAR_C,Carrier C,standard,23,16,7,30.43,0.52,3
2018-08-01,WH_SOUTHEAST,Southeast FC,CAR_D,Carrier D,bulky,8,1,7,87.5,0.63,1
2018-08-01,WH_SOUTHEAST,Southeast FC,CAR_D,Carrier D,fast,16,15,1,6.25,0.06,1
2018-08-01,WH_SOUTHEAST,Southeast FC,CAR_D,Carrier D,standard,14,7,7,50.0,0.79,2
2018-08-02,WH_CENTRAL_WEST,Central-West FC,CAR_A,Carrier A,bulky,1,1,0,0.0,0.0,0
2018-08-02,WH_CENTRAL_WEST,Central-West FC,CAR_A,Carrier A,fast,1,1,0,0.0,0.0,0
2018-08-02,WH_CENTRAL_WEST,Central-West FC,CAR_B,Carrier B,bulky,1,1,0,0.0,0.0,0
2018-08-02,WH_CENTRAL_WEST,Central-West FC,CAR_B,Carrier B,fast,3,3,0,0.0,0.0,0
2018-08-02,WH_CENTRAL_WEST,Central-West FC,CAR_B,Carrier B,standard,2,2,0,0.0,0.0,0
2018-08-02,WH_CENTRAL_WEST,Central-West FC,CAR_C,Carrier C,fast,1,1,0,0.0,0.0,0
2018-08-02,WH_CENTRAL_WEST,Central-West FC,CAR_C,Carrier C,standard,1,1,0,0.0,0.0,0
2018-08-02,WH_CENTRAL_WEST,Central-West FC,CAR_D,Carrier D,bulky,2,1,1,50.0,0.0,0
2018-08-02,WH_CENTRAL_WEST,Central-West FC,CAR_D,Carrier D,fast,2,2,0,0.0,0.0,0
2018-08-02,WH_CENTRAL_WEST,Central-West FC,CAR_D,Carrier D,standard,1,1,0,0.0,0.0,0
2018-08-02,WH_NORTH,North FC,CAR_A,Carrier A,fast,1,1,0,0.0,0.0,0
2018-08-02,WH_NORTH,North FC,CAR_B,Carrier B,fast,1,1,0,0.0,2.0,1
2018-08-02,WH_NORTH,North FC,CAR_B,Carrier B,standard,1,1,0,0.0,0.0,0
2018-08-02,WH_NORTH,North FC,CAR_C,Carrier C,fast,2,2,0,0.0,0.0,0
2018-08-02,WH_SOUTH,South FC,CAR_A,Carrier A,bulky,6,3,3,50.0,0.83,1
2018-08-02,WH_SOUTH,South FC,CAR_A,Carrier A,fast,5,5,0,0.0,1.0,1
2018-08-02,WH_SOUTH,South FC,CAR_A,Carrier A,standard,3,3,0,0.0,0.0,0
2018-08-02,WH_SOUTH,South FC,CAR_B,Carrier B,bulky,4,1,3,75.0,0.0,0
2018-08-02,WH_SOUTH,South FC,CAR_B,Carrier B,fast,6,6,0,0.0,0.0,0
2018-08-02,WH_SOUTH,South FC,CAR_B,Carrier B,standard,5,5,0,0.0,0.8,1
2018-08-02,WH_SOUTH,South FC,CAR_C,Carrier C,bulky,2,0,2,100.0,0.0,0
2018-08-02,WH_SOUTH,South FC,CAR_C,Carrier C,fast,1,1,0,0.0,0.0,0
2018-08-02,WH_SOUTH,South FC,CAR_C,Carrier C,standard,3,3,0,0.0,0.0,0
2018-08-02,WH_SOUTH,South FC,CAR_D,Carrier D,bulky,1,0,1,100.0,0.0,0
2018-08-02,WH_SOUTH,South FC,CAR_D,Carrier D,fast,3,3,0,0.0,0.0,0
2018-08-02,WH_SOUTH,South FC,CAR_D,Carrier D,standard,2,2,0,0.0,0.0,0
2018-08-02,WH_SOUTHEAST,Southeast FC,CAR_A,Carrier A,bulky,19,9,10,52.63,0.42,2
2018-08-02,WH_SOUTHEAST,Southeast FC,CAR_A,Carrier A,fast,33,31,2,6.06,1.36,3
2018-08-02,WH_SOUTHEAST,Southeast FC,CAR_A,Carrier A,standard,31,26,5,16.13,0.58,6
2018-08-02,WH_SOUTHEAST,Southeast FC,CAR_B,Carrier B,bulky,18,8,10,55.56,0.39,3
2018-08-02,WH_SOUTHEAST,Southeast FC,CAR_B,Carrier B,fast,31,28,3,9.68,0.45,3
2018-08-02,WH_SOUTHEAST,Southeast FC,CAR_B,Carrier B,standard,28,20,8,28.57,0.11,3
2018-08-02,WH_SOUTHEAST,Southeast FC,CAR_C,Carrier C,bulky,10,4,6,60.0,1.3,2
2018-08-02,WH_SOUTHEAST,Southeast FC,CAR_C,Carrier C,fast,18,18,0,0.0,0.72,3
2018-08-02,WH_SOUTHEAST,Southeast FC,CAR_C,Carrier C,standard,13,9,4,30.77,0.0,0
2018-08-02,WH_SOUTHEAST,Southeast FC,CAR_D,Carrier D,bulky,3,2,1,33.33,0.0,0
2018-08-02,WH_SOUTHEAST,Southeast FC,CAR_D,Carrier D,fast,19,18,1,5.26,1.05,4
2018-08-02,WH_SOUTHEAST,Southeast FC,CAR_D,Carrier D,standard,8,5,3,37.5,0.13,1
2018-08-03,WH_CENTRAL_WEST,Central-West FC,CAR_A,Carrier A,bulky,2,1,1,50.0,0.0,0
2018-08-03,WH_CENTRAL_WEST,Central-West FC,CAR_A,Carrier A,fast,4,4,0,0.0,2.25,1
2018-08-03,WH_CENTRAL_WEST,Central-West FC,CAR_A,Carrier A,standard,3,3,0,0.0,4.0,1
2018-08-03,WH_CENTRAL_WEST,Central-West FC,CAR_B,Carrier B,bulky,1,1,0,0.0,9.0,1
2018-08-03,WH_CENTRAL_WEST,Central-West FC,CAR_B,Carrier B,fast,1,1,0,0.0,0.0,0
2018-08-03,WH_CENTRAL_WEST,Central-West FC,CAR_B,Carrier B,standard,2,1,1,50.0,0.0,0
2018-08-03,WH_CENTRAL_WEST,Central-West FC,CAR_C,Carrier C,fast,3,3,0,0.0,0.0,0
2018-08-03,WH_CENTRAL_WEST,Central-West FC,CAR_C,Carrier C,standard,2,2,0,0.0,0.0,0
2018-08-03,WH_CENTRAL_WEST,Central-West FC,CAR_D,Carrier D,fast,6,6,0,0.0,0.0,0
2018-08-03,WH_CENTRAL_WEST,Central-West FC,CAR_D,Carrier D,standard,1,0,1,100.0,0.0,0
2018-08-03,WH_NORTH,North FC,CAR_A,Carrier A,bulky,1,1,0,0.0,0.0,0
2018-08-03,WH_NORTH,North FC,CAR_A,Carrier A,fast,1,1,0,0.0,0.0,0
2018-08-03,WH_NORTH,North FC,CAR_A,Carrier A,standard,1,1,0,0.0,0.0,0
2018-08-03,WH_NORTH,North FC,CAR_B,Carrier B,fast,2,2,0,0.0,0.0,0
2018-08-03,WH_NORTH,North FC,CAR_C,Carrier C,fast,4,4,0,0.0,0.25,1
2018-08-03,WH_SOUTH,South FC,CAR_A,Carrier A,bulky,1,1,0,0.0,0.0,0
2018-08-03,WH_SOUTH,South FC,CAR_A,Carrier A,fast,1,1,0,0.0,0.0,0
2018-08-03,WH_SOUTH,South FC,CAR_A,Carrier A,standard,8,5,3,37.5,2.13,1
2018-08-03,WH_SOUTH,South FC,CAR_B,Carrier B,bulky,1,1,0,0.0,0.0,0
2018-08-03,WH_SOUTH,South FC,CAR_B,Carrier B,fast,5,5,0,0.0,0.0,0
2018-08-03,WH_SOUTH,South FC,CAR_B,Carrier B,standard,1,1,0,0.0,0.0,0
2018-08-03,WH_SOUTH,South FC,CAR_C,Carrier C,bulky,1,1,0,0.0,0.0,0
2018-08-03,WH_SOUTH,South FC,CAR_C,Carrier C,fast,2,2,0,0.0,0.0,0
2018-08-03,WH_SOUTH,South FC,CAR_C,Carrier C,standard,2,1,1,50.0,0.0,0
2018-08-03,WH_SOUTH,South FC,CAR_D,Carrier D,bulky,1,1,0,0.0,0.0,0
2018-08-03,WH_SOUTH,South FC,CAR_D,Carrier D,standard,2,1,1,50.0,0.0,0
2018-08-03,WH_SOUTHEAST,Southeast FC,CAR_A,Carrier A,bulky,21,8,13,61.9,0.0,0
2018-08-03,WH_SOUTHEAST,Southeast FC,CAR_A,Carrier A,fast,30,29,1,3.33,0.3,5
2018-08-03,WH_SOUTHEAST,Southeast FC,CAR_A,Carrier A,standard,27,18,9,33.33,0.3,3
2018-08-03,WH_SOUTHEAST,Southeast FC,CAR_B,Carrier B,bulky,21,6,15,71.43,0.43,2
2018-08-03,WH_SOUTHEAST,Southeast FC,CAR_B,Carrier B,fast,32,30,2,6.25,0.28,4
2018-08-03,WH_SOUTHEAST,Southeast FC,CAR_B,Carrier B,standard,30,20,10,33.33,0.43,2
2018-08-03,WH_SOUTHEAST,Southeast FC,CAR_C,Carrier C,bulky,9,4,5,55.56,0.0,0
2018-08-03,WH_SOUTHEAST,Southeast FC,CAR_C,Carrier C,fast,23,23,0,0.0,0.26,2
2018-08-03,WH_SOUTHEAST,Southeast FC,CAR_C,Carrier C,standard,26,17,9,34.62,0.54,2
2018-08-03,WH_SOUTHEAST,Southeast FC,CAR_D,Carrier D,bulky,5,3,2,40.0,0.0,0
2018-08-03,WH_SOUTHEAST,Southeast FC,CAR_D,Carrier D,fast,15,15,0,0.0,0.87,3
2018-08-03,WH_SOUTHEAST,Southeast FC,CAR_D,Carrier D,standard,10,8,2,20.0,0.4,1
2018-08-04,WH_CENTRAL_WEST,Central-West FC,CAR_A,Carrier A,bulky,2,2,0,0.0,1.5,2
2018-08-04,WH_CENTRAL_WEST,Central-West FC,CAR_A,Carrier A,fast,2,2,0,0.0,0.0,0
2018-08-04,WH_CENTRAL_WEST,Central-West FC,CAR_A,Carrier A,standard,2,2,0,0.0,0.0,0
2018-08-04,WH_CENTRAL_WEST,Central-West FC,CAR_B,Carrier B,bulky,1,1,0,0.0,0.0,0
2018-08-04,WH_CENTRAL_WEST,Central-West FC,CAR_B,Carrier B,standard,3,3,0,0.0,0.0,0
2018-08-04,WH_CENTRAL_WEST,Central-West FC,CAR_C,Carrier C,bulky,1,1,0,0.0,0.0,0
2018-08-04,WH_CENTRAL_WEST,Central-West FC,CAR_C,Carrier C,standard,2,2,0,0.0,0.0,0
2018-08-04,WH_NORTH,North FC,CAR_B,Carrier B,standard,1,1,0,0.0,0.0,0
2018-08-04,WH_SOUTH,South FC,CAR_A,Carrier A,bulky,1,1,0,0.0,0.0,0
2018-08-04,WH_SOUTH,South FC,CAR_A,Carrier A,fast,1,1,0,0.0,0.0,0
2018-08-04,WH_SOUTH,South FC,CAR_A,Carrier A,standard,2,2,0,0.0,0.0,0
2018-08-04,WH_SOUTH,South FC,CAR_B,Carrier B,bulky,2,2,0,0.0,6.5,1
2018-08-04,WH_SOUTH,South FC,CAR_B,Carrier B,fast,2,2,0,0.0,0.0,0
2018-08-04,WH_SOUTH,South FC,CAR_B,Carrier B,standard,3,2,1,33.33,0.0,0
2018-08-04,WH_SOUTH,South FC,CAR_C,Carrier C,bulky,1,1,0,0.0,0.0,0
2018-08-04,WH_SOUTH,South FC,CAR_C,Carrier C,fast,3,3,0,0.0,0.0,0
2018-08-04,WH_SOUTH,South FC,CAR_C,Carrier C,standard,4,4,0,0.0,0.0,0
2018-08-04,WH_SOUTH,South FC,CAR_D,Carrier D,bulky,2,2,0,0.0,0.0,0
2018-08-04,WH_SOUTH,South FC,CAR_D,Carrier D,fast,1,1,0,0.0,0.0,0
2018-08-04,WH_SOUTHEAST,Southeast FC,CAR_A,Carrier A,bulky,13,9,4,30.77,1.54,1
2018-08-04,WH_SOUTHEAST,Southeast FC,CAR_A,Carrier A,fast,14,13,1,7.14,0.0,0
2018-08-04,WH_SOUTHEAST,Southeast FC,CAR_A,Carrier A,standard,30,19,11,36.67,0.8,5
2018-08-04,WH_SOUTHEAST,Southeast FC,CAR_B,Carrier B,bulky,10,4,6,60.0,0.0,0
2018-08-04,WH_SOUTHEAST,Southeast FC,CAR_B,Carrier B,fast,35,31,4,11.43,0.43,3
2018-08-04,WH_SOUTHEAST,Southeast FC,CAR_B,Carrier B,standard,19,13,6,31.58,1.21,2
2018-08-04,WH_SOUTHEAST,Southeast FC,CAR_C,Carrier C,bulky,11,8,3,27.27,0.0,0
2018-08-04,WH_SOUTHEAST,Southeast FC,CAR_C,Carrier C,fast,22,22,0,0.0,0.0,0
2018-08-04,WH_SOUTHEAST,Southeast FC,CAR_C,Carrier C,standard,26,17,9,34.62,0.42,2
2018-08-04,WH_SOUTHEAST,Southeast FC,CAR_D,Carrier D,bulky,6,2,4,66.67,0.0,0
2018-08-04,WH_SOUTHEAST,Southeast FC,CAR_D,Carrier D,fast,11,10,1,9.09,1.64,2
2018-08-04,WH_SOUTHEAST,Southeast FC,CAR_D,Carrier D,standard,3,3,0,0.0,2.33,1
2018-08-05,WH_CENTRAL_WEST,Central-West FC,CAR_A,Carrier A,fast,2,2,0,0.0,18.0,1
2018-08-05,WH_CENTRAL_WEST,Central-West FC,CAR_A,Carrier A,standard,1,1,0,0.0,0.0,0
2018-08-05,WH_CENTRAL_WEST,Central-West FC,CAR_B,Carrier B,fast,2,2,0,0.0,0.0,0
2018-08-05,WH_CENTRAL_WEST,Central-West FC,CAR_B,Carrier B,standard,2,1,1,50.0,0.0,0
2018-08-05,WH_CENTRAL_WEST,Central-West FC,CAR_D,Carrier D,standard,4,2,2,50.0,0.0,0
2018-08-05,WH_NORTH,North FC,CAR_A,Carrier A,fast,1,1,0,0.0,0.0,0
2018-08-05,WH_NORTH,North FC,CAR_A,Carrier A,standard,1,1,0,0.0,0.0,0
2018-08-05,WH_NORTH,North FC,CAR_B,Carrier B,fast,1,1,0,0.0,0.0,0
2018-08-05,WH_NORTH,North FC,CAR_D,Carrier D,standard,3,3,0,0.0,0.0,0
2018-08-05,WH_SOUTH,South FC,CAR_A,Carrier A,bulky,2,2,0,0.0,0.0,0
2018-08-05,WH_SOUTH,South FC,CAR_A,Carrier A,fast,2,2,0,0.0,0.0,0
2018-08-05,WH_SOUTH,South FC,CAR_A,Carrier A,standard,5,4,1,20.0,0.0,0
2018-08-05,WH_SOUTH,South FC,CAR_B,Carrier B,bulky,3,1,2,66.67,0.0,0
2018-08-05,WH_SOUTH,South FC,CAR_B,Carrier B,fast,3,3,0,0.0,0.0,0
2018-08-05,WH_SOUTH,South FC,CAR_B,Carrier B,standard,7,3,4,57.14,0.0,0
2018-08-05,WH_SOUTH,South FC,CAR_C,Carrier C,bulky,1,1,0,0.0,0.0,0
2018-08-05,WH_SOUTH,South FC,CAR_C,Carrier C,fast,7,7,0,0.0,0.0,0
2018-08-05,WH_SOUTH,South FC,CAR_C,Carrier C,standard,7,4,3,42.86,1.43,2
2018-08-05,WH_SOUTH,South FC,CAR_D,Carrier D,bulky,1,0,1,100.0,0.0,0
2018-08-05,WH_SOUTH,South FC,CAR_D,Carrier D,fast,2,2,0,0.0,0.0,0
2018-08-05,WH_SOUTH,South FC,CAR_D,Carrier D,standard,1,0,1,100.0,0.0,0
2018-08-05,WH_SOUTHEAST,Southeast FC,CAR_A,Carrier A,bulky,17,7,10,58.82,1.53,4
2018-08-05,WH_SOUTHEAST,Southeast FC,CAR_A,Carrier A,fast,23,19,4,17.39,0.48,3
2018-08-05,WH_SOUTHEAST,Southeast FC,CAR_A,Carrier A,standard,23,8,15,65.22,0.09,1
2018-08-05,WH_SOUTHEAST,Southeast FC,CAR_B,Carrier B,bulky,15,6,9,60.0,0.0,0
2018-08-05,WH_SOUTHEAST,Southeast FC,CAR_B,Carrier B,fast,24,19,5,20.83,0.17,2
2018-08-05,WH_SOUTHEAST,Southeast FC,CAR_B,Carrier B,standard,28,13,15,53.57,0.5,6
2018-08-05,WH_SOUTHEAST,Southeast FC,CAR_C,Carrier C,bulky,9,4,5,55.56,0.11,1
2018-08-05,WH_SOUTHEAST,Southeast FC,CAR_C,Carrier C,fast,21,18,3,14.29,0.24,2
2018-08-05,WH_SOUTHEAST,Southeast FC,CAR_C,Carrier C,standard,13,7,6,46.15,0.31,1
2018-08-05,WH_SOUTHEAST,Southeast FC,CAR_D,Carrier D,bulky,9,5,4,44.44,0.22,1
2018-08-05,WH_SOUTHEAST,Southeast FC,CAR_D,Carrier D,fast,14,12,2,14.29,0.71,2
2018-08-05,WH_SOUTHEAST,Southeast FC,CAR_D,Carrier D,standard,15,8,7,46.67,0.53,1
2018-08-06,WH_CENTRAL_WEST,Central-West FC,CAR_A,Carrier A,bulky,2,1,1,50.0,0.0,0
2018-08-06,WH_CENTRAL_WEST,Central-West FC,CAR_A,Carrier A,fast,3,3,0,0.0,0.33,1
2018-08-06,WH_CENTRAL_WEST,Central-West FC,CAR_A,Carrier A,standard,2,2,0,0.0,0.0,0
2018-08-06,WH_CENTRAL_WEST,Central-West FC,CAR_B,Carrier B,fast,2,2,0,0.0,0.0,0
2018-08-06,WH_CENTRAL_WEST,Central-West FC,CAR_B,Carrier B,standard,3,2,1,33.33,0.0,0
2018-08-06,WH_CENTRAL_WEST,Central-West FC,CAR_C,Carrier C,fast,1,1,0,0.0,0.0,0
2018-08-06,WH_CENTRAL_WEST,Central-West FC,CAR_C,Carrier C,standard,1,1,0,0.0,0.0,0
2018-08-06,WH_CENTRAL_WEST,Central-West FC,CAR_D,Carrier D,bulky,1,0,1,100.0,0.0,0
2018-08-06,WH_CENTRAL_WEST,Central-West FC,CAR_D,Carrier D,standard,3,2,1,33.33,0.0,0
2018-08-06,WH_NORTH,North FC,CAR_B,Carrier B,fast,2,2,0,0.0,0.0,0
2018-08-06,WH_NORTH,North FC,CAR_C,Carrier C,bulky,1,0,1,100.0,0.0,0
2018-08-06,WH_NORTH,North FC,CAR_C,Carrier C,standard,1,1,0,0.0,0.0,0
2018-08-06,WH_SOUTH,South FC,CAR_A,Carrier A,bulky,6,1,5,83.33,0.0,0
2018-08-06,WH_SOUTH,South FC,CAR_A,Carrier A,fast,4,4,0,0.0,0.0,0
2018-08-06,WH_SOUTH,South FC,CAR_A,Carrier A,standard,8,6,2,25.0,0.5,2
2018-08-06,WH_SOUTH,South FC,CAR_B,Carrier B,bulky,4,3,1,25.0,0.0,0
2018-08-06,WH_SOUTH,South FC,CAR_B,Carrier B,fast,9,9,0,0.0,1.11,1
2018-08-06,WH_SOUTH,South FC,CAR_B,Carrier B,standard,9,6,3,33.33,0.0,0
2018-08-06,WH_SOUTH,South FC,CAR_C,Carrier C,bulky,4,1,3,75.0,0.0,0
2018-08-06,WH_SOUTH,South FC,CAR_C,Carrier C,fast,3,3,0,0.0,2.33,1
2018-08-06,WH_SOUTH,South FC,CAR_C,Carrier C,standard,5,5,0,0.0,0.0,0
2018-08-06,WH_SOUTH,South FC,CAR_D,Carrier D,bulky,1,1,0,0.0,0.0,0
2018-08-06,WH_SOUTH,South FC,CAR_D,Carrier D,fast,4,4,0,0.0,0.0,0
2018-08-06,WH_SOUTH,South FC,CAR_D,Carrier D,standard,2,2,0,0.0,0.0,0
2018-08-06,WH_SOUTHEAST,Southeast FC,CAR_A,Carrier A,bulky,23,13,10,43.48,0.87,3
2018-08-06,WH_SOUTHEAST,Southeast FC,CAR_A,Carrier A,fast,42,35,7,16.67,0.38,5
2018-08-06,WH_SOUTHEAST,Southeast FC,CAR_A,Carrier A,standard,34,18,16,47.06,0.82,5
2018-08-06,WH_SOUTHEAST,Southeast FC,CAR_B,Carrier B,bulky,26,8,18,69.23,0.65,4
2018-08-06,WH_SOUTHEAST,Southeast FC,CAR_B,Carrier B,fast,37,31,6,16.22,0.41,6
2018-08-06,WH_SOUTHEAST,Southeast FC,CAR_B,Carrier B,standard,29,16,13,44.83,0.72,4
2018-08-06,WH_SOUTHEAST,Southeast FC,CAR_C,Carrier C,bulky,15,6,9,60.0,2.87,3
2018-08-06,WH_SOUTHEAST,Southeast FC,CAR_C,Carrier C,fast,18,14,4,22.22,0.78,3
2018-08-06,WH_SOUTHEAST,Southeast FC,CAR_C,Carrier C,standard,27,17,10,37.04,0.78,7
2018-08-06,WH_SOUTHEAST,Southeast FC,CAR_D,Carrier D,bulky,2,1,1,50.0,0.0,0
2018-08-06,WH_SOUTHEAST,Southeast FC,CAR_D,Carrier D,fast,17,15,2,11.76,0.0,0
2018-08-06,WH_SOUTHEAST,Southeast FC,CAR_D,Carrier D,standard,12,10,2,16.67,0.92,3
2018-08-07,WH_CENTRAL_WEST,Central-West FC,CAR_A,Carrier A,bulky,2,2,0,0.0,0.0,0
2018-08-07,WH_CENTRAL_WEST,Central-West FC,CAR_A,Carrier A,fast,3,3,0,0.0,0.67,1
2018-08-07,WH_CENTRAL_WEST,Central-West FC,CAR_A,Carrier A,standard,1,1,0,0.0,0.0,0
2018-08-07,WH_CENTRAL_WEST,Central-West FC,CAR_B,Carrier B,fast,3,3,0,0.0,0.0,0
2018-08-07,WH_CENTRAL_WEST,Central-West FC,CAR_C,Carrier C,bulky,2,1,1,50.0,4.0,1
2018-08-07,WH_CENTRAL_WEST,Central-West FC,CAR_C,Carrier C,fast,3,3,0,0.0,0.0,0
2018-08-07,WH_CENTRAL_WEST,Central-West FC,CAR_C,Carrier C,standard,1,0,1,100.0,0.0,0
2018-08-07,WH_CENTRAL_WEST,Central-West FC,CAR_D,Carrier D,bulky,1,1,0,0.0,0.0,0
2018-08-07,WH_CENTRAL_WEST,Central-West FC,CAR_D,Carrier D,fast,2,2,0,0.0,0.0,0
2018-08-07,WH_CENTRAL_WEST,Central-West FC,CAR_D,Carrier D,standard,1,1,0,0.0,0.0,0
2018-08-07,WH_NORTH,North FC,CAR_A,Carrier A,fast,1,1,0,0.0,0.0,0
2018-08-07,WH_NORTH,North FC,CAR_A,Carrier A,standard,1,1,0,0.0,0.0,0
2018-08-07,WH_NORTH,North FC,CAR_B,Carrier B,fast,1,1,0,0.0,0.0,0
2018-08-07,WH_NORTH,North FC,CAR_C,Carrier C,bulky,1,1,0,0.0,0.0,0
2018-08-07,WH_NORTH,North FC,CAR_C,Carrier C,fast,1,1,0,0.0,0.0,0
2018-08-07,WH_SOUTH,South FC,CAR_A,Carrier A,bulky,3,2,1,33.33,0.0,0
2018-08-07,WH_SOUTH,South FC,CAR_A,Carrier A,fast,3,3,0,0.0,0.0,0
2018-08-07,WH_SOUTH,South FC,CAR_A,Carrier A,standard,7,7,0,0.0,0.0,0
2018-08-07,WH_SOUTH,South FC,CAR_B,Carrier B,bulky,5,3,2,40.0,0.0,0
2018-08-07,WH_SOUTH,South FC,CAR_B,Carrier B,fast,3,3,0,0.0,0.0,0
2018-08-07,WH_SOUTH,South FC,CAR_B,Carrier B,standard,8,8,0,0.0,0.38,1
2018-08-07,WH_SOUTH,South FC,CAR_C,Carrier C,bulky,3,1,2,66.67,0.0,0
2018-08-07,WH_SOUTH,South FC,CAR_C,Carrier C,fast,2,2,0,0.0,0.0,0
2018-08-07,WH_SOUTH,South FC,CAR_C,Carrier C,standard,4,4,0,0.0,0.0,0
2018-08-07,WH_SOUTH,South FC,CAR_D,Carrier D,bulky,3,1,2,66.67,0.67,1
2018-08-07,WH_SOUTH,South FC,CAR_D,Carrier D,fast,1,1,0,0.0,0.0,0
2018-08-07,WH_SOUTH,South FC,CAR_D,Carrier D,standard,1,1,0,0.0,0.0,0
2018-08-07,WH_SOUTHEAST,Southeast FC,CAR_A,Carrier A,bulky,18,6,12,66.67,0.67,4
2018-08-07,WH_SOUTHEAST,Southeast FC,CAR_A,Carrier A,fast,43,40,3,6.98,0.53,10
2018-08-07,WH_SOUTHEAST,Southeast FC,CAR_A,Carrier A,standard,44,35,9,20.45,0.41,5
2018-08-07,WH_SOUTHEAST,Southeast FC,CAR_B,Carrier B,bulky,24,8,16,66.67,0.21,2
2018-08-07,WH_SOUTHEAST,Southeast FC,CAR_B,Carrier B,fast,33,24,9,27.27,0.39,4
2018-08-07,WH_SOUTHEAST,Southeast FC,CAR_B,Carrier B,standard,31,27,4,12.9,0.39,3
2018-08-07,WH_SOUTHEAST,Southeast FC,CAR_C,Carrier C,bulky,9,4,5,55.56,1.11,2
2018-08-07,WH_SOUTHEAST,Southeast FC,CAR_C,Carrier C,fast,26,18,8,30.77,0.38,3
2018-08-07,WH_SOUTHEAST,Southeast FC,CAR_C,Carrier C,standard,21,19,2,9.52,1.14,8
2018-08-07,WH_SOUTHEAST,Southeast FC,CAR_D,Carrier D,bulky,3,0,3,100.0,0.0,0
2018-08-07,WH_SOUTHEAST,Southeast FC,CAR_D,Carrier D,fast,16,12,4,25.0,0.13,1
2018-08-07,WH_SOUTHEAST,Southeast FC,CAR_D,Carrier D,standard,18,14,4,22.22,1.22,5
2018-08-08,WH_CENTRAL_WEST,Central-West FC,CAR_A,Carrier A,bulky,1,0,1,100.0,0.0,0
2018-08-08,WH_CENTRAL_WEST,Central-West FC,CAR_A,Carrier A,fast,3,3,0,0.0,0.0,0
2018-08-08,WH_CENTRAL_WEST,Central-West FC,CAR_A,Carrier A,standard,5,5,0,0.0,0.0,0
2018-08-08,WH_CENTRAL_WEST,Central-West FC,CAR_B,Carrier B,fast,2,2,0,0.0,2.0,1
2018-08-08,WH_CENTRAL_WEST,Central-West FC,CAR_B,Carrier B,standard,1,1,0,0.0,0.0,0
2018-08-08,WH_CENTRAL_WEST,Central-West FC,CAR_C,Carrier C,bulky,2,1,1,50.0,0.5,1
2018-08-08,WH_CENTRAL_WEST,Central-West FC,CAR_C,Carrier C,fast,1,1,0,0.0,0.0,0
2018-08-08,WH_CENTRAL_WEST,Central-West FC,CAR_D,Carrier D,fast,2,2,0,0.0,0.0,0
2018-08-08,WH_CENTRAL_WEST,Central-West FC,CAR_D,Carrier D,standard,2,2,0,0.0,0.0,0
2018-08-08,WH_NORTH,North FC,CAR_A,Carrier A,standard,1,1,0,0.0,0.0,0
2018-08-08,WH_NORTH,North FC,CAR_B,Carrier B,bulky,1,0,1,100.0,0.0,0
2018-08-08,WH_NORTH,North FC,CAR_B,Carrier B,fast,2,2,0,0.0,0.0,0
2018-08-08,WH_NORTH,North FC,CAR_C,Carrier C,fast,1,1,0,0.0,0.0,0
2018-08-08,WH_SOUTH,South FC,CAR_A,Carrier A,bulky,5,1,4,80.0,0.0,0
2018-08-08,WH_SOUTH,South FC,CAR_A,Carrier A,fast,6,5,1,16.67,1.17,1
2018-08-08,WH_SOUTH,South FC,CAR_A,Carrier A,standard,3,2,1,33.33,0.0,0
2018-08-08,WH_SOUTH,South FC,CAR_B,Carrier B,bulky,7,5,2,28.57,0.0,0
2018-08-08,WH_SOUTH,South FC,CAR_B,Carrier B,fast,3,3,0,0.0,2.0,1
2018-08-08,WH_SOUTH,South FC,CAR_B,Carrier B,standard,8,5,3,37.5,0.0,0
2018-08-08,WH_SOUTH,South FC,CAR_C,Carrier C,bulky,1,0,1,100.0,0.0,0
2018-08-08,WH_SOUTH,South FC,CAR_C,Carrier C,fast,1,1,0,0.0,0.0,0
2018-08-08,WH_SOUTH,South FC,CAR_C,Carrier C,standard,4,3,1,25.0,0.0,0
2018-08-08,WH_SOUTH,South FC,CAR_D,Carrier D,bulky,2,1,1,50.0,0.0,0
2018-08-08,WH_SOUTH,South FC,CAR_D,Carrier D,fast,1,1,0,0.0,0.0,0
2018-08-08,WH_SOUTH,South FC,CAR_D,Carrier D,standard,3,3,0,0.0,0.0,0
2018-08-08,WH_SOUTHEAST,Southeast FC,CAR_A,Carrier A,bulky,19,8,11,57.89,0.0,0
2018-08-08,WH_SOUTHEAST,Southeast FC,CAR_A,Carrier A,fast,23,22,1,4.35,0.13,1
2018-08-08,WH_SOUTHEAST,Southeast FC,CAR_A,Carrier A,standard,39,30,9,23.08,0.49,8
2018-08-08,WH_SOUTHEAST,Southeast FC,CAR_B,Carrier B,bulky,20,6,14,70.0,0.1,1
2018-08-08,WH_SOUTHEAST,Southeast FC,CAR_B,Carrier B,fast,30,26,4,13.33,0.03,1
2018-08-08,WH_SOUTHEAST,Southeast FC,CAR_B,Carrier B,standard,23,15,8,34.78,0.04,1
2018-08-08,WH_SOUTHEAST,Southeast FC,CAR_C,Carrier C,bulky,13,4,9,69.23,0.46,2
2018-08-08,WH_SOUTHEAST,Southeast FC,CAR_C,Carrier C,fast,25,18,7,28.0,0.2,1
2018-08-08,WH_SOUTHEAST,Southeast FC,CAR_C,Carrier C,standard,21,12,9,42.86,0.38,2
2018-08-08,WH_SOUTHEAST,Southeast FC,CAR_D,Carrier D,bulky,10,3,7,70.0,0.0,0
2018-08-08,WH_SOUTHEAST,Southeast FC,CAR_D,Carrier D,fast,7,5,2,28.57,0.0,0
2018-08-08,WH_SOUTHEAST,Southeast FC,CAR_D,Carrier D,standard,12,8,4,33.33,0.0,0
2018-08-09,WH_CENTRAL_WEST,Central-West FC,CAR_A,Carrier A,standard,1,1,0,0.0,0.0,0
2018-08-09,WH_CENTRAL_WEST,Central-West FC,CAR_B,Carrier B,fast,3,3,0,0.0,0.0,0
2018-08-09,WH_CENTRAL_WEST,Central-West FC,CAR_B,Carrier B,standard,3,1,2,66.67,0.0,0
2018-08-09,WH_CENTRAL_WEST,Central-West FC,CAR_C,Carrier C,bulky,1,0,1,100.0,0.0,0
2018-08-09,WH_CENTRAL_WEST,Central-West FC,CAR_C,Carrier C,standard,1,1,0,0.0,0.0,0
2018-08-09,WH_CENTRAL_WEST,Central-West FC,CAR_D,Carrier D,bulky,1,1,0,0.0,0.0,0
2018-08-09,WH_CENTRAL_WEST,Central-West FC,CAR_D,Carrier D,fast,2,2,0,0.0,0.0,0
2018-08-09,WH_CENTRAL_WEST,Central-West FC,CAR_D,Carrier D,standard,2,2,0,0.0,0.0,0
2018-08-09,WH_NORTH,North FC,CAR_A,Carrier A,fast,1,1,0,0.0,0.0,0
2018-08-09,WH_NORTH,North FC,CAR_A,Carrier A,standard,1,1,0,0.0,0.0,0
2018-08-09,WH_NORTH,North FC,CAR_B,Carrier B,fast,1,1,0,0.0,0.0,0
2018-08-09,WH_NORTH,North FC,CAR_C,Carrier C,bulky,1,1,0,0.0,0.0,0
2018-08-09,WH_SOUTH,South FC,CAR_A,Carrier A,bulky,5,1,4,80.0,0.0,0
2018-08-09,WH_SOUTH,South FC,CAR_A,Carrier A,fast,8,8,0,0.0,0.5,1
2018-08-09,WH_SOUTH,South FC,CAR_A,Carrier A,standard,4,3,1,25.0,0.25,1
2018-08-09,WH_SOUTH,South FC,CAR_B,Carrier B,bulky,3,2,1,33.33,0.0,0
2018-08-09,WH_SOUTH,South FC,CAR_B,Carrier B,fast,2,2,0,0.0,0.0,0
2018-08-09,WH_SOUTH,South FC,CAR_B,Carrier B,standard,4,4,0,0.0,0.0,0
2018-08-09,WH_SOUTH,South FC,CAR_C,Carrier C,bulky,2,1,1,50.0,0.0,0
2018-08-09,WH_SOUTH,South FC,CAR_C,Carrier C,fast,2,2,0,0.0,0.0,0
2018-08-09,WH_SOUTH,South FC,CAR_C,Carrier C,standard,2,2,0,0.0,0.0,0
2018-08-09,WH_SOUTH,South FC,CAR_D,Carrier D,bulky,1,1,0,0.0,0.0,0
2018-08-09,WH_SOUTH,South FC,CAR_D,Carrier D,fast,1,1,0,0.0,0.0,0
2018-08-09,WH_SOUTH,South FC,CAR_D,Carrier D,standard,2,2,0,0.0,0.0,0
2018-08-09,WH_SOUTHEAST,Southeast FC,CAR_A,Carrier A,bulky,15,4,11,73.33,0.0,0
2018-08-09,WH_SOUTHEAST,Southeast FC,CAR_A,Carrier A,fast,24,21,3,12.5,0.17,3
2018-08-09,WH_SOUTHEAST,Southeast FC,CAR_A,Carrier A,standard,31,23,8,25.81,0.03,1
2018-08-09,WH_SOUTHEAST,Southeast FC,CAR_B,Carrier B,bulky,23,7,16,69.57,0.52,3
2018-08-09,WH_SOUTHEAST,Southeast FC,CAR_B,Carrier B,fast,30,29,1,3.33,0.13,1
2018-08-09,WH_SOUTHEAST,Southeast FC,CAR_B,Carrier B,standard,34,23,11,32.35,0.53,1
2018-08-09,WH_SOUTHEAST,Southeast FC,CAR_C,Carrier C,bulky,7,2,5,71.43,1.14,2
2018-08-09,WH_SOUTHEAST,Southeast FC,CAR_C,Carrier C,fast,18,17,1,5.56,0.0,0
2018-08-09,WH_SOUTHEAST,Southeast FC,CAR_C,Carrier C,standard,22,14,8,36.36,0.32,3
2018-08-09,WH_SOUTHEAST,Southeast FC,CAR_D,Carrier D,bulky,5,1,4,80.0,0.4,1
2018-08-09,WH_SOUTHEAST,Southeast FC,CAR_D,Carrier D,fast,7,7,0,0.0,0.0,0
2018-08-09,WH_SOUTHEAST,Southeast FC,CAR_D,Carrier D,standard,10,6,4,40.0,1.4,2
2018-08-10,WH_CENTRAL_WEST,Central-West FC,CAR_A,Carrier A,bulky,2,1,1,50.0,0.0,0
2018-08-10,WH_CENTRAL_WEST,Central-West FC,CAR_A,Carrier A,fast,3,3,0,0.0,0.0,0
2018-08-10,WH_CENTRAL_WEST,Central-West FC,CAR_A,Carrier A,standard,1,1,0,0.0,0.0,0
2018-08-10,WH_CENTRAL_WEST,Central-West FC,CAR_B,Carrier B,fast,2,2,0,0.0,0.0,0
2018-08-10,WH_CENTRAL_WEST,Central-West FC,CAR_B,Carrier B,standard,1,1,0,0.0,0.0,0
2018-08-10,WH_CENTRAL_WEST,Central-West FC,CAR_C,Carrier C,bulky,2,2,0,0.0,4.0,1
2018-08-10,WH_CENTRAL_WEST,Central-West FC,CAR_C,Carrier C,fast,1,1,0,0.0,0.0,0
2018-08-10,WH_CENTRAL_WEST,Central-West FC,CAR_C,Carrier C,standard,1,1,0,0.0,0.0,0
2018-08-10,WH_CENTRAL_WEST,Central-West FC,CAR_D,Carrier D,bulky,1,1,0,0.0,0.0,0
2018-08-10,WH_CENTRAL_WEST,Central-West FC,CAR_D,Carrier D,fast,2,2,0,0.0,6.0,1
2018-08-10,WH_CENTRAL_WEST,Central-West FC,CAR_D,Carrier D,standard,2,2,0,0.0,0.0,0
2018-08-10,WH_NORTH,North FC,CAR_A,Carrier A,fast,2,2,0,0.0,0.0,0
2018-08-10,WH_NORTH,North FC,CAR_B,Carrier B,fast,1,1,0,0.0,0.0,0
2018-08-10,WH_NORTH,North FC,CAR_C,Carrier C,fast,1,1,0,0.0,0.0,0
2018-08-10,WH_SOUTH,South FC,CAR_A,Carrier A,bulky,6,5,1,16.67,0.0,0
2018-08-10,WH_SOUTH,South FC,CAR_A,Carrier A,fast,2,2,0,0.0,0.0,0
2018-08-10,WH_SOUTH,South FC,CAR_A,Carrier A,standard,8,5,3,37.5,0.75,1
2018-08-10,WH_SOUTH,South FC,CAR_B,Carrier B,bulky,6,5,1,16.67,2.5,1
2018-08-10,WH_SOUTH,South FC,CAR_B,Carrier B,fast,10,10,0,0.0,0.0,0
2018-08-10,WH_SOUTH,South FC,CAR_B,Carrier B,standard,8,7,1,12.5,0.0,0
2018-08-10,WH_SOUTH,South FC,CAR_C,Carrier C,bulky,1,0,1,100.0,0.0,0
2018-08-10,WH_SOUTH,South FC,CAR_C,Carrier C,fast,2,2,0,0.0,0.0,0
2018-08-10,WH_SOUTH,South FC,CAR_C,Carrier C,standard,2,2,0,0.0,1.0,1
2018-08-10,WH_SOUTH,South FC,CAR_D,Carrier D,bulky,1,1,0,0.0,0.0,0
2018-08-10,WH_SOUTH,South FC,CAR_D,Carrier D,standard,1,1,0,0.0,0.0,0
2018-08-10,WH_SOUTHEAST,Southeast FC,CAR_A,Carrier A,bulky,16,8,8,50.0,0.19,1
2018-08-10,WH_SOUTHEAST,Southeast FC,CAR_A,Carrier A,fast,23,22,1,4.35,0.35,1
2018-08-10,WH_SOUTHEAST,Southeast FC,CAR_A,Carrier A,standard,27,20,7,25.93,0.07,1
2018-08-10,WH_SOUTHEAST,Southeast FC,CAR_B,Carrier B,bulky,12,6,6,50.0,0.83,2
2018-08-10,WH_SOUTHEAST,Southeast FC,CAR_B,Carrier B,fast,21,20,1,4.76,0.29,1
2018-08-10,WH_SOUTHEAST,Southeast FC,CAR_B,Carrier B,standard,28,19,9,32.14,0.54,1
2018-08-10,WH_SOUTHEAST,Southeast FC,CAR_C,Carrier C,bulky,7,3,4,57.14,0.86,1
2018-08-10,WH_SOUTHEAST,Southeast FC,CAR_C,Carrier C,fast,12,12,0,0.0,0.0,0
2018-08-10,WH_SOUTHEAST,Southeast FC,CAR_C,Carrier C,standard,16,15,1,6.25,0.13,1
2018-08-10,WH_SOUTHEAST,Southeast FC,CAR_D,Carrier D,bulky,2,1,1,50.0,0.0,0
2018-08-10,WH_SOUTHEAST,Southeast FC,CAR_D,Carrier D,fast,10,10,0,0.0,0.0,0
2018-08-10,WH_SOUTHEAST,Southeast FC,CAR_D,Carrier D,standard,6,5,1,16.67,2.33,1
2018-08-11,WH_CENTRAL_WEST,Central-West FC,CAR_A,Carrier A,fast,3,3,0,0.0,0.0,0
2018-08-11,WH_CENTRAL_WEST,Central-West FC,CAR_A,Carrier A,standard,1,1,0,0.0,0.0,0
2018-08-11,WH_CENTRAL_WEST,Central-West FC,CAR_B,Carrier B,bulky,2,2,0,0.0,0.0,0
2018-08-11,WH_CENTRAL_WEST,Central-West FC,CAR_B,Carrier B,fast,1,1,0,0.0,0.0,0
2018-08-11,WH_CENTRAL_WEST,Central-West FC,CAR_B,Carrier B,standard,2,2,0,0.0,0.0,0
2018-08-11,WH_CENTRAL_WEST,Central-West FC,CAR_C,Carrier C,fast,1,1,0,0.0,0.0,0
2018-08-11,WH_CENTRAL_WEST,Central-West FC,CAR_D,Carrier D,fast,2,2,0,0.0,0.0,0
2018-08-11,WH_CENTRAL_WEST,Central-West FC,CAR_D,Carrier D,standard,1,1,0,0.0,0.0,0
2018-08-11,WH_NORTH,North FC,CAR_A,Carrier A,standard,1,1,0,0.0,0.0,0
2018-08-11,WH_NORTH,North FC,CAR_B,Carrier B,fast,1,1,0,0.0,0.0,0
2018-08-11,WH_SOUTH,South FC,CAR_A,Carrier A,bulky,7,5,2,28.57,0.0,0
2018-08-11,WH_SOUTH,South FC,CAR_A,Carrier A,fast,3,3,0,0.0,0.0,0
2018-08-11,WH_SOUTH,South FC,CAR_A,Carrier A,standard,3,3,0,0.0,0.0,0
2018-08-11,WH_SOUTH,South FC,CAR_B,Carrier B,bulky,3,2,1,33.33,0.0,0
2018-08-11,WH_SOUTH,South FC,CAR_B,Carrier B,fast,5,5,0,0.0,0.6,1
2018-08-11,WH_SOUTH,South FC,CAR_B,Carrier B,standard,3,2,1,33.33,0.0,0
2018-08-11,WH_SOUTH,South FC,CAR_C,Carrier C,bulky,1,1,0,0.0,0.0,0
2018-08-11,WH_SOUTH,South FC,CAR_C,Carrier C,fast,3,3,0,0.0,0.0,0
2018-08-11,WH_SOUTH,South FC,CAR_C,Carrier C,standard,2,1,1,50.0,0.0,0
2018-08-11,WH_SOUTH,South FC,CAR_D,Carrier D,standard,2,2,0,0.0,0.0,0
2018-08-11,WH_SOUTHEAST,Southeast FC,CAR_A,Carrier A,bulky,6,3,3,50.0,0.17,1
2018-08-11,WH_SOUTHEAST,Southeast FC,CAR_A,Carrier A,fast,19,18,1,5.26,0.21,1
2018-08-11,WH_SOUTHEAST,Southeast FC,CAR_A,Carrier A,standard,15,11,4,26.67,0.2,1
2018-08-11,WH_SOUTHEAST,Southeast FC,CAR_B,Carrier B,bulky,10,5,5,50.0,0.0,0
2018-08-11,WH_SOUTHEAST,Southeast FC,CAR_B,Carrier B,fast,18,17,1,5.56,0.0,0
2018-08-11,WH_SOUTHEAST,Southeast FC,CAR_B,Carrier B,standard,25,15,10,40.0,0.0,0
2018-08-11,WH_SOUTHEAST,Southeast FC,CAR_C,Carrier C,bulky,12,4,8,66.67,0.0,0
2018-08-11,WH_SOUTHEAST,Southeast FC,CAR_C,Carrier C,fast,12,9,3,25.0,0.08,1
2018-08-11,WH_SOUTHEAST,Southeast FC,CAR_C,Carrier C,standard,9,3,6,66.67,0.0,0
2018-08-11,WH_SOUTHEAST,Southeast FC,CAR_D,Carrier D,bulky,1,1,0,0.0,0.0,0
2018-08-11,WH_SOUTHEAST,Southeast FC,CAR_D,Carrier D,fast,4,4,0,0.0,0.0,0
2018-08-11,WH_SOUTHEAST,Southeast FC,CAR_D,Carrier D,standard,7,3,4,57.14,0.0,0
2018-08-12,WH_CENTRAL_WEST,Central-West FC,CAR_A,Carrier A,fast,3,3,0,0.0,0.0,0
2018-08-12,WH_CENTRAL_WEST,Central-West FC,CAR_A,Carrier A,standard,1,1,0,0.0,0.0,0
2018-08-12,WH_CENTRAL_WEST,Central-West FC,CAR_B,Carrier B,fast,5,5,0,0.0,0.0,0
2018-08-12,WH_CENTRAL_WEST,Central-West FC,CAR_B,Carrier B,standard,2,2,0,0.0,0.0,0
2018-08-12,WH_CENTRAL_WEST,Central-West FC,CAR_C,Carrier C,fast,1,1,0,0.0,0.0,0
2018-08-12,WH_CENTRAL_WEST,Central-West FC,CAR_D,Carrier D,fast,1,1,0,0.0,3.0,1
2018-08-12,WH_CENTRAL_WEST,Central-West FC,CAR_D,Carrier D,standard,2,1,1,50.0,0.0,0
2018-08-12,WH_NORTH,North FC,CAR_A,Carrier A,fast,1,1,0,0.0,0.0,0
2018-08-12,WH_SOUTH,South FC,CAR_A,Carrier A,bulky,2,2,0,0.0,0.0,0
2018-08-12,WH_SOUTH,South FC,CAR_A,Carrier A,fast,2,2,0,0.0,0.0,0
2018-08-12,WH_SOUTH,South FC,CAR_A,Carrier A,standard,5,4,1,20.0,0.2,1
2018-08-12,WH_SOUTH,South FC,CAR_B,Carrier B,fast,2,2,0,0.0,0.0,0
2018-08-12,WH_SOUTH,South FC,CAR_B,Carrier B,standard,4,3,1,25.0,0.0,0
2018-08-12,WH_SOUTH,South FC,CAR_C,Carrier C,bulky,3,3,0,0.0,0.0,0
2018-08-12,WH_SOUTH,South FC,CAR_C,Carrier C,fast,3,3,0,0.0,0.0,0
2018-08-12,WH_SOUTH,South FC,CAR_C,Carrier C,standard,4,2,2,50.0,0.0,0
2018-08-12,WH_SOUTH,South FC,CAR_D,Carrier D,bulky,2,2,0,0.0,1.0,1
2018-08-12,WH_SOUTH,South FC,CAR_D,Carrier D,fast,2,2,0,0.0,0.0,0
2018-08-12,WH_SOUTHEAST,Southeast FC,CAR_A,Carrier A,bulky,11,3,8,72.73,0.0,0
2018-08-12,WH_SOUTHEAST,Southeast FC,CAR_A,Carrier A,fast,15,13,2,13.33,0.0,0
2018-08-12,WH_SOUTHEAST,Southeast FC,CAR_A,Carrier A,standard,22,8,14,63.64,0.0,0
2018-08-12,WH_SOUTHEAST,Southeast FC,CAR_B,Carrier B,bulky,9,4,5,55.56,0.0,0
2018-08-12,WH_SOUTHEAST,Southeast FC,CAR_B,Carrier B,fast,23,14,9,39.13,0.09,1
2018-08-12,WH_SOUTHEAST,Southeast FC,CAR_B,Carrier B,standard,18,8,10,55.56,0.11,1
2018-08-12,WH_SOUTHEAST,Southeast FC,CAR_C,Carrier C,bulky,9,5,4,44.44,0.78,1
2018-08-12,WH_SOUTHEAST,Southeast FC,CAR_C,Carrier C,fast,11,11,0,0.0,0.0,0
2018-08-12,WH_SOUTHEAST,Southeast FC,CAR_C,Carrier C,standard,17,8,9,52.94,0.0,0
2018-08-12,WH_SOUTHEAST,Southeast FC,CAR_D,Carrier D,bulky,2,2,0,0.0,0.0,0
2018-08-12,WH_SOUTHEAST,Southeast FC,CAR_D,Carrier D,fast,4,4,0,0.0,0.0,0
2018-08-12,WH_SOUTHEAST,Southeast FC,CAR_D,Carrier D,standard,5,3,2,40.0,0.0,0
2018-08-13,WH_CENTRAL_WEST,Central-West FC,CAR_A,Carrier A,bulky,1,0,1,100.0,0.0,0
2018-08-13,WH_CENTRAL_WEST,Central-West FC,CAR_A,Carrier A,fast,2,2,0,0.0,0.0,0
2018-08-13,WH_CENTRAL_WEST,Central-West FC,CAR_A,Carrier A,standard,2,1,1,50.0,0.0,0
2018-08-13,WH_CENTRAL_WEST,Central-West FC,CAR_B,Carrier B,fast,1,1,0,0.0,0.0,0
2018-08-13,WH_CENTRAL_WEST,Central-West FC,CAR_C,Carrier C,fast,1,1,0,0.0,0.0,0
2018-08-13,WH_CENTRAL_WEST,Central-West FC,CAR_D,Carrier D,standard,1,1,0,0.0,0.0,0
2018-08-13,WH_NORTH,North FC,CAR_A,Carrier A,bulky,1,1,0,0.0,0.0,0
2018-08-13,WH_NORTH,North FC,CAR_B,Carrier B,fast,1,1,0,0.0,0.0,0
2018-08-13,WH_NORTH,North FC,CAR_C,Carrier C,fast,1,1,0,0.0,0.0,0
2018-08-13,WH_SOUTH,South FC,CAR_A,Carrier A,bulky,2,2,0,0.0,0.0,0
2018-08-13,WH_SOUTH,South FC,CAR_A,Carrier A,fast,4,4,0,0.0,0.0,0
2018-08-13,WH_SOUTH,South FC,CAR_A,Carrier A,standard,6,5,1,16.67,0.0,0
2018-08-13,WH_SOUTH,South FC,CAR_B,Carrier B,bulky,5,1,4,80.0,0.0,0
2018-08-13,WH_SOUTH,South FC,CAR_B,Carrier B,fast,3,3,0,0.0,0.0,0
2018-08-13,WH_SOUTH,South FC,CAR_B,Carrier B,standard,6,6,0,0.0,0.0,0
2018-08-13,WH_SOUTH,South FC,CAR_C,Carrier C,bulky,2,1,1,50.0,0.0,0
2018-08-13,WH_SOUTH,South FC,CAR_C,Carrier C,fast,5,4,1,20.0,0.0,0
2018-08-13,WH_SOUTH,South FC,CAR_C,Carrier C,standard,2,2,0,0.0,0.0,0
2018-08-13,WH_SOUTH,South FC,CAR_D,Carrier D,fast,2,2,0,0.0,0.0,0
2018-08-13,WH_SOUTHEAST,Southeast FC,CAR_A,Carrier A,bulky,25,7,18,72.0,0.44,1
2018-08-13,WH_SOUTHEAST,Southeast FC,CAR_A,Carrier A,fast,30,24,6,20.0,0.33,1
2018-08-13,WH_SOUTHEAST,Southeast FC,CAR_A,Carrier A,standard,28,15,13,46.43,0.29,1
2018-08-13,WH_SOUTHEAST,Southeast FC,CAR_B,Carrier B,bulky,17,7,10,58.82,0.24,2
2018-08-13,WH_SOUTHEAST,Southeast FC,CAR_B,Carrier B,fast,20,15,5,25.0,0.0,0
2018-08-13,WH_SOUTHEAST,Southeast FC,CAR_B,Carrier B,standard,31,16,15,48.39,0.0,0
2018-08-13,WH_SOUTHEAST,Southeast FC,CAR_C,Carrier C,bulky,15,3,12,80.0,0.07,1
2018-08-13,WH_SOUTHEAST,Southeast FC,CAR_C,Carrier C,fast,13,10,3,23.08,0.0,0
2018-08-13,WH_SOUTHEAST,Southeast FC,CAR_C,Carrier C,standard,26,16,10,38.46,0.12,3
2018-08-13,WH_SOUTHEAST,Southeast FC,CAR_D,Carrier D,bulky,9,4,5,55.56,0.0,0
2018-08-13,WH_SOUTHEAST,Southeast FC,CAR_D,Carrier D,fast,9,7,2,22.22,0.0,0
2018-08-13,WH_SOUTHEAST,Southeast FC,CAR_D,Carrier D,standard,13,6,7,53.85,0.23,1
2018-08-14,WH_CENTRAL_WEST,Central-West FC,CAR_A,Carrier A,bulky,1,1,0,0.0,0.0,0
2018-08-14,WH_CENTRAL_WEST,Central-West FC,CAR_A,Carrier A,fast,2,2,0,0.0,0.0,0
2018-08-14,WH_CENTRAL_WEST,Central-West FC,CAR_A,Carrier A,standard,1,1,0,0.0,0.0,0
2018-08-14,WH_CENTRAL_WEST,Central-West FC,CAR_B,Carrier B,bulky,1,1,0,0.0,0.0,0
2018-08-14,WH_CENTRAL_WEST,Central-West FC,CAR_B,Carrier B,fast,2,2,0,0.0,0.0,0
2018-08-14,WH_CENTRAL_WEST,Central-West FC,CAR_C,Carrier C,bulky,1,1,0,0.0,0.0,0
2018-08-14,WH_CENTRAL_WEST,Central-West FC,CAR_C,Carrier C,fast,1,1,0,0.0,0.0,0
2018-08-14,WH_CENTRAL_WEST,Central-West FC,CAR_D,Carrier D,bulky,1,1,0,0.0,0.0,0
2018-08-14,WH_CENTRAL_WEST,Central-West FC,CAR_D,Carrier D,fast,3,3,0,0.0,0.0,0
2018-08-14,WH_CENTRAL_WEST,Central-West FC,CAR_D,Carrier D,standard,4,4,0,0.0,0.0,0
2018-08-14,WH_NORTH,North FC,CAR_B,Carrier B,fast,1,1,0,0.0,0.0,0
2018-08-14,WH_NORTH,North FC,CAR_B,Carrier B,standard,1,1,0,0.0,0.0,0
2018-08-14,WH_NORTH,North FC,CAR_C,Carrier C,bulky,1,1,0,0.0,0.0,0
2018-08-14,WH_NORTH,North FC,CAR_C,Carrier C,standard,1,1,0,0.0,0.0,0
2018-08-14,WH_NORTH,North FC,CAR_D,Carrier D,bulky,1,1,0,0.0,0.0,0
2018-08-14,WH_NORTH,North FC,CAR_D,Carrier D,fast,1,1,0,0.0,0.0,0
2018-08-14,WH_SOUTH,South FC,CAR_A,Carrier A,bulky,2,0,2,100.0,0.0,0
2018-08-14,WH_SOUTH,South FC,CAR_A,Carrier A,fast,7,7,0,0.0,0.29,1
2018-08-14,WH_SOUTH,South FC,CAR_A,Carrier A,standard,3,3,0,0.0,0.0,0
2018-08-14,WH_SOUTH,South FC,CAR_B,Carrier B,bulky,5,4,1,20.0,0.0,0
2018-08-14,WH_SOUTH,South FC,CAR_B,Carrier B,fast,3,3,0,0.0,1.0,1
2018-08-14,WH_SOUTH,South FC,CAR_B,Carrier B,standard,9,9,0,0.0,0.0,0
2018-08-14,WH_SOUTH,South FC,CAR_C,Carrier C,bulky,2,2,0,0.0,0.0,0
2018-08-14,WH_SOUTH,South FC,CAR_C,Carrier C,fast,4,3,1,25.0,0.0,0
2018-08-14,WH_SOUTH,South FC,CAR_C,Carrier C,standard,4,3,1,25.0,0.0,0
2018-08-14,WH_SOUTH,South FC,CAR_D,Carrier D,bulky,1,0,1,100.0,0.0,0
2018-08-14,WH_SOUTH,South FC,CAR_D,Carrier D,fast,3,2,1,33.33,0.0,0
2018-08-14,WH_SOUTH,South FC,CAR_D,Carrier D,standard,1,1,0,0.0,0.0,0
2018-08-14,WH_SOUTHEAST,Southeast FC,CAR_A,Carrier A,bulky,26,8,18,69.23,0.23,3
2018-08-14,WH_SOUTHEAST,Southeast FC,CAR_A,Carrier A,fast,24,19,5,20.83,0.0,0
2018-08-14,WH_SOUTHEAST,Southeast FC,CAR_A,Carrier A,standard,39,25,14,35.9,0.36,2
2018-08-14,WH_SOUTHEAST,Southeast FC,CAR_B,Carrier B,bulky,13,4,9,69.23,0.0,0
2018-08-14,WH_SOUTHEAST,Southeast FC,CAR_B,Carrier B,fast,25,20,5,20.0,0.32,3
2018-08-14,WH_SOUTHEAST,Southeast FC,CAR_B,Carrier B,standard,30,16,14,46.67,0.03,1
2018-08-14,WH_SOUTHEAST,Southeast FC,CAR_C,Carrier C,bulky,19,11,8,42.11,1.0,5
2018-08-14,WH_SOUTHEAST,Southeast FC,CAR_C,Carrier C,fast,20,17,3,15.0,0.1,1
2018-08-14,WH_SOUTHEAST,Southeast FC,CAR_C,Carrier C,standard,14,7,7,50.0,0.0,0
2018-08-14,WH_SOUTHEAST,Southeast FC,CAR_D,Carrier D,bulky,7,5,2,28.57,3.57,2
2018-08-14,WH_SOUTHEAST,Southeast FC,CAR_D,Carrier D,fast,9,8,1,11.11,0.33,1
2018-08-14,WH_SOUTHEAST,Southeast FC,CAR_D,Carrier D,standard,18,8,10,55.56,0.67,2
2018-08-15,WH_CENTRAL_WEST,Central-West FC,CAR_A,Carrier A,fast,3,3,0,0.0,0.0,0
2018-08-15,WH_CENTRAL_WEST,Central-West FC,CAR_A,Carrier A,standard,1,1,0,0.0,0.0,0
2018-08-15,WH_CENTRAL_WEST,Central-West FC,CAR_B,Carrier B,bulky,1,0,1,100.0,0.0,0
2018-08-15,WH_CENTRAL_WEST,Central-West FC,CAR_B,Carrier B,fast,2,2,0,0.0,0.0,0
2018-08-15,WH_CENTRAL_WEST,Central-West FC,CAR_B,Carrier B,standard,1,1,0,0.0,0.0,0
2018-08-15,WH_CENTRAL_WEST,Central-West FC,CAR_C,Carrier C,standard,1,1,0,0.0,0.0,0
2018-08-15,WH_CENTRAL_WEST,Central-West FC,CAR_D,Carrier D,bulky,3,2,1,33.33,0.0,0
2018-08-15,WH_CENTRAL_WEST,Central-West FC,CAR_D,Carrier D,fast,1,1,0,0.0,0.0,0
2018-08-15,WH_CENTRAL_WEST,Central-West FC,CAR_D,Carrier D,standard,2,2,0,0.0,0.0,0
2018-08-15,WH_SOUTH,South FC,CAR_A,Carrier A,bulky,1,1,0,0.0,0.0,0
2018-08-15,WH_SOUTH,South FC,CAR_A,Carrier A,fast,8,7,1,12.5,0.0,0
2018-08-15,WH_SOUTH,South FC,CAR_B,Carrier B,bulky,7,6,1,14.29,0.0,0
2018-08-15,WH_SOUTH,South FC,CAR_B,Carrier B,fast,3,3,0,0.0,0.0,0
2018-08-15,WH_SOUTH,South FC,CAR_B,Carrier B,standard,7,6,1,14.29,0.0,0
2018-08-15,WH_SOUTH,South FC,CAR_C,Carrier C,bulky,3,1,2,66.67,0.0,0
2018-08-15,WH_SOUTH,South FC,CAR_C,Carrier C,fast,3,3,0,0.0,0.0,0
2018-08-15,WH_SOUTH,South FC,CAR_C,Carrier C,standard,4,4,0,0.0,0.0,0
2018-08-15,WH_SOUTH,South FC,CAR_D,Carrier D,bulky,2,1,1,50.0,0.0,0
2018-08-15,WH_SOUTH,South FC,CAR_D,Carrier D,fast,1,1,0,0.0,0.0,0
2018-08-15,WH_SOUTH,South FC,CAR_D,Carrier D,standard,2,2,0,0.0,0.0,0
2018-08-15,WH_SOUTHEAST,Southeast FC,CAR_A,Carrier A,bulky,23,6,17,73.91,0.22,2
2018-08-15,WH_SOUTHEAST,Southeast FC,CAR_A,Carrier A,fast,31,23,8,25.81,0.35,1
2018-08-15,WH_SOUTHEAST,Southeast FC,CAR_A,Carrier A,standard,28,18,10,35.71,0.0,0
2018-08-15,WH_SOUTHEAST,Southeast FC,CAR_B,Carrier B,bulky,14,4,10,71.43,0.0,0
2018-08-15,WH_SOUTHEAST,Southeast FC,CAR_B,Carrier B,fast,24,21,3,12.5,0.5,3
2018-08-15,WH_SOUTHEAST,Southeast FC,CAR_B,Carrier B,standard,31,17,14,45.16,0.03,1
2018-08-15,WH_SOUTHEAST,Southeast FC,CAR_C,Carrier C,bulky,10,2,8,80.0,0.0,0
2018-08-15,WH_SOUTHEAST,Southeast FC,CAR_C,Carrier C,fast,14,13,1,7.14,1.64,2
2018-08-15,WH_SOUTHEAST,Southeast FC,CAR_C,Carrier C,standard,24,16,8,33.33,0.83,3
2018-08-15,WH_SOUTHEAST,Southeast FC,CAR_D,Carrier D,bulky,5,2,3,60.0,2.6,2
2018-08-15,WH_SOUTHEAST,Southeast FC,CAR_D,Carrier D,fast,15,11,4,26.67,0.0,0
2018-08-15,WH_SOUTHEAST,Southeast FC,CAR_D,Carrier D,standard,7,4,3,42.86,0.0,0
2018-08-16,WH_CENTRAL_WEST,Central-West FC,CAR_A,Carrier A,bulky,1,1,0,0.0,0.0,0
2018-08-16,WH_CENTRAL_WEST,Central-West FC,CAR_A,Carrier A,fast,1,1,0,0.0,0.0,0
2018-08-16,WH_CENTRAL_WEST,Central-West FC,CAR_A,Carrier A,standard,2,2,0,0.0,0.0,0
2018-08-16,WH_CENTRAL_WEST,Central-West FC,CAR_B,Carrier B,bulky,1,1,0,0.0,0.0,0
2018-08-16,WH_CENTRAL_WEST,Central-West FC,CAR_B,Carrier B,fast,2,2,0,0.0,1.0,1
2018-08-16,WH_CENTRAL_WEST,Central-West FC,CAR_B,Carrier B,standard,2,2,0,0.0,0.0,0
2018-08-16,WH_CENTRAL_WEST,Central-West FC,CAR_C,Carrier C,fast,1,1,0,0.0,0.0,0
2018-08-16,WH_CENTRAL_WEST,Central-West FC,CAR_C,Carrier C,standard,2,2,0,0.0,0.0,0
2018-08-16,WH_CENTRAL_WEST,Central-West FC,CAR_D,Carrier D,fast,2,2,0,0.0,0.0,0
2018-08-16,WH_NORTH,North FC,CAR_B,Carrier B,fast,1,1,0,0.0,0.0,0
2018-08-16,WH_NORTH,North FC,CAR_B,Carrier B,standard,2,2,0,0.0,0.0,0
2018-08-16,WH_SOUTH,South FC,CAR_A,Carrier A,bulky,1,1,0,0.0,0.0,0
2018-08-16,WH_SOUTH,South FC,CAR_A,Carrier A,fast,5,5,0,0.0,0.0,0
2018-08-16,WH_SOUTH,South FC,CAR_A,Carrier A,standard,8,7,1,12.5,0.0,0
2018-08-16,WH_SOUTH,South FC,CAR_B,Carrier B,bulky,3,3,0,0.0,0.0,0
2018-08-16,WH_SOUTH,South FC,CAR_B,Carrier B,fast,9,9,0,0.0,0.0,0
2018-08-16,WH_SOUTH,South FC,CAR_B,Carrier B,standard,4,4,0,0.0,0.0,0
2018-08-16,WH_SOUTH,South FC,CAR_C,Carrier C,fast,1,1,0,0.0,0.0,0
2018-08-16,WH_SOUTH,South FC,CAR_C,Carrier C,standard,8,5,3,37.5,0.0,0
2018-08-16,WH_SOUTH,South FC,CAR_D,Carrier D,bulky,4,2,2,50.0,0.0,0
2018-08-16,WH_SOUTH,South FC,CAR_D,Carrier D,fast,1,1,0,0.0,0.0,0
2018-08-16,WH_SOUTH,South FC,CAR_D,Carrier D,standard,3,3,0,0.0,0.0,0
2018-08-16,WH_SOUTHEAST,Southeast FC,CAR_A,Carrier A,bulky,15,2,13,86.67,0.13,1
2018-08-16,WH_SOUTHEAST,Southeast FC,CAR_A,Carrier A,fast,39,37,2,5.13,0.05,2
2018-08-16,WH_SOUTHEAST,Southeast FC,CAR_A,Carrier A,standard,36,23,13,36.11,0.08,2
2018-08-16,WH_SOUTHEAST,Southeast FC,CAR_B,Carrier B,bulky,20,3,17,85.0,0.0,0
2018-08-16,WH_SOUTHEAST,Southeast FC,CAR_B,Carrier B,fast,37,35,2,5.41,0.22,2
2018-08-16,WH_SOUTHEAST,Southeast FC,CAR_B,Carrier B,standard,28,18,10,35.71,0.0,0
2018-08-16,WH_SOUTHEAST,Southeast FC,CAR_C,Carrier C,bulky,8,3,5,62.5,0.0,0
2018-08-16,WH_SOUTHEAST,Southeast FC,CAR_C,Carrier C,fast,16,16,0,0.0,0.44,1
2018-08-16,WH_SOUTHEAST,Southeast FC,CAR_C,Carrier C,standard,27,18,9,33.33,0.0,0
2018-08-16,WH_SOUTHEAST,Southeast FC,CAR_D,Carrier D,bulky,8,1,7,87.5,0.0,0
2018-08-16,WH_SOUTHEAST,Southeast FC,CAR_D,Carrier D,fast,7,6,1,14.29,0.14,1
2018-08-16,WH_SOUTHEAST,Southeast FC,CAR_D,Carrier D,standard,11,10,1,9.09,0.0,0
2018-08-17,WH_CENTRAL_WEST,Central-West FC,CAR_A,Carrier A,bulky,1,1,0,0.0,0.0,0
2018-08-17,WH_CENTRAL_WEST,Central-West FC,CAR_A,Carrier A,fast,5,5,0,0.0,0.0,0
2018-08-17,WH_CENTRAL_WEST,Central-West FC,CAR_A,Carrier A,standard,1,1,0,0.0,0.0,0
2018-08-17,WH_CENTRAL_WEST,Central-West FC,CAR_B,Carrier B,bulky,1,1,0,0.0,0.0,0
2018-08-17,WH_CENTRAL_WEST,Central-West FC,CAR_B,Carrier B,fast,3,3,0,0.0,0.0,0
2018-08-17,WH_CENTRAL_WEST,Central-West FC,CAR_B,Carrier B,standard,2,2,0,0.0,0.0,0
2018-08-17,WH_CENTRAL_WEST,Central-West FC,CAR_C,Carrier C,bulky,1,0,1,100.0,0.0,0
2018-08-17,WH_CENTRAL_WEST,Central-West FC,CAR_C,Carrier C,standard,1,1,0,0.0,0.0,0
2018-08-17,WH_CENTRAL_WEST,Central-West FC,CAR_D,Carrier D,fast,4,4,0,0.0,0.0,0
2018-08-17,WH_CENTRAL_WEST,Central-West FC,CAR_D,Carrier D,standard,3,3,0,0.0,0.0,0
2018-08-17,WH_NORTH,North FC,CAR_B,Carrier B,fast,1,1,0,0.0,0.0,0
2018-08-17,WH_SOUTH,South FC,CAR_A,Carrier A,bulky,3,2,1,33.33,0.0,0
2018-08-17,WH_SOUTH,South FC,CAR_A,Carrier A,fast,5,5,0,0.0,0.0,0
2018-08-17,WH_SOUTH,South FC,CAR_A,Carrier A,standard,3,3,0,0.0,0.0,0
2018-08-17,WH_SOUTH,South FC,CAR_B,Carrier B,bulky,5,4,1,20.0,0.0,0
2018-08-17,WH_SOUTH,South FC,CAR_B,Carrier B,fast,2,2,0,0.0,0.0,0
2018-08-17,WH_SOUTH,South FC,CAR_B,Carrier B,standard,3,3,0,0.0,0.0,0
2018-08-17,WH_SOUTH,South FC,CAR_C,Carrier C,bulky,3,2,1,33.33,0.0,0
2018-08-17,WH_SOUTH,South FC,CAR_C,Carrier C,fast,3,3,0,0.0,0.0,0
2018-08-17,WH_SOUTH,South FC,CAR_C,Carrier C,standard,4,3,1,25.0,0.0,0
2018-08-17,WH_SOUTH,South FC,CAR_D,Carrier D,bulky,1,0,1,100.0,0.0,0
2018-08-17,WH_SOUTH,South FC,CAR_D,Carrier D,fast,1,1,0,0.0,0.0,0
2018-08-17,WH_SOUTH,South FC,CAR_D,Carrier D,standard,4,3,1,25.0,0.0,0
2018-08-17,WH_SOUTHEAST,Southeast FC,CAR_A,Carrier A,bulky,13,4,9,69.23,0.0,0
2018-08-17,WH_SOUTHEAST,Southeast FC,CAR_A,Carrier A,fast,29,27,2,6.9,0.03,1
2018-08-17,WH_SOUTHEAST,Southeast FC,CAR_A,Carrier A,standard,29,19,10,34.48,0.0,0
2018-08-17,WH_SOUTHEAST,Southeast FC,CAR_B,Carrier B,bulky,20,8,12,60.0,0.0,0
2018-08-17,WH_SOUTHEAST,Southeast FC,CAR_B,Carrier B,fast,22,20,2,9.09,0.0,0
2018-08-17,WH_SOUTHEAST,Southeast FC,CAR_B,Carrier B,standard,20,12,8,40.0,0.05,1
2018-08-17,WH_SOUTHEAST,Southeast FC,CAR_C,Carrier C,bulky,7,4,3,42.86,0.0,0
2018-08-17,WH_SOUTHEAST,Southeast FC,CAR_C,Carrier C,fast,11,11,0,0.0,0.64,1
2018-08-17,WH_SOUTHEAST,Southeast FC,CAR_C,Carrier C,standard,20,12,8,40.0,0.05,1
2018-08-17,WH_SOUTHEAST,Southeast FC,CAR_D,Carrier D,bulky,4,1,3,75.0,0.0,0
2018-08-17,WH_SOUTHEAST,Southeast FC,CAR_D,Carrier D,fast,4,3,1,25.0,1.5,1
2018-08-17,WH_SOUTHEAST,Southeast FC,CAR_D,Carrier D,standard,10,6,4,40.0,0.0,0
2018-08-18,WH_CENTRAL_WEST,Central-West FC,CAR_A,Carrier A,bulky,1,1,0,0.0,0.0,0
2018-08-18,WH_CENTRAL_WEST,Central-West FC,CAR_A,Carrier A,standard,1,1,0,0.0,0.0,0
2018-08-18,WH_CENTRAL_WEST,Central-West FC,CAR_B,Carrier B,bulky,2,2,0,0.0,0.0,0
2018-08-18,WH_CENTRAL_WEST,Central-West FC,CAR_B,Carrier B,fast,1,1,0,0.0,0.0,0
2018-08-18,WH_CENTRAL_WEST,Central-West FC,CAR_B,Carrier B,standard,1,1,0,0.0,0.0,0
2018-08-18,WH_CENTRAL_WEST,Central-West FC,CAR_C,Carrier C,bulky,1,1,0,0.0,0.0,0
2018-08-18,WH_CENTRAL_WEST,Central-West FC,CAR_C,Carrier C,fast,1,1,0,0.0,0.0,0
2018-08-18,WH_CENTRAL_WEST,Central-West FC,CAR_D,Carrier D,bulky,1,1,0,0.0,0.0,0
2018-08-18,WH_CENTRAL_WEST,Central-West FC,CAR_D,Carrier D,fast,1,1,0,0.0,0.0,0
2018-08-18,WH_CENTRAL_WEST,Central-West FC,CAR_D,Carrier D,standard,1,1,0,0.0,0.0,0
2018-08-18,WH_NORTH,North FC,CAR_B,Carrier B,fast,1,1,0,0.0,0.0,0
2018-08-18,WH_SOUTH,South FC,CAR_A,Carrier A,bulky,5,4,1,20.0,0.0,0
2018-08-18,WH_SOUTH,South FC,CAR_A,Carrier A,fast,1,1,0,0.0,0.0,0
2018-08-18,WH_SOUTH,South FC,CAR_A,Carrier A,standard,3,3,0,0.0,0.0,0
2018-08-18,WH_SOUTH,South FC,CAR_B,Carrier B,bulky,3,1,2,66.67,0.0,0
2018-08-18,WH_SOUTH,South FC,CAR_B,Carrier B,fast,3,3,0,0.0,0.0,0
2018-08-18,WH_SOUTH,South FC,CAR_B,Carrier B,standard,4,4,0,0.0,0.0,0
2018-08-18,WH_SOUTH,South FC,CAR_C,Carrier C,fast,2,2,0,0.0,0.0,0
2018-08-18,WH_SOUTH,South FC,CAR_C,Carrier C,standard,3,3,0,0.0,0.0,0
2018-08-18,WH_SOUTH,South FC,CAR_D,Carrier D,bulky,1,1,0,0.0,0.0,0
2018-08-18,WH_SOUTH,South FC,CAR_D,Carrier D,fast,1,1,0,0.0,0.0,0
2018-08-18,WH_SOUTH,South FC,CAR_D,Carrier D,standard,2,0,2,100.0,0.0,0
2018-08-18,WH_SOUTHEAST,Southeast FC,CAR_A,Carrier A,bulky,14,10,4,28.57,0.0,0
2018-08-18,WH_SOUTHEAST,Southeast FC,CAR_A,Carrier A,fast,16,13,3,18.75,0.25,1
2018-08-18,WH_SOUTHEAST,Southeast FC,CAR_A,Carrier A,standard,20,12,8,40.0,0.0,0
2018-08-18,WH_SOUTHEAST,Southeast FC,CAR_B,Carrier B,bulky,18,6,12,66.67,0.0,0
2018-08-18,WH_SOUTHEAST,Southeast FC,CAR_B,Carrier B,fast,20,20,0,0.0,0.25,1
2018-08-18,WH_SOUTHEAST,Southeast FC,CAR_B,Carrier B,standard,20,10,10,50.0,0.0,0
2018-08-18,WH_SOUTHEAST,Southeast FC,CAR_C,Carrier C,bulky,3,1,2,66.67,0.0,0
2018-08-18,WH_SOUTHEAST,Southeast FC,CAR_C,Carrier C,fast,10,9,1,10.0,0.0,0
2018-08-18,WH_SOUTHEAST,Southeast FC,CAR_C,Carrier C,standard,17,11,6,35.29,0.12,1
2018-08-18,WH_SOUTHEAST,Southeast FC,CAR_D,Carrier D,bulky,4,3,1,25.0,0.0,0
2018-08-18,WH_SOUTHEAST,Southeast FC,CAR_D,Carrier D,fast,7,6,1,14.29,0.0,0
2018-08-18,WH_SOUTHEAST,Southeast FC,CAR_D,Carrier D,standard,4,0,4,100.0,0.0,0
2018-08-19,WH_CENTRAL_WEST,Central-West FC,CAR_A,Carrier A,standard,2,2,0,0.0,0.0,0
2018-08-19,WH_CENTRAL_WEST,Central-West FC,CAR_B,Carrier B,fast,2,2,0,0.0,0.0,0
2018-08-19,WH_CENTRAL_WEST,Central-West FC,CAR_C,Carrier C,fast,2,2,0,0.0,0.0,0
2018-08-19,WH_CENTRAL_WEST,Central-West FC,CAR_C,Carrier C,standard,1,1,0,0.0,0.0,0
2018-08-19,WH_CENTRAL_WEST,Central-West FC,CAR_D,Carrier D,bulky,1,1,0,0.0,0.0,0
2018-08-19,WH_CENTRAL_WEST,Central-West FC,CAR_D,Carrier D,fast,2,2,0,0.0,0.0,0
2018-08-19,WH_CENTRAL_WEST,Central-West FC,CAR_D,Carrier D,standard,3,3,0,0.0,0.0,0
2018-08-19,WH_SOUTH,South FC,CAR_A,Carrier A,bulky,3,0,3,100.0,0.0,0
2018-08-19,WH_SOUTH,South FC,CAR_A,Carrier A,fast,4,4,0,0.0,0.0,0
2018-08-19,WH_SOUTH,South FC,CAR_A,Carrier A,standard,1,1,0,0.0,0.0,0
2018-08-19,WH_SOUTH,South FC,CAR_B,Carrier B,fast,3,3,0,0.0,0.0,0
2018-08-19,WH_SOUTH,South FC,CAR_B,Carrier B,standard,5,3,2,40.0,0.0,0
2018-08-19,WH_SOUTH,South FC,CAR_C,Carrier C,fast,3,3,0,0.0,0.0,0
2018-08-19,WH_SOUTH,South FC,CAR_C,Carrier C,standard,4,4,0,0.0,0.0,0
2018-08-19,WH_SOUTH,South FC,CAR_D,Carrier D,fast,1,1,0,0.0,0.0,0
2018-08-19,WH_SOUTH,South FC,CAR_D,Carrier D,standard,2,1,1,50.0,0.0,0
2018-08-19,WH_SOUTHEAST,Southeast FC,CAR_A,Carrier A,bulky,12,4,8,66.67,0.0,0
2018-08-19,WH_SOUTHEAST,Southeast FC,CAR_A,Carrier A,fast,16,9,7,43.75,0.0,0
2018-08-19,WH_SOUTHEAST,Southeast FC,CAR_A,Carrier A,standard,24,8,16,66.67,0.0,0
2018-08-19,WH_SOUTHEAST,Southeast FC,CAR_B,Carrier B,bulky,11,2,9,81.82,0.0,0
2018-08-19,WH_SOUTHEAST,Southeast FC,CAR_B,Carrier B,fast,22,19,3,13.64,0.0,0
2018-08-19,WH_SOUTHEAST,Southeast FC,CAR_B,Carrier B,standard,25,14,11,44.0,0.56,2
2018-08-19,WH_SOUTHEAST,Southeast FC,CAR_C,Carrier C,bulky,11,6,5,45.45,0.09,1
2018-08-19,WH_SOUTHEAST,Southeast FC,CAR_C,Carrier C,fast,14,8,6,42.86,0.0,0
2018-08-19,WH_SOUTHEAST,Southeast FC,CAR_C,Carrier C,standard,9,4,5,55.56,0.0,0
2018-08-19,WH_SOUTHEAST,Southeast FC,CAR_D,Carrier D,bulky,9,4,5,55.56,0.0,0
2018-08-19,WH_SOUTHEAST,Southeast FC,CAR_D,Carrier D,fast,6,5,1,16.67,0.0,0
2018-08-19,WH_SOUTHEAST,Southeast FC,CAR_D,Carrier D,standard,6,4,2,33.33,0.0,0
2018-08-20,WH_CENTRAL_WEST,Central-West FC,CAR_A,Carrier A,bulky,1,0,1,100.0,0.0,0
2018-08-20,WH_CENTRAL_WEST,Central-West FC,CAR_B,Carrier B,fast,2,2,0,0.0,0.0,0
2018-08-20,WH_CENTRAL_WEST,Central-West FC,CAR_B,Carrier B,standard,1,0,1,100.0,0.0,0
2018-08-20,WH_CENTRAL_WEST,Central-West FC,CAR_C,Carrier C,standard,1,1,0,0.0,0.0,0
2018-08-20,WH_CENTRAL_WEST,Central-West FC,CAR_D,Carrier D,fast,1,1,0,0.0,0.0,0
2018-08-20,WH_CENTRAL_WEST,Central-West FC,CAR_D,Carrier D,standard,2,2,0,0.0,0.0,0
2018-08-20,WH_SOUTH,South FC,CAR_A,Carrier A,bulky,1,0,1,100.0,0.0,0
2018-08-20,WH_SOUTH,South FC,CAR_A,Carrier A,fast,3,2,1,33.33,0.0,0
2018-08-20,WH_SOUTH,South FC,CAR_A,Carrier A,standard,9,7,2,22.22,0.0,0
2018-08-20,WH_SOUTH,South FC,CAR_B,Carrier B,bulky,3,0,3,100.0,0.0,0
2018-08-20,WH_SOUTH,South FC,CAR_B,Carrier B,fast,4,3,1,25.0,0.0,0
2018-08-20,WH_SOUTH,South FC,CAR_B,Carrier B,standard,4,3,1,25.0,0.0,0
2018-08-20,WH_SOUTH,South FC,CAR_C,Carrier C,fast,1,1,0,0.0,0.0,0
2018-08-20,WH_SOUTH,South FC,CAR_C,Carrier C,standard,2,2,0,0.0,0.0,0
2018-08-20,WH_SOUTH,South FC,CAR_D,Carrier D,standard,2,1,1,50.0,0.0,0
2018-08-20,WH_SOUTHEAST,Southeast FC,CAR_A,Carrier A,bulky,21,4,17,80.95,0.0,0
2018-08-20,WH_SOUTHEAST,Southeast FC,CAR_A,Carrier A,fast,26,19,7,26.92,0.35,2
2018-08-20,WH_SOUTHEAST,Southeast FC,CAR_A,Carrier A,standard,26,15,11,42.31,0.31,1
2018-08-20,WH_SOUTHEAST,Southeast FC,CAR_B,Carrier B,bulky,15,1,14,93.33,0.27,2
2018-08-20,WH_SOUTHEAST,Southeast FC,CAR_B,Carrier B,fast,28,19,9,32.14,0.04,1
2018-08-20,WH_SOUTHEAST,Southeast FC,CAR_B,Carrier B,standard,33,14,19,57.58,0.03,1
2018-08-20,WH_SOUTHEAST,Southeast FC,CAR_C,Carrier C,bulky,9,0,9,100.0,0.0,0
2018-08-20,WH_SOUTHEAST,Southeast FC,CAR_C,Carrier C,fast,12,12,0,0.0,0.33,1
2018-08-20,WH_SOUTHEAST,Southeast FC,CAR_C,Carrier C,standard,18,8,10,55.56,0.0,0
2018-08-20,WH_SOUTHEAST,Southeast FC,CAR_D,Carrier D,bulky,8,2,6,75.0,0.0,0
2018-08-20,WH_SOUTHEAST,Southeast FC,CAR_D,Carrier D,fast,8,5,3,37.5,0.38,1
2018-08-20,WH_SOUTHEAST,Southeast FC,CAR_D,Carrier D,standard,10,1,9,90.0,0.0,0
2018-08-21,WH_CENTRAL_WEST,Central-West FC,CAR_A,Carrier A,fast,2,2,0,0.0,0.0,0
2018-08-21,WH_CENTRAL_WEST,Central-West FC,CAR_B,Carrier B,fast,3,3,0,0.0,0.0,0
2018-08-21,WH_CENTRAL_WEST,Central-West FC,CAR_B,Carrier B,standard,1,1,0,0.0,0.0,0
2018-08-21,WH_CENTRAL_WEST,Central-West FC,CAR_C,Carrier C,fast,1,1,0,0.0,0.0,0
2018-08-21,WH_CENTRAL_WEST,Central-West FC,CAR_C,Carrier C,standard,1,1,0,0.0,0.0,0
2018-08-21,WH_CENTRAL_WEST,Central-West FC,CAR_D,Carrier D,fast,1,1,0,0.0,0.0,0
2018-08-21,WH_CENTRAL_WEST,Central-West FC,CAR_D,Carrier D,standard,2,2,0,0.0,0.0,0
2018-08-21,WH_NORTH,North FC,CAR_A,Carrier A,fast,1,1,0,0.0,0.0,0
2018-08-21,WH_SOUTH,South FC,CAR_A,Carrier A,bulky,3,0,3,100.0,0.0,0
2018-08-21,WH_SOUTH,South FC,CAR_A,Carrier A,fast,5,5,0,0.0,0.0,0
2018-08-21,WH_SOUTH,South FC,CAR_A,Carrier A,standard,4,3,1,25.0,0.0,0
2018-08-21,WH_SOUTH,South FC,CAR_B,Carrier B,fast,2,2,0,0.0,0.0,0
2018-08-21,WH_SOUTH,South FC,CAR_B,Carrier B,standard,4,4,0,0.0,0.0,0
2018-08-21,WH_SOUTH,South FC,CAR_C,Carrier C,bulky,2,1,1,50.0,0.0,0
2018-08-21,WH_SOUTH,South FC,CAR_C,Carrier C,fast,2,2,0,0.0,0.0,0
2018-08-21,WH_SOUTH,South FC,CAR_C,Carrier C,standard,2,1,1,50.0,0.0,0
2018-08-21,WH_SOUTH,South FC,CAR_D,Carrier D,fast,1,1,0,0.0,0.0,0
2018-08-21,WH_SOUTH,South FC,CAR_D,Carrier D,standard,2,1,1,50.0,0.0,0
2018-08-21,WH_SOUTHEAST,Southeast FC,CAR_A,Carrier A,bulky,20,1,19,95.0,0.0,0
2018-08-21,WH_SOUTHEAST,Southeast FC,CAR_A,Carrier A,fast,25,15,10,40.0,0.52,1
2018-08-21,WH_SOUTHEAST,Southeast FC,CAR_A,Carrier A,standard,33,14,19,57.58,0.12,2
2018-08-21,WH_SOUTHEAST,Southeast FC,CAR_B,Carrier B,bulky,13,2,11,84.62,0.54,1
2018-08-21,WH_SOUTHEAST,Southeast FC,CAR_B,Carrier B,fast,26,21,5,19.23,0.0,0
2018-08-21,WH_SOUTHEAST,Southeast FC,CAR_B,Carrier B,standard,14,8,6,42.86,0.14,1
2018-08-21,WH_SOUTHEAST,Southeast FC,CAR_C,Carrier C,bulky,11,1,10,90.91,0.0,0
2018-08-21,WH_SOUTHEAST,Southeast FC,CAR_C,Carrier C,fast,13,9,4,30.77,0.0,0
2018-08-21,WH_SOUTHEAST,Southeast FC,CAR_C,Carrier C,standard,26,13,13,50.0,0.19,3
2018-08-21,WH_SOUTHEAST,Southeast FC,CAR_D,Carrier D,bulky,4,2,2,50.0,0.0,0
2018-08-21,WH_SOUTHEAST,Southeast FC,CAR_D,Carrier D,fast,6,5,1,16.67,0.0,0
2018-08-21,WH_SOUTHEAST,Southeast FC,CAR_D,Carrier D,standard,8,4,4,50.0,0.13,1
2018-08-22,WH_CENTRAL_WEST,Central-West FC,CAR_A,Carrier A,fast,1,1,0,0.0,0.0,0
2018-08-22,WH_CENTRAL_WEST,Central-West FC,CAR_C,Carrier C,fast,3,3,0,0.0,0.0,0
2018-08-22,WH_CENTRAL_WEST,Central-West FC,CAR_C,Carrier C,standard,1,0,1,100.0,0.0,0
2018-08-22,WH_CENTRAL_WEST,Central-West FC,CAR_D,Carrier D,fast,3,3,0,0.0,0.0,0
2018-08-22,WH_CENTRAL_WEST,Central-West FC,CAR_D,Carrier D,standard,1,1,0,0.0,0.0,0
2018-08-22,WH_SOUTH,South FC,CAR_A,Carrier A,bulky,2,0,2,100.0,0.0,0
2018-08-22,WH_SOUTH,South FC,CAR_A,Carrier A,fast,4,4,0,0.0,0.0,0
2018-08-22,WH_SOUTH,South FC,CAR_A,Carrier A,standard,3,3,0,0.0,0.0,0
2018-08-22,WH_SOUTH,South FC,CAR_B,Carrier B,fast,2,2,0,0.0,0.0,0
2018-08-22,WH_SOUTH,South FC,CAR_B,Carrier B,standard,5,4,1,20.0,0.0,0
2018-08-22,WH_SOUTH,South FC,CAR_C,Carrier C,bulky,2,0,2,100.0,0.0,0
2018-08-22,WH_SOUTH,South FC,CAR_C,Carrier C,standard,1,1,0,0.0,0.0,0
2018-08-22,WH_SOUTH,South FC,CAR_D,Carrier D,standard,2,1,1,50.0,0.0,0
2018-08-22,WH_SOUTHEAST,Southeast FC,CAR_A,Carrier A,bulky,12,0,12,100.0,0.0,0
2018-08-22,WH_SOUTHEAST,Southeast FC,CAR_A,Carrier A,fast,16,12,4,25.0,0.0,0
2018-08-22,WH_SOUTHEAST,Southeast FC,CAR_A,Carrier A,standard,28,15,13,46.43,0.0,0
2018-08-22,WH_SOUTHEAST,Southeast FC,CAR_B,Carrier B,bulky,12,0,12,100.0,0.0,0
2018-08-22,WH_SOUTHEAST,Southeast FC,CAR_B,Carrier B,fast,15,10,5,33.33,0.0,0
2018-08-22,WH_SOUTHEAST,Southeast FC,CAR_B,Carrier B,standard,19,10,9,47.37,0.0,0
2018-08-22,WH_SOUTHEAST,Southeast FC,CAR_C,Carrier C,bulky,9,1,8,88.89,0.0,0
2018-08-22,WH_SOUTHEAST,Southeast FC,CAR_C,Carrier C,fast,12,10,2,16.67,0.17,1
2018-08-22,WH_SOUTHEAST,Southeast FC,CAR_C,Carrier C,standard,10,7,3,30.0,0.0,0
2018-08-22,WH_SOUTHEAST,Southeast FC,CAR_D,Carrier D,bulky,4,0,4,100.0,0.0,0
2018-08-22,WH_SOUTHEAST,Southeast FC,CAR_D,Carrier D,fast,11,10,1,9.09,0.18,1
2018-08-22,WH_SOUTHEAST,Southeast FC,CAR_D,Carrier D,standard,7,6,1,14.29,0.0,0
2018-08-23,WH_CENTRAL_WEST,Central-West FC,CAR_A,Carrier A,fast,2,1,1,50.0,0.0,0
2018-08-23,WH_CENTRAL_WEST,Central-West FC,CAR_A,Carrier A,standard,1,1,0,0.0,0.0,0
2018-08-23,WH_CENTRAL_WEST,Central-West FC,CAR_D,Carrier D,bulky,1,0,1,100.0,0.0,0
2018-08-23,WH_SOUTH,South FC,CAR_A,Carrier A,bulky,1,0,1,100.0,0.0,0
2018-08-23,WH_SOUTH,South FC,CAR_A,Carrier A,fast,1,1,0,0.0,0.0,0
2018-08-23,WH_SOUTH,South FC,CAR_A,Carrier A,standard,2,0,2,100.0,0.0,0
2018-08-23,WH_SOUTH,South FC,CAR_B,Carrier B,bulky,2,0,2,100.0,0.0,0
2018-08-23,WH_SOUTH,South FC,CAR_B,Carrier B,fast,2,2,0,0.0,0.0,0
2018-08-23,WH_SOUTH,South FC,CAR_B,Carrier B,standard,1,1,0,0.0,0.0,0
2018-08-23,WH_SOUTH,South FC,CAR_C,Carrier C,fast,1,1,0,0.0,0.0,0
2018-08-23,WH_SOUTH,South FC,CAR_C,Carrier C,standard,1,1,0,0.0,0.0,0
2018-08-23,WH_SOUTH,South FC,CAR_D,Carrier D,fast,1,1,0,0.0,0.0,0
2018-08-23,WH_SOUTHEAST,Southeast FC,CAR_A,Carrier A,bulky,6,0,6,100.0,0.0,0
2018-08-23,WH_SOUTHEAST,Southeast FC,CAR_A,Carrier A,fast,17,17,0,0.0,0.06,1
2018-08-23,WH_SOUTHEAST,Southeast FC,CAR_A,Carrier A,standard,13,11,2,15.38,0.0,0
2018-08-23,WH_SOUTHEAST,Southeast FC,CAR_B,Carrier B,bulky,5,0,5,100.0,0.0,0
2018-08-23,WH_SOUTHEAST,Southeast FC,CAR_B,Carrier B,fast,19,19,0,0.0,0.0,0
2018-08-23,WH_SOUTHEAST,Southeast FC,CAR_B,Carrier B,standard,17,8,9,52.94,0.0,0
2018-08-23,WH_SOUTHEAST,Southeast FC,CAR_C,Carrier C,bulky,7,0,7,100.0,0.0,0
2018-08-23,WH_SOUTHEAST,Southeast FC,CAR_C,Carrier C,fast,10,10,0,0.0,0.0,0
2018-08-23,WH_SOUTHEAST,Southeast FC,CAR_C,Carrier C,standard,15,7,8,53.33,0.0,0
2018-08-23,WH_SOUTHEAST,Southeast FC,CAR_D,Carrier D,bulky,4,0,4,100.0,0.0,0
2018-08-23,WH_SOUTHEAST,Southeast FC,CAR_D,Carrier D,fast,2,2,0,0.0,0.0,0
2018-08-23,WH_SOUTHEAST,Southeast FC,CAR_D,Carrier D,standard,11,8,3,27.27,0.0,0
2018-08-24,WH_CENTRAL_WEST,Central-West FC,CAR_B,Carrier B,fast,1,0,1,100.0,0.0,0
2018-08-24,WH_CENTRAL_WEST,Central-West FC,CAR_C,Carrier C,standard,1,1,0,0.0,0.0,0
2018-08-24,WH_SOUTH,South FC,CAR_A,Carrier A,fast,1,1,0,0.0,0.0,0
2018-08-24,WH_SOUTH,South FC,CAR_B,Carrier B,fast,2,2,0,0.0,0.0,0
2018-08-24,WH_SOUTH,South FC,CAR_C,Carrier C,standard,2,2,0,0.0,0.0,0
2018-08-24,WH_SOUTHEAST,Southeast FC,CAR_A,Carrier A,bulky,8,0,8,100.0,0.0,0
2018-08-24,WH_SOUTHEAST,Southeast FC,CAR_A,Carrier A,fast,14,12,2,14.29,0.0,0
2018-08-24,WH_SOUTHEAST,Southeast FC,CAR_A,Carrier A,standard,14,3,11,78.57,0.36,1
2018-08-24,WH_SOUTHEAST,Southeast FC,CAR_B,Carrier B,bulky,4,0,4,100.0,0.0,0
2018-08-24,WH_SOUTHEAST,Southeast FC,CAR_B,Carrier B,fast,11,10,1,9.09,0.0,0
2018-08-24,WH_SOUTHEAST,Southeast FC,CAR_B,Carrier B,standard,6,1,5,83.33,0.0,0
2018-08-24,WH_SOUTHEAST,Southeast FC,CAR_C,Carrier C,bulky,4,0,4,100.0,0.0,0
2018-08-24,WH_SOUTHEAST,Southeast FC,CAR_C,Carrier C,fast,8,7,1,12.5,0.63,1
2018-08-24,WH_SOUTHEAST,Southeast FC,CAR_C,Carrier C,standard,5,2,3,60.0,0.0,0
2018-08-24,WH_SOUTHEAST,Southeast FC,CAR_D,Carrier D,bulky,4,0,4,100.0,0.0,0
2018-08-24,WH_SOUTHEAST,Southeast FC,CAR_D,Carrier D,fast,2,2,0,0.0,0.0,0
2018-08-24,WH_SOUTHEAST,Southeast FC,CAR_D,Carrier D,standard,9,2,7,77.78,0.0,0
2018-08-25,WH_SOUTH,South FC,CAR_A,Carrier A,fast,3,3,0,0.0,0.0,0
2018-08-25,WH_SOUTH,South FC,CAR_A,Carrier A,standard,1,0,1,100.0,0.0,0
2018-08-25,WH_SOUTH,South FC,CAR_C,Carrier C,bulky,1,0,1,100.0,0.0,0
2018-08-25,WH_SOUTHEAST,Southeast FC,CAR_A,Carrier A,bulky,6,0,6,100.0,0.0,0
2018-08-25,WH_SOUTHEAST,Southeast FC,CAR_A,Carrier A,fast,6,4,2,33.33,0.0,0
2018-08-25,WH_SOUTHEAST,Southeast FC,CAR_A,Carrier A,standard,5,0,5,100.0,0.0,0
2018-08-25,WH_SOUTHEAST,Southeast FC,CAR_B,Carrier B,bulky,10,0,10,100.0,0.0,0
2018-08-25,WH_SOUTHEAST,Southeast FC,CAR_B,Carrier B,fast,4,4,0,0.0,0.0,0
2018-08-25,WH_SOUTHEAST,Southeast FC,CAR_B,Carrier B,standard,7,0,7,100.0,0.0,0
2018-08-25,WH_SOUTHEAST,Southeast FC,CAR_C,Carrier C,bulky,2,0,2,100.0,0.0,0
2018-08-25,WH_SOUTHEAST,Southeast FC,CAR_C,Carrier C,fast,11,8,3,27.27,0.0,0
2018-08-25,WH_SOUTHEAST,Southeast FC,CAR_C,Carrier C,standard,7,0,7,100.0,0.0,0
2018-08-25,WH_SOUTHEAST,Southeast FC,CAR_D,Carrier D,bulky,1,0,1,100.0,0.0,0
2018-08-25,WH_SOUTHEAST,Southeast FC,CAR_D,Carrier D,fast,3,2,1,33.33,0.0,0
2018-08-25,WH_SOUTHEAST,Southeast FC,CAR_D,Carrier D,standard,2,0,2,100.0,0.0,0
2018-08-26,WH_CENTRAL_WEST,Central-West FC,CAR_D,Carrier D,fast,1,0,1,100.0,0.0,0
2018-08-26,WH_SOUTH,South FC,CAR_A,Carrier A,standard,1,0,1,100.0,0.0,0
2018-08-26,WH_SOUTH,South FC,CAR_B,Carrier B,fast,1,1,0,0.0,0.0,0
2018-08-26,WH_SOUTH,South FC,CAR_C,Carrier C,standard,2,0,2,100.0,0.0,0
2018-08-26,WH_SOUTHEAST,Southeast FC,CAR_A,Carrier A,bulky,4,0,4,100.0,0.0,0
2018-08-26,WH_SOUTHEAST,Southeast FC,CAR_A,Carrier A,fast,10,4,6,60.0,0.0,0
2018-08-26,WH_SOUTHEAST,Southeast FC,CAR_A,Carrier A,standard,7,0,7,100.0,0.0,0
2018-08-26,WH_SOUTHEAST,Southeast FC,CAR_B,Carrier B,bulky,1,0,1,100.0,0.0,0
2018-08-26,WH_SOUTHEAST,Southeast FC,CAR_B,Carrier B,fast,8,6,2,25.0,0.0,0
2018-08-26,WH_SOUTHEAST,Southeast FC,CAR_B,Carrier B,standard,10,0,10,100.0,0.0,0
2018-08-26,WH_SOUTHEAST,Southeast FC,CAR_C,Carrier C,bulky,2,0,2,100.0,0.0,0
2018-08-26,WH_SOUTHEAST,Southeast FC,CAR_C,Carrier C,fast,7,2,5,71.43,0.0,0
2018-08-26,WH_SOUTHEAST,Southeast FC,CAR_C,Carrier C,standard,9,0,9,100.0,0.0,0
2018-08-26,WH_SOUTHEAST,Southeast FC,CAR_D,Carrier D,bulky,3,0,3,100.0,0.0,0
2018-08-26,WH_SOUTHEAST,Southeast FC,CAR_D,Carrier D,fast,3,3,0,0.0,0.0,0
2018-08-26,WH_SOUTHEAST,Southeast FC,CAR_D,Carrier D,standard,4,0,4,100.0,0.0,0
2018-08-27,WH_SOUTH,South FC,CAR_A,Carrier A,standard,1,0,1,100.0,0.0,0
2018-08-27,WH_SOUTH,South FC,CAR_B,Carrier B,standard,2,0,2,100.0,0.0,0
2018-08-27,WH_SOUTH,South FC,CAR_D,Carrier D,standard,1,0,1,100.0,0.0,0
2018-08-27,WH_SOUTHEAST,Southeast FC,CAR_A,Carrier A,bulky,3,0,3,100.0,0.0,0
2018-08-27,WH_SOUTHEAST,Southeast FC,CAR_A,Carrier A,fast,8,1,7,87.5,0.0,0
2018-08-27,WH_SOUTHEAST,Southeast FC,CAR_A,Carrier A,standard,15,0,15,100.0,0.0,0
2018-08-27,WH_SOUTHEAST,Southeast FC,CAR_B,Carrier B,bulky,2,0,2,100.0,0.0,0
2018-08-27,WH_SOUTHEAST,Southeast FC,CAR_B,Carrier B,fast,2,0,2,100.0,0.0,0
2018-08-27,WH_SOUTHEAST,Southeast FC,CAR_B,Carrier B,standard,9,0,9,100.0,0.0,0
2018-08-27,WH_SOUTHEAST,Southeast FC,CAR_C,Carrier C,bulky,4,0,4,100.0,0.0,0
2018-08-27,WH_SOUTHEAST,Southeast FC,CAR_C,Carrier C,fast,3,0,3,100.0,0.0,0
2018-08-27,WH_SOUTHEAST,Southeast FC,CAR_C,Carrier C,standard,10,0,10,100.0,0.0,0
2018-08-27,WH_SOUTHEAST,Southeast FC,CAR_D,Carrier D,standard,6,0,6,100.0,0.0,0
2018-08-28,WH_SOUTH,South FC,CAR_A,Carrier A,standard,1,0,1,100.0,0.0,0
2018-08-28,WH_SOUTH,South FC,CAR_B,Carrier B,bulky,1,0,1,100.0,0.0,0
2018-08-28,WH_SOUTHEAST,Southeast FC,CAR_A,Carrier A,bulky,2,0,2,100.0,0.0,0
2018-08-28,WH_SOUTHEAST,Southeast FC,CAR_A,Carrier A,fast,3,0,3,100.0,0.0,0
2018-08-28,WH_SOUTHEAST,Southeast FC,CAR_A,Carrier A,standard,4,0,4,100.0,0.0,0
2018-08-28,WH_SOUTHEAST,Southeast FC,CAR_B,Carrier B,bulky,5,0,5,100.0,0.0,0
2018-08-28,WH_SOUTHEAST,Southeast FC,CAR_B,Carrier B,fast,4,0,4,100.0,0.0,0
2018-08-28,WH_SOUTHEAST,Southeast FC,CAR_B,Carrier B,standard,7,0,7,100.0,0.0,0
2018-08-28,WH_SOUTHEAST,Southeast FC,CAR_C,Carrier C,bulky,1,0,1,100.0,0.0,0
2018-08-28,WH_SOUTHEAST,Southeast FC,CAR_C,Carrier C,fast,5,0,5,100.0,0.0,0
2018-08-28,WH_SOUTHEAST,Southeast FC,CAR_C,Carrier C,standard,3,0,3,100.0,0.0,0
2018-08-28,WH_SOUTHEAST,Southeast FC,CAR_D,Carrier D,bulky,1,0,1,100.0,0.0,0
2018-08-28,WH_SOUTHEAST,Southeast FC,CAR_D,Carrier D,fast,2,0,2,100.0,0.0,0
2018-08-29,WH_SOUTH,South FC,CAR_A,Carrier A,bulky,1,0,1,100.0,0.0,0
2018-08-29,WH_SOUTHEAST,Southeast FC,CAR_A,Carrier A,fast,1,0,1,100.0,0.0,0
2018-08-29,WH_SOUTHEAST,Southeast FC,CAR_A,Carrier A,standard,2,0,2,100.0,0.0,0
2018-08-29,WH_SOUTHEAST,Southeast FC,CAR_B,Carrier B,fast,3,0,3,100.0,0.0,0
2018-08-29,WH_SOUTHEAST,Southeast FC,CAR_B,Carrier B,standard,1,0,1,100.0,0.0,0
2018-08-29,WH_SOUTHEAST,Southeast FC,CAR_C,Carrier C,fast,1,0,1,100.0,0.0,0
2018-08-29,WH_SOUTHEAST,Southeast FC,CAR_C,Carrier C,standard,1,0,1,100.0,0.0,0
2018-08-29,WH_SOUTHEAST,Southeast FC,CAR_D,Carrier D,fast,1,0,1,100.0,0.0,0
