week_start_date,warehouse_id,warehouse_name,carrier_id,carrier_name,category_name,issue_type,shipment_count,issue_count,issue_rate_pct,anomaly_count,dominant_anomaly_flag
2018-03-26,WH_CENTRAL_WEST,Central-West FC,CAR_A,Carrier A,informatica_acessorios,none,1,0,0.0,0,none
2018-03-26,WH_CENTRAL_WEST,Central-West FC,CAR_B,Carrier B,cama_mesa_banho,none,1,0,0.0,0,none
2018-03-26,WH_CENTRAL_WEST,Central-West FC,CAR_B,Carrier B,esporte_lazer,none,1,0,0.0,0,none
2018-03-26,WH_CENTRAL_WEST,Central-West FC,CAR_B,Carrier B,unknown,none,1,0,0.0,0,none
2018-03-26,WH_CENTRAL_WEST,Central-West FC,CAR_C,Carrier C,automotivo,none,1,0,0.0,0,none
2018-03-26,WH_CENTRAL_WEST,Central-West FC,CAR_C,Carrier C,brinquedos,none,1,0,0.0,0,none
2018-03-26,WH_CENTRAL_WEST,Central-West FC,CAR_C,Carrier C,eletronicos,none,1,0,0.0,0,none
2018-03-26,WH_CENTRAL_WEST,Central-West FC,CAR_C,Carrier C,relogios_presentes,none,1,0,0.0,0,none
2018-03-26,WH_CENTRAL_WEST,Central-West FC,CAR_D,Carrier D,telefonia,none,1,0,0.0,0,none
2018-03-26,WH_NORTH,North FC,CAR_A,Carrier A,esporte_lazer,none,1,0,0.0,0,none
2018-03-26,WH_NORTH,North FC,CAR_B,Carrier B,beleza_saude,none,1,0,0.0,0,none
2018-03-26,WH_NORTH,North FC,CAR_C,Carrier C,moveis_decoracao,none,1,0,0.0,0,none
2018-03-26,WH_NORTH,North FC,CAR_D,Carrier D,papelaria,none,1,0,0.0,0,none
2018-03-26,WH_SOUTH,South FC,CAR_A,Carrier A,automotivo,none,1,0,0.0,0,none
2018-03-26,WH_SOUTH,South FC,CAR_A,Carrier A,beleza_saude,none,1,0,0.0,0,none
2018-03-26,WH_SOUTH,South FC,CAR_A,Carrier A,dvds_blu_ray,none,1,0,0.0,0,none
2018-03-26,WH_SOUTH,South FC,CAR_A,Carrier A,eletronicos,none,2,0,0.0,0,none
2018-03-26,WH_SOUTH,South FC,CAR_A,Carrier A,esporte_lazer,none,1,0,0.0,0,none
2018-03-26,WH_SOUTH,South FC,CAR_A,Carrier A,fashion_bolsas_e_acessorios,none,1,0,0.0,0,none
2018-03-26,WH_SOUTH,South FC,CAR_A,Carrier A,instrumentos_musicais,none,1,0,0.0,0,none
2018-03-26,WH_SOUTH,South FC,CAR_B,Carrier B,automotivo,none,1,0,0.0,0,none
2018-03-26,WH_SOUTH,South FC,CAR_B,Carrier B,cama_mesa_banho,none,1,0,0.0,0,none
2018-03-26,WH_SOUTH,South FC,CAR_B,Carrier B,construcao_ferramentas_construcao,none,1,0,0.0,0,none
2018-03-26,WH_SOUTH,South FC,CAR_B,Carrier B,esporte_lazer,none,2,0,0.0,0,none
2018-03-26,WH_SOUTH,South FC,CAR_B,Carrier B,fashion_calcados,none,1,0,0.0,0,none
2018-03-26,WH_SOUTH,South FC,CAR_B,Carrier B,livros_interesse_geral,none,1,0,0.0,0,none
2018-03-26,WH_SOUTH,South FC,CAR_B,Carrier B,relogios_presentes,none,1,0,0.0,0,none
2018-03-26,WH_SOUTH,South FC,CAR_B,Carrier B,utilidades_domesticas,none,2,0,0.0,0,none
2018-03-26,WH_SOUTH,South FC,CAR_C,Carrier C,beleza_saude,none,2,0,0.0,0,none
2018-03-26,WH_SOUTH,South FC,CAR_C,Carrier C,consoles_games,none,1,0,0.0,0,none
2018-03-26,WH_SOUTH,South FC,CAR_C,Carrier C,esporte_lazer,none,1,0,0.0,0,none
2018-03-26,WH_SOUTH,South FC,CAR_C,Carrier C,fashion_bolsas_e_acessorios,none,2,0,0.0,0,none
2018-03-26,WH_SOUTH,South FC,CAR_C,Carrier C,informatica_acessorios,none,1,0,0.0,0,none
2018-03-26,WH_SOUTH,South FC,CAR_C,Carrier C,informatica_acessorios,wrong,1,1,100.0,0,none
2018-03-26,WH_SOUTH,South FC,CAR_C,Carrier C,papelaria,none,1,0,0.0,0,none
2018-03-26,WH_SOUTH,South FC,CAR_C,Carrier C,relogios_presentes,damaged,1,1,100.0,0,none
2018-03-26,WH_SOUTH,South FC,CAR_C,Carrier C,relogios_presentes,failed,1,1,100.0,0,none
2018-03-26,WH_SOUTH,South FC,CAR_C,Carrier C,telefonia,none,1,0,0.0,0,none
2018-03-26,WH_SOUTH,South FC,CAR_D,Carrier D,automotivo,none,1,0,0.0,0,none
2018-03-26,WH_SOUTH,South FC,CAR_D,Carrier D,eletrodomesticos,none,1,0,0.0,0,none
2018-03-26,WH_SOUTH,South FC,CAR_D,Carrier D,pet_shop,wrong,1,1,100.0,0,none
2018-03-26,WH_SOUTH,South FC,CAR_D,Carrier D,relogios_presentes,none,1,0,0.0,0,none
2018-03-26,WH_SOUTHEAST,Southeast FC,CAR_A,Carrier A,artigos_de_natal,none,1,0,0.0,0,none
2018-03-26,WH_SOUTHEAST,Southeast FC,CAR_A,Carrier A,automotivo,none,1,0,0.0,0,none
2018-03-26,WH_SOUTHEAST,Southeast FC,CAR_A,Carrier A,automotivo,refund,1,1,100.0,0,none
2018-03-26,WH_SOUTHEAST,Southeast FC,CAR_A,Carrier A,automotivo,wrong,1,1,100.0,0,none
2018-03-26,WH_SOUTHEAST,Southeast FC,CAR_A,Carrier A,bebes,none,3,0,0.0,0,none
2018-03-26,WH_SOUTHEAST,Southeast FC,CAR_A,Carrier A,beleza_saude,none,2,0,0.0,0,none
2018-03-26,WH_SOUTHEAST,Southeast FC,CAR_A,Carrier A,cama_mesa_banho,none,4,0,0.0,0,none
2018-03-26,WH_SOUTHEAST,Southeast FC,CAR_A,Carrier A,eletronicos,none,1,0,0.0,0,none
2018-03-26,WH_SOUTHEAST,Southeast FC,CAR_A,Carrier A,eletroportateis,none,2,0,0.0,0,none
2018-03-26,WH_SOUTHEAST,Southeast FC,CAR_A,Carrier A,esporte_lazer,damaged,1,1,100.0,0,none
2018-03-26,WH_SOUTHEAST,Southeast FC,CAR_A,Carrier A,esporte_lazer,failed,1,1,100.0,0,none
2018-03-26,WH_SOUTHEAST,Southeast FC,CAR_A,Carrier A,esporte_lazer,none,3,0,0.0,0,none
2018-03-26,WH_SOUTHEAST,Southeast FC,CAR_A,Carrier A,ferramentas_jardim,none,2,0,0.0,0,none
2018-03-26,WH_SOUTHEAST,Southeast FC,CAR_A,Carrier A,ferramentas_jardim,refund,1,1,100.0,0,none
2018-03-26,WH_SOUTHEAST,Southeast FC,CAR_A,Carrier A,informatica_acessorios,missing,1,1,100.0,0,none
2018-03-26,WH_SOUTHEAST,Southeast FC,CAR_A,Carrier A,informatica_acessorios,none,3,0,0.0,0,none
2018-03-26,WH_SOUTHEAST,Southeast FC,CAR_A,Carrier A,instrumentos_musicais,none,1,0,0.0,0,none
2018-03-26,WH_SOUTHEAST,Southeast FC,CAR_A,Carrier A,malas_acessorios,none,1,0,0.0,0,none
2018-03-26,WH_SOUTHEAST,Southeast FC,CAR_A,Carrier A,moveis_decoracao,none,2,0,0.0,0,none
2018-03-26,WH_SOUTHEAST,Southeast FC,CAR_A,Carrier A,moveis_escritorio,none,1,0,0.0,0,none
2018-03-26,WH_SOUTHEAST,Southeast FC,CAR_A,Carrier A,moveis_sala,none,1,0,0.0,0,none
2018-03-26,WH_SOUTHEAST,Southeast FC,CAR_A,Carrier A,perfumaria,none,3,0,0.0,0,none
2018-03-26,WH_SOUTHEAST,Southeast FC,CAR_A,Carrier A,pet_shop,none,3,0,0.0,0,none
2018-03-26,WH_SOUTHEAST,Southeast FC,CAR_A,Carrier A,relogios_presentes,none,3,0,0.0,0,none
2018-03-26,WH_SOUTHEAST,Southeast FC,CAR_A,Carrier A,telefonia,none,5,0,0.0,0,none
2018-03-26,WH_SOUTHEAST,Southeast FC,CAR_A,Carrier A,utilidades_domesticas,none,3,0,0.0,0,none
2018-03-26,WH_SOUTHEAST,Southeast FC,CAR_B,Carrier B,automotivo,none,2,0,0.0,2,ANOM_SPIKE_001
2018-03-26,WH_SOUTHEAST,Southeast FC,CAR_B,Carrier B,bebidas,missing,1,1,100.0,1,ANOM_SPIKE_001
2018-03-26,WH_SOUTHEAST,Southeast FC,CAR_B,Carrier B,beleza_saude,damaged,5,5,100.0,5,ANOM_SPIKE_001
2018-03-26,WH_SOUTHEAST,Southeast FC,CAR_B,Carrier B,beleza_saude,missing,2,2,100.0,2,ANOM_SPIKE_001
2018-03-26,WH_SOUTHEAST,Southeast FC,CAR_B,Carrier B,beleza_saude,none,2,0,0.0,2,ANOM_SPIKE_001
2018-03-26,WH_SOUTHEAST,Southeast FC,CAR_B,Carrier B,beleza_saude,wrong,1,1,100.0,1,ANOM_SPIKE_001
2018-03-26,WH_SOUTHEAST,Southeast FC,CAR_B,Carrier B,brinquedos,damaged,1,1,100.0,1,ANOM_SPIKE_001
2018-03-26,WH_SOUTHEAST,Southeast FC,CAR_B,Carrier B,cama_mesa_banho,missing,1,1,100.0,1,ANOM_SPIKE_001
2018-03-26,WH_SOUTHEAST,Southeast FC,CAR_B,Carrier B,cama_mesa_banho,none,1,0,0.0,1,ANOM_SPIKE_001
2018-03-26,WH_SOUTHEAST,Southeast FC,CAR_B,Carrier B,construcao_ferramentas_construcao,damaged,1,1,100.0,1,ANOM_SPIKE_001
2018-03-26,WH_SOUTHEAST,Southeast FC,CAR_B,Carrier B,eletrodomesticos_2,none,1,0,0.0,1,ANOM_SPIKE_001
2018-03-26,WH_SOUTHEAST,Southeast FC,CAR_B,Carrier B,eletronicos,damaged,1,1,100.0,1,ANOM_SPIKE_001
2018-03-26,WH_SOUTHEAST,Southeast FC,CAR_B,Carrier B,eletronicos,none,1,0,0.0,1,ANOM_SPIKE_001
2018-03-26,WH_SOUTHEAST,Southeast FC,CAR_B,Carrier B,eletronicos,wrong,1,1,100.0,1,ANOM_SPIKE_001
2018-03-26,WH_SOUTHEAST,Southeast FC,CAR_B,Carrier B,esporte_lazer,damaged,2,2,100.0,2,ANOM_SPIKE_001
2018-03-26,WH_SOUTHEAST,Southeast FC,CAR_B,Carrier B,esporte_lazer,none,2,0,0.0,2,ANOM_SPIKE_001
2018-03-26,WH_SOUTHEAST,Southeast FC,CAR_B,Carrier B,esporte_lazer,wrong,1,1,100.0,1,ANOM_SPIKE_001
2018-03-26,WH_SOUTHEAST,Southeast FC,CAR_B,Carrier B,fashion_bolsas_e_acessorios,none,2,0,0.0,2,ANOM_SPIKE_001
2018-03-26,WH_SOUTHEAST,Southeast FC,CAR_B,Carrier B,ferramentas_jardim,missing,1,1,100.0,1,ANOM_SPIKE_001
2018-03-26,WH_SOUTHEAST,Southeast FC,CAR_B,Carrier B,ferramentas_jardim,wrong,1,1,100.0,1,ANOM_SPIKE_001
2018-03-26,WH_SOUTHEAST,Southeast FC,CAR_B,Carrier B,informatica_acessorios,damaged,1,1,100.0,1,ANOM_SPIKE_001
2018-03-26,WH_SOUTHEAST,Southeast FC,CAR_B,Carrier B,informatica_acessorios,none,2,0,0.0,2,ANOM_SPIKE_001
2018-03-26,WH_SOUTHEAST,Southeast FC,CAR_B,Carrier B,livros_tecnicos,damaged,1,1,100.0,1,ANOM_SPIKE_001
2018-03-26,WH_SOUTHEAST,Southeast FC,CAR_B,Carrier B,moveis_decoracao,missing,1,1,100.0,1,ANOM_SPIKE_001
2018-03-26,WH_SOUTHEAST,Southeast FC,CAR_B,Carrier B,moveis_decoracao,none,2,0,0.0,2,ANOM_SPIKE_001
2018-03-26,WH_SOUTHEAST,Southeast FC,CAR_B,Carrier B,moveis_escritorio,wrong,1,1,100.0,1,ANOM_SPIKE_001
2018-03-26,WH_SOUTHEAST,Southeast FC,CAR_B,Carrier B,papelaria,none,1,0,0.0,1,ANOM_SPIKE_001
2018-03-26,WH_SOUTHEAST,Southeast FC,CAR_B,Carrier B,perfumaria,none,1,0,0.0,1,ANOM_SPIKE_001
2018-03-26,WH_SOUTHEAST,Southeast FC,CAR_B,Carrier B,pet_shop,missing,1,1,100.0,1,ANOM_SPIKE_001
2018-03-26,WH_SOUTHEAST,Southeast FC,CAR_B,Carrier B,relogios_presentes,none,1,0,0.0,1,ANOM_SPIKE_001
2018-03-26,WH_SOUTHEAST,Southeast FC,CAR_B,Carrier B,telefonia,damaged,1,1,100.0,1,ANOM_SPIKE_001
2018-03-26,WH_SOUTHEAST,Southeast FC,CAR_B,Carrier B,telefonia,none,1,0,0.0,1,ANOM_SPIKE_001
2018-03-26,WH_SOUTHEAST,Southeast FC,CAR_B,Carrier B,utilidades_domesticas,damaged,3,3,100.0,3,ANOM_SPIKE_001
2018-03-26,WH_SOUTHEAST,Southeast FC,CAR_B,Carrier B,utilidades_domesticas,none,5,0,0.0,5,ANOM_SPIKE_001
2018-03-26,WH_SOUTHEAST,Southeast FC,CAR_C,Carrier C,alimentos,none,1,0,0.0,0,none
2018-03-26,WH_SOUTHEAST,Southeast FC,CAR_C,Carrier C,audio,none,1,0,0.0,0,none
2018-03-26,WH_SOUTHEAST,Southeast FC,CAR_C,Carrier C,automotivo,none,1,0,0.0,0,none
2018-03-26,WH_SOUTHEAST,Southeast FC,CAR_C,Carrier C,bebes,none,1,0,0.0,0,none
2018-03-26,WH_SOUTHEAST,Southeast FC,CAR_C,Carrier C,beleza_saude,damaged,1,1,100.0,0,none
2018-03-26,WH_SOUTHEAST,Southeast FC,CAR_C,Carrier C,beleza_saude,none,2,0,0.0,0,none
2018-03-26,WH_SOUTHEAST,Southeast FC,CAR_C,Carrier C,brinquedos,none,1,0,0.0,0,none
2018-03-26,WH_SOUTHEAST,Southeast FC,CAR_C,Carrier C,brinquedos,wrong,1,1,100.0,0,none
2018-03-26,WH_SOUTHEAST,Southeast FC,CAR_C,Carrier C,cama_mesa_banho,none,3,0,0.0,0,none
2018-03-26,WH_SOUTHEAST,Southeast FC,CAR_C,Carrier C,construcao_ferramentas_construcao,none,1,0,0.0,0,none
2018-03-26,WH_SOUTHEAST,Southeast FC,CAR_C,Carrier C,esporte_lazer,none,1,0,0.0,0,none
2018-03-26,WH_SOUTHEAST,Southeast FC,CAR_C,Carrier C,ferramentas_jardim,none,2,0,0.0,0,none
2018-03-26,WH_SOUTHEAST,Southeast FC,CAR_C,Carrier C,informatica_acessorios,none,2,0,0.0,0,none
2018-03-26,WH_SOUTHEAST,Southeast FC,CAR_C,Carrier C,moveis_decoracao,none,2,0,0.0,0,none
2018-03-26,WH_SOUTHEAST,Southeast FC,CAR_C,Carrier C,moveis_decoracao,refund,1,1,100.0,0,none
2018-03-26,WH_SOUTHEAST,Southeast FC,CAR_C,Carrier C,perfumaria,none,2,0,0.0,0,none
2018-03-26,WH_SOUTHEAST,Southeast FC,CAR_C,Carrier C,pet_shop,none,1,0,0.0,0,none
2018-03-26,WH_SOUTHEAST,Southeast FC,CAR_C,Carrier C,relogios_presentes,none,3,0,0.0,0,none
2018-03-26,WH_SOUTHEAST,Southeast FC,CAR_C,Carrier C,telefonia,none,2,0,0.0,0,none
2018-03-26,WH_SOUTHEAST,Southeast FC,CAR_C,Carrier C,unknown,none,1,0,0.0,0,none
2018-03-26,WH_SOUTHEAST,Southeast FC,CAR_C,Carrier C,utilidades_domesticas,none,2,0,0.0,0,none
2018-03-26,WH_SOUTHEAST,Southeast FC,CAR_D,Carrier D,automotivo,none,1,0,0.0,0,none
2018-03-26,WH_SOUTHEAST,Southeast FC,CAR_D,Carrier D,beleza_saude,none,2,0,0.0,0,none
2018-03-26,WH_SOUTHEAST,Southeast FC,CAR_D,Carrier D,brinquedos,none,1,0,0.0,0,none
2018-03-26,WH_SOUTHEAST,Southeast FC,CAR_D,Carrier D,cama_mesa_banho,none,2,0,0.0,0,none
2018-03-26,WH_SOUTHEAST,Southeast FC,CAR_D,Carrier D,cool_stuff,none,1,0,0.0,0,none
2018-03-26,WH_SOUTHEAST,Southeast FC,CAR_D,Carrier D,eletronicos,none,1,0,0.0,0,none
2018-03-26,WH_SOUTHEAST,Southeast FC,CAR_D,Carrier D,eletroportateis,none,1,0,0.0,0,none
2018-03-26,WH_SOUTHEAST,Southeast FC,CAR_D,Carrier D,esporte_lazer,none,2,0,0.0,0,none
2018-03-26,WH_SOUTHEAST,Southeast FC,CAR_D,Carrier D,ferramentas_jardim,none,1,0,0.0,0,none
2018-03-26,WH_SOUTHEAST,Southeast FC,CAR_D,Carrier D,informatica_acessorios,none,2,0,0.0,0,none
2018-03-26,WH_SOUTHEAST,Southeast FC,CAR_D,Carrier D,moveis_decoracao,none,1,0,0.0,0,none
2018-03-26,WH_SOUTHEAST,Southeast FC,CAR_D,Carrier D,papelaria,none,1,0,0.0,0,none
2018-03-26,WH_SOUTHEAST,Southeast FC,CAR_D,Carrier D,relogios_presentes,none,2,0,0.0,0,none
2018-03-26,WH_SOUTHEAST,Southeast FC,CAR_D,Carrier D,telefonia,none,1,0,0.0,0,none
2018-04-02,WH_CENTRAL_WEST,Central-West FC,CAR_A,Carrier A,automotivo,none,3,0,0.0,0,none
2018-04-02,WH_CENTRAL_WEST,Central-West FC,CAR_A,Carrier A,beleza_saude,none,1,0,0.0,0,none
2018-04-02,WH_CENTRAL_WEST,Central-West FC,CAR_A,Carrier A,cama_mesa_banho,failed,1,1,100.0,0,none
2018-04-02,WH_CENTRAL_WEST,Central-West FC,CAR_A,Carrier A,cama_mesa_banho,none,3,0,0.0,0,none
2018-04-02,WH_CENTRAL_WEST,Central-West FC,CAR_A,Carrier A,construcao_ferramentas_seguranca,none,1,0,0.0,0,none
2018-04-02,WH_CENTRAL_WEST,Central-West FC,CAR_A,Carrier A,cool_stuff,none,1,0,0.0,0,none
2018-04-02,WH_CENTRAL_WEST,Central-West FC,CAR_A,Carrier A,eletronicos,none,2,0,0.0,0,none
2018-04-02,WH_CENTRAL_WEST,Central-West FC,CAR_A,Carrier A,esporte_lazer,none,2,0,0.0,0,none
2018-04-02,WH_CENTRAL_WEST,Central-West FC,CAR_A,Carrier A,fashion_calcados,none,1,0,0.0,0,none
2018-04-02,WH_CENTRAL_WEST,Central-West FC,CAR_A,Carrier A,informatica_acessorios,none,1,0,0.0,0,none
2018-04-02,WH_CENTRAL_WEST,Central-West FC,CAR_A,Carrier A,moveis_decoracao,none,3,0,0.0,0,none
2018-04-02,WH_CENTRAL_WEST,Central-West FC,CAR_A,Carrier A,relogios_presentes,none,3,0,0.0,0,none
2018-04-02,WH_CENTRAL_WEST,Central-West FC,CAR_A,Carrier A,telefonia,none,1,0,0.0,0,none
2018-04-02,WH_CENTRAL_WEST,Central-West FC,CAR_B,Carrier B,automotivo,none,1,0,0.0,0,none
2018-04-02,WH_CENTRAL_WEST,Central-West FC,CAR_B,Carrier B,bebes,none,1,0,0.0,0,none
2018-04-02,WH_CENTRAL_WEST,Central-West FC,CAR_B,Carrier B,bebes,refund,1,1,100.0,0,none
2018-04-02,WH_CENTRAL_WEST,Central-West FC,CAR_B,Carrier B,cama_mesa_banho,none,3,0,0.0,0,none
2018-04-02,WH_CENTRAL_WEST,Central-West FC,CAR_B,Carrier B,casa_construcao,none,1,0,0.0,0,none
2018-04-02,WH_CENTRAL_WEST,Central-West FC,CAR_B,Carrier B,construcao_ferramentas_seguranca,none,1,0,0.0,0,none
2018-04-02,WH_CENTRAL_WEST,Central-West FC,CAR_B,Carrier B,eletrodomesticos,none,1,0,0.0,0,none
2018-04-02,WH_CENTRAL_WEST,Central-West FC,CAR_B,Carrier B,eletronicos,none,3,0,0.0,0,none
2018-04-02,WH_CENTRAL_WEST,Central-West FC,CAR_B,Carrier B,esporte_lazer,none,3,0,0.0,0,none
2018-04-02,WH_CENTRAL_WEST,Central-West FC,CAR_B,Carrier B,informatica_acessorios,none,5,0,0.0,0,none
2018-04-02,WH_CENTRAL_WEST,Central-West FC,CAR_B,Carrier B,livros_interesse_geral,none,1,0,0.0,0,none
2018-04-02,WH_CENTRAL_WEST,Central-West FC,CAR_B,Carrier B,perfumaria,none,1,0,0.0,0,none
2018-04-02,WH_CENTRAL_WEST,Central-West FC,CAR_B,Carrier B,relogios_presentes,none,3,0,0.0,0,none
2018-04-02,WH_CENTRAL_WEST,Central-West FC,CAR_B,Carrier B,utilidades_domesticas,none,1,0,0.0,0,none
2018-04-02,WH_CENTRAL_WEST,Central-West FC,CAR_C,Carrier C,automotivo,none,1,0,0.0,0,none
2018-04-02,WH_CENTRAL_WEST,Central-West FC,CAR_C,Carrier C,cama_mesa_banho,none,1,0,0.0,0,none
2018-04-02,WH_CENTRAL_WEST,Central-West FC,CAR_C,Carrier C,cool_stuff,none,1,0,0.0,0,none
2018-04-02,WH_CENTRAL_WEST,Central-West FC,CAR_C,Carrier C,informatica_acessorios,none,1,0,0.0,0,none
2018-04-02,WH_CENTRAL_WEST,Central-West FC,CAR_C,Carrier C,papelaria,none,1,0,0.0,0,none
2018-04-02,WH_CENTRAL_WEST,Central-West FC,CAR_C,Carrier C,relogios_presentes,none,1,0,0.0,0,none
2018-04-02,WH_CENTRAL_WEST,Central-West FC,CAR_C,Carrier C,utilidades_domesticas,none,1,0,0.0,0,none
2018-04-02,WH_CENTRAL_WEST,Central-West FC,CAR_D,Carrier D,alimentos_bebidas,none,1,0,0.0,0,none
2018-04-02,WH_CENTRAL_WEST,Central-West FC,CAR_D,Carrier D,automotivo,none,1,0,0.0,0,none
2018-04-02,WH_CENTRAL_WEST,Central-West FC,CAR_D,Carrier D,beleza_saude,none,4,0,0.0,0,none
2018-04-02,WH_CENTRAL_WEST,Central-West FC,CAR_D,Carrier D,cama_mesa_banho,none,1,0,0.0,0,none
2018-04-02,WH_CENTRAL_WEST,Central-West FC,CAR_D,Carrier D,esporte_lazer,none,1,0,0.0,0,none
2018-04-02,WH_CENTRAL_WEST,Central-West FC,CAR_D,Carrier D,fashion_bolsas_e_acessorios,none,1,0,0.0,0,none
2018-04-02,WH_CENTRAL_WEST,Central-West FC,CAR_D,Carrier D,ferramentas_jardim,none,1,0,0.0,0,none
2018-04-02,WH_CENTRAL_WEST,Central-West FC,CAR_D,Carrier D,informatica_acessorios,damaged,1,1,100.0,0,none
2018-04-02,WH_CENTRAL_WEST,Central-West FC,CAR_D,Carrier D,informatica_acessorios,none,2,0,0.0,0,none
2018-04-02,WH_CENTRAL_WEST,Central-West FC,CAR_D,Carrier D,malas_acessorios,none,1,0,0.0,0,none
2018-04-02,WH_CENTRAL_WEST,Central-West FC,CAR_D,Carrier D,moveis_decoracao,none,2,0,0.0,0,none
2018-04-02,WH_CENTRAL_WEST,Central-West FC,CAR_D,Carrier D,perfumaria,missing,1,1,100.0,0,none
2018-04-02,WH_CENTRAL_WEST,Central-West FC,CAR_D,Carrier D,perfumaria,refund,1,1,100.0,0,none
2018-04-02,WH_CENTRAL_WEST,Central-West FC,CAR_D,Carrier D,pet_shop,none,1,0,0.0,0,none
2018-04-02,WH_CENTRAL_WEST,Central-West FC,CAR_D,Carrier D,relogios_presentes,none,3,0,0.0,0,none
2018-04-02,WH_CENTRAL_WEST,Central-West FC,CAR_D,Carrier D,relogios_presentes,refund,1,1,100.0,0,none
2018-04-02,WH_NORTH,North FC,CAR_A,Carrier A,informatica_acessorios,none,1,0,0.0,0,none
2018-04-02,WH_NORTH,North FC,CAR_A,Carrier A,pet_shop,none,1,0,0.0,0,none
2018-04-02,WH_NORTH,North FC,CAR_A,Carrier A,relogios_presentes,none,1,0,0.0,0,none
2018-04-02,WH_NORTH,North FC,CAR_A,Carrier A,unknown,none,1,0,0.0,0,none
2018-04-02,WH_NORTH,North FC,CAR_B,Carrier B,automotivo,none,1,0,0.0,0,none
2018-04-02,WH_NORTH,North FC,CAR_B,Carrier B,bebes,failed,1,1,100.0,0,none
2018-04-02,WH_NORTH,North FC,CAR_B,Carrier B,beleza_saude,none,1,0,0.0,0,none
2018-04-02,WH_NORTH,North FC,CAR_B,Carrier B,cama_mesa_banho,none,1,0,0.0,0,none
2018-04-02,WH_NORTH,North FC,CAR_B,Carrier B,eletronicos,none,1,0,0.0,0,none
2018-04-02,WH_NORTH,North FC,CAR_B,Carrier B,esporte_lazer,none,3,0,0.0,0,none
2018-04-02,WH_NORTH,North FC,CAR_B,Carrier B,moveis_decoracao,none,1,0,0.0,0,none
2018-04-02,WH_NORTH,North FC,CAR_B,Carrier B,moveis_escritorio,none,1,0,0.0,0,none
2018-04-02,WH_NORTH,North FC,CAR_B,Carrier B,perfumaria,none,1,0,0.0,0,none
2018-04-02,WH_NORTH,North FC,CAR_B,Carrier B,relogios_presentes,none,2,0,0.0,0,none
2018-04-02,WH_NORTH,North FC,CAR_C,Carrier C,automotivo,none,1,0,0.0,0,none
2018-04-02,WH_NORTH,North FC,CAR_C,Carrier C,beleza_saude,none,1,0,0.0,0,none
2018-04-02,WH_NORTH,North FC,CAR_C,Carrier C,eletronicos,none,1,0,0.0,0,none
2018-04-02,WH_NORTH,North FC,CAR_C,Carrier C,esporte_lazer,none,1,0,0.0,0,none
2018-04-02,WH_NORTH,North FC,CAR_C,Carrier C,informatica_acessorios,none,1,0,0.0,0,none
2018-04-02,WH_NORTH,North FC,CAR_C,Carrier C,portateis_casa_forno_e_cafe,none,1,0,0.0,0,none
2018-04-02,WH_NORTH,North FC,CAR_D,Carrier D,consoles_games,none,1,0,0.0,0,none
2018-04-02,WH_NORTH,North FC,CAR_D,Carrier D,eletrodomesticos,none,1,0,0.0,0,none
2018-04-02,WH_NORTH,North FC,CAR_D,Carrier D,moveis_decoracao,none,1,0,0.0,0,none
2018-04-02,WH_NORTH,North FC,CAR_D,Carrier D,papelaria,refund,1,1,100.0,0,none
2018-04-02,WH_NORTH,North FC,CAR_D,Carrier D,relogios_presentes,none,1,0,0.0,0,none
2018-04-02,WH_SOUTH,South FC,CAR_A,Carrier A,alimentos,none,1,0,0.0,0,none
2018-04-02,WH_SOUTH,South FC,CAR_A,Carrier A,automotivo,none,7,0,0.0,0,none
2018-04-02,WH_SOUTH,South FC,CAR_A,Carrier A,bebes,none,3,0,0.0,0,none
2018-04-02,WH_SOUTH,South FC,CAR_A,Carrier A,beleza_saude,none,1,0,0.0,0,none
2018-04-02,WH_SOUTH,South FC,CAR_A,Carrier A,beleza_saude,wrong,1,1,100.0,0,none
2018-04-02,WH_SOUTH,South FC,CAR_A,Carrier A,brinquedos,none,1,0,0.0,0,none
2018-04-02,WH_SOUTH,South FC,CAR_A,Carrier A,cama_mesa_banho,none,5,0,0.0,0,none
2018-04-02,WH_SOUTH,South FC,CAR_A,Carrier A,cine_foto,none,1,0,0.0,0,none
2018-04-02,WH_SOUTH,South FC,CAR_A,Carrier A,consoles_games,none,1,0,0.0,0,none
2018-04-02,WH_SOUTH,South FC,CAR_A,Carrier A,construcao_ferramentas_construcao,none,2,0,0.0,0,none
2018-04-02,WH_SOUTH,South FC,CAR_A,Carrier A,eletronicos,none,2,0,0.0,0,none
2018-04-02,WH_SOUTH,South FC,CAR_A,Carrier A,eletroportateis,none,1,0,0.0,0,none
2018-04-02,WH_SOUTH,South FC,CAR_A,Carrier A,esporte_lazer,none,5,0,0.0,0,none
2018-04-02,WH_SOUTH,South FC,CAR_A,Carrier A,esporte_lazer,wrong,1,1,100.0,0,none
2018-04-02,WH_SOUTH,South FC,CAR_A,Carrier A,fashion_bolsas_e_acessorios,none,2,0,0.0,0,none
2018-04-02,WH_SOUTH,South FC,CAR_A,Carrier A,informatica_acessorios,none,3,0,0.0,0,none
2018-04-02,WH_SOUTH,South FC,CAR_A,Carrier A,informatica_acessorios,wrong,1,1,100.0,0,none
2018-04-02,WH_SOUTH,South FC,CAR_A,Carrier A,instrumentos_musicais,none,1,0,0.0,0,none
2018-04-02,WH_SOUTH,South FC,CAR_A,Carrier A,moveis_decoracao,none,10,0,0.0,0,none
2018-04-02,WH_SOUTH,South FC,CAR_A,Carrier A,moveis_decoracao,refund,1,1,100.0,0,none
2018-04-02,WH_SOUTH,South FC,CAR_A,Carrier A,moveis_escritorio,none,1,0,0.0,0,none
2018-04-02,WH_SOUTH,South FC,CAR_A,Carrier A,papelaria,none,1,0,0.0,0,none
2018-04-02,WH_SOUTH,South FC,CAR_A,Carrier A,perfumaria,missing,1,1,100.0,0,none
2018-04-02,WH_SOUTH,South FC,CAR_A,Carrier A,perfumaria,refund,1,1,100.0,0,none
2018-04-02,WH_SOUTH,South FC,CAR_A,Carrier A,pet_shop,none,2,0,0.0,0,none
2018-04-02,WH_SOUTH,South FC,CAR_A,Carrier A,relogios_presentes,none,1,0,0.0,0,none
2018-04-02,WH_SOUTH,South FC,CAR_A,Carrier A,telefonia,none,1,0,0.0,0,none
2018-04-02,WH_SOUTH,South FC,CAR_B,Carrier B,agro_industria_e_comercio,none,1,0,0.0,0,none
2018-04-02,WH_SOUTH,South FC,CAR_B,Carrier B,automotivo,none,7,0,0.0,0,none
2018-04-02,WH_SOUTH,South FC,CAR_B,Carrier B,beleza_saude,none,3,0,0.0,0,none
2018-04-02,WH_SOUTH,South FC,CAR_B,Carrier B,beleza_saude,refund,1,1,100.0,0,none
2018-04-02,WH_SOUTH,South FC,CAR_B,Carrier B,cama_mesa_banho,none,4,0,0.0,0,none
2018-04-02,WH_SOUTH,South FC,CAR_B,Carrier B,construcao_ferramentas_seguranca,none,1,0,0.0,0,none
2018-04-02,WH_SOUTH,South FC,CAR_B,Carrier B,cool_stuff,failed,1,1,100.0,0,none
2018-04-02,WH_SOUTH,South FC,CAR_B,Carrier B,cool_stuff,none,1,0,0.0,0,none
2018-04-02,WH_SOUTH,South FC,CAR_B,Carrier B,eletrodomesticos,none,2,0,0.0,0,none
2018-04-02,WH_SOUTH,South FC,CAR_B,Carrier B,eletronicos,none,3,0,0.0,0,none
2018-04-02,WH_SOUTH,South FC,CAR_B,Carrier B,eletronicos,refund,1,1,100.0,0,none
2018-04-02,WH_SOUTH,South FC,CAR_B,Carrier B,eletroportateis,none,1,0,0.0,0,none
2018-04-02,WH_SOUTH,South FC,CAR_B,Carrier B,esporte_lazer,none,11,0,0.0,0,none
2018-04-02,WH_SOUTH,South FC,CAR_B,Carrier B,fashion_bolsas_e_acessorios,none,1,0,0.0,0,none
2018-04-02,WH_SOUTH,South FC,CAR_B,Carrier B,ferramentas_jardim,none,1,0,0.0,0,none
2018-04-02,WH_SOUTH,South FC,CAR_B,Carrier B,informatica_acessorios,none,8,0,0.0,0,none
2018-04-02,WH_SOUTH,South FC,CAR_B,Carrier B,instrumentos_musicais,none,3,0,0.0,0,none
2018-04-02,WH_SOUTH,South FC,CAR_B,Carrier B,livros_interesse_geral,none,2,0,0.0,0,none
2018-04-02,WH_SOUTH,South FC,CAR_B,Carrier B,livros_tecnicos,none,1,0,0.0,0,none
2018-04-02,WH_SOUTH,South FC,CAR_B,Carrier B,moveis_decoracao,none,7,0,0.0,0,none
2018-04-02,WH_SOUTH,South FC,CAR_B,Carrier B,moveis_escritorio,none,1,0,0.0,0,none
2018-04-02,WH_SOUTH,South FC,CAR_B,Carrier B,papelaria,none,1,0,0.0,0,none
2018-04-02,WH_SOUTH,South FC,CAR_B,Carrier B,perfumaria,none,3,0,0.0,0,none
2018-04-02,WH_SOUTH,South FC,CAR_B,Carrier B,pet_shop,none,1,0,0.0,0,none
2018-04-02,WH_SOUTH,South FC,CAR_B,Carrier B,relogios_presentes,none,3,0,0.0,0,none
2018-04-02,WH_SOUTH,South FC,CAR_B,Carrier B,telefonia,missing,1,1,100.0,0,none
2018-04-02,WH_SOUTH,South FC,CAR_B,Carrier B,telefonia,none,2,0,0.0,0,none
2018-04-02,WH_SOUTH,South FC,CAR_B,Carrier B,telefonia_fixa,none,1,0,0.0,0,none
2018-04-02,WH_SOUTH,South FC,CAR_B,Carrier B,unknown,damaged,1,1,100.0,0,none
2018-04-02,WH_SOUTH,South FC,CAR_B,Carrier B,unknown,none,2,0,0.0,0,none
2018-04-02,WH_SOUTH,South FC,CAR_B,Carrier B,utilidades_domesticas,none,4,0,0.0,0,none
2018-04-02,WH_SOUTH,South FC,CAR_C,Carrier C,automotivo,none,2,0,0.0,0,none
2018-04-02,WH_SOUTH,South FC,CAR_C,Carrier C,beleza_saude,none,3,0,0.0,0,none
2018-04-02,WH_SOUTH,South FC,CAR_C,Carrier C,beleza_saude,wrong,1,1,100.0,0,none
2018-04-02,WH_SOUTH,South FC,CAR_C,Carrier C,cama_mesa_banho,failed,1,1,100.0,0,none
2018-04-02,WH_SOUTH,South FC,CAR_C,Carrier C,cama_mesa_banho,none,6,0,0.0,0,none
2018-04-02,WH_SOUTH,South FC,CAR_C,Carrier C,casa_construcao,none,2,0,0.0,0,none
2018-04-02,WH_SOUTH,South FC,CAR_C,Carrier C,climatizacao,none,1,0,0.0,0,none
2018-04-02,WH_SOUTH,South FC,CAR_C,Carrier C,construcao_ferramentas_construcao,none,1,0,0.0,0,none
2018-04-02,WH_SOUTH,South FC,CAR_C,Carrier C,construcao_ferramentas_jardim,none,1,0,0.0,0,none
2018-04-02,WH_SOUTH,South FC,CAR_C,Carrier C,cool_stuff,none,3,0,0.0,0,none
2018-04-02,WH_SOUTH,South FC,CAR_C,Carrier C,eletrodomesticos,none,1,0,0.0,0,none
2018-04-02,WH_SOUTH,South FC,CAR_C,Carrier C,esporte_lazer,failed,1,1,100.0,0,none
2018-04-02,WH_SOUTH,South FC,CAR_C,Carrier C,esporte_lazer,none,3,0,0.0,0,none
2018-04-02,WH_SOUTH,South FC,CAR_C,Carrier C,industria_comercio_e_negocios,none,1,0,0.0,0,none
2018-04-02,WH_SOUTH,South FC,CAR_C,Carrier C,informatica_acessorios,none,1,0,0.0,0,none
2018-04-02,WH_SOUTH,South FC,CAR_C,Carrier C,informatica_acessorios,refund,1,1,100.0,0,none
2018-04-02,WH_SOUTH,South FC,CAR_C,Carrier C,moveis_decoracao,none,2,0,0.0,0,none
2018-04-02,WH_SOUTH,South FC,CAR_C,Carrier C,papelaria,none,1,0,0.0,0,none
2018-04-02,WH_SOUTH,South FC,CAR_C,Carrier C,relogios_presentes,none,3,0,0.0,0,none
2018-04-02,WH_SOUTH,South FC,CAR_C,Carrier C,unknown,none,3,0,0.0,0,none
2018-04-02,WH_SOUTH,South FC,CAR_C,Carrier C,utilidades_domesticas,none,3,0,0.0,0,none
2018-04-02,WH_SOUTH,South FC,CAR_D,Carrier D,automotivo,none,1,0,0.0,0,none
2018-04-02,WH_SOUTH,South FC,CAR_D,Carrier D,bebes,none,1,0,0.0,0,none
2018-04-02,WH_SOUTH,South FC,CAR_D,Carrier D,brinquedos,none,2,0,0.0,0,none
2018-04-02,WH_SOUTH,South FC,CAR_D,Carrier D,consoles_games,none,1,0,0.0,0,none
2018-04-02,WH_SOUTH,South FC,CAR_D,Carrier D,construcao_ferramentas_seguranca,none,2,0,0.0,0,none
2018-04-02,WH_SOUTH,South FC,CAR_D,Carrier D,cool_stuff,none,1,0,0.0,0,none
2018-04-02,WH_SOUTH,South FC,CAR_D,Carrier D,dvds_blu_ray,failed,1,1,100.0,0,none
2018-04-02,WH_SOUTH,South FC,CAR_D,Carrier D,esporte_lazer,none,3,0,0.0,0,none
2018-04-02,WH_SOUTH,South FC,CAR_D,Carrier D,ferramentas_jardim,none,1,0,0.0,0,none
2018-04-02,WH_SOUTH,South FC,CAR_D,Carrier D,fraldas_higiene,none,1,0,0.0,0,none
2018-04-02,WH_SOUTH,South FC,CAR_D,Carrier D,informatica_acessorios,none,2,0,0.0,0,none
2018-04-02,WH_SOUTH,South FC,CAR_D,Carrier D,moveis_decoracao,none,1,0,0.0,0,none
2018-04-02,WH_SOUTH,South FC,CAR_D,Carrier D,papelaria,none,2,0,0.0,0,none
2018-04-02,WH_SOUTH,South FC,CAR_D,Carrier D,relogios_presentes,none,1,0,0.0,0,none
2018-04-02,WH_SOUTH,South FC,CAR_D,Carrier D,telefonia,none,1,0,0.0,0,none
2018-04-02,WH_SOUTH,South FC,CAR_D,Carrier D,utilidades_domesticas,failed,1,1,100.0,0,none
2018-04-02,WH_SOUTH,South FC,CAR_D,Carrier D,utilidades_domesticas,none,1,0,0.0,0,none
2018-04-02,WH_SOUTHEAST,Southeast FC,CAR_A,Carrier A,agro_industria_e_comercio,none,1,0,0.0,0,none
2018-04-02,WH_SOUTHEAST,Southeast FC,CAR_A,Carrier A,artes,none,1,0,0.0,0,none
2018-04-02,WH_SOUTHEAST,Southeast FC,CAR_A,Carrier A,artigos_de_natal,none,1,0,0.0,0,none
2018-04-02,WH_SOUTHEAST,Southeast FC,CAR_A,Carrier A,audio,none,2,0,0.0,0,none
2018-04-02,WH_SOUTHEAST,Southeast FC,CAR_A,Carrier A,automotivo,none,17,0,0.0,0,none
2018-04-02,WH_SOUTHEAST,Southeast FC,CAR_A,Carrier A,automotivo,refund,1,1,100.0,0,none
2018-04-02,WH_SOUTHEAST,Southeast FC,CAR_A,Carrier A,bebes,none,13,0,0.0,0,none
2018-04-02,WH_SOUTHEAST,Southeast FC,CAR_A,Carrier A,bebes,wrong,1,1,100.0,0,none
2018-04-02,WH_SOUTHEAST,Southeast FC,CAR_A,Carrier A,bebidas,none,3,0,0.0,0,none
2018-04-02,WH_SOUTHEAST,Southeast FC,CAR_A,Carrier A,beleza_saude,none,38,0,0.0,0,none
2018-04-02,WH_SOUTHEAST,Southeast FC,CAR_A,Carrier A,brinquedos,none,12,0,0.0,0,none
2018-04-02,WH_SOUTHEAST,Southeast FC,CAR_A,Carrier A,brinquedos,wrong,1,1,100.0,0,none
2018-04-02,WH_SOUTHEAST,Southeast FC,CAR_A,Carrier A,cama_mesa_banho,failed,1,1,100.0,0,none
2018-04-02,WH_SOUTHEAST,Southeast FC,CAR_A,Carrier A,cama_mesa_banho,none,32,0,0.0,0,none
2018-04-02,WH_SOUTHEAST,Southeast FC,CAR_A,Carrier A,cama_mesa_banho,wrong,2,2,100.0,0,none
2018-04-02,WH_SOUTHEAST,Southeast FC,CAR_A,Carrier A,casa_conforto,none,1,0,0.0,0,none
2018-04-02,WH_SOUTHEAST,Southeast FC,CAR_A,Carrier A,casa_construcao,none,2,0,0.0,0,none
2018-04-02,WH_SOUTHEAST,Southeast FC,CAR_A,Carrier A,climatizacao,none,4,0,0.0,0,none
2018-04-02,WH_SOUTHEAST,Southeast FC,CAR_A,Carrier A,consoles_games,none,4,0,0.0,0,none
2018-04-02,WH_SOUTHEAST,Southeast FC,CAR_A,Carrier A,construcao_ferramentas_construcao,none,6,0,0.0,0,none
2018-04-02,WH_SOUTHEAST,Southeast FC,CAR_A,Carrier A,construcao_ferramentas_ferramentas,none,1,0,0.0,0,none
2018-04-02,WH_SOUTHEAST,Southeast FC,CAR_A,Carrier A,construcao_ferramentas_ferramentas,refund,1,1,100.0,0,none
2018-04-02,WH_SOUTHEAST,Southeast FC,CAR_A,Carrier A,construcao_ferramentas_seguranca,none,1,0,0.0,0,none
2018-04-02,WH_SOUTHEAST,Southeast FC,CAR_A,Carrier A,cool_stuff,none,11,0,0.0,0,none
2018-04-02,WH_SOUTHEAST,Southeast FC,CAR_A,Carrier A,cool_stuff,wrong,1,1,100.0,0,none
2018-04-02,WH_SOUTHEAST,Southeast FC,CAR_A,Carrier A,eletrodomesticos,none,6,0,0.0,0,none
2018-04-02,WH_SOUTHEAST,Southeast FC,CAR_A,Carrier A,eletrodomesticos_2,none,1,0,0.0,0,none
2018-04-02,WH_SOUTHEAST,Southeast FC,CAR_A,Carrier A,eletronicos,none,9,0,0.0,0,none
2018-04-02,WH_SOUTHEAST,Southeast FC,CAR_A,Carrier A,eletroportateis,none,4,0,0.0,0,none
2018-04-02,WH_SOUTHEAST,Southeast FC,CAR_A,Carrier A,eletroportateis,refund,1,1,100.0,0,none
2018-04-02,WH_SOUTHEAST,Southeast FC,CAR_A,Carrier A,esporte_lazer,failed,1,1,100.0,0,none
2018-04-02,WH_SOUTHEAST,Southeast FC,CAR_A,Carrier A,esporte_lazer,none,37,0,0.0,0,none
2018-04-02,WH_SOUTHEAST,Southeast FC,CAR_A,Carrier A,fashion_bolsas_e_acessorios,none,5,0,0.0,0,none
2018-04-02,WH_SOUTHEAST,Southeast FC,CAR_A,Carrier A,fashion_calcados,none,2,0,0.0,0,none
2018-04-02,WH_SOUTHEAST,Southeast FC,CAR_A,Carrier A,fashion_esporte,none,1,0,0.0,0,none
2018-04-02,WH_SOUTHEAST,Southeast FC,CAR_A,Carrier A,ferramentas_jardim,none,12,0,0.0,0,none
2018-04-02,WH_SOUTHEAST,Southeast FC,CAR_A,Carrier A,industria_comercio_e_negocios,none,3,0,0.0,0,none
2018-04-02,WH_SOUTHEAST,Southeast FC,CAR_A,Carrier A,informatica_acessorios,damaged,1,1,100.0,0,none
2018-04-02,WH_SOUTHEAST,Southeast FC,CAR_A,Carrier A,informatica_acessorios,failed,1,1,100.0,0,none
2018-04-02,WH_SOUTHEAST,Southeast FC,CAR_A,Carrier A,informatica_acessorios,none,39,0,0.0,0,none
2018-04-02,WH_SOUTHEAST,Southeast FC,CAR_A,Carrier A,instrumentos_musicais,none,2,0,0.0,0,none
2018-04-02,WH_SOUTHEAST,Southeast FC,CAR_A,Carrier A,livros_interesse_geral,none,2,0,0.0,0,none
2018-04-02,WH_SOUTHEAST,Southeast FC,CAR_A,Carrier A,livros_tecnicos,none,1,0,0.0,0,none
2018-04-02,WH_SOUTHEAST,Southeast FC,CAR_A,Carrier A,market_place,none,2,0,0.0,0,none
2018-04-02,WH_SOUTHEAST,Southeast FC,CAR_A,Carrier A,moveis_decoracao,none,20,0,0.0,0,none
2018-04-02,WH_SOUTHEAST,Southeast FC,CAR_A,Carrier A,moveis_escritorio,none,4,0,0.0,0,none
2018-04-02,WH_SOUTHEAST,Southeast FC,CAR_A,Carrier A,moveis_quarto,none,1,0,0.0,0,none
2018-04-02,WH_SOUTHEAST,Southeast FC,CAR_A,Carrier A,moveis_sala,none,1,0,0.0,0,none
2018-04-02,WH_SOUTHEAST,Southeast FC,CAR_A,Carrier A,musica,damaged,1,1,100.0,0,none
2018-04-02,WH_SOUTHEAST,Southeast FC,CAR_A,Carrier A,papelaria,damaged,1,1,100.0,0,none
2018-04-02,WH_SOUTHEAST,Southeast FC,CAR_A,Carrier A,papelaria,none,6,0,0.0,0,none
2018-04-02,WH_SOUTHEAST,Southeast FC,CAR_A,Carrier A,pcs,none,1,0,0.0,0,none
2018-04-02,WH_SOUTHEAST,Southeast FC,CAR_A,Carrier A,perfumaria,missing,1,1,100.0,0,none
2018-04-02,WH_SOUTHEAST,Southeast FC,CAR_A,Carrier A,perfumaria,none,11,0,0.0,0,none
2018-04-02,WH_SOUTHEAST,Southeast FC,CAR_A,Carrier A,perfumaria,refund,1,1,100.0,0,none
2018-04-02,WH_SOUTHEAST,Southeast FC,CAR_A,Carrier A,pet_shop,failed,1,1,100.0,0,none
2018-04-02,WH_SOUTHEAST,Southeast FC,CAR_A,Carrier A,pet_shop,none,13,0,0.0,0,none
2018-04-02,WH_SOUTHEAST,Southeast FC,CAR_A,Carrier A,portateis_casa_forno_e_cafe,none,1,0,0.0,0,none
2018-04-02,WH_SOUTHEAST,Southeast FC,CAR_A,Carrier A,relogios_presentes,none,26,0,0.0,0,none
2018-04-02,WH_SOUTHEAST,Southeast FC,CAR_A,Carrier A,relogios_presentes,wrong,1,1,100.0,0,none
2018-04-02,WH_SOUTHEAST,Southeast FC,CAR_A,Carrier A,telefonia,damaged,1,1,100.0,0,none
2018-04-02,WH_SOUTHEAST,Southeast FC,CAR_A,Carrier A,telefonia,none,14,0,0.0,0,none
2018-04-02,WH_SOUTHEAST,Southeast FC,CAR_A,Carrier A,telefonia_fixa,none,3,0,0.0,0,none
2018-04-02,WH_SOUTHEAST,Southeast FC,CAR_A,Carrier A,unknown,failed,1,1,100.0,0,none
2018-04-02,WH_SOUTHEAST,Southeast FC,CAR_A,Carrier A,unknown,none,4,0,0.0,0,none
2018-04-02,WH_SOUTHEAST,Southeast FC,CAR_A,Carrier A,utilidades_domesticas,damaged,2,2,100.0,0,none
2018-04-02,WH_SOUTHEAST,Southeast FC,CAR_A,Carrier A,utilidades_domesticas,none,12,0,0.0,0,none
2018-04-02,WH_SOUTHEAST,Southeast FC,CAR_A,Carrier A,utilidades_domesticas,refund,1,1,100.0,0,none
2018-04-02,WH_SOUTHEAST,Southeast FC,CAR_B,Carrier B,agro_industria_e_comercio,none,1,0,0.0,1,ANOM_SPIKE_001
2018-04-02,WH_SOUTHEAST,Southeast FC,CAR_B,Carrier B,alimentos,none,3,0,0.0,3,ANOM_SPIKE_001
2018-04-02,WH_SOUTHEAST,Southeast FC,CAR_B,Carrier B,alimentos_bebidas,none,1,0,0.0,1,ANOM_SPIKE_001
2018-04-02,WH_SOUTHEAST,Southeast FC,CAR_B,Carrier B,artes,none,2,0,0.0,2,ANOM_SPIKE_001
2018-04-02,WH_SOUTHEAST,Southeast FC,CAR_B,Carrier B,audio,damaged,1,1,100.0,1,ANOM_SPIKE_001
2018-04-02,WH_SOUTHEAST,Southeast FC,CAR_B,Carrier B,audio,none,1,0,0.0,1,ANOM_SPIKE_001
2018-04-02,WH_SOUTHEAST,Southeast FC,CAR_B,Carrier B,automotivo,damaged,8,8,100.0,8,ANOM_SPIKE_001
2018-04-02,WH_SOUTHEAST,Southeast FC,CAR_B,Carrier B,automotivo,missing,1,1,100.0,1,ANOM_SPIKE_001
2018-04-02,WH_SOUTHEAST,Southeast FC,CAR_B,Carrier B,automotivo,none,11,0,0.0,11,ANOM_SPIKE_001
2018-04-02,WH_SOUTHEAST,Southeast FC,CAR_B,Carrier B,automotivo,wrong,1,1,100.0,1,ANOM_SPIKE_001
2018-04-02,WH_SOUTHEAST,Southeast FC,CAR_B,Carrier B,bebes,missing,2,2,100.0,2,ANOM_SPIKE_001
2018-04-02,WH_SOUTHEAST,Southeast FC,CAR_B,Carrier B,bebes,none,6,0,0.0,6,ANOM_SPIKE_001
2018-04-02,WH_SOUTHEAST,Southeast FC,CAR_B,Carrier B,bebidas,damaged,1,1,100.0,1,ANOM_SPIKE_001
2018-04-02,WH_SOUTHEAST,Southeast FC,CAR_B,Carrier B,beleza_saude,damaged,10,10,100.0,10,ANOM_SPIKE_001
2018-04-02,WH_SOUTHEAST,Southeast FC,CAR_B,Carrier B,beleza_saude,missing,4,4,100.0,4,ANOM_SPIKE_001
2018-04-02,WH_SOUTHEAST,Southeast FC,CAR_B,Carrier B,beleza_saude,none,18,0,0.0,18,ANOM_SPIKE_001
2018-04-02,WH_SOUTHEAST,Southeast FC,CAR_B,Carrier B,beleza_saude,wrong,2,2,100.0,2,ANOM_SPIKE_001
2018-04-02,WH_SOUTHEAST,Southeast FC,CAR_B,Carrier B,brinquedos,damaged,2,2,100.0,2,ANOM_SPIKE_001
2018-04-02,WH_SOUTHEAST,Southeast FC,CAR_B,Carrier B,brinquedos,missing,4,4,100.0,4,ANOM_SPIKE_001
2018-04-02,WH_SOUTHEAST,Southeast FC,CAR_B,Carrier B,brinquedos,none,5,0,0.0,5,ANOM_SPIKE_001
2018-04-02,WH_SOUTHEAST,Southeast FC,CAR_B,Carrier B,brinquedos,wrong,1,1,100.0,1,ANOM_SPIKE_001
2018-04-02,WH_SOUTHEAST,Southeast FC,CAR_B,Carrier B,cama_mesa_banho,damaged,14,14,100.0,14,ANOM_SPIKE_001
2018-04-02,WH_SOUTHEAST,Southeast FC,CAR_B,Carrier B,cama_mesa_banho,missing,4,4,100.0,4,ANOM_SPIKE_001
2018-04-02,WH_SOUTHEAST,Southeast FC,CAR_B,Carrier B,cama_mesa_banho,none,22,0,0.0,22,ANOM_SPIKE_001
2018-04-02,WH_SOUTHEAST,Southeast FC,CAR_B,Carrier B,casa_conforto,damaged,2,2,100.0,2,ANOM_SPIKE_001
2018-04-02,WH_SOUTHEAST,Southeast FC,CAR_B,Carrier B,casa_construcao,damaged,1,1,100.0,1,ANOM_SPIKE_001
2018-04-02,WH_SOUTHEAST,Southeast FC,CAR_B,Carrier B,casa_construcao,none,2,0,0.0,2,ANOM_SPIKE_001
2018-04-02,WH_SOUTHEAST,Southeast FC,CAR_B,Carrier B,consoles_games,damaged,2,2,100.0,2,ANOM_SPIKE_001
2018-04-02,WH_SOUTHEAST,Southeast FC,CAR_B,Carrier B,consoles_games,none,1,0,0.0,1,ANOM_SPIKE_001
2018-04-02,WH_SOUTHEAST,Southeast FC,CAR_B,Carrier B,construcao_ferramentas_construcao,damaged,1,1,100.0,1,ANOM_SPIKE_001
2018-04-02,WH_SOUTHEAST,Southeast FC,CAR_B,Carrier B,construcao_ferramentas_construcao,missing,1,1,100.0,1,ANOM_SPIKE_001
2018-04-02,WH_SOUTHEAST,Southeast FC,CAR_B,Carrier B,construcao_ferramentas_construcao,none,1,0,0.0,1,ANOM_SPIKE_001
2018-04-02,WH_SOUTHEAST,Southeast FC,CAR_B,Carrier B,construcao_ferramentas_ferramentas,damaged,3,3,100.0,3,ANOM_SPIKE_001
2018-04-02,WH_SOUTHEAST,Southeast FC,CAR_B,Carrier B,construcao_ferramentas_iluminacao,missing,1,1,100.0,1,ANOM_SPIKE_001
2018-04-02,WH_SOUTHEAST,Southeast FC,CAR_B,Carrier B,construcao_ferramentas_jardim,none,1,0,0.0,1,ANOM_SPIKE_001
2018-04-02,WH_SOUTHEAST,Southeast FC,CAR_B,Carrier B,construcao_ferramentas_seguranca,none,1,0,0.0,1,ANOM_SPIKE_001
2018-04-02,WH_SOUTHEAST,Southeast FC,CAR_B,Carrier B,cool_stuff,damaged,1,1,100.0,1,ANOM_SPIKE_001
2018-04-02,WH_SOUTHEAST,Southeast FC,CAR_B,Carrier B,cool_stuff,missing,1,1,100.0,1,ANOM_SPIKE_001
2018-04-02,WH_SOUTHEAST,Southeast FC,CAR_B,Carrier B,cool_stuff,none,11,0,0.0,11,ANOM_SPIKE_001
2018-04-02,WH_SOUTHEAST,Southeast FC,CAR_B,Carrier B,eletrodomesticos,none,4,0,0.0,4,ANOM_SPIKE_001
2018-04-02,WH_SOUTHEAST,Southeast FC,CAR_B,Carrier B,eletrodomesticos_2,damaged,1,1,100.0,1,ANOM_SPIKE_001
2018-04-02,WH_SOUTHEAST,Southeast FC,CAR_B,Carrier B,eletrodomesticos_2,none,1,0,0.0,1,ANOM_SPIKE_001
2018-04-02,WH_SOUTHEAST,Southeast FC,CAR_B,Carrier B,eletronicos,damaged,6,6,100.0,6,ANOM_SPIKE_001
2018-04-02,WH_SOUTHEAST,Southeast FC,CAR_B,Carrier B,eletronicos,missing,1,1,100.0,1,ANOM_SPIKE_001
2018-04-02,WH_SOUTHEAST,Southeast FC,CAR_B,Carrier B,eletronicos,none,6,0,0.0,6,ANOM_SPIKE_001
2018-04-02,WH_SOUTHEAST,Southeast FC,CAR_B,Carrier B,eletroportateis,damaged,3,3,100.0,3,ANOM_SPIKE_001
2018-04-02,WH_SOUTHEAST,Southeast FC,CAR_B,Carrier B,eletroportateis,missing,1,1,100.0,1,ANOM_SPIKE_001
2018-04-02,WH_SOUTHEAST,Southeast FC,CAR_B,Carrier B,eletroportateis,none,3,0,0.0,3,ANOM_SPIKE_001
2018-04-02,WH_SOUTHEAST,Southeast FC,CAR_B,Carrier B,esporte_lazer,damaged,7,7,100.0,7,ANOM_SPIKE_001
2018-04-02,WH_SOUTHEAST,Southeast FC,CAR_B,Carrier B,esporte_lazer,missing,2,2,100.0,2,ANOM_SPIKE_001
2018-04-02,WH_SOUTHEAST,Southeast FC,CAR_B,Carrier B,esporte_lazer,none,17,0,0.0,17,ANOM_SPIKE_001
2018-04-02,WH_SOUTHEAST,Southeast FC,CAR_B,Carrier B,esporte_lazer,wrong,1,1,100.0,1,ANOM_SPIKE_001
2018-04-02,WH_SOUTHEAST,Southeast FC,CAR_B,Carrier B,fashion_bolsas_e_acessorios,damaged,1,1,100.0,1,ANOM_SPIKE_001
2018-04-02,WH_SOUTHEAST,Southeast FC,CAR_B,Carrier B,fashion_bolsas_e_acessorios,none,2,0,0.0,2,ANOM_SPIKE_001
2018-04-02,WH_SOUTHEAST,Southeast FC,CAR_B,Carrier B,fashion_bolsas_e_acessorios,wrong,1,1,100.0,1,ANOM_SPIKE_001
2018-04-02,WH_SOUTHEAST,Southeast FC,CAR_B,Carrier B,fashion_underwear_e_moda_praia,none,1,0,0.0,1,ANOM_SPIKE_001
2018-04-02,WH_SOUTHEAST,Southeast FC,CAR_B,Carrier B,ferramentas_jardim,damaged,5,5,100.0,5,ANOM_SPIKE_001
2018-04-02,WH_SOUTHEAST,Southeast FC,CAR_B,Carrier B,ferramentas_jardim,none,6,0,0.0,6,ANOM_SPIKE_001
2018-04-02,WH_SOUTHEAST,Southeast FC,CAR_B,Carrier B,ferramentas_jardim,wrong,1,1,100.0,1,ANOM_SPIKE_001
2018-04-02,WH_SOUTHEAST,Southeast FC,CAR_B,Carrier B,industria_comercio_e_negocios,damaged,2,2,100.0,2,ANOM_SPIKE_001
2018-04-02,WH_SOUTHEAST,Southeast FC,CAR_B,Carrier B,industria_comercio_e_negocios,none,3,0,0.0,3,ANOM_SPIKE_001
2018-04-02,WH_SOUTHEAST,Southeast FC,CAR_B,Carrier B,industria_comercio_e_negocios,wrong,1,1,100.0,1,ANOM_SPIKE_001
2018-04-02,WH_SOUTHEAST,Southeast FC,CAR_B,Carrier B,informatica_acessorios,damaged,6,6,100.0,6,ANOM_SPIKE_001
2018-04-02,WH_SOUTHEAST,Southeast FC,CAR_B,Carrier B,informatica_acessorios,missing,1,1,100.0,1,ANOM_SPIKE_001
2018-04-02,WH_SOUTHEAST,Southeast FC,CAR_B,Carrier B,informatica_acessorios,none,14,0,0.0,14,ANOM_SPIKE_001
2018-04-02,WH_SOUTHEAST,Southeast FC,CAR_B,Carrier B,instrumentos_musicais,damaged,2,2,100.0,2,ANOM_SPIKE_001
2018-04-02,WH_SOUTHEAST,Southeast FC,CAR_B,Carrier B,livros_importados,none,1,0,0.0,1,ANOM_SPIKE_001
2018-04-02,WH_SOUTHEAST,Southeast FC,CAR_B,Carrier B,livros_interesse_geral,damaged,1,1,100.0,1,ANOM_SPIKE_001
2018-04-02,WH_SOUTHEAST,Southeast FC,CAR_B,Carrier B,livros_interesse_geral,none,1,0,0.0,1,ANOM_SPIKE_001
2018-04-02,WH_SOUTHEAST,Southeast FC,CAR_B,Carrier B,livros_tecnicos,none,2,0,0.0,2,ANOM_SPIKE_001
2018-04-02,WH_SOUTHEAST,Southeast FC,CAR_B,Carrier B,malas_acessorios,damaged,1,1,100.0,1,ANOM_SPIKE_001
2018-04-02,WH_SOUTHEAST,Southeast FC,CAR_B,Carrier B,malas_acessorios,none,3,0,0.0,3,ANOM_SPIKE_001
2018-04-02,WH_SOUTHEAST,Southeast FC,CAR_B,Carrier B,moveis_cozinha_area_de_servico_jantar_e_jardim,none,1,0,0.0,1,ANOM_SPIKE_001
2018-04-02,WH_SOUTHEAST,Southeast FC,CAR_B,Carrier B,moveis_decoracao,damaged,8,8,100.0,8,ANOM_SPIKE_001
2018-04-02,WH_SOUTHEAST,Southeast FC,CAR_B,Carrier B,moveis_decoracao,none,13,0,0.0,13,ANOM_SPIKE_001
2018-04-02,WH_SOUTHEAST,Southeast FC,CAR_B,Carrier B,moveis_escritorio,missing,1,1,100.0,1,ANOM_SPIKE_001
2018-04-02,WH_SOUTHEAST,Southeast FC,CAR_B,Carrier B,moveis_escritorio,none,3,0,0.0,3,ANOM_SPIKE_001
2018-04-02,WH_SOUTHEAST,Southeast FC,CAR_B,Carrier B,moveis_quarto,none,1,0,0.0,1,ANOM_SPIKE_001
2018-04-02,WH_SOUTHEAST,Southeast FC,CAR_B,Carrier B,moveis_sala,damaged,1,1,100.0,1,ANOM_SPIKE_001
2018-04-02,WH_SOUTHEAST,Southeast FC,CAR_B,Carrier B,moveis_sala,none,2,0,0.0,2,ANOM_SPIKE_001
2018-04-02,WH_SOUTHEAST,Southeast FC,CAR_B,Carrier B,papelaria,none,4,0,0.0,4,ANOM_SPIKE_001
2018-04-02,WH_SOUTHEAST,Southeast FC,CAR_B,Carrier B,perfumaria,damaged,2,2,100.0,2,ANOM_SPIKE_001
2018-04-02,WH_SOUTHEAST,Southeast FC,CAR_B,Carrier B,perfumaria,missing,1,1,100.0,1,ANOM_SPIKE_001
2018-04-02,WH_SOUTHEAST,Southeast FC,CAR_B,Carrier B,perfumaria,none,5,0,0.0,5,ANOM_SPIKE_001
2018-04-02,WH_SOUTHEAST,Southeast FC,CAR_B,Carrier B,pet_shop,damaged,3,3,100.0,3,ANOM_SPIKE_001
2018-04-02,WH_SOUTHEAST,Southeast FC,CAR_B,Carrier B,pet_shop,missing,3,3,100.0,3,ANOM_SPIKE_001
2018-04-02,WH_SOUTHEAST,Southeast FC,CAR_B,Carrier B,pet_shop,none,4,0,0.0,4,ANOM_SPIKE_001
2018-04-02,WH_SOUTHEAST,Southeast FC,CAR_B,Carrier B,portateis_casa_forno_e_cafe,damaged,1,1,100.0,1,ANOM_SPIKE_001
2018-04-02,WH_SOUTHEAST,Southeast FC,CAR_B,Carrier B,relogios_presentes,damaged,3,3,100.0,3,ANOM_SPIKE_001
2018-04-02,WH_SOUTHEAST,Southeast FC,CAR_B,Carrier B,relogios_presentes,missing,2,2,100.0,2,ANOM_SPIKE_001
2018-04-02,WH_SOUTHEAST,Southeast FC,CAR_B,Carrier B,relogios_presentes,none,13,0,0.0,13,ANOM_SPIKE_001
2018-04-02,WH_SOUTHEAST,Southeast FC,CAR_B,Carrier B,relogios_presentes,wrong,3,3,100.0,3,ANOM_SPIKE_001
2018-04-02,WH_SOUTHEAST,Southeast FC,CAR_B,Carrier B,telefonia,damaged,6,6,100.0,6,ANOM_SPIKE_001
2018-04-02,WH_SOUTHEAST,Southeast FC,CAR_B,Carrier B,telefonia,none,6,0,0.0,6,ANOM_SPIKE_001
2018-04-02,WH_SOUTHEAST,Southeast FC,CAR_B,Carrier B,telefonia_fixa,damaged,1,1,100.0,1,ANOM_SPIKE_001
2018-04-02,WH_SOUTHEAST,Southeast FC,CAR_B,Carrier B,telefonia_fixa,missing,1,1,100.0,1,ANOM_SPIKE_001
2018-04-02,WH_SOUTHEAST,Southeast FC,CAR_B,Carrier B,unknown,damaged,3,3,100.0,3,ANOM_SPIKE_001
2018-04-02,WH_SOUTHEAST,Southeast FC,CAR_B,Carrier B,unknown,missing,1,1,100.0,1,ANOM_SPIKE_001
2018-04-02,WH_SOUTHEAST,Southeast FC,CAR_B,Carrier B,unknown,none,3,0,0.0,3,ANOM_SPIKE_001
2018-04-02,WH_SOUTHEAST,Southeast FC,CAR_B,Carrier B,utilidades_domesticas,damaged,6,6,100.0,6,ANOM_SPIKE_001
2018-04-02,WH_SOUTHEAST,Southeast FC,CAR_B,Carrier B,utilidades_domesticas,missing,1,1,100.0,1,ANOM_SPIKE_001
2018-04-02,WH_SOUTHEAST,Southeast FC,CAR_B,Carrier B,utilidades_domesticas,none,15,0,0.0,15,ANOM_SPIKE_001
2018-04-02,WH_SOUTHEAST,Southeast FC,CAR_C,Carrier C,alimentos,none,1,0,0.0,0,none
2018-04-02,WH_SOUTHEAST,Southeast FC,CAR_C,Carrier C,alimentos_bebidas,none,2,0,0.0,0,none
2018-04-02,WH_SOUTHEAST,Southeast FC,CAR_C,Carrier C,artes,none,1,0,0.0,0,none
2018-04-02,WH_SOUTHEAST,Southeast FC,CAR_C,Carrier C,audio,none,1,0,0.0,0,none
2018-04-02,WH_SOUTHEAST,Southeast FC,CAR_C,Carrier C,automotivo,none,12,0,0.0,0,none
2018-04-02,WH_SOUTHEAST,Southeast FC,CAR_C,Carrier C,bebes,missing,1,1,100.0,0,none
2018-04-02,WH_SOUTHEAST,Southeast FC,CAR_C,Carrier C,bebes,none,7,0,0.0,0,none
2018-04-02,WH_SOUTHEAST,Southeast FC,CAR_C,Carrier C,beleza_saude,missing,1,1,100.0,0,none
2018-04-02,WH_SOUTHEAST,Southeast FC,CAR_C,Carrier C,beleza_saude,none,21,0,0.0,0,none
2018-04-02,WH_SOUTHEAST,Southeast FC,CAR_C,Carrier C,beleza_saude,refund,1,1,100.0,0,none
2018-04-02,WH_SOUTHEAST,Southeast FC,CAR_C,Carrier C,beleza_saude,wrong,1,1,100.0,0,none
2018-04-02,WH_SOUTHEAST,Southeast FC,CAR_C,Carrier C,brinquedos,missing,1,1,100.0,0,none
2018-04-02,WH_SOUTHEAST,Southeast FC,CAR_C,Carrier C,brinquedos,none,8,0,0.0,0,none
2018-04-02,WH_SOUTHEAST,Southeast FC,CAR_C,Carrier C,cama_mesa_banho,none,27,0,0.0,0,none
2018-04-02,WH_SOUTHEAST,Southeast FC,CAR_C,Carrier C,cama_mesa_banho,refund,3,3,100.0,0,none
2018-04-02,WH_SOUTHEAST,Southeast FC,CAR_C,Carrier C,cama_mesa_banho,wrong,1,1,100.0,0,none
2018-04-02,WH_SOUTHEAST,Southeast FC,CAR_C,Carrier C,casa_conforto,none,1,0,0.0,0,none
2018-04-02,WH_SOUTHEAST,Southeast FC,CAR_C,Carrier C,casa_construcao,none,5,0,0.0,0,none
2018-04-02,WH_SOUTHEAST,Southeast FC,CAR_C,Carrier C,climatizacao,none,1,0,0.0,0,none
2018-04-02,WH_SOUTHEAST,Southeast FC,CAR_C,Carrier C,construcao_ferramentas_construcao,none,2,0,0.0,0,none
2018-04-02,WH_SOUTHEAST,Southeast FC,CAR_C,Carrier C,construcao_ferramentas_seguranca,none,1,0,0.0,0,none
2018-04-02,WH_SOUTHEAST,Southeast FC,CAR_C,Carrier C,cool_stuff,damaged,1,1,100.0,0,none
2018-04-02,WH_SOUTHEAST,Southeast FC,CAR_C,Carrier C,cool_stuff,missing,1,1,100.0,0,none
2018-04-02,WH_SOUTHEAST,Southeast FC,CAR_C,Carrier C,cool_stuff,none,4,0,0.0,0,none
2018-04-02,WH_SOUTHEAST,Southeast FC,CAR_C,Carrier C,cool_stuff,wrong,1,1,100.0,0,none
2018-04-02,WH_SOUTHEAST,Southeast FC,CAR_C,Carrier C,eletrodomesticos,none,3,0,0.0,0,none
2018-04-02,WH_SOUTHEAST,Southeast FC,CAR_C,Carrier C,eletronicos,damaged,1,1,100.0,0,none
2018-04-02,WH_SOUTHEAST,Southeast FC,CAR_C,Carrier C,eletronicos,none,6,0,0.0,0,none
2018-04-02,WH_SOUTHEAST,Southeast FC,CAR_C,Carrier C,eletroportateis,failed,1,1,100.0,0,none
2018-04-02,WH_SOUTHEAST,Southeast FC,CAR_C,Carrier C,eletroportateis,none,2,0,0.0,0,none
2018-04-02,WH_SOUTHEAST,Southeast FC,CAR_C,Carrier C,esporte_lazer,failed,3,3,100.0,0,none
2018-04-02,WH_SOUTHEAST,Southeast FC,CAR_C,Carrier C,esporte_lazer,missing,1,1,100.0,0,none
2018-04-02,WH_SOUTHEAST,Southeast FC,CAR_C,Carrier C,esporte_lazer,none,18,0,0.0,0,none
2018-04-02,WH_SOUTHEAST,Southeast FC,CAR_C,Carrier C,fashion_bolsas_e_acessorios,failed,1,1,100.0,0,none
2018-04-02,WH_SOUTHEAST,Southeast FC,CAR_C,Carrier C,fashion_bolsas_e_acessorios,none,9,0,0.0,0,none
2018-04-02,WH_SOUTHEAST,Southeast FC,CAR_C,Carrier C,fashion_bolsas_e_acessorios,refund,1,1,100.0,0,none
2018-04-02,WH_SOUTHEAST,Southeast FC,CAR_C,Carrier C,ferramentas_jardim,none,3,0,0.0,0,none
2018-04-02,WH_SOUTHEAST,Southeast FC,CAR_C,Carrier C,industria_comercio_e_negocios,none,2,0,0.0,0,none
2018-04-02,WH_SOUTHEAST,Southeast FC,CAR_C,Carrier C,informatica_acessorios,damaged,1,1,100.0,0,none
2018-04-02,WH_SOUTHEAST,Southeast FC,CAR_C,Carrier C,informatica_acessorios,failed,1,1,100.0,0,none
2018-04-02,WH_SOUTHEAST,Southeast FC,CAR_C,Carrier C,informatica_acessorios,missing,1,1,100.0,0,none
2018-04-02,WH_SOUTHEAST,Southeast FC,CAR_C,Carrier C,informatica_acessorios,none,20,0,0.0,0,none
2018-04-02,WH_SOUTHEAST,Southeast FC,CAR_C,Carrier C,informatica_acessorios,wrong,1,1,100.0,0,none
2018-04-02,WH_SOUTHEAST,Southeast FC,CAR_C,Carrier C,instrumentos_musicais,none,4,0,0.0,0,none
2018-04-02,WH_SOUTHEAST,Southeast FC,CAR_C,Carrier C,instrumentos_musicais,refund,1,1,100.0,0,none
2018-04-02,WH_SOUTHEAST,Southeast FC,CAR_C,Carrier C,livros_importados,none,1,0,0.0,0,none
2018-04-02,WH_SOUTHEAST,Southeast FC,CAR_C,Carrier C,malas_acessorios,missing,1,1,100.0,0,none
2018-04-02,WH_SOUTHEAST,Southeast FC,CAR_C,Carrier C,malas_acessorios,none,2,0,0.0,0,none
2018-04-02,WH_SOUTHEAST,Southeast FC,CAR_C,Carrier C,moveis_decoracao,damaged,1,1,100.0,0,none
2018-04-02,WH_SOUTHEAST,Southeast FC,CAR_C,Carrier C,moveis_decoracao,failed,1,1,100.0,0,none
2018-04-02,WH_SOUTHEAST,Southeast FC,CAR_C,Carrier C,moveis_decoracao,none,20,0,0.0,0,none
2018-04-02,WH_SOUTHEAST,Southeast FC,CAR_C,Carrier C,moveis_decoracao,refund,1,1,100.0,0,none
2018-04-02,WH_SOUTHEAST,Southeast FC,CAR_C,Carrier C,moveis_escritorio,none,3,0,0.0,0,none
2018-04-02,WH_SOUTHEAST,Southeast FC,CAR_C,Carrier C,moveis_sala,none,1,0,0.0,0,none
2018-04-02,WH_SOUTHEAST,Southeast FC,CAR_C,Carrier C,papelaria,none,4,0,0.0,0,none
2018-04-02,WH_SOUTHEAST,Southeast FC,CAR_C,Carrier C,pcs,none,1,0,0.0,0,none
2018-04-02,WH_SOUTHEAST,Southeast FC,CAR_C,Carrier C,perfumaria,failed,1,1,100.0,0,none
2018-04-02,WH_SOUTHEAST,Southeast FC,CAR_C,Carrier C,perfumaria,none,7,0,0.0,0,none
2018-04-02,WH_SOUTHEAST,Southeast FC,CAR_C,Carrier C,perfumaria,refund,1,1,100.0,0,none
2018-04-02,WH_SOUTHEAST,Southeast FC,CAR_C,Carrier C,pet_shop,none,8,0,0.0,0,none
2018-04-02,WH_SOUTHEAST,Southeast FC,CAR_C,Carrier C,relogios_presentes,none,6,0,0.0,0,none
2018-04-02,WH_SOUTHEAST,Southeast FC,CAR_C,Carrier C,relogios_presentes,refund,1,1,100.0,0,none
2018-04-02,WH_SOUTHEAST,Southeast FC,CAR_C,Carrier C,sinalizacao_e_seguranca,none,2,0,0.0,0,none
2018-04-02,WH_SOUTHEAST,Southeast FC,CAR_C,Carrier C,telefonia,missing,1,1,100.0,0,none
2018-04-02,WH_SOUTHEAST,Southeast FC,CAR_C,Carrier C,telefonia,none,9,0,0.0,0,none
2018-04-02,WH_SOUTHEAST,Southeast FC,CAR_C,Carrier C,unknown,none,5,0,0.0,0,none
2018-04-02,WH_SOUTHEAST,Southeast FC,CAR_C,Carrier C,unknown,wrong,1,1,100.0,0,none
2018-04-02,WH_SOUTHEAST,Southeast FC,CAR_C,Carrier C,utilidades_domesticas,missing,1,1,100.0,0,none
2018-04-02,WH_SOUTHEAST,Southeast FC,CAR_C,Carrier C,utilidades_domesticas,none,18,0,0.0,0,none
2018-04-02,WH_SOUTHEAST,Southeast FC,CAR_D,Carrier D,artes,none,1,0,0.0,0,none
2018-04-02,WH_SOUTHEAST,Southeast FC,CAR_D,Carrier D,automotivo,none,8,0,0.0,0,none
2018-04-02,WH_SOUTHEAST,Southeast FC,CAR_D,Carrier D,bebes,none,7,0,0.0,0,none
2018-04-02,WH_SOUTHEAST,Southeast FC,CAR_D,Carrier D,beleza_saude,none,14,0,0.0,0,none
2018-04-02,WH_SOUTHEAST,Southeast FC,CAR_D,Carrier D,brinquedos,none,7,0,0.0,0,none
2018-04-02,WH_SOUTHEAST,Southeast FC,CAR_D,Carrier D,cama_mesa_banho,missing,1,1,100.0,0,none
2018-04-02,WH_SOUTHEAST,Southeast FC,CAR_D,Carrier D,cama_mesa_banho,none,14,0,0.0,0,none
2018-04-02,WH_SOUTHEAST,Southeast FC,CAR_D,Carrier D,casa_conforto,none,1,0,0.0,0,none
2018-04-02,WH_SOUTHEAST,Southeast FC,CAR_D,Carrier D,casa_construcao,none,1,0,0.0,0,none
2018-04-02,WH_SOUTHEAST,Southeast FC,CAR_D,Carrier D,consoles_games,none,1,0,0.0,0,none
2018-04-02,WH_SOUTHEAST,Southeast FC,CAR_D,Carrier D,consoles_games,refund,1,1,100.0,0,none
2018-04-02,WH_SOUTHEAST,Southeast FC,CAR_D,Carrier D,construcao_ferramentas_construcao,none,1,0,0.0,0,none
2018-04-02,WH_SOUTHEAST,Southeast FC,CAR_D,Carrier D,construcao_ferramentas_iluminacao,none,1,0,0.0,0,none
2018-04-02,WH_SOUTHEAST,Southeast FC,CAR_D,Carrier D,construcao_ferramentas_seguranca,none,1,0,0.0,0,none
2018-04-02,WH_SOUTHEAST,Southeast FC,CAR_D,Carrier D,cool_stuff,none,9,0,0.0,0,none
2018-04-02,WH_SOUTHEAST,Southeast FC,CAR_D,Carrier D,cool_stuff,refund,1,1,100.0,0,none
2018-04-02,WH_SOUTHEAST,Southeast FC,CAR_D,Carrier D,eletrodomesticos,damaged,1,1,100.0,0,none
2018-04-02,WH_SOUTHEAST,Southeast FC,CAR_D,Carrier D,eletrodomesticos,none,4,0,0.0,0,none
2018-04-02,WH_SOUTHEAST,Southeast FC,CAR_D,Carrier D,eletronicos,none,4,0,0.0,0,none
2018-04-02,WH_SOUTHEAST,Southeast FC,CAR_D,Carrier D,eletroportateis,none,2,0,0.0,0,none
2018-04-02,WH_SOUTHEAST,Southeast FC,CAR_D,Carrier D,eletroportateis,wrong,1,1,100.0,0,none
2018-04-02,WH_SOUTHEAST,Southeast FC,CAR_D,Carrier D,esporte_lazer,none,10,0,0.0,0,none
2018-04-02,WH_SOUTHEAST,Southeast FC,CAR_D,Carrier D,esporte_lazer,wrong,3,3,100.0,0,none
2018-04-02,WH_SOUTHEAST,Southeast FC,CAR_D,Carrier D,fashion_bolsas_e_acessorios,none,5,0,0.0,0,none
2018-04-02,WH_SOUTHEAST,Southeast FC,CAR_D,Carrier D,ferramentas_jardim,none,8,0,0.0,0,none
2018-04-02,WH_SOUTHEAST,Southeast FC,CAR_D,Carrier D,industria_comercio_e_negocios,none,1,0,0.0,0,none
2018-04-02,WH_SOUTHEAST,Southeast FC,CAR_D,Carrier D,informatica_acessorios,damaged,1,1,100.0,0,none
2018-04-02,WH_SOUTHEAST,Southeast FC,CAR_D,Carrier D,informatica_acessorios,none,11,0,0.0,0,none
2018-04-02,WH_SOUTHEAST,Southeast FC,CAR_D,Carrier D,informatica_acessorios,wrong,1,1,100.0,0,none
2018-04-02,WH_SOUTHEAST,Southeast FC,CAR_D,Carrier D,malas_acessorios,none,1,0,0.0,0,none
2018-04-02,WH_SOUTHEAST,Southeast FC,CAR_D,Carrier D,moveis_decoracao,damaged,1,1,100.0,0,none
2018-04-02,WH_SOUTHEAST,Southeast FC,CAR_D,Carrier D,moveis_decoracao,none,11,0,0.0,0,none
2018-04-02,WH_SOUTHEAST,Southeast FC,CAR_D,Carrier D,moveis_escritorio,none,2,0,0.0,0,none
2018-04-02,WH_SOUTHEAST,Southeast FC,CAR_D,Carrier D,papelaria,none,3,0,0.0,0,none
2018-04-02,WH_SOUTHEAST,Southeast FC,CAR_D,Carrier D,perfumaria,none,5,0,0.0,0,none
2018-04-02,WH_SOUTHEAST,Southeast FC,CAR_D,Carrier D,pet_shop,none,1,0,0.0,0,none
2018-04-02,WH_SOUTHEAST,Southeast FC,CAR_D,Carrier D,relogios_presentes,none,11,0,0.0,0,none
2018-04-02,WH_SOUTHEAST,Southeast FC,CAR_D,Carrier D,telefonia,none,2,0,0.0,0,none
2018-04-02,WH_SOUTHEAST,Southeast FC,CAR_D,Carrier D,unknown,none,1,0,0.0,0,none
2018-04-02,WH_SOUTHEAST,Southeast FC,CAR_D,Carrier D,utilidades_domesticas,failed,1,1,100.0,0,none
2018-04-02,WH_SOUTHEAST,Southeast FC,CAR_D,Carrier D,utilidades_domesticas,none,7,0,0.0,0,none
2018-04-09,WH_CENTRAL_WEST,Central-West FC,CAR_A,Carrier A,bebes,none,2,0,0.0,0,none
2018-04-09,WH_CENTRAL_WEST,Central-West FC,CAR_A,Carrier A,beleza_saude,none,2,0,0.0,0,none
2018-04-09,WH_CENTRAL_WEST,Central-West FC,CAR_A,Carrier A,cama_mesa_banho,none,2,0,0.0,0,none
2018-04-09,WH_CENTRAL_WEST,Central-West FC,CAR_A,Carrier A,eletrodomesticos,none,1,0,0.0,0,none
2018-04-09,WH_CENTRAL_WEST,Central-West FC,CAR_A,Carrier A,livros_tecnicos,none,1,0,0.0,0,none
2018-04-09,WH_CENTRAL_WEST,Central-West FC,CAR_A,Carrier A,papelaria,none,4,0,0.0,0,none
2018-04-09,WH_CENTRAL_WEST,Central-West FC,CAR_A,Carrier A,perfumaria,none,1,0,0.0,0,none
2018-04-09,WH_CENTRAL_WEST,Central-West FC,CAR_A,Carrier A,relogios_presentes,none,2,0,0.0,0,none
2018-04-09,WH_CENTRAL_WEST,Central-West FC,CAR_A,Carrier A,telefonia,none,1,0,0.0,0,none
2018-04-09,WH_CENTRAL_WEST,Central-West FC,CAR_A,Carrier A,utilidades_domesticas,none,1,0,0.0,0,none
2018-04-09,WH_CENTRAL_WEST,Central-West FC,CAR_B,Carrier B,automotivo,none,5,0,0.0,0,none
2018-04-09,WH_CENTRAL_WEST,Central-West FC,CAR_B,Carrier B,beleza_saude,none,4,0,0.0,0,none
2018-04-09,WH_CENTRAL_WEST,Central-West FC,CAR_B,Carrier B,cama_mesa_banho,none,2,0,0.0,0,none
2018-04-09,WH_CENTRAL_WEST,Central-West FC,CAR_B,Carrier B,cama_mesa_banho,refund,1,1,100.0,0,none
2018-04-09,WH_CENTRAL_WEST,Central-West FC,CAR_B,Carrier B,casa_conforto,none,1,0,0.0,0,none
2018-04-09,WH_CENTRAL_WEST,Central-West FC,CAR_B,Carrier B,cool_stuff,none,1,0,0.0,0,none
2018-04-09,WH_CENTRAL_WEST,Central-West FC,CAR_B,Carrier B,esporte_lazer,missing,1,1,100.0,0,none
2018-04-09,WH_CENTRAL_WEST,Central-West FC,CAR_B,Carrier B,esporte_lazer,none,2,0,0.0,0,none
2018-04-09,WH_CENTRAL_WEST,Central-West FC,CAR_B,Carrier B,fashion_bolsas_e_acessorios,none,1,0,0.0,0,none
2018-04-09,WH_CENTRAL_WEST,Central-West FC,CAR_B,Carrier B,fashion_calcados,none,1,0,0.0,0,none
2018-04-09,WH_CENTRAL_WEST,Central-West FC,CAR_B,Carrier B,ferramentas_jardim,none,1,0,0.0,0,none
2018-04-09,WH_CENTRAL_WEST,Central-West FC,CAR_B,Carrier B,informatica_acessorios,none,1,0,0.0,0,none
2018-04-09,WH_CENTRAL_WEST,Central-West FC,CAR_B,Carrier B,instrumentos_musicais,none,1,0,0.0,0,none
2018-04-09,WH_CENTRAL_WEST,Central-West FC,CAR_B,Carrier B,livros_interesse_geral,none,1,0,0.0,0,none
2018-04-09,WH_CENTRAL_WEST,Central-West FC,CAR_B,Carrier B,moveis_escritorio,none,1,0,0.0,0,none
2018-04-09,WH_CENTRAL_WEST,Central-West FC,CAR_B,Carrier B,pet_shop,none,2,0,0.0,0,none
2018-04-09,WH_CENTRAL_WEST,Central-West FC,CAR_B,Carrier B,relogios_presentes,none,3,0,0.0,0,none
2018-04-09,WH_CENTRAL_WEST,Central-West FC,CAR_B,Carrier B,telefonia,damaged,1,1,100.0,0,none
2018-04-09,WH_CENTRAL_WEST,Central-West FC,CAR_B,Carrier B,unknown,none,1,0,0.0,0,none
2018-04-09,WH_CENTRAL_WEST,Central-West FC,CAR_C,Carrier C,beleza_saude,none,1,0,0.0,0,none
2018-04-09,WH_CENTRAL_WEST,Central-West FC,CAR_C,Carrier C,cama_mesa_banho,none,2,0,0.0,0,none
2018-04-09,WH_CENTRAL_WEST,Central-West FC,CAR_C,Carrier C,construcao_ferramentas_ferramentas,none,1,0,0.0,0,none
2018-04-09,WH_CENTRAL_WEST,Central-West FC,CAR_C,Carrier C,moveis_decoracao,missing,1,1,100.0,0,none
2018-04-09,WH_CENTRAL_WEST,Central-West FC,CAR_C,Carrier C,moveis_decoracao,none,2,0,0.0,0,none
2018-04-09,WH_CENTRAL_WEST,Central-West FC,CAR_C,Carrier C,perfumaria,none,1,0,0.0,0,none
2018-04-09,WH_CENTRAL_WEST,Central-West FC,CAR_C,Carrier C,portateis_casa_forno_e_cafe,wrong,1,1,100.0,0,none
2018-04-09,WH_CENTRAL_WEST,Central-West FC,CAR_C,Carrier C,relogios_presentes,none,1,0,0.0,0,none
2018-04-09,WH_CENTRAL_WEST,Central-West FC,CAR_C,Carrier C,telefonia,none,1,0,0.0,0,none
2018-04-09,WH_CENTRAL_WEST,Central-West FC,CAR_C,Carrier C,unknown,refund,1,1,100.0,0,none
2018-04-09,WH_CENTRAL_WEST,Central-West FC,CAR_C,Carrier C,utilidades_domesticas,none,1,0,0.0,0,none
2018-04-09,WH_CENTRAL_WEST,Central-West FC,CAR_C,Carrier C,utilidades_domesticas,refund,1,1,100.0,0,none
2018-04-09,WH_CENTRAL_WEST,Central-West FC,CAR_D,Carrier D,automotivo,none,2,0,0.0,0,none
2018-04-09,WH_CENTRAL_WEST,Central-West FC,CAR_D,Carrier D,bebes,none,1,0,0.0,0,none
2018-04-09,WH_CENTRAL_WEST,Central-West FC,CAR_D,Carrier D,beleza_saude,none,3,0,0.0,0,none
2018-04-09,WH_CENTRAL_WEST,Central-West FC,CAR_D,Carrier D,brinquedos,none,1,0,0.0,0,none
2018-04-09,WH_CENTRAL_WEST,Central-West FC,CAR_D,Carrier D,esporte_lazer,none,3,0,0.0,0,none
2018-04-09,WH_CENTRAL_WEST,Central-West FC,CAR_D,Carrier D,industria_comercio_e_negocios,none,1,0,0.0,0,none
2018-04-09,WH_CENTRAL_WEST,Central-West FC,CAR_D,Carrier D,informatica_acessorios,none,3,0,0.0,0,none
2018-04-09,WH_CENTRAL_WEST,Central-West FC,CAR_D,Carrier D,malas_acessorios,none,1,0,0.0,0,none
2018-04-09,WH_CENTRAL_WEST,Central-West FC,CAR_D,Carrier D,moveis_escritorio,none,1,0,0.0,0,none
2018-04-09,WH_CENTRAL_WEST,Central-West FC,CAR_D,Carrier D,perfumaria,none,1,0,0.0,0,none
2018-04-09,WH_CENTRAL_WEST,Central-West FC,CAR_D,Carrier D,relogios_presentes,none,2,0,0.0,0,none
2018-04-09,WH_CENTRAL_WEST,Central-West FC,CAR_D,Carrier D,telefonia,none,1,0,0.0,0,none
2018-04-09,WH_NORTH,North FC,CAR_A,Carrier A,bebes,none,1,0,0.0,0,none
2018-04-09,WH_NORTH,North FC,CAR_A,Carrier A,beleza_saude,failed,1,1,100.0,0,none
2018-04-09,WH_NORTH,North FC,CAR_A,Carrier A,beleza_saude,none,1,0,0.0,0,none
2018-04-09,WH_NORTH,North FC,CAR_A,Carrier A,cama_mesa_banho,none,2,0,0.0,0,none
2018-04-09,WH_NORTH,North FC,CAR_A,Carrier A,cool_stuff,none,1,0,0.0,0,none
2018-04-09,WH_NORTH,North FC,CAR_A,Carrier A,esporte_lazer,none,1,0,0.0,0,none
2018-04-09,WH_NORTH,North FC,CAR_A,Carrier A,fashion_bolsas_e_acessorios,none,1,0,0.0,0,none
2018-04-09,WH_NORTH,North FC,CAR_B,Carrier B,beleza_saude,none,3,0,0.0,0,none
2018-04-09,WH_NORTH,North FC,CAR_B,Carrier B,brinquedos,none,1,0,0.0,0,none
2018-04-09,WH_NORTH,North FC,CAR_B,Carrier B,cama_mesa_banho,none,1,0,0.0,0,none
2018-04-09,WH_NORTH,North FC,CAR_B,Carrier B,esporte_lazer,none,1,0,0.0,0,none
2018-04-09,WH_NORTH,North FC,CAR_B,Carrier B,ferramentas_jardim,none,2,0,0.0,0,none
2018-04-09,WH_NORTH,North FC,CAR_B,Carrier B,moveis_decoracao,none,1,0,0.0,0,none
2018-04-09,WH_NORTH,North FC,CAR_B,Carrier B,moveis_escritorio,none,1,0,0.0,0,none
2018-04-09,WH_NORTH,North FC,CAR_B,Carrier B,pet_shop,none,1,0,0.0,0,none
2018-04-09,WH_NORTH,North FC,CAR_B,Carrier B,relogios_presentes,none,2,0,0.0,0,none
2018-04-09,WH_NORTH,North FC,CAR_B,Carrier B,utilidades_domesticas,wrong,1,1,100.0,0,none
2018-04-09,WH_NORTH,North FC,CAR_C,Carrier C,eletronicos,none,1,0,0.0,0,none
2018-04-09,WH_NORTH,North FC,CAR_C,Carrier C,fashion_bolsas_e_acessorios,none,1,0,0.0,0,none
2018-04-09,WH_NORTH,North FC,CAR_D,Carrier D,artes,none,1,0,0.0,0,none
2018-04-09,WH_NORTH,North FC,CAR_D,Carrier D,bebes,none,1,0,0.0,0,none
2018-04-09,WH_NORTH,North FC,CAR_D,Carrier D,eletrodomesticos,none,1,0,0.0,0,none
2018-04-09,WH_NORTH,North FC,CAR_D,Carrier D,esporte_lazer,none,1,0,0.0,0,none
2018-04-09,WH_SOUTH,South FC,CAR_A,Carrier A,alimentos,refund,1,1,100.0,0,none
2018-04-09,WH_SOUTH,South FC,CAR_A,Carrier A,automotivo,none,3,0,0.0,0,none
2018-04-09,WH_SOUTH,South FC,CAR_A,Carrier A,bebes,none,2,0,0.0,0,none
2018-04-09,WH_SOUTH,South FC,CAR_A,Carrier A,beleza_saude,none,5,0,0.0,0,none
2018-04-09,WH_SOUTH,South FC,CAR_A,Carrier A,cama_mesa_banho,none,6,0,0.0,0,none
2018-04-09,WH_SOUTH,South FC,CAR_A,Carrier A,casa_construcao,none,1,0,0.0,0,none
2018-04-09,WH_SOUTH,South FC,CAR_A,Carrier A,consoles_games,none,1,0,0.0,0,none
2018-04-09,WH_SOUTH,South FC,CAR_A,Carrier A,construcao_ferramentas_construcao,failed,1,1,100.0,0,none
2018-04-09,WH_SOUTH,South FC,CAR_A,Carrier A,construcao_ferramentas_iluminacao,none,2,0,0.0,0,none
2018-04-09,WH_SOUTH,South FC,CAR_A,Carrier A,cool_stuff,none,4,0,0.0,0,none
2018-04-09,WH_SOUTH,South FC,CAR_A,Carrier A,eletrodomesticos,none,2,0,0.0,0,none
2018-04-09,WH_SOUTH,South FC,CAR_A,Carrier A,eletronicos,none,2,0,0.0,0,none
2018-04-09,WH_SOUTH,South FC,CAR_A,Carrier A,eletroportateis,none,1,0,0.0,0,none
2018-04-09,WH_SOUTH,South FC,CAR_A,Carrier A,esporte_lazer,none,4,0,0.0,0,none
2018-04-09,WH_SOUTH,South FC,CAR_A,Carrier A,fashion_bolsas_e_acessorios,none,1,0,0.0,0,none
2018-04-09,WH_SOUTH,South FC,CAR_A,Carrier A,ferramentas_jardim,none,4,0,0.0,0,none
2018-04-09,WH_SOUTH,South FC,CAR_A,Carrier A,informatica_acessorios,none,2,0,0.0,0,none
2018-04-09,WH_SOUTH,South FC,CAR_A,Carrier A,instrumentos_musicais,failed,1,1,100.0,0,none
2018-04-09,WH_SOUTH,South FC,CAR_A,Carrier A,moveis_decoracao,none,6,0,0.0,0,none
2018-04-09,WH_SOUTH,South FC,CAR_A,Carrier A,moveis_escritorio,none,1,0,0.0,0,none
2018-04-09,WH_SOUTH,South FC,CAR_A,Carrier A,papelaria,none,1,0,0.0,0,none
2018-04-09,WH_SOUTH,South FC,CAR_A,Carrier A,perfumaria,none,1,0,0.0,0,none
2018-04-09,WH_SOUTH,South FC,CAR_A,Carrier A,pet_shop,none,1,0,0.0,0,none
2018-04-09,WH_SOUTH,South FC,CAR_A,Carrier A,relogios_presentes,none,4,0,0.0,0,none
2018-04-09,WH_SOUTH,South FC,CAR_A,Carrier A,telefonia,none,1,0,0.0,0,none
2018-04-09,WH_SOUTH,South FC,CAR_A,Carrier A,unknown,none,2,0,0.0,0,none
2018-04-09,WH_SOUTH,South FC,CAR_A,Carrier A,utilidades_domesticas,none,4,0,0.0,0,none
2018-04-09,WH_SOUTH,South FC,CAR_B,Carrier B,automotivo,none,4,0,0.0,0,none
2018-04-09,WH_SOUTH,South FC,CAR_B,Carrier B,bebes,none,3,0,0.0,0,none
2018-04-09,WH_SOUTH,South FC,CAR_B,Carrier B,bebidas,none,1,0,0.0,0,none
2018-04-09,WH_SOUTH,South FC,CAR_B,Carrier B,beleza_saude,none,5,0,0.0,0,none
2018-04-09,WH_SOUTH,South FC,CAR_B,Carrier B,brinquedos,none,1,0,0.0,0,none
2018-04-09,WH_SOUTH,South FC,CAR_B,Carrier B,brinquedos,refund,1,1,100.0,0,none
2018-04-09,WH_SOUTH,South FC,CAR_B,Carrier B,cama_mesa_banho,none,6,0,0.0,0,none
2018-04-09,WH_SOUTH,South FC,CAR_B,Carrier B,casa_construcao,none,1,0,0.0,0,none
2018-04-09,WH_SOUTH,South FC,CAR_B,Carrier B,construcao_ferramentas_ferramentas,none,1,0,0.0,0,none
2018-04-09,WH_SOUTH,South FC,CAR_B,Carrier B,cool_stuff,failed,1,1,100.0,0,none
2018-04-09,WH_SOUTH,South FC,CAR_B,Carrier B,cool_stuff,none,4,0,0.0,0,none
2018-04-09,WH_SOUTH,South FC,CAR_B,Carrier B,eletrodomesticos,none,3,0,0.0,0,none
2018-04-09,WH_SOUTH,South FC,CAR_B,Carrier B,eletrodomesticos_2,none,1,0,0.0,0,none
2018-04-09,WH_SOUTH,South FC,CAR_B,Carrier B,eletronicos,none,2,0,0.0,0,none
2018-04-09,WH_SOUTH,South FC,CAR_B,Carrier B,eletronicos,wrong,1,1,100.0,0,none
2018-04-09,WH_SOUTH,South FC,CAR_B,Carrier B,eletroportateis,none,2,0,0.0,0,none
2018-04-09,WH_SOUTH,South FC,CAR_B,Carrier B,esporte_lazer,none,8,0,0.0,0,none
2018-04-09,WH_SOUTH,South FC,CAR_B,Carrier B,esporte_lazer,refund,1,1,100.0,0,none
2018-04-09,WH_SOUTH,South FC,CAR_B,Carrier B,industria_comercio_e_negocios,none,1,0,0.0,0,none
2018-04-09,WH_SOUTH,South FC,CAR_B,Carrier B,informatica_acessorios,none,5,0,0.0,0,none
2018-04-09,WH_SOUTH,South FC,CAR_B,Carrier B,moveis_decoracao,none,5,0,0.0,0,none
2018-04-09,WH_SOUTH,South FC,CAR_B,Carrier B,moveis_escritorio,none,1,0,0.0,0,none
2018-04-09,WH_SOUTH,South FC,CAR_B,Carrier B,papelaria,none,2,0,0.0,0,none
2018-04-09,WH_SOUTH,South FC,CAR_B,Carrier B,relogios_presentes,damaged,1,1,100.0,0,none
2018-04-09,WH_SOUTH,South FC,CAR_B,Carrier B,relogios_presentes,none,2,0,0.0,0,none
2018-04-09,WH_SOUTH,South FC,CAR_B,Carrier B,telefonia,none,1,0,0.0,0,none
2018-04-09,WH_SOUTH,South FC,CAR_B,Carrier B,utilidades_domesticas,none,4,0,0.0,0,none
2018-04-09,WH_SOUTH,South FC,CAR_B,Carrier B,utilidades_domesticas,refund,1,1,100.0,0,none
2018-04-09,WH_SOUTH,South FC,CAR_C,Carrier C,automotivo,none,6,0,0.0,0,none
2018-04-09,WH_SOUTH,South FC,CAR_C,Carrier C,bebidas,none,1,0,0.0,0,none
2018-04-09,WH_SOUTH,South FC,CAR_C,Carrier C,beleza_saude,refund,1,1,100.0,0,none
2018-04-09,WH_SOUTH,South FC,CAR_C,Carrier C,brinquedos,none,2,0,0.0,0,none
2018-04-09,WH_SOUTH,South FC,CAR_C,Carrier C,cama_mesa_banho,none,5,0,0.0,0,none
2018-04-09,WH_SOUTH,South FC,CAR_C,Carrier C,casa_construcao,none,1,0,0.0,0,none
2018-04-09,WH_SOUTH,South FC,CAR_C,Carrier C,climatizacao,none,1,0,0.0,0,none
2018-04-09,WH_SOUTH,South FC,CAR_C,Carrier C,consoles_games,none,1,0,0.0,0,none
2018-04-09,WH_SOUTH,South FC,CAR_C,Carrier C,construcao_ferramentas_ferramentas,none,1,0,0.0,0,none
2018-04-09,WH_SOUTH,South FC,CAR_C,Carrier C,construcao_ferramentas_iluminacao,none,1,0,0.0,0,none
2018-04-09,WH_SOUTH,South FC,CAR_C,Carrier C,cool_stuff,none,1,0,0.0,0,none
2018-04-09,WH_SOUTH,South FC,CAR_C,Carrier C,eletrodomesticos,none,1,0,0.0,0,none
2018-04-09,WH_SOUTH,South FC,CAR_C,Carrier C,eletronicos,none,2,0,0.0,0,none
2018-04-09,WH_SOUTH,South FC,CAR_C,Carrier C,eletroportateis,failed,1,1,100.0,0,none
2018-04-09,WH_SOUTH,South FC,CAR_C,Carrier C,esporte_lazer,none,5,0,0.0,0,none
2018-04-09,WH_SOUTH,South FC,CAR_C,Carrier C,fashion_underwear_e_moda_praia,none,1,0,0.0,0,none
2018-04-09,WH_SOUTH,South FC,CAR_C,Carrier C,ferramentas_jardim,none,2,0,0.0,0,none
2018-04-09,WH_SOUTH,South FC,CAR_C,Carrier C,industria_comercio_e_negocios,none,1,0,0.0,0,none
2018-04-09,WH_SOUTH,South FC,CAR_C,Carrier C,informatica_acessorios,none,1,0,0.0,0,none
2018-04-09,WH_SOUTH,South FC,CAR_C,Carrier C,livros_tecnicos,none,1,0,0.0,0,none
2018-04-09,WH_SOUTH,South FC,CAR_C,Carrier C,moveis_decoracao,none,6,0,0.0,0,none
2018-04-09,WH_SOUTH,South FC,CAR_C,Carrier C,moveis_decoracao,wrong,1,1,100.0,0,none
2018-04-09,WH_SOUTH,South FC,CAR_C,Carrier C,moveis_escritorio,none,2,0,0.0,0,none
2018-04-09,WH_SOUTH,South FC,CAR_C,Carrier C,papelaria,none,1,0,0.0,0,none
2018-04-09,WH_SOUTH,South FC,CAR_C,Carrier C,perfumaria,none,1,0,0.0,0,none
2018-04-09,WH_SOUTH,South FC,CAR_C,Carrier C,pet_shop,none,1,0,0.0,0,none
2018-04-09,WH_SOUTH,South FC,CAR_C,Carrier C,relogios_presentes,none,3,0,0.0,0,none
2018-04-09,WH_SOUTH,South FC,CAR_C,Carrier C,relogios_presentes,refund,1,1,100.0,0,none
2018-04-09,WH_SOUTH,South FC,CAR_C,Carrier C,telefonia,none,3,0,0.0,0,none
2018-04-09,WH_SOUTH,South FC,CAR_C,Carrier C,unknown,none,2,0,0.0,0,none
2018-04-09,WH_SOUTH,South FC,CAR_C,Carrier C,utilidades_domesticas,none,1,0,0.0,0,none
2018-04-09,WH_SOUTH,South FC,CAR_D,Carrier D,automotivo,none,1,0,0.0,0,none
2018-04-09,WH_SOUTH,South FC,CAR_D,Carrier D,bebes,none,1,0,0.0,0,none
2018-04-09,WH_SOUTH,South FC,CAR_D,Carrier D,bebidas,none,1,0,0.0,0,none
2018-04-09,WH_SOUTH,South FC,CAR_D,Carrier D,beleza_saude,none,2,0,0.0,0,none
2018-04-09,WH_SOUTH,South FC,CAR_D,Carrier D,cama_mesa_banho,none,1,0,0.0,0,none
2018-04-09,WH_SOUTH,South FC,CAR_D,Carrier D,construcao_ferramentas_construcao,none,1,0,0.0,0,none
2018-04-09,WH_SOUTH,South FC,CAR_D,Carrier D,cool_stuff,none,2,0,0.0,0,none
2018-04-09,WH_SOUTH,South FC,CAR_D,Carrier D,eletrodomesticos,none,1,0,0.0,0,none
2018-04-09,WH_SOUTH,South FC,CAR_D,Carrier D,eletroportateis,none,1,0,0.0,0,none
2018-04-09,WH_SOUTH,South FC,CAR_D,Carrier D,esporte_lazer,none,3,0,0.0,0,none
2018-04-09,WH_SOUTH,South FC,CAR_D,Carrier D,moveis_decoracao,none,3,0,0.0,0,none
2018-04-09,WH_SOUTH,South FC,CAR_D,Carrier D,papelaria,none,3,0,0.0,0,none
2018-04-09,WH_SOUTH,South FC,CAR_D,Carrier D,relogios_presentes,none,1,0,0.0,0,none
2018-04-09,WH_SOUTH,South FC,CAR_D,Carrier D,telefonia,none,2,0,0.0,0,none
2018-04-09,WH_SOUTH,South FC,CAR_D,Carrier D,unknown,none,1,0,0.0,0,none
2018-04-09,WH_SOUTH,South FC,CAR_D,Carrier D,utilidades_domesticas,none,5,0,0.0,0,none
2018-04-09,WH_SOUTHEAST,Southeast FC,CAR_A,Carrier A,agro_industria_e_comercio,none,1,0,0.0,0,none
2018-04-09,WH_SOUTHEAST,Southeast FC,CAR_A,Carrier A,alimentos,none,1,0,0.0,0,none
2018-04-09,WH_SOUTHEAST,Southeast FC,CAR_A,Carrier A,alimentos_bebidas,none,1,0,0.0,0,none
2018-04-09,WH_SOUTHEAST,Southeast FC,CAR_A,Carrier A,artigos_de_festas,none,1,0,0.0,0,none
2018-04-09,WH_SOUTHEAST,Southeast FC,CAR_A,Carrier A,audio,none,3,0,0.0,0,none
2018-04-09,WH_SOUTHEAST,Southeast FC,CAR_A,Carrier A,automotivo,none,17,0,0.0,0,none
2018-04-09,WH_SOUTHEAST,Southeast FC,CAR_A,Carrier A,bebes,none,15,0,0.0,0,none
2018-04-09,WH_SOUTHEAST,Southeast FC,CAR_A,Carrier A,bebes,wrong,2,2,100.0,0,none
2018-04-09,WH_SOUTHEAST,Southeast FC,CAR_A,Carrier A,beleza_saude,none,33,0,0.0,0,none
2018-04-09,WH_SOUTHEAST,Southeast FC,CAR_A,Carrier A,brinquedos,none,2,0,0.0,0,none
2018-04-09,WH_SOUTHEAST,Southeast FC,CAR_A,Carrier A,cama_mesa_banho,none,38,0,0.0,0,none
2018-04-09,WH_SOUTHEAST,Southeast FC,CAR_A,Carrier A,casa_conforto,none,1,0,0.0,0,none
2018-04-09,WH_SOUTHEAST,Southeast FC,CAR_A,Carrier A,casa_conforto,wrong,1,1,100.0,0,none
2018-04-09,WH_SOUTHEAST,Southeast FC,CAR_A,Carrier A,casa_construcao,none,1,0,0.0,0,none
2018-04-09,WH_SOUTHEAST,Southeast FC,CAR_A,Carrier A,climatizacao,none,1,0,0.0,0,none
2018-04-09,WH_SOUTHEAST,Southeast FC,CAR_A,Carrier A,consoles_games,none,2,0,0.0,0,none
2018-04-09,WH_SOUTHEAST,Southeast FC,CAR_A,Carrier A,consoles_games,wrong,1,1,100.0,0,none
2018-04-09,WH_SOUTHEAST,Southeast FC,CAR_A,Carrier A,construcao_ferramentas_construcao,none,6,0,0.0,0,none
2018-04-09,WH_SOUTHEAST,Southeast FC,CAR_A,Carrier A,construcao_ferramentas_ferramentas,none,2,0,0.0,0,none
2018-04-09,WH_SOUTHEAST,Southeast FC,CAR_A,Carrier A,construcao_ferramentas_iluminacao,none,4,0,0.0,0,none
2018-04-09,WH_SOUTHEAST,Southeast FC,CAR_A,Carrier A,construcao_ferramentas_jardim,none,1,0,0.0,0,none
2018-04-09,WH_SOUTHEAST,Southeast FC,CAR_A,Carrier A,cool_stuff,none,11,0,0.0,0,none
2018-04-09,WH_SOUTHEAST,Southeast FC,CAR_A,Carrier A,eletrodomesticos,none,13,0,0.0,0,none
2018-04-09,WH_SOUTHEAST,Southeast FC,CAR_A,Carrier A,eletrodomesticos_2,none,2,0,0.0,0,none
2018-04-09,WH_SOUTHEAST,Southeast FC,CAR_A,Carrier A,eletronicos,none,12,0,0.0,0,none
2018-04-09,WH_SOUTHEAST,Southeast FC,CAR_A,Carrier A,eletronicos,refund,1,1,100.0,0,none
2018-04-09,WH_SOUTHEAST,Southeast FC,CAR_A,Carrier A,eletroportateis,none,2,0,0.0,0,none
2018-04-09,WH_SOUTHEAST,Southeast FC,CAR_A,Carrier A,esporte_lazer,damaged,1,1,100.0,0,none
2018-04-09,WH_SOUTHEAST,Southeast FC,CAR_A,Carrier A,esporte_lazer,none,28,0,0.0,0,none
2018-04-09,WH_SOUTHEAST,Southeast FC,CAR_A,Carrier A,esporte_lazer,wrong,1,1,100.0,0,none
2018-04-09,WH_SOUTHEAST,Southeast FC,CAR_A,Carrier A,fashion_bolsas_e_acessorios,none,2,0,0.0,0,none
2018-04-09,WH_SOUTHEAST,Southeast FC,CAR_A,Carrier A,ferramentas_jardim,none,10,0,0.0,0,none
2018-04-09,WH_SOUTHEAST,Southeast FC,CAR_A,Carrier A,fraldas_higiene,none,1,0,0.0,0,none
2018-04-09,WH_SOUTHEAST,Southeast FC,CAR_A,Carrier A,industria_comercio_e_negocios,none,3,0,0.0,0,none
2018-04-09,WH_SOUTHEAST,Southeast FC,CAR_A,Carrier A,informatica_acessorios,damaged,2,2,100.0,0,none
2018-04-09,WH_SOUTHEAST,Southeast FC,CAR_A,Carrier A,informatica_acessorios,none,32,0,0.0,0,none
2018-04-09,WH_SOUTHEAST,Southeast FC,CAR_A,Carrier A,informatica_acessorios,wrong,1,1,100.0,0,none
2018-04-09,WH_SOUTHEAST,Southeast FC,CAR_A,Carrier A,instrumentos_musicais,none,4,0,0.0,0,none
2018-04-09,WH_SOUTHEAST,Southeast FC,CAR_A,Carrier A,livros_importados,none,1,0,0.0,0,none
2018-04-09,WH_SOUTHEAST,Southeast FC,CAR_A,Carrier A,livros_interesse_geral,none,1,0,0.0,0,none
2018-04-09,WH_SOUTHEAST,Southeast FC,CAR_A,Carrier A,malas_acessorios,none,4,0,0.0,0,none
2018-04-09,WH_SOUTHEAST,Southeast FC,CAR_A,Carrier A,market_place,none,1,0,0.0,0,none
2018-04-09,WH_SOUTHEAST,Southeast FC,CAR_A,Carrier A,moveis_cozinha_area_de_servico_jantar_e_jardim,none,1,0,0.0,0,none
2018-04-09,WH_SOUTHEAST,Southeast FC,CAR_A,Carrier A,moveis_decoracao,missing,1,1,100.0,0,none
2018-04-09,WH_SOUTHEAST,Southeast FC,CAR_A,Carrier A,moveis_decoracao,none,22,0,0.0,0,none
2018-04-09,WH_SOUTHEAST,Southeast FC,CAR_A,Carrier A,moveis_decoracao,wrong,1,1,100.0,0,none
2018-04-09,WH_SOUTHEAST,Southeast FC,CAR_A,Carrier A,moveis_escritorio,none,2,0,0.0,0,none
2018-04-09,WH_SOUTHEAST,Southeast FC,CAR_A,Carrier A,papelaria,missing,1,1,100.0,0,none
2018-04-09,WH_SOUTHEAST,Southeast FC,CAR_A,Carrier A,papelaria,none,7,0,0.0,0,none
2018-04-09,WH_SOUTHEAST,Southeast FC,CAR_A,Carrier A,papelaria,wrong,1,1,100.0,0,none
2018-04-09,WH_SOUTHEAST,Southeast FC,CAR_A,Carrier A,perfumaria,none,10,0,0.0,0,none
2018-04-09,WH_SOUTHEAST,Southeast FC,CAR_A,Carrier A,pet_shop,none,8,0,0.0,0,none
2018-04-09,WH_SOUTHEAST,Southeast FC,CAR_A,Carrier A,relogios_presentes,none,10,0,0.0,0,none
2018-04-09,WH_SOUTHEAST,Southeast FC,CAR_A,Carrier A,telefonia,none,14,0,0.0,0,none
2018-04-09,WH_SOUTHEAST,Southeast FC,CAR_A,Carrier A,telefonia_fixa,none,1,0,0.0,0,none
2018-04-09,WH_SOUTHEAST,Southeast FC,CAR_A,Carrier A,unknown,none,5,0,0.0,0,none
2018-04-09,WH_SOUTHEAST,Southeast FC,CAR_A,Carrier A,unknown,wrong,1,1,100.0,0,none
2018-04-09,WH_SOUTHEAST,Southeast FC,CAR_A,Carrier A,utilidades_domesticas,damaged,1,1,100.0,0,none
2018-04-09,WH_SOUTHEAST,Southeast FC,CAR_A,Carrier A,utilidades_domesticas,missing,1,1,100.0,0,none
2018-04-09,WH_SOUTHEAST,Southeast FC,CAR_A,Carrier A,utilidades_domesticas,none,26,0,0.0,0,none
2018-04-09,WH_SOUTHEAST,Southeast FC,CAR_A,Carrier A,utilidades_domesticas,refund,1,1,100.0,0,none
2018-04-09,WH_SOUTHEAST,Southeast FC,CAR_B,Carrier B,alimentos,damaged,2,2,100.0,2,ANOM_SPIKE_001
2018-04-09,WH_SOUTHEAST,Southeast FC,CAR_B,Carrier B,artes,damaged,1,1,100.0,1,ANOM_SPIKE_001
2018-04-09,WH_SOUTHEAST,Southeast FC,CAR_B,Carrier B,artes,missing,1,1,100.0,1,ANOM_SPIKE_001
2018-04-09,WH_SOUTHEAST,Southeast FC,CAR_B,Carrier B,artigos_de_natal,none,1,0,0.0,1,ANOM_SPIKE_001
2018-04-09,WH_SOUTHEAST,Southeast FC,CAR_B,Carrier B,audio,none,1,0,0.0,1,ANOM_SPIKE_001
2018-04-09,WH_SOUTHEAST,Southeast FC,CAR_B,Carrier B,audio,wrong,1,1,100.0,1,ANOM_SPIKE_001
2018-04-09,WH_SOUTHEAST,Southeast FC,CAR_B,Carrier B,automotivo,damaged,8,8,100.0,8,ANOM_SPIKE_001
2018-04-09,WH_SOUTHEAST,Southeast FC,CAR_B,Carrier B,automotivo,missing,3,3,100.0,3,ANOM_SPIKE_001
2018-04-09,WH_SOUTHEAST,Southeast FC,CAR_B,Carrier B,automotivo,none,9,0,0.0,9,ANOM_SPIKE_001
2018-04-09,WH_SOUTHEAST,Southeast FC,CAR_B,Carrier B,automotivo,wrong,1,1,100.0,1,ANOM_SPIKE_001
2018-04-09,WH_SOUTHEAST,Southeast FC,CAR_B,Carrier B,bebes,damaged,6,6,100.0,6,ANOM_SPIKE_001
2018-04-09,WH_SOUTHEAST,Southeast FC,CAR_B,Carrier B,bebes,none,10,0,0.0,8,ANOM_SPIKE_001
2018-04-09,WH_SOUTHEAST,Southeast FC,CAR_B,Carrier B,bebidas,damaged,1,1,100.0,1,ANOM_SPIKE_001
2018-04-09,WH_SOUTHEAST,Southeast FC,CAR_B,Carrier B,bebidas,none,2,0,0.0,1,ANOM_SPIKE_001
2018-04-09,WH_SOUTHEAST,Southeast FC,CAR_B,Carrier B,beleza_saude,damaged,11,11,100.0,11,ANOM_SPIKE_001
2018-04-09,WH_SOUTHEAST,Southeast FC,CAR_B,Carrier B,beleza_saude,missing,2,2,100.0,2,ANOM_SPIKE_001
2018-04-09,WH_SOUTHEAST,Southeast FC,CAR_B,Carrier B,beleza_saude,none,29,0,0.0,21,ANOM_SPIKE_001
2018-04-09,WH_SOUTHEAST,Southeast FC,CAR_B,Carrier B,beleza_saude,wrong,5,5,100.0,5,ANOM_SPIKE_001
2018-04-09,WH_SOUTHEAST,Southeast FC,CAR_B,Carrier B,brinquedos,damaged,3,3,100.0,3,ANOM_SPIKE_001
2018-04-09,WH_SOUTHEAST,Southeast FC,CAR_B,Carrier B,brinquedos,none,9,0,0.0,7,ANOM_SPIKE_001
2018-04-09,WH_SOUTHEAST,Southeast FC,CAR_B,Carrier B,cama_mesa_banho,damaged,6,6,100.0,6,ANOM_SPIKE_001
2018-04-09,WH_SOUTHEAST,Southeast FC,CAR_B,Carrier B,cama_mesa_banho,failed,1,1,100.0,0,none
2018-04-09,WH_SOUTHEAST,Southeast FC,CAR_B,Carrier B,cama_mesa_banho,missing,2,2,100.0,2,ANOM_SPIKE_001
2018-04-09,WH_SOUTHEAST,Southeast FC,CAR_B,Carrier B,cama_mesa_banho,none,28,0,0.0,24,ANOM_SPIKE_001
2018-04-09,WH_SOUTHEAST,Southeast FC,CAR_B,Carrier B,casa_conforto,missing,1,1,100.0,1,ANOM_SPIKE_001
2018-04-09,WH_SOUTHEAST,Southeast FC,CAR_B,Carrier B,casa_conforto,none,1,0,0.0,1,ANOM_SPIKE_001
2018-04-09,WH_SOUTHEAST,Southeast FC,CAR_B,Carrier B,casa_construcao,none,2,0,0.0,2,ANOM_SPIKE_001
2018-04-09,WH_SOUTHEAST,Southeast FC,CAR_B,Carrier B,climatizacao,none,2,0,0.0,1,ANOM_SPIKE_001
2018-04-09,WH_SOUTHEAST,Southeast FC,CAR_B,Carrier B,consoles_games,damaged,1,1,100.0,1,ANOM_SPIKE_001
2018-04-09,WH_SOUTHEAST,Southeast FC,CAR_B,Carrier B,consoles_games,none,2,0,0.0,1,ANOM_SPIKE_001
2018-04-09,WH_SOUTHEAST,Southeast FC,CAR_B,Carrier B,construcao_ferramentas_construcao,none,2,0,0.0,2,ANOM_SPIKE_001
2018-04-09,WH_SOUTHEAST,Southeast FC,CAR_B,Carrier B,construcao_ferramentas_ferramentas,damaged,1,1,100.0,1,ANOM_SPIKE_001
2018-04-09,WH_SOUTHEAST,Southeast FC,CAR_B,Carrier B,construcao_ferramentas_iluminacao,none,2,0,0.0,2,ANOM_SPIKE_001
2018-04-09,WH_SOUTHEAST,Southeast FC,CAR_B,Carrier B,construcao_ferramentas_seguranca,none,1,0,0.0,0,none
2018-04-09,WH_SOUTHEAST,Southeast FC,CAR_B,Carrier B,cool_stuff,damaged,5,5,100.0,5,ANOM_SPIKE_001
2018-04-09,WH_SOUTHEAST,Southeast FC,CAR_B,Carrier B,cool_stuff,missing,1,1,100.0,1,ANOM_SPIKE_001
2018-04-09,WH_SOUTHEAST,Southeast FC,CAR_B,Carrier B,cool_stuff,none,8,0,0.0,6,ANOM_SPIKE_001
2018-04-09,WH_SOUTHEAST,Southeast FC,CAR_B,Carrier B,eletrodomesticos,damaged,2,2,100.0,2,ANOM_SPIKE_001
2018-04-09,WH_SOUTHEAST,Southeast FC,CAR_B,Carrier B,eletrodomesticos,missing,1,1,100.0,1,ANOM_SPIKE_001
2018-04-09,WH_SOUTHEAST,Southeast FC,CAR_B,Carrier B,eletrodomesticos,none,5,0,0.0,3,ANOM_SPIKE_001
2018-04-09,WH_SOUTHEAST,Southeast FC,CAR_B,Carrier B,eletronicos,damaged,3,3,100.0,3,ANOM_SPIKE_001
2018-04-09,WH_SOUTHEAST,Southeast FC,CAR_B,Carrier B,eletronicos,none,4,0,0.0,3,ANOM_SPIKE_001
2018-04-09,WH_SOUTHEAST,Southeast FC,CAR_B,Carrier B,eletronicos,wrong,1,1,100.0,1,ANOM_SPIKE_001
2018-04-09,WH_SOUTHEAST,Southeast FC,CAR_B,Carrier B,eletroportateis,none,1,0,0.0,1,ANOM_SPIKE_001
2018-04-09,WH_SOUTHEAST,Southeast FC,CAR_B,Carrier B,esporte_lazer,damaged,5,5,100.0,5,ANOM_SPIKE_001
2018-04-09,WH_SOUTHEAST,Southeast FC,CAR_B,Carrier B,esporte_lazer,missing,3,3,100.0,3,ANOM_SPIKE_001
2018-04-09,WH_SOUTHEAST,Southeast FC,CAR_B,Carrier B,esporte_lazer,none,22,0,0.0,19,ANOM_SPIKE_001
2018-04-09,WH_SOUTHEAST,Southeast FC,CAR_B,Carrier B,fashion_bolsas_e_acessorios,damaged,3,3,100.0,3,ANOM_SPIKE_001
2018-04-09,WH_SOUTHEAST,Southeast FC,CAR_B,Carrier B,fashion_bolsas_e_acessorios,missing,2,2,100.0,2,ANOM_SPIKE_001
2018-04-09,WH_SOUTHEAST,Southeast FC,CAR_B,Carrier B,fashion_bolsas_e_acessorios,none,2,0,0.0,0,none
2018-04-09,WH_SOUTHEAST,Southeast FC,CAR_B,Carrier B,ferramentas_jardim,damaged,5,5,100.0,5,ANOM_SPIKE_001
2018-04-09,WH_SOUTHEAST,Southeast FC,CAR_B,Carrier B,ferramentas_jardim,missing,2,2,100.0,2,ANOM_SPIKE_001
2018-04-09,WH_SOUTHEAST,Southeast FC,CAR_B,Carrier B,ferramentas_jardim,none,5,0,0.0,4,ANOM_SPIKE_001
2018-04-09,WH_SOUTHEAST,Southeast FC,CAR_B,Carrier B,industria_comercio_e_negocios,damaged,1,1,100.0,1,ANOM_SPIKE_001
2018-04-09,WH_SOUTHEAST,Southeast FC,CAR_B,Carrier B,industria_comercio_e_negocios,none,2,0,0.0,0,none
2018-04-09,WH_SOUTHEAST,Southeast FC,CAR_B,Carrier B,informatica_acessorios,damaged,3,3,100.0,3,ANOM_SPIKE_001
2018-04-09,WH_SOUTHEAST,Southeast FC,CAR_B,Carrier B,informatica_acessorios,missing,4,4,100.0,4,ANOM_SPIKE_001
2018-04-09,WH_SOUTHEAST,Southeast FC,CAR_B,Carrier B,informatica_acessorios,none,19,0,0.0,15,ANOM_SPIKE_001
2018-04-09,WH_SOUTHEAST,Southeast FC,CAR_B,Carrier B,informatica_acessorios,wrong,1,1,100.0,1,ANOM_SPIKE_001
2018-04-09,WH_SOUTHEAST,Southeast FC,CAR_B,Carrier B,instrumentos_musicais,damaged,1,1,100.0,1,ANOM_SPIKE_001
2018-04-09,WH_SOUTHEAST,Southeast FC,CAR_B,Carrier B,instrumentos_musicais,none,1,0,0.0,1,ANOM_SPIKE_001
2018-04-09,WH_SOUTHEAST,Southeast FC,CAR_B,Carrier B,livros_interesse_geral,damaged,1,1,100.0,1,ANOM_SPIKE_001
2018-04-09,WH_SOUTHEAST,Southeast FC,CAR_B,Carrier B,livros_interesse_geral,none,1,0,0.0,1,ANOM_SPIKE_001
2018-04-09,WH_SOUTHEAST,Southeast FC,CAR_B,Carrier B,livros_tecnicos,none,1,0,0.0,1,ANOM_SPIKE_001
2018-04-09,WH_SOUTHEAST,Southeast FC,CAR_B,Carrier B,malas_acessorios,damaged,3,3,100.0,3,ANOM_SPIKE_001
2018-04-09,WH_SOUTHEAST,Southeast FC,CAR_B,Carrier B,malas_acessorios,none,1,0,0.0,1,ANOM_SPIKE_001
2018-04-09,WH_SOUTHEAST,Southeast FC,CAR_B,Carrier B,market_place,damaged,1,1,100.0,1,ANOM_SPIKE_001
2018-04-09,WH_SOUTHEAST,Southeast FC,CAR_B,Carrier B,market_place,none,1,0,0.0,1,ANOM_SPIKE_001
2018-04-09,WH_SOUTHEAST,Southeast FC,CAR_B,Carrier B,moveis_cozinha_area_de_servico_jantar_e_jardim,none,1,0,0.0,0,none
2018-04-09,WH_SOUTHEAST,Southeast FC,CAR_B,Carrier B,moveis_decoracao,damaged,7,7,100.0,6,ANOM_SPIKE_001
2018-04-09,WH_SOUTHEAST,Southeast FC,CAR_B,Carrier B,moveis_decoracao,missing,4,4,100.0,3,ANOM_SPIKE_001
2018-04-09,WH_SOUTHEAST,Southeast FC,CAR_B,Carrier B,moveis_decoracao,none,14,0,0.0,12,ANOM_SPIKE_001
2018-04-09,WH_SOUTHEAST,Southeast FC,CAR_B,Carrier B,moveis_escritorio,damaged,1,1,100.0,1,ANOM_SPIKE_001
2018-04-09,WH_SOUTHEAST,Southeast FC,CAR_B,Carrier B,moveis_escritorio,missing,1,1,100.0,1,ANOM_SPIKE_001
2018-04-09,WH_SOUTHEAST,Southeast FC,CAR_B,Carrier B,moveis_escritorio,none,7,0,0.0,3,ANOM_SPIKE_001
2018-04-09,WH_SOUTHEAST,Southeast FC,CAR_B,Carrier B,moveis_quarto,none,2,0,0.0,2,ANOM_SPIKE_001
2018-04-09,WH_SOUTHEAST,Southeast FC,CAR_B,Carrier B,moveis_sala,none,1,0,0.0,1,ANOM_SPIKE_001
2018-04-09,WH_SOUTHEAST,Southeast FC,CAR_B,Carrier B,musica,none,1,0,0.0,1,ANOM_SPIKE_001
2018-04-09,WH_SOUTHEAST,Southeast FC,CAR_B,Carrier B,papelaria,missing,1,1,100.0,1,ANOM_SPIKE_001
2018-04-09,WH_SOUTHEAST,Southeast FC,CAR_B,Carrier B,papelaria,none,7,0,0.0,3,ANOM_SPIKE_001
2018-04-09,WH_SOUTHEAST,Southeast FC,CAR_B,Carrier B,pcs,none,2,0,0.0,1,ANOM_SPIKE_001
2018-04-09,WH_SOUTHEAST,Southeast FC,CAR_B,Carrier B,perfumaria,damaged,4,4,100.0,4,ANOM_SPIKE_001
2018-04-09,WH_SOUTHEAST,Southeast FC,CAR_B,Carrier B,perfumaria,none,8,0,0.0,6,ANOM_SPIKE_001
2018-04-09,WH_SOUTHEAST,Southeast FC,CAR_B,Carrier B,pet_shop,damaged,3,3,100.0,3,ANOM_SPIKE_001
2018-04-09,WH_SOUTHEAST,Southeast FC,CAR_B,Carrier B,pet_shop,missing,1,1,100.0,1,ANOM_SPIKE_001
2018-04-09,WH_SOUTHEAST,Southeast FC,CAR_B,Carrier B,pet_shop,none,8,0,0.0,8,ANOM_SPIKE_001
2018-04-09,WH_SOUTHEAST,Southeast FC,CAR_B,Carrier B,portateis_casa_forno_e_cafe,none,1,0,0.0,1,ANOM_SPIKE_001
2018-04-09,WH_SOUTHEAST,Southeast FC,CAR_B,Carrier B,portateis_casa_forno_e_cafe,wrong,1,1,100.0,1,ANOM_SPIKE_001
2018-04-09,WH_SOUTHEAST,Southeast FC,CAR_B,Carrier B,relogios_presentes,damaged,4,4,100.0,4,ANOM_SPIKE_001
2018-04-09,WH_SOUTHEAST,Southeast FC,CAR_B,Carrier B,relogios_presentes,missing,1,1,100.0,1,ANOM_SPIKE_001
2018-04-09,WH_SOUTHEAST,Southeast FC,CAR_B,Carrier B,relogios_presentes,none,15,0,0.0,13,ANOM_SPIKE_001
2018-04-09,WH_SOUTHEAST,Southeast FC,CAR_B,Carrier B,relogios_presentes,wrong,1,1,100.0,1,ANOM_SPIKE_001
2018-04-09,WH_SOUTHEAST,Southeast FC,CAR_B,Carrier B,sinalizacao_e_seguranca,damaged,1,1,100.0,1,ANOM_SPIKE_001
2018-04-09,WH_SOUTHEAST,Southeast FC,CAR_B,Carrier B,sinalizacao_e_seguranca,none,1,0,0.0,1,ANOM_SPIKE_001
2018-04-09,WH_SOUTHEAST,Southeast FC,CAR_B,Carrier B,telefonia,damaged,5,5,100.0,5,ANOM_SPIKE_001
2018-04-09,WH_SOUTHEAST,Southeast FC,CAR_B,Carrier B,telefonia,none,7,0,0.0,3,ANOM_SPIKE_001
2018-04-09,WH_SOUTHEAST,Southeast FC,CAR_B,Carrier B,unknown,damaged,2,2,100.0,2,ANOM_SPIKE_001
2018-04-09,WH_SOUTHEAST,Southeast FC,CAR_B,Carrier B,unknown,missing,1,1,100.0,1,ANOM_SPIKE_001
2018-04-09,WH_SOUTHEAST,Southeast FC,CAR_B,Carrier B,unknown,none,4,0,0.0,4,ANOM_SPIKE_001
2018-04-09,WH_SOUTHEAST,Southeast FC,CAR_B,Carrier B,utilidades_domesticas,damaged,7,7,100.0,7,ANOM_SPIKE_001
2018-04-09,WH_SOUTHEAST,Southeast FC,CAR_B,Carrier B,utilidades_domesticas,none,12,0,0.0,11,ANOM_SPIKE_001
2018-04-09,WH_SOUTHEAST,Southeast FC,CAR_B,Carrier B,utilidades_domesticas,wrong,3,3,100.0,3,ANOM_SPIKE_001
2018-04-09,WH_SOUTHEAST,Southeast FC,CAR_C,Carrier C,agro_industria_e_comercio,refund,1,1,100.0,0,none
2018-04-09,WH_SOUTHEAST,Southeast FC,CAR_C,Carrier C,alimentos,none,2,0,0.0,0,none
2018-04-09,WH_SOUTHEAST,Southeast FC,CAR_C,Carrier C,audio,none,3,0,0.0,0,none
2018-04-09,WH_SOUTHEAST,Southeast FC,CAR_C,Carrier C,automotivo,damaged,1,1,100.0,0,none
2018-04-09,WH_SOUTHEAST,Southeast FC,CAR_C,Carrier C,automotivo,none,10,0,0.0,0,none
2018-04-09,WH_SOUTHEAST,Southeast FC,CAR_C,Carrier C,bebes,none,12,0,0.0,0,none
2018-04-09,WH_SOUTHEAST,Southeast FC,CAR_C,Carrier C,bebes,wrong,1,1,100.0,0,none
2018-04-09,WH_SOUTHEAST,Southeast FC,CAR_C,Carrier C,bebidas,none,2,0,0.0,0,none
2018-04-09,WH_SOUTHEAST,Southeast FC,CAR_C,Carrier C,bebidas,wrong,2,2,100.0,0,none
2018-04-09,WH_SOUTHEAST,Southeast FC,CAR_C,Carrier C,beleza_saude,none,19,0,0.0,0,none
2018-04-09,WH_SOUTHEAST,Southeast FC,CAR_C,Carrier C,beleza_saude,refund,2,2,100.0,0,none
2018-04-09,WH_SOUTHEAST,Southeast FC,CAR_C,Carrier C,brinquedos,none,3,0,0.0,0,none
2018-04-09,WH_SOUTHEAST,Southeast FC,CAR_C,Carrier C,brinquedos,wrong,1,1,100.0,0,none
2018-04-09,WH_SOUTHEAST,Southeast FC,CAR_C,Carrier C,cama_mesa_banho,none,28,0,0.0,0,none
2018-04-09,WH_SOUTHEAST,Southeast FC,CAR_C,Carrier C,casa_construcao,damaged,1,1,100.0,0,none
2018-04-09,WH_SOUTHEAST,Southeast FC,CAR_C,Carrier C,casa_construcao,none,1,0,0.0,0,none
2018-04-09,WH_SOUTHEAST,Southeast FC,CAR_C,Carrier C,consoles_games,none,2,0,0.0,0,none
2018-04-09,WH_SOUTHEAST,Southeast FC,CAR_C,Carrier C,construcao_ferramentas_iluminacao,none,1,0,0.0,0,none
2018-04-09,WH_SOUTHEAST,Southeast FC,CAR_C,Carrier C,construcao_ferramentas_iluminacao,wrong,1,1,100.0,0,none
2018-04-09,WH_SOUTHEAST,Southeast FC,CAR_C,Carrier C,cool_stuff,damaged,1,1,100.0,0,none
2018-04-09,WH_SOUTHEAST,Southeast FC,CAR_C,Carrier C,cool_stuff,none,2,0,0.0,0,none
2018-04-09,WH_SOUTHEAST,Southeast FC,CAR_C,Carrier C,cool_stuff,refund,1,1,100.0,0,none
2018-04-09,WH_SOUTHEAST,Southeast FC,CAR_C,Carrier C,eletrodomesticos,none,5,0,0.0,0,none
2018-04-09,WH_SOUTHEAST,Southeast FC,CAR_C,Carrier C,eletrodomesticos_2,none,3,0,0.0,0,none
2018-04-09,WH_SOUTHEAST,Southeast FC,CAR_C,Carrier C,eletronicos,missing,1,1,100.0,0,none
2018-04-09,WH_SOUTHEAST,Southeast FC,CAR_C,Carrier C,eletronicos,none,5,0,0.0,0,none
2018-04-09,WH_SOUTHEAST,Southeast FC,CAR_C,Carrier C,eletroportateis,none,7,0,0.0,0,none
2018-04-09,WH_SOUTHEAST,Southeast FC,CAR_C,Carrier C,esporte_lazer,damaged,2,2,100.0,0,none
2018-04-09,WH_SOUTHEAST,Southeast FC,CAR_C,Carrier C,esporte_lazer,missing,1,1,100.0,0,none
2018-04-09,WH_SOUTHEAST,Southeast FC,CAR_C,Carrier C,esporte_lazer,none,19,0,0.0,0,none
2018-04-09,WH_SOUTHEAST,Southeast FC,CAR_C,Carrier C,esporte_lazer,wrong,1,1,100.0,0,none
2018-04-09,WH_SOUTHEAST,Southeast FC,CAR_C,Carrier C,fashion_bolsas_e_acessorios,none,3,0,0.0,0,none
2018-04-09,WH_SOUTHEAST,Southeast FC,CAR_C,Carrier C,fashion_calcados,wrong,1,1,100.0,0,none
2018-04-09,WH_SOUTHEAST,Southeast FC,CAR_C,Carrier C,fashion_underwear_e_moda_praia,none,1,0,0.0,0,none
2018-04-09,WH_SOUTHEAST,Southeast FC,CAR_C,Carrier C,ferramentas_jardim,none,5,0,0.0,0,none
2018-04-09,WH_SOUTHEAST,Southeast FC,CAR_C,Carrier C,informatica_acessorios,none,15,0,0.0,0,none
2018-04-09,WH_SOUTHEAST,Southeast FC,CAR_C,Carrier C,informatica_acessorios,wrong,1,1,100.0,0,none
2018-04-09,WH_SOUTHEAST,Southeast FC,CAR_C,Carrier C,instrumentos_musicais,damaged,1,1,100.0,0,none
2018-04-09,WH_SOUTHEAST,Southeast FC,CAR_C,Carrier C,instrumentos_musicais,none,1,0,0.0,0,none
2018-04-09,WH_SOUTHEAST,Southeast FC,CAR_C,Carrier C,instrumentos_musicais,refund,1,1,100.0,0,none
2018-04-09,WH_SOUTHEAST,Southeast FC,CAR_C,Carrier C,malas_acessorios,none,3,0,0.0,0,none
2018-04-09,WH_SOUTHEAST,Southeast FC,CAR_C,Carrier C,moveis_cozinha_area_de_servico_jantar_e_jardim,none,1,0,0.0,0,none
2018-04-09,WH_SOUTHEAST,Southeast FC,CAR_C,Carrier C,moveis_cozinha_area_de_servico_jantar_e_jardim,refund,1,1,100.0,0,none
2018-04-09,WH_SOUTHEAST,Southeast FC,CAR_C,Carrier C,moveis_decoracao,damaged,1,1,100.0,0,none
2018-04-09,WH_SOUTHEAST,Southeast FC,CAR_C,Carrier C,moveis_decoracao,failed,1,1,100.0,0,none
2018-04-09,WH_SOUTHEAST,Southeast FC,CAR_C,Carrier C,moveis_decoracao,none,14,0,0.0,0,none
2018-04-09,WH_SOUTHEAST,Southeast FC,CAR_C,Carrier C,moveis_escritorio,missing,1,1,100.0,0,none
2018-04-09,WH_SOUTHEAST,Southeast FC,CAR_C,Carrier C,moveis_escritorio,none,1,0,0.0,0,none
2018-04-09,WH_SOUTHEAST,Southeast FC,CAR_C,Carrier C,papelaria,none,3,0,0.0,0,none
2018-04-09,WH_SOUTHEAST,Southeast FC,CAR_C,Carrier C,pcs,none,2,0,0.0,0,none
2018-04-09,WH_SOUTHEAST,Southeast FC,CAR_C,Carrier C,perfumaria,none,7,0,0.0,0,none
2018-04-09,WH_SOUTHEAST,Southeast FC,CAR_C,Carrier C,pet_shop,none,3,0,0.0,0,none
2018-04-09,WH_SOUTHEAST,Southeast FC,CAR_C,Carrier C,relogios_presentes,missing,1,1,100.0,0,none
2018-04-09,WH_SOUTHEAST,Southeast FC,CAR_C,Carrier C,relogios_presentes,none,7,0,0.0,0,none
2018-04-09,WH_SOUTHEAST,Southeast FC,CAR_C,Carrier C,sinalizacao_e_seguranca,missing,1,1,100.0,0,none
2018-04-09,WH_SOUTHEAST,Southeast FC,CAR_C,Carrier C,sinalizacao_e_seguranca,none,1,0,0.0,0,none
2018-04-09,WH_SOUTHEAST,Southeast FC,CAR_C,Carrier C,telefonia,none,11,0,0.0,0,none
2018-04-09,WH_SOUTHEAST,Southeast FC,CAR_C,Carrier C,telefonia_fixa,none,1,0,0.0,0,none
2018-04-09,WH_SOUTHEAST,Southeast FC,CAR_C,Carrier C,unknown,none,3,0,0.0,0,none
2018-04-09,WH_SOUTHEAST,Southeast FC,CAR_C,Carrier C,utilidades_domesticas,none,15,0,0.0,0,none
2018-04-09,WH_SOUTHEAST,Southeast FC,CAR_D,Carrier D,alimentos_bebidas,none,1,0,0.0,0,none
2018-04-09,WH_SOUTHEAST,Southeast FC,CAR_D,Carrier D,artes,none,1,0,0.0,0,none
2018-04-09,WH_SOUTHEAST,Southeast FC,CAR_D,Carrier D,audio,none,1,0,0.0,0,none
2018-04-09,WH_SOUTHEAST,Southeast FC,CAR_D,Carrier D,automotivo,none,9,0,0.0,0,none
2018-04-09,WH_SOUTHEAST,Southeast FC,CAR_D,Carrier D,bebes,none,4,0,0.0,0,none
2018-04-09,WH_SOUTHEAST,Southeast FC,CAR_D,Carrier D,bebidas,none,1,0,0.0,0,none
2018-04-09,WH_SOUTHEAST,Southeast FC,CAR_D,Carrier D,beleza_saude,none,6,0,0.0,0,none
2018-04-09,WH_SOUTHEAST,Southeast FC,CAR_D,Carrier D,brinquedos,none,3,0,0.0,0,none
2018-04-09,WH_SOUTHEAST,Southeast FC,CAR_D,Carrier D,cama_mesa_banho,none,10,0,0.0,0,none
2018-04-09,WH_SOUTHEAST,Southeast FC,CAR_D,Carrier D,casa_construcao,none,3,0,0.0,0,none
2018-04-09,WH_SOUTHEAST,Southeast FC,CAR_D,Carrier D,cine_foto,none,1,0,0.0,0,none
2018-04-09,WH_SOUTHEAST,Southeast FC,CAR_D,Carrier D,construcao_ferramentas_construcao,none,5,0,0.0,0,none
2018-04-09,WH_SOUTHEAST,Southeast FC,CAR_D,Carrier D,construcao_ferramentas_jardim,none,1,0,0.0,0,none
2018-04-09,WH_SOUTHEAST,Southeast FC,CAR_D,Carrier D,cool_stuff,none,3,0,0.0,0,none
2018-04-09,WH_SOUTHEAST,Southeast FC,CAR_D,Carrier D,eletrodomesticos,none,2,0,0.0,0,none
2018-04-09,WH_SOUTHEAST,Southeast FC,CAR_D,Carrier D,eletronicos,none,8,0,0.0,0,none
2018-04-09,WH_SOUTHEAST,Southeast FC,CAR_D,Carrier D,eletroportateis,none,1,0,0.0,0,none
2018-04-09,WH_SOUTHEAST,Southeast FC,CAR_D,Carrier D,esporte_lazer,damaged,1,1,100.0,0,none
2018-04-09,WH_SOUTHEAST,Southeast FC,CAR_D,Carrier D,esporte_lazer,none,15,0,0.0,0,none
2018-04-09,WH_SOUTHEAST,Southeast FC,CAR_D,Carrier D,fashion_bolsas_e_acessorios,none,1,0,0.0,0,none
2018-04-09,WH_SOUTHEAST,Southeast FC,CAR_D,Carrier D,ferramentas_jardim,none,6,0,0.0,0,none
2018-04-09,WH_SOUTHEAST,Southeast FC,CAR_D,Carrier D,ferramentas_jardim,wrong,1,1,100.0,0,none
2018-04-09,WH_SOUTHEAST,Southeast FC,CAR_D,Carrier D,flores,none,1,0,0.0,0,none
2018-04-09,WH_SOUTHEAST,Southeast FC,CAR_D,Carrier D,informatica_acessorios,none,5,0,0.0,0,none
2018-04-09,WH_SOUTHEAST,Southeast FC,CAR_D,Carrier D,instrumentos_musicais,none,2,0,0.0,0,none
2018-04-09,WH_SOUTHEAST,Southeast FC,CAR_D,Carrier D,instrumentos_musicais,wrong,1,1,100.0,0,none
2018-04-09,WH_SOUTHEAST,Southeast FC,CAR_D,Carrier D,livros_interesse_geral,none,1,0,0.0,0,none
2018-04-09,WH_SOUTHEAST,Southeast FC,CAR_D,Carrier D,malas_acessorios,none,1,0,0.0,0,none
2018-04-09,WH_SOUTHEAST,Southeast FC,CAR_D,Carrier D,moveis_cozinha_area_de_servico_jantar_e_jardim,none,1,0,0.0,0,none
2018-04-09,WH_SOUTHEAST,Southeast FC,CAR_D,Carrier D,moveis_decoracao,none,10,0,0.0,0,none
2018-04-09,WH_SOUTHEAST,Southeast FC,CAR_D,Carrier D,moveis_escritorio,none,1,0,0.0,0,none
2018-04-09,WH_SOUTHEAST,Southeast FC,CAR_D,Carrier D,moveis_sala,none,1,0,0.0,0,none
2018-04-09,WH_SOUTHEAST,Southeast FC,CAR_D,Carrier D,papelaria,none,2,0,0.0,0,none
2018-04-09,WH_SOUTHEAST,Southeast FC,CAR_D,Carrier D,perfumaria,none,2,0,0.0,0,none
2018-04-09,WH_SOUTHEAST,Southeast FC,CAR_D,Carrier D,pet_shop,none,5,0,0.0,0,none
2018-04-09,WH_SOUTHEAST,Southeast FC,CAR_D,Carrier D,relogios_presentes,failed,1,1,100.0,0,none
2018-04-09,WH_SOUTHEAST,Southeast FC,CAR_D,Carrier D,relogios_presentes,none,8,0,0.0,0,none
2018-04-09,WH_SOUTHEAST,Southeast FC,CAR_D,Carrier D,sinalizacao_e_seguranca,none,1,0,0.0,0,none
2018-04-09,WH_SOUTHEAST,Southeast FC,CAR_D,Carrier D,telefonia,none,7,0,0.0,0,none
2018-04-09,WH_SOUTHEAST,Southeast FC,CAR_D,Carrier D,telefonia,refund,2,2,100.0,0,none
2018-04-09,WH_SOUTHEAST,Southeast FC,CAR_D,Carrier D,unknown,none,1,0,0.0,0,none
2018-04-09,WH_SOUTHEAST,Southeast FC,CAR_D,Carrier D,utilidades_domesticas,missing,1,1,100.0,0,none
2018-04-09,WH_SOUTHEAST,Southeast FC,CAR_D,Carrier D,utilidades_domesticas,none,7,0,0.0,0,none
2018-04-16,WH_CENTRAL_WEST,Central-West FC,CAR_A,Carrier A,beleza_saude,none,1,0,0.0,0,none
2018-04-16,WH_CENTRAL_WEST,Central-West FC,CAR_A,Carrier A,cama_mesa_banho,none,1,0,0.0,0,none
2018-04-16,WH_CENTRAL_WEST,Central-West FC,CAR_A,Carrier A,cool_stuff,none,2,0,0.0,0,none
2018-04-16,WH_CENTRAL_WEST,Central-West FC,CAR_A,Carrier A,eletrodomesticos,none,1,0,0.0,0,none
2018-04-16,WH_CENTRAL_WEST,Central-West FC,CAR_A,Carrier A,eletronicos,none,1,0,0.0,0,none
2018-04-16,WH_CENTRAL_WEST,Central-West FC,CAR_A,Carrier A,esporte_lazer,none,3,0,0.0,0,none
2018-04-16,WH_CENTRAL_WEST,Central-West FC,CAR_A,Carrier A,ferramentas_jardim,none,1,0,0.0,0,none
2018-04-16,WH_CENTRAL_WEST,Central-West FC,CAR_A,Carrier A,informatica_acessorios,none,3,0,0.0,0,none
2018-04-16,WH_CENTRAL_WEST,Central-West FC,CAR_A,Carrier A,instrumentos_musicais,none,1,0,0.0,0,none
2018-04-16,WH_CENTRAL_WEST,Central-West FC,CAR_A,Carrier A,moveis_decoracao,none,3,0,0.0,0,none
2018-04-16,WH_CENTRAL_WEST,Central-West FC,CAR_A,Carrier A,moveis_sala,none,1,0,0.0,0,none
2018-04-16,WH_CENTRAL_WEST,Central-West FC,CAR_A,Carrier A,pet_shop,none,2,0,0.0,0,none
2018-04-16,WH_CENTRAL_WEST,Central-West FC,CAR_A,Carrier A,relogios_presentes,none,3,0,0.0,0,none
2018-04-16,WH_CENTRAL_WEST,Central-West FC,CAR_A,Carrier A,telefonia,none,4,0,0.0,0,none
2018-04-16,WH_CENTRAL_WEST,Central-West FC,CAR_A,Carrier A,utilidades_domesticas,none,1,0,0.0,0,none
2018-04-16,WH_CENTRAL_WEST,Central-West FC,CAR_B,Carrier B,audio,none,1,0,0.0,0,none
2018-04-16,WH_CENTRAL_WEST,Central-West FC,CAR_B,Carrier B,automotivo,none,2,0,0.0,0,none
2018-04-16,WH_CENTRAL_WEST,Central-West FC,CAR_B,Carrier B,bebes,none,2,0,0.0,0,none
2018-04-16,WH_CENTRAL_WEST,Central-West FC,CAR_B,Carrier B,bebes,wrong,1,1,100.0,0,none
2018-04-16,WH_CENTRAL_WEST,Central-West FC,CAR_B,Carrier B,beleza_saude,none,1,0,0.0,0,none
2018-04-16,WH_CENTRAL_WEST,Central-West FC,CAR_B,Carrier B,cama_mesa_banho,none,1,0,0.0,0,none
2018-04-16,WH_CENTRAL_WEST,Central-West FC,CAR_B,Carrier B,cama_mesa_banho,refund,1,1,100.0,0,none
2018-04-16,WH_CENTRAL_WEST,Central-West FC,CAR_B,Carrier B,consoles_games,none,1,0,0.0,0,none
2018-04-16,WH_CENTRAL_WEST,Central-West FC,CAR_B,Carrier B,eletrodomesticos,none,1,0,0.0,0,none
2018-04-16,WH_CENTRAL_WEST,Central-West FC,CAR_B,Carrier B,eletronicos,none,1,0,0.0,0,none
2018-04-16,WH_CENTRAL_WEST,Central-West FC,CAR_B,Carrier B,esporte_lazer,none,1,0,0.0,0,none
2018-04-16,WH_CENTRAL_WEST,Central-West FC,CAR_B,Carrier B,informatica_acessorios,none,1,0,0.0,0,none
2018-04-16,WH_CENTRAL_WEST,Central-West FC,CAR_B,Carrier B,livros_tecnicos,none,1,0,0.0,0,none
2018-04-16,WH_CENTRAL_WEST,Central-West FC,CAR_B,Carrier B,malas_acessorios,none,1,0,0.0,0,none
2018-04-16,WH_CENTRAL_WEST,Central-West FC,CAR_B,Carrier B,moveis_decoracao,none,1,0,0.0,0,none
2018-04-16,WH_CENTRAL_WEST,Central-West FC,CAR_B,Carrier B,papelaria,none,1,0,0.0,0,none
2018-04-16,WH_CENTRAL_WEST,Central-West FC,CAR_B,Carrier B,perfumaria,missing,1,1,100.0,0,none
2018-04-16,WH_CENTRAL_WEST,Central-West FC,CAR_B,Carrier B,perfumaria,none,3,0,0.0,0,none
2018-04-16,WH_CENTRAL_WEST,Central-West FC,CAR_B,Carrier B,pet_shop,none,1,0,0.0,0,none
2018-04-16,WH_CENTRAL_WEST,Central-West FC,CAR_B,Carrier B,portateis_casa_forno_e_cafe,none,1,0,0.0,0,none
2018-04-16,WH_CENTRAL_WEST,Central-West FC,CAR_B,Carrier B,relogios_presentes,none,2,0,0.0,0,none
2018-04-16,WH_CENTRAL_WEST,Central-West FC,CAR_B,Carrier B,telefonia,none,2,0,0.0,0,none
2018-04-16,WH_CENTRAL_WEST,Central-West FC,CAR_B,Carrier B,unknown,none,1,0,0.0,0,none
2018-04-16,WH_CENTRAL_WEST,Central-West FC,CAR_B,Carrier B,utilidades_domesticas,none,2,0,0.0,0,none
2018-04-16,WH_CENTRAL_WEST,Central-West FC,CAR_C,Carrier C,bebes,none,1,0,0.0,0,none
2018-04-16,WH_CENTRAL_WEST,Central-West FC,CAR_C,Carrier C,beleza_saude,none,4,0,0.0,0,none
2018-04-16,WH_CENTRAL_WEST,Central-West FC,CAR_C,Carrier C,brinquedos,none,1,0,0.0,0,none
2018-04-16,WH_CENTRAL_WEST,Central-West FC,CAR_C,Carrier C,cama_mesa_banho,none,2,0,0.0,0,none
2018-04-16,WH_CENTRAL_WEST,Central-West FC,CAR_C,Carrier C,casa_construcao,missing,1,1,100.0,0,none
2018-04-16,WH_CENTRAL_WEST,Central-West FC,CAR_C,Carrier C,eletrodomesticos,none,2,0,0.0,0,none
2018-04-16,WH_CENTRAL_WEST,Central-West FC,CAR_C,Carrier C,eletronicos,none,1,0,0.0,0,none
2018-04-16,WH_CENTRAL_WEST,Central-West FC,CAR_C,Carrier C,esporte_lazer,none,1,0,0.0,0,none
2018-04-16,WH_CENTRAL_WEST,Central-West FC,CAR_C,Carrier C,livros_interesse_geral,none,1,0,0.0,0,none
2018-04-16,WH_CENTRAL_WEST,Central-West FC,CAR_C,Carrier C,moveis_decoracao,none,2,0,0.0,0,none
2018-04-16,WH_CENTRAL_WEST,Central-West FC,CAR_C,Carrier C,perfumaria,none,1,0,0.0,0,none
2018-04-16,WH_CENTRAL_WEST,Central-West FC,CAR_C,Carrier C,pet_shop,none,1,0,0.0,0,none
2018-04-16,WH_CENTRAL_WEST,Central-West FC,CAR_C,Carrier C,relogios_presentes,none,1,0,0.0,0,none
2018-04-16,WH_CENTRAL_WEST,Central-West FC,CAR_C,Carrier C,telefonia,none,3,0,0.0,0,none
2018-04-16,WH_CENTRAL_WEST,Central-West FC,CAR_C,Carrier C,utilidades_domesticas,none,1,0,0.0,0,none
2018-04-16,WH_CENTRAL_WEST,Central-West FC,CAR_D,Carrier D,automotivo,none,1,0,0.0,0,none
2018-04-16,WH_CENTRAL_WEST,Central-West FC,CAR_D,Carrier D,bebes,none,1,0,0.0,0,none
2018-04-16,WH_CENTRAL_WEST,Central-West FC,CAR_D,Carrier D,beleza_saude,failed,1,1,100.0,0,none
2018-04-16,WH_CENTRAL_WEST,Central-West FC,CAR_D,Carrier D,beleza_saude,none,3,0,0.0,0,none
2018-04-16,WH_CENTRAL_WEST,Central-West FC,CAR_D,Carrier D,cama_mesa_banho,none,3,0,0.0,0,none
2018-04-16,WH_CENTRAL_WEST,Central-West FC,CAR_D,Carrier D,casa_conforto,none,1,0,0.0,0,none
2018-04-16,WH_CENTRAL_WEST,Central-West FC,CAR_D,Carrier D,cool_stuff,none,1,0,0.0,0,none
2018-04-16,WH_CENTRAL_WEST,Central-West FC,CAR_D,Carrier D,eletrodomesticos,none,1,0,0.0,0,none
2018-04-16,WH_CENTRAL_WEST,Central-West FC,CAR_D,Carrier D,esporte_lazer,none,1,0,0.0,0,none
2018-04-16,WH_CENTRAL_WEST,Central-West FC,CAR_D,Carrier D,industria_comercio_e_negocios,none,1,0,0.0,0,none
2018-04-16,WH_CENTRAL_WEST,Central-West FC,CAR_D,Carrier D,informatica_acessorios,none,1,0,0.0,0,none
2018-04-16,WH_CENTRAL_WEST,Central-West FC,CAR_D,Carrier D,moveis_decoracao,none,3,0,0.0,0,none
2018-04-16,WH_CENTRAL_WEST,Central-West FC,CAR_D,Carrier D,moveis_decoracao,wrong,1,1,100.0,0,none
2018-04-16,WH_CENTRAL_WEST,Central-West FC,CAR_D,Carrier D,relogios_presentes,wrong,1,1,100.0,0,none
2018-04-16,WH_CENTRAL_WEST,Central-West FC,CAR_D,Carrier D,telefonia,none,2,0,0.0,0,none
2018-04-16,WH_NORTH,North FC,CAR_A,Carrier A,automotivo,none,1,0,0.0,0,none
2018-04-16,WH_NORTH,North FC,CAR_A,Carrier A,cool_stuff,none,1,0,0.0,0,none
2018-04-16,WH_NORTH,North FC,CAR_A,Carrier A,informatica_acessorios,none,1,0,0.0,0,none
2018-04-16,WH_NORTH,North FC,CAR_A,Carrier A,livros_interesse_geral,none,1,0,0.0,0,none
2018-04-16,WH_NORTH,North FC,CAR_A,Carrier A,moveis_decoracao,none,1,0,0.0,0,none
2018-04-16,WH_NORTH,North FC,CAR_A,Carrier A,moveis_escritorio,refund,1,1,100.0,0,none
2018-04-16,WH_NORTH,North FC,CAR_A,Carrier A,perfumaria,none,2,0,0.0,0,none
2018-04-16,WH_NORTH,North FC,CAR_A,Carrier A,relogios_presentes,none,1,0,0.0,0,none
2018-04-16,WH_NORTH,North FC,CAR_B,Carrier B,automotivo,none,1,0,0.0,0,none
2018-04-16,WH_NORTH,North FC,CAR_B,Carrier B,beleza_saude,none,1,0,0.0,0,none
2018-04-16,WH_NORTH,North FC,CAR_B,Carrier B,cool_stuff,none,1,0,0.0,0,none
2018-04-16,WH_NORTH,North FC,CAR_B,Carrier B,esporte_lazer,none,1,0,0.0,0,none
2018-04-16,WH_NORTH,North FC,CAR_B,Carrier B,informatica_acessorios,none,2,0,0.0,0,none
2018-04-16,WH_NORTH,North FC,CAR_B,Carrier B,relogios_presentes,none,1,0,0.0,0,none
2018-04-16,WH_NORTH,North FC,CAR_B,Carrier B,telefonia,none,3,0,0.0,0,none
2018-04-16,WH_NORTH,North FC,CAR_C,Carrier C,esporte_lazer,none,2,0,0.0,0,none
2018-04-16,WH_NORTH,North FC,CAR_D,Carrier D,beleza_saude,none,1,0,0.0,0,none
2018-04-16,WH_NORTH,North FC,CAR_D,Carrier D,utilidades_domesticas,none,1,0,0.0,0,none
2018-04-16,WH_SOUTH,South FC,CAR_A,Carrier A,artes,none,1,0,0.0,0,none
2018-04-16,WH_SOUTH,South FC,CAR_A,Carrier A,audio,none,1,0,0.0,0,none
2018-04-16,WH_SOUTH,South FC,CAR_A,Carrier A,automotivo,none,2,0,0.0,0,none
2018-04-16,WH_SOUTH,South FC,CAR_A,Carrier A,bebes,none,2,0,0.0,0,none
2018-04-16,WH_SOUTH,South FC,CAR_A,Carrier A,bebidas,none,1,0,0.0,0,none
2018-04-16,WH_SOUTH,South FC,CAR_A,Carrier A,beleza_saude,none,6,0,0.0,0,none
2018-04-16,WH_SOUTH,South FC,CAR_A,Carrier A,brinquedos,none,2,0,0.0,0,none
2018-04-16,WH_SOUTH,South FC,CAR_A,Carrier A,cama_mesa_banho,none,9,0,0.0,0,none
2018-04-16,WH_SOUTH,South FC,CAR_A,Carrier A,climatizacao,none,1,0,0.0,0,none
2018-04-16,WH_SOUTH,South FC,CAR_A,Carrier A,construcao_ferramentas_construcao,none,2,0,0.0,0,none
2018-04-16,WH_SOUTH,South FC,CAR_A,Carrier A,construcao_ferramentas_construcao,refund,1,1,100.0,0,none
2018-04-16,WH_SOUTH,South FC,CAR_A,Carrier A,construcao_ferramentas_iluminacao,none,1,0,0.0,0,none
2018-04-16,WH_SOUTH,South FC,CAR_A,Carrier A,cool_stuff,damaged,1,1,100.0,0,none
2018-04-16,WH_SOUTH,South FC,CAR_A,Carrier A,cool_stuff,none,1,0,0.0,0,none
2018-04-16,WH_SOUTH,South FC,CAR_A,Carrier A,eletrodomesticos,none,2,0,0.0,0,none
2018-04-16,WH_SOUTH,South FC,CAR_A,Carrier A,eletrodomesticos_2,damaged,1,1,100.0,0,none
2018-04-16,WH_SOUTH,South FC,CAR_A,Carrier A,eletronicos,failed,1,1,100.0,0,none
2018-04-16,WH_SOUTH,South FC,CAR_A,Carrier A,eletronicos,none,3,0,0.0,0,none
2018-04-16,WH_SOUTH,South FC,CAR_A,Carrier A,eletroportateis,none,2,0,0.0,0,none
2018-04-16,WH_SOUTH,South FC,CAR_A,Carrier A,esporte_lazer,missing,1,1,100.0,0,none
2018-04-16,WH_SOUTH,South FC,CAR_A,Carrier A,esporte_lazer,none,3,0,0.0,0,none
2018-04-16,WH_SOUTH,South FC,CAR_A,Carrier A,fashion_calcados,none,1,0,0.0,0,none
2018-04-16,WH_SOUTH,South FC,CAR_A,Carrier A,ferramentas_jardim,failed,1,1,100.0,0,none
2018-04-16,WH_SOUTH,South FC,CAR_A,Carrier A,ferramentas_jardim,none,1,0,0.0,0,none
2018-04-16,WH_SOUTH,South FC,CAR_A,Carrier A,informatica_acessorios,none,4,0,0.0,0,none
2018-04-16,WH_SOUTH,South FC,CAR_A,Carrier A,instrumentos_musicais,none,2,0,0.0,0,none
2018-04-16,WH_SOUTH,South FC,CAR_A,Carrier A,livros_interesse_geral,none,2,0,0.0,0,none
2018-04-16,WH_SOUTH,South FC,CAR_A,Carrier A,malas_acessorios,none,1,0,0.0,0,none
2018-04-16,WH_SOUTH,South FC,CAR_A,Carrier A,market_place,none,2,0,0.0,0,none
2018-04-16,WH_SOUTH,South FC,CAR_A,Carrier A,market_place,wrong,1,1,100.0,0,none
2018-04-16,WH_SOUTH,South FC,CAR_A,Carrier A,moveis_cozinha_area_de_servico_jantar_e_jardim,none,2,0,0.0,0,none
2018-04-16,WH_SOUTH,South FC,CAR_A,Carrier A,moveis_decoracao,none,8,0,0.0,0,none
2018-04-16,WH_SOUTH,South FC,CAR_A,Carrier A,papelaria,none,2,0,0.0,0,none
2018-04-16,WH_SOUTH,South FC,CAR_A,Carrier A,perfumaria,none,1,0,0.0,0,none
2018-04-16,WH_SOUTH,South FC,CAR_A,Carrier A,pet_shop,none,1,0,0.0,0,none
2018-04-16,WH_SOUTH,South FC,CAR_A,Carrier A,relogios_presentes,none,3,0,0.0,0,none
2018-04-16,WH_SOUTH,South FC,CAR_A,Carrier A,telefonia,none,1,0,0.0,0,none
2018-04-16,WH_SOUTH,South FC,CAR_A,Carrier A,utilidades_domesticas,none,4,0,0.0,0,none
2018-04-16,WH_SOUTH,South FC,CAR_B,Carrier B,agro_industria_e_comercio,none,2,0,0.0,0,none
2018-04-16,WH_SOUTH,South FC,CAR_B,Carrier B,artes,none,2,0,0.0,0,none
2018-04-16,WH_SOUTH,South FC,CAR_B,Carrier B,automotivo,none,2,0,0.0,0,none
2018-04-16,WH_SOUTH,South FC,CAR_B,Carrier B,bebes,none,4,0,0.0,0,none
2018-04-16,WH_SOUTH,South FC,CAR_B,Carrier B,beleza_saude,none,4,0,0.0,0,none
2018-04-16,WH_SOUTH,South FC,CAR_B,Carrier B,cama_mesa_banho,missing,1,1,100.0,0,none
2018-04-16,WH_SOUTH,South FC,CAR_B,Carrier B,cama_mesa_banho,none,5,0,0.0,0,none
2018-04-16,WH_SOUTH,South FC,CAR_B,Carrier B,cine_foto,none,1,0,0.0,0,none
2018-04-16,WH_SOUTH,South FC,CAR_B,Carrier B,construcao_ferramentas_construcao,none,1,0,0.0,0,none
2018-04-16,WH_SOUTH,South FC,CAR_B,Carrier B,construcao_ferramentas_iluminacao,none,2,0,0.0,0,none
2018-04-16,WH_SOUTH,South FC,CAR_B,Carrier B,cool_stuff,none,4,0,0.0,0,none
2018-04-16,WH_SOUTH,South FC,CAR_B,Carrier B,eletronicos,none,5,0,0.0,0,none
2018-04-16,WH_SOUTH,South FC,CAR_B,Carrier B,eletroportateis,none,2,0,0.0,0,none
2018-04-16,WH_SOUTH,South FC,CAR_B,Carrier B,esporte_lazer,none,2,0,0.0,0,none
2018-04-16,WH_SOUTH,South FC,CAR_B,Carrier B,fashion_bolsas_e_acessorios,none,1,0,0.0,0,none
2018-04-16,WH_SOUTH,South FC,CAR_B,Carrier B,ferramentas_jardim,none,2,0,0.0,0,none
2018-04-16,WH_SOUTH,South FC,CAR_B,Carrier B,informatica_acessorios,none,10,0,0.0,0,none
2018-04-16,WH_SOUTH,South FC,CAR_B,Carrier B,instrumentos_musicais,none,1,0,0.0,0,none
2018-04-16,WH_SOUTH,South FC,CAR_B,Carrier B,livros_interesse_geral,none,2,0,0.0,0,none
2018-04-16,WH_SOUTH,South FC,CAR_B,Carrier B,moveis_decoracao,none,7,0,0.0,0,none
2018-04-16,WH_SOUTH,South FC,CAR_B,Carrier B,moveis_sala,none,1,0,0.0,0,none
2018-04-16,WH_SOUTH,South FC,CAR_B,Carrier B,relogios_presentes,failed,1,1,100.0,0,none
2018-04-16,WH_SOUTH,South FC,CAR_B,Carrier B,relogios_presentes,none,5,0,0.0,0,none
2018-04-16,WH_SOUTH,South FC,CAR_B,Carrier B,telefonia,none,4,0,0.0,0,none
2018-04-16,WH_SOUTH,South FC,CAR_B,Carrier B,utilidades_domesticas,none,5,0,0.0,0,none
2018-04-16,WH_SOUTH,South FC,CAR_C,Carrier C,automotivo,failed,1,1,100.0,0,none
2018-04-16,WH_SOUTH,South FC,CAR_C,Carrier C,automotivo,none,5,0,0.0,0,none
2018-04-16,WH_SOUTH,South FC,CAR_C,Carrier C,beleza_saude,none,6,0,0.0,0,none
2018-04-16,WH_SOUTH,South FC,CAR_C,Carrier C,brinquedos,none,3,0,0.0,0,none
2018-04-16,WH_SOUTH,South FC,CAR_C,Carrier C,cama_mesa_banho,none,7,0,0.0,0,none
2018-04-16,WH_SOUTH,South FC,CAR_C,Carrier C,cool_stuff,none,3,0,0.0,0,none
2018-04-16,WH_SOUTH,South FC,CAR_C,Carrier C,eletronicos,none,4,0,0.0,0,none
2018-04-16,WH_SOUTH,South FC,CAR_C,Carrier C,esporte_lazer,none,3,0,0.0,0,none
2018-04-16,WH_SOUTH,South FC,CAR_C,Carrier C,fashion_bolsas_e_acessorios,none,2,0,0.0,0,none
2018-04-16,WH_SOUTH,South FC,CAR_C,Carrier C,ferramentas_jardim,none,1,0,0.0,0,none
2018-04-16,WH_SOUTH,South FC,CAR_C,Carrier C,informatica_acessorios,none,3,0,0.0,0,none
2018-04-16,WH_SOUTH,South FC,CAR_C,Carrier C,market_place,none,1,0,0.0,0,none
2018-04-16,WH_SOUTH,South FC,CAR_C,Carrier C,moveis_decoracao,none,10,0,0.0,0,none
2018-04-16,WH_SOUTH,South FC,CAR_C,Carrier C,moveis_decoracao,refund,1,1,100.0,0,none
2018-04-16,WH_SOUTH,South FC,CAR_C,Carrier C,moveis_escritorio,none,2,0,0.0,0,none
2018-04-16,WH_SOUTH,South FC,CAR_C,Carrier C,moveis_sala,none,1,0,0.0,0,none
2018-04-16,WH_SOUTH,South FC,CAR_C,Carrier C,papelaria,damaged,1,1,100.0,0,none
2018-04-16,WH_SOUTH,South FC,CAR_C,Carrier C,papelaria,none,2,0,0.0,0,none
2018-04-16,WH_SOUTH,South FC,CAR_C,Carrier C,pet_shop,none,1,0,0.0,0,none
2018-04-16,WH_SOUTH,South FC,CAR_C,Carrier C,portateis_casa_forno_e_cafe,none,1,0,0.0,0,none
2018-04-16,WH_SOUTH,South FC,CAR_C,Carrier C,relogios_presentes,none,1,0,0.0,0,none
2018-04-16,WH_SOUTH,South FC,CAR_C,Carrier C,sinalizacao_e_seguranca,none,1,0,0.0,0,none
2018-04-16,WH_SOUTH,South FC,CAR_C,Carrier C,telefonia,none,3,0,0.0,0,none
2018-04-16,WH_SOUTH,South FC,CAR_C,Carrier C,unknown,none,1,0,0.0,0,none
2018-04-16,WH_SOUTH,South FC,CAR_C,Carrier C,utilidades_domesticas,none,4,0,0.0,0,none
2018-04-16,WH_SOUTH,South FC,CAR_D,Carrier D,automotivo,none,2,0,0.0,0,none
2018-04-16,WH_SOUTH,South FC,CAR_D,Carrier D,bebes,none,1,0,0.0,0,none
2018-04-16,WH_SOUTH,South FC,CAR_D,Carrier D,beleza_saude,none,5,0,0.0,0,none
2018-04-16,WH_SOUTH,South FC,CAR_D,Carrier D,brinquedos,none,1,0,0.0,0,none
2018-04-16,WH_SOUTH,South FC,CAR_D,Carrier D,cama_mesa_banho,none,1,0,0.0,0,none
2018-04-16,WH_SOUTH,South FC,CAR_D,Carrier D,cool_stuff,none,1,0,0.0,0,none
2018-04-16,WH_SOUTH,South FC,CAR_D,Carrier D,eletrodomesticos_2,none,1,0,0.0,0,none
2018-04-16,WH_SOUTH,South FC,CAR_D,Carrier D,esporte_lazer,none,1,0,0.0,0,none
2018-04-16,WH_SOUTH,South FC,CAR_D,Carrier D,fashion_bolsas_e_acessorios,none,1,0,0.0,0,none
2018-04-16,WH_SOUTH,South FC,CAR_D,Carrier D,ferramentas_jardim,none,3,0,0.0,0,none
2018-04-16,WH_SOUTH,South FC,CAR_D,Carrier D,industria_comercio_e_negocios,none,1,0,0.0,0,none
2018-04-16,WH_SOUTH,South FC,CAR_D,Carrier D,moveis_decoracao,none,3,0,0.0,0,none
2018-04-16,WH_SOUTH,South FC,CAR_D,Carrier D,moveis_escritorio,none,1,0,0.0,0,none
2018-04-16,WH_SOUTH,South FC,CAR_D,Carrier D,papelaria,none,1,0,0.0,0,none
2018-04-16,WH_SOUTH,South FC,CAR_D,Carrier D,pcs,none,1,0,0.0,0,none
2018-04-16,WH_SOUTH,South FC,CAR_D,Carrier D,relogios_presentes,none,1,0,0.0,0,none
2018-04-16,WH_SOUTH,South FC,CAR_D,Carrier D,telefonia,none,2,0,0.0,0,none
2018-04-16,WH_SOUTH,South FC,CAR_D,Carrier D,utilidades_domesticas,none,3,0,0.0,0,none
2018-04-16,WH_SOUTHEAST,Southeast FC,CAR_A,Carrier A,alimentos,none,5,0,0.0,0,none
2018-04-16,WH_SOUTHEAST,Southeast FC,CAR_A,Carrier A,alimentos_bebidas,none,1,0,0.0,0,none
2018-04-16,WH_SOUTHEAST,Southeast FC,CAR_A,Carrier A,artigos_de_natal,none,1,0,0.0,0,none
2018-04-16,WH_SOUTHEAST,Southeast FC,CAR_A,Carrier A,audio,none,1,0,0.0,0,none
2018-04-16,WH_SOUTHEAST,Southeast FC,CAR_A,Carrier A,automotivo,none,20,0,0.0,0,none
2018-04-16,WH_SOUTHEAST,Southeast FC,CAR_A,Carrier A,bebes,none,10,0,0.0,0,none
2018-04-16,WH_SOUTHEAST,Southeast FC,CAR_A,Carrier A,bebes,wrong,1,1,100.0,0,none
2018-04-16,WH_SOUTHEAST,Southeast FC,CAR_A,Carrier A,bebidas,none,1,0,0.0,0,none
2018-04-16,WH_SOUTHEAST,Southeast FC,CAR_A,Carrier A,beleza_saude,damaged,1,1,100.0,0,none
2018-04-16,WH_SOUTHEAST,Southeast FC,CAR_A,Carrier A,beleza_saude,failed,1,1,100.0,0,none
2018-04-16,WH_SOUTHEAST,Southeast FC,CAR_A,Carrier A,beleza_saude,none,31,0,0.0,0,none
2018-04-16,WH_SOUTHEAST,Southeast FC,CAR_A,Carrier A,brinquedos,none,9,0,0.0,0,none
2018-04-16,WH_SOUTHEAST,Southeast FC,CAR_A,Carrier A,cama_mesa_banho,none,29,0,0.0,0,none
2018-04-16,WH_SOUTHEAST,Southeast FC,CAR_A,Carrier A,casa_construcao,none,4,0,0.0,0,none
2018-04-16,WH_SOUTHEAST,Southeast FC,CAR_A,Carrier A,casa_construcao,refund,1,1,100.0,0,none
2018-04-16,WH_SOUTHEAST,Southeast FC,CAR_A,Carrier A,consoles_games,none,4,0,0.0,0,none
2018-04-16,WH_SOUTHEAST,Southeast FC,CAR_A,Carrier A,construcao_ferramentas_construcao,none,7,0,0.0,0,none
2018-04-16,WH_SOUTHEAST,Southeast FC,CAR_A,Carrier A,construcao_ferramentas_ferramentas,none,1,0,0.0,0,none
2018-04-16,WH_SOUTHEAST,Southeast FC,CAR_A,Carrier A,construcao_ferramentas_iluminacao,damaged,1,1,100.0,0,none
2018-04-16,WH_SOUTHEAST,Southeast FC,CAR_A,Carrier A,construcao_ferramentas_iluminacao,none,1,0,0.0,0,none
2018-04-16,WH_SOUTHEAST,Southeast FC,CAR_A,Carrier A,construcao_ferramentas_jardim,none,1,0,0.0,0,none
2018-04-16,WH_SOUTHEAST,Southeast FC,CAR_A,Carrier A,construcao_ferramentas_seguranca,none,4,0,0.0,0,none
2018-04-16,WH_SOUTHEAST,Southeast FC,CAR_A,Carrier A,cool_stuff,none,8,0,0.0,0,none
2018-04-16,WH_SOUTHEAST,Southeast FC,CAR_A,Carrier A,cool_stuff,wrong,1,1,100.0,0,none
2018-04-16,WH_SOUTHEAST,Southeast FC,CAR_A,Carrier A,eletrodomesticos,none,5,0,0.0,0,none
2018-04-16,WH_SOUTHEAST,Southeast FC,CAR_A,Carrier A,eletrodomesticos_2,none,1,0,0.0,0,none
2018-04-16,WH_SOUTHEAST,Southeast FC,CAR_A,Carrier A,eletronicos,none,6,0,0.0,0,none
2018-04-16,WH_SOUTHEAST,Southeast FC,CAR_A,Carrier A,eletroportateis,none,1,0,0.0,0,none
2018-04-16,WH_SOUTHEAST,Southeast FC,CAR_A,Carrier A,esporte_lazer,none,33,0,0.0,0,none
2018-04-16,WH_SOUTHEAST,Southeast FC,CAR_A,Carrier A,fashion_bolsas_e_acessorios,none,4,0,0.0,0,none
2018-04-16,WH_SOUTHEAST,Southeast FC,CAR_A,Carrier A,ferramentas_jardim,none,16,0,0.0,0,none
2018-04-16,WH_SOUTHEAST,Southeast FC,CAR_A,Carrier A,industria_comercio_e_negocios,none,2,0,0.0,0,none
2018-04-16,WH_SOUTHEAST,Southeast FC,CAR_A,Carrier A,industria_comercio_e_negocios,wrong,1,1,100.0,0,none
2018-04-16,WH_SOUTHEAST,Southeast FC,CAR_A,Carrier A,informatica_acessorios,missing,1,1,100.0,0,none
2018-04-16,WH_SOUTHEAST,Southeast FC,CAR_A,Carrier A,informatica_acessorios,none,28,0,0.0,0,none
2018-04-16,WH_SOUTHEAST,Southeast FC,CAR_A,Carrier A,informatica_acessorios,refund,3,3,100.0,0,none
2018-04-16,WH_SOUTHEAST,Southeast FC,CAR_A,Carrier A,instrumentos_musicais,none,3,0,0.0,0,none
2018-04-16,WH_SOUTHEAST,Southeast FC,CAR_A,Carrier A,livros_interesse_geral,none,2,0,0.0,0,none
2018-04-16,WH_SOUTHEAST,Southeast FC,CAR_A,Carrier A,malas_acessorios,none,3,0,0.0,0,none
2018-04-16,WH_SOUTHEAST,Southeast FC,CAR_A,Carrier A,market_place,none,1,0,0.0,0,none
2018-04-16,WH_SOUTHEAST,Southeast FC,CAR_A,Carrier A,moveis_cozinha_area_de_servico_jantar_e_jardim,none,1,0,0.0,0,none
2018-04-16,WH_SOUTHEAST,Southeast FC,CAR_A,Carrier A,moveis_decoracao,none,24,0,0.0,0,none
2018-04-16,WH_SOUTHEAST,Southeast FC,CAR_A,Carrier A,moveis_decoracao,refund,1,1,100.0,0,none
2018-04-16,WH_SOUTHEAST,Southeast FC,CAR_A,Carrier A,moveis_escritorio,none,5,0,0.0,0,none
2018-04-16,WH_SOUTHEAST,Southeast FC,CAR_A,Carrier A,papelaria,none,11,0,0.0,0,none
2018-04-16,WH_SOUTHEAST,Southeast FC,CAR_A,Carrier A,pcs,none,3,0,0.0,0,none
2018-04-16,WH_SOUTHEAST,Southeast FC,CAR_A,Carrier A,perfumaria,none,8,0,0.0,0,none
2018-04-16,WH_SOUTHEAST,Southeast FC,CAR_A,Carrier A,pet_shop,failed,1,1,100.0,0,none
2018-04-16,WH_SOUTHEAST,Southeast FC,CAR_A,Carrier A,pet_shop,none,8,0,0.0,0,none
2018-04-16,WH_SOUTHEAST,Southeast FC,CAR_A,Carrier A,relogios_presentes,none,27,0,0.0,0,none
2018-04-16,WH_SOUTHEAST,Southeast FC,CAR_A,Carrier A,sinalizacao_e_seguranca,none,2,0,0.0,0,none
2018-04-16,WH_SOUTHEAST,Southeast FC,CAR_A,Carrier A,telefonia,none,13,0,0.0,0,none
2018-04-16,WH_SOUTHEAST,Southeast FC,CAR_A,Carrier A,telefonia,refund,1,1,100.0,0,none
2018-04-16,WH_SOUTHEAST,Southeast FC,CAR_A,Carrier A,telefonia,wrong,1,1,100.0,0,none
2018-04-16,WH_SOUTHEAST,Southeast FC,CAR_A,Carrier A,telefonia_fixa,none,1,0,0.0,0,none
2018-04-16,WH_SOUTHEAST,Southeast FC,CAR_A,Carrier A,unknown,none,1,0,0.0,0,none
2018-04-16,WH_SOUTHEAST,Southeast FC,CAR_A,Carrier A,utilidades_domesticas,failed,1,1,100.0,0,none
2018-04-16,WH_SOUTHEAST,Southeast FC,CAR_A,Carrier A,utilidades_domesticas,missing,1,1,100.0,0,none
2018-04-16,WH_SOUTHEAST,Southeast FC,CAR_A,Carrier A,utilidades_domesticas,none,29,0,0.0,0,none
2018-04-16,WH_SOUTHEAST,Southeast FC,CAR_B,Carrier B,agro_industria_e_comercio,wrong,1,1,100.0,0,none
2018-04-16,WH_SOUTHEAST,Southeast FC,CAR_B,Carrier B,alimentos,damaged,1,1,100.0,0,none
2018-04-16,WH_SOUTHEAST,Southeast FC,CAR_B,Carrier B,alimentos,none,2,0,0.0,0,none
2018-04-16,WH_SOUTHEAST,Southeast FC,CAR_B,Carrier B,alimentos,wrong,1,1,100.0,0,none
2018-04-16,WH_SOUTHEAST,Southeast FC,CAR_B,Carrier B,alimentos_bebidas,none,1,0,0.0,0,none
2018-04-16,WH_SOUTHEAST,Southeast FC,CAR_B,Carrier B,artes,none,2,0,0.0,0,none
2018-04-16,WH_SOUTHEAST,Southeast FC,CAR_B,Carrier B,artigos_de_natal,none,1,0,0.0,0,none
2018-04-16,WH_SOUTHEAST,Southeast FC,CAR_B,Carrier B,audio,none,3,0,0.0,0,none
2018-04-16,WH_SOUTHEAST,Southeast FC,CAR_B,Carrier B,automotivo,missing,1,1,100.0,0,none
2018-04-16,WH_SOUTHEAST,Southeast FC,CAR_B,Carrier B,automotivo,none,19,0,0.0,0,none
2018-04-16,WH_SOUTHEAST,Southeast FC,CAR_B,Carrier B,bebes,none,10,0,0.0,0,none
2018-04-16,WH_SOUTHEAST,Southeast FC,CAR_B,Carrier B,bebidas,none,1,0,0.0,0,none
2018-04-16,WH_SOUTHEAST,Southeast FC,CAR_B,Carrier B,beleza_saude,damaged,1,1,100.0,0,none
2018-04-16,WH_SOUTHEAST,Southeast FC,CAR_B,Carrier B,beleza_saude,missing,1,1,100.0,0,none
2018-04-16,WH_SOUTHEAST,Southeast FC,CAR_B,Carrier B,beleza_saude,none,45,0,0.0,0,none
2018-04-16,WH_SOUTHEAST,Southeast FC,CAR_B,Carrier B,beleza_saude,refund,1,1,100.0,0,none
2018-04-16,WH_SOUTHEAST,Southeast FC,CAR_B,Carrier B,brinquedos,none,25,0,0.0,0,none
2018-04-16,WH_SOUTHEAST,Southeast FC,CAR_B,Carrier B,cama_mesa_banho,damaged,1,1,100.0,0,none
2018-04-16,WH_SOUTHEAST,Southeast FC,CAR_B,Carrier B,cama_mesa_banho,missing,1,1,100.0,0,none
2018-04-16,WH_SOUTHEAST,Southeast FC,CAR_B,Carrier B,cama_mesa_banho,none,36,0,0.0,0,none
2018-04-16,WH_SOUTHEAST,Southeast FC,CAR_B,Carrier B,casa_construcao,none,6,0,0.0,0,none
2018-04-16,WH_SOUTHEAST,Southeast FC,CAR_B,Carrier B,cds_dvds_musicais,none,1,0,0.0,0,none
2018-04-16,WH_SOUTHEAST,Southeast FC,CAR_B,Carrier B,climatizacao,none,1,0,0.0,0,none
2018-04-16,WH_SOUTHEAST,Southeast FC,CAR_B,Carrier B,consoles_games,none,1,0,0.0,0,none
2018-04-16,WH_SOUTHEAST,Southeast FC,CAR_B,Carrier B,construcao_ferramentas_construcao,none,6,0,0.0,0,none
2018-04-16,WH_SOUTHEAST,Southeast FC,CAR_B,Carrier B,construcao_ferramentas_ferramentas,none,1,0,0.0,0,none
2018-04-16,WH_SOUTHEAST,Southeast FC,CAR_B,Carrier B,construcao_ferramentas_iluminacao,none,3,0,0.0,0,none
2018-04-16,WH_SOUTHEAST,Southeast FC,CAR_B,Carrier B,construcao_ferramentas_jardim,none,2,0,0.0,0,none
2018-04-16,WH_SOUTHEAST,Southeast FC,CAR_B,Carrier B,cool_stuff,none,6,0,0.0,0,none
2018-04-16,WH_SOUTHEAST,Southeast FC,CAR_B,Carrier B,eletrodomesticos,none,7,0,0.0,0,none
2018-04-16,WH_SOUTHEAST,Southeast FC,CAR_B,Carrier B,eletrodomesticos_2,none,3,0,0.0,0,none
2018-04-16,WH_SOUTHEAST,Southeast FC,CAR_B,Carrier B,eletronicos,none,7,0,0.0,0,none
2018-04-16,WH_SOUTHEAST,Southeast FC,CAR_B,Carrier B,eletronicos,wrong,1,1,100.0,0,none
2018-04-16,WH_SOUTHEAST,Southeast FC,CAR_B,Carrier B,eletroportateis,none,6,0,0.0,0,none
2018-04-16,WH_SOUTHEAST,Southeast FC,CAR_B,Carrier B,esporte_lazer,none,21,0,0.0,0,none
2018-04-16,WH_SOUTHEAST,Southeast FC,CAR_B,Carrier B,esporte_lazer,refund,1,1,100.0,0,none
2018-04-16,WH_SOUTHEAST,Southeast FC,CAR_B,Carrier B,fashion_bolsas_e_acessorios,none,1,0,0.0,0,none
2018-04-16,WH_SOUTHEAST,Southeast FC,CAR_B,Carrier B,fashion_bolsas_e_acessorios,wrong,1,1,100.0,0,none
2018-04-16,WH_SOUTHEAST,Southeast FC,CAR_B,Carrier B,ferramentas_jardim,none,20,0,0.0,0,none
2018-04-16,WH_SOUTHEAST,Southeast FC,CAR_B,Carrier B,fraldas_higiene,none,1,0,0.0,0,none
2018-04-16,WH_SOUTHEAST,Southeast FC,CAR_B,Carrier B,industria_comercio_e_negocios,none,1,0,0.0,0,none
2018-04-16,WH_SOUTHEAST,Southeast FC,CAR_B,Carrier B,informatica_acessorios,none,33,0,0.0,0,none
2018-04-16,WH_SOUTHEAST,Southeast FC,CAR_B,Carrier B,informatica_acessorios,wrong,1,1,100.0,0,none
2018-04-16,WH_SOUTHEAST,Southeast FC,CAR_B,Carrier B,instrumentos_musicais,none,1,0,0.0,0,none
2018-04-16,WH_SOUTHEAST,Southeast FC,CAR_B,Carrier B,livros_interesse_geral,none,3,0,0.0,0,none
2018-04-16,WH_SOUTHEAST,Southeast FC,CAR_B,Carrier B,livros_tecnicos,none,1,0,0.0,0,none
2018-04-16,WH_SOUTHEAST,Southeast FC,CAR_B,Carrier B,malas_acessorios,none,4,0,0.0,0,none
2018-04-16,WH_SOUTHEAST,Southeast FC,CAR_B,Carrier B,malas_acessorios,refund,1,1,100.0,0,none
2018-04-16,WH_SOUTHEAST,Southeast FC,CAR_B,Carrier B,moveis_cozinha_area_de_servico_jantar_e_jardim,none,1,0,0.0,0,none
2018-04-16,WH_SOUTHEAST,Southeast FC,CAR_B,Carrier B,moveis_decoracao,failed,1,1,100.0,0,none
2018-04-16,WH_SOUTHEAST,Southeast FC,CAR_B,Carrier B,moveis_decoracao,none,25,0,0.0,0,none
2018-04-16,WH_SOUTHEAST,Southeast FC,CAR_B,Carrier B,moveis_decoracao,refund,1,1,100.0,0,none
2018-04-16,WH_SOUTHEAST,Southeast FC,CAR_B,Carrier B,moveis_escritorio,damaged,1,1,100.0,0,none
2018-04-16,WH_SOUTHEAST,Southeast FC,CAR_B,Carrier B,moveis_escritorio,none,7,0,0.0,0,none
2018-04-16,WH_SOUTHEAST,Southeast FC,CAR_B,Carrier B,moveis_sala,none,2,0,0.0,0,none
2018-04-16,WH_SOUTHEAST,Southeast FC,CAR_B,Carrier B,papelaria,none,7,0,0.0,0,none
2018-04-16,WH_SOUTHEAST,Southeast FC,CAR_B,Carrier B,perfumaria,none,8,0,0.0,0,none
2018-04-16,WH_SOUTHEAST,Southeast FC,CAR_B,Carrier B,pet_shop,none,9,0,0.0,0,none
2018-04-16,WH_SOUTHEAST,Southeast FC,CAR_B,Carrier B,portateis_casa_forno_e_cafe,none,1,0,0.0,0,none
2018-04-16,WH_SOUTHEAST,Southeast FC,CAR_B,Carrier B,relogios_presentes,damaged,1,1,100.0,0,none
2018-04-16,WH_SOUTHEAST,Southeast FC,CAR_B,Carrier B,relogios_presentes,none,26,0,0.0,0,none
2018-04-16,WH_SOUTHEAST,Southeast FC,CAR_B,Carrier B,relogios_presentes,wrong,1,1,100.0,0,none
2018-04-16,WH_SOUTHEAST,Southeast FC,CAR_B,Carrier B,telefonia,none,13,0,0.0,0,none
2018-04-16,WH_SOUTHEAST,Southeast FC,CAR_B,Carrier B,unknown,none,2,0,0.0,0,none
2018-04-16,WH_SOUTHEAST,Southeast FC,CAR_B,Carrier B,utilidades_domesticas,damaged,1,1,100.0,0,none
2018-04-16,WH_SOUTHEAST,Southeast FC,CAR_B,Carrier B,utilidades_domesticas,missing,1,1,100.0,0,none
2018-04-16,WH_SOUTHEAST,Southeast FC,CAR_B,Carrier B,utilidades_domesticas,none,23,0,0.0,0,none
2018-04-16,WH_SOUTHEAST,Southeast FC,CAR_C,Carrier C,artes,none,1,0,0.0,0,none
2018-04-16,WH_SOUTHEAST,Southeast FC,CAR_C,Carrier C,artes_e_artesanato,none,1,0,0.0,0,none
2018-04-16,WH_SOUTHEAST,Southeast FC,CAR_C,Carrier C,audio,none,1,0,0.0,0,none
2018-04-16,WH_SOUTHEAST,Southeast FC,CAR_C,Carrier C,automotivo,none,14,0,0.0,0,none
2018-04-16,WH_SOUTHEAST,Southeast FC,CAR_C,Carrier C,bebes,missing,2,2,100.0,0,none
2018-04-16,WH_SOUTHEAST,Southeast FC,CAR_C,Carrier C,bebes,none,13,0,0.0,0,none
2018-04-16,WH_SOUTHEAST,Southeast FC,CAR_C,Carrier C,bebidas,none,2,0,0.0,0,none
2018-04-16,WH_SOUTHEAST,Southeast FC,CAR_C,Carrier C,beleza_saude,none,12,0,0.0,0,none
2018-04-16,WH_SOUTHEAST,Southeast FC,CAR_C,Carrier C,brinquedos,none,8,0,0.0,0,none
2018-04-16,WH_SOUTHEAST,Southeast FC,CAR_C,Carrier C,cama_mesa_banho,damaged,1,1,100.0,0,none
2018-04-16,WH_SOUTHEAST,Southeast FC,CAR_C,Carrier C,cama_mesa_banho,failed,2,2,100.0,0,none
2018-04-16,WH_SOUTHEAST,Southeast FC,CAR_C,Carrier C,cama_mesa_banho,missing,1,1,100.0,0,none
2018-04-16,WH_SOUTHEAST,Southeast FC,CAR_C,Carrier C,cama_mesa_banho,none,29,0,0.0,0,none
2018-04-16,WH_SOUTHEAST,Southeast FC,CAR_C,Carrier C,casa_conforto,failed,1,1,100.0,0,none
2018-04-16,WH_SOUTHEAST,Southeast FC,CAR_C,Carrier C,casa_construcao,none,2,0,0.0,0,none
2018-04-16,WH_SOUTHEAST,Southeast FC,CAR_C,Carrier C,cine_foto,none,1,0,0.0,0,none
2018-04-16,WH_SOUTHEAST,Southeast FC,CAR_C,Carrier C,climatizacao,refund,1,1,100.0,0,none
2018-04-16,WH_SOUTHEAST,Southeast FC,CAR_C,Carrier C,construcao_ferramentas_construcao,none,3,0,0.0,0,none
2018-04-16,WH_SOUTHEAST,Southeast FC,CAR_C,Carrier C,construcao_ferramentas_construcao,wrong,1,1,100.0,0,none
2018-04-16,WH_SOUTHEAST,Southeast FC,CAR_C,Carrier C,construcao_ferramentas_iluminacao,none,3,0,0.0,0,none
2018-04-16,WH_SOUTHEAST,Southeast FC,CAR_C,Carrier C,construcao_ferramentas_jardim,none,1,0,0.0,0,none
2018-04-16,WH_SOUTHEAST,Southeast FC,CAR_C,Carrier C,construcao_ferramentas_seguranca,none,1,0,0.0,0,none
2018-04-16,WH_SOUTHEAST,Southeast FC,CAR_C,Carrier C,cool_stuff,none,8,0,0.0,0,none
2018-04-16,WH_SOUTHEAST,Southeast FC,CAR_C,Carrier C,eletrodomesticos,none,3,0,0.0,0,none
2018-04-16,WH_SOUTHEAST,Southeast FC,CAR_C,Carrier C,eletronicos,failed,1,1,100.0,0,none
2018-04-16,WH_SOUTHEAST,Southeast FC,CAR_C,Carrier C,eletronicos,none,2,0,0.0,0,none
2018-04-16,WH_SOUTHEAST,Southeast FC,CAR_C,Carrier C,esporte_lazer,failed,1,1,100.0,0,none
2018-04-16,WH_SOUTHEAST,Southeast FC,CAR_C,Carrier C,esporte_lazer,missing,1,1,100.0,0,none
2018-04-16,WH_SOUTHEAST,Southeast FC,CAR_C,Carrier C,esporte_lazer,none,22,0,0.0,0,none
2018-04-16,WH_SOUTHEAST,Southeast FC,CAR_C,Carrier C,esporte_lazer,refund,1,1,100.0,0,none
2018-04-16,WH_SOUTHEAST,Southeast FC,CAR_C,Carrier C,fashion_bolsas_e_acessorios,none,2,0,0.0,0,none
2018-04-16,WH_SOUTHEAST,Southeast FC,CAR_C,Carrier C,fashion_calcados,none,1,0,0.0,0,none
2018-04-16,WH_SOUTHEAST,Southeast FC,CAR_C,Carrier C,ferramentas_jardim,none,11,0,0.0,0,none
2018-04-16,WH_SOUTHEAST,Southeast FC,CAR_C,Carrier C,informatica_acessorios,none,23,0,0.0,0,none
2018-04-16,WH_SOUTHEAST,Southeast FC,CAR_C,Carrier C,instrumentos_musicais,none,3,0,0.0,0,none
2018-04-16,WH_SOUTHEAST,Southeast FC,CAR_C,Carrier C,livros_interesse_geral,none,4,0,0.0,0,none
2018-04-16,WH_SOUTHEAST,Southeast FC,CAR_C,Carrier C,livros_interesse_geral,wrong,1,1,100.0,0,none
2018-04-16,WH_SOUTHEAST,Southeast FC,CAR_C,Carrier C,livros_tecnicos,none,1,0,0.0,0,none
2018-04-16,WH_SOUTHEAST,Southeast FC,CAR_C,Carrier C,malas_acessorios,none,3,0,0.0,0,none
2018-04-16,WH_SOUTHEAST,Southeast FC,CAR_C,Carrier C,moveis_cozinha_area_de_servico_jantar_e_jardim,none,1,0,0.0,0,none
2018-04-16,WH_SOUTHEAST,Southeast FC,CAR_C,Carrier C,moveis_decoracao,damaged,3,3,100.0,0,none
2018-04-16,WH_SOUTHEAST,Southeast FC,CAR_C,Carrier C,moveis_decoracao,none,23,0,0.0,0,none
2018-04-16,WH_SOUTHEAST,Southeast FC,CAR_C,Carrier C,moveis_decoracao,refund,2,2,100.0,0,none
2018-04-16,WH_SOUTHEAST,Southeast FC,CAR_C,Carrier C,moveis_decoracao,wrong,2,2,100.0,0,none
2018-04-16,WH_SOUTHEAST,Southeast FC,CAR_C,Carrier C,moveis_escritorio,none,2,0,0.0,0,none
2018-04-16,WH_SOUTHEAST,Southeast FC,CAR_C,Carrier C,moveis_quarto,none,1,0,0.0,0,none
2018-04-16,WH_SOUTHEAST,Southeast FC,CAR_C,Carrier C,moveis_sala,none,1,0,0.0,0,none
2018-04-16,WH_SOUTHEAST,Southeast FC,CAR_C,Carrier C,papelaria,none,6,0,0.0,0,none
2018-04-16,WH_SOUTHEAST,Southeast FC,CAR_C,Carrier C,papelaria,wrong,2,2,100.0,0,none
2018-04-16,WH_SOUTHEAST,Southeast FC,CAR_C,Carrier C,pcs,none,3,0,0.0,0,none
2018-04-16,WH_SOUTHEAST,Southeast FC,CAR_C,Carrier C,perfumaria,none,3,0,0.0,0,none
2018-04-16,WH_SOUTHEAST,Southeast FC,CAR_C,Carrier C,pet_shop,none,7,0,0.0,0,none
2018-04-16,WH_SOUTHEAST,Southeast FC,CAR_C,Carrier C,portateis_casa_forno_e_cafe,damaged,1,1,100.0,0,none
2018-04-16,WH_SOUTHEAST,Southeast FC,CAR_C,Carrier C,relogios_presentes,none,15,0,0.0,0,none
2018-04-16,WH_SOUTHEAST,Southeast FC,CAR_C,Carrier C,telefonia,none,9,0,0.0,0,none
2018-04-16,WH_SOUTHEAST,Southeast FC,CAR_C,Carrier C,unknown,none,1,0,0.0,0,none
2018-04-16,WH_SOUTHEAST,Southeast FC,CAR_C,Carrier C,utilidades_domesticas,failed,1,1,100.0,0,none
2018-04-16,WH_SOUTHEAST,Southeast FC,CAR_C,Carrier C,utilidades_domesticas,none,15,0,0.0,0,none
2018-04-16,WH_SOUTHEAST,Southeast FC,CAR_C,Carrier C,utilidades_domesticas,refund,3,3,100.0,0,none
2018-04-16,WH_SOUTHEAST,Southeast FC,CAR_C,Carrier C,utilidades_domesticas,wrong,1,1,100.0,0,none
2018-04-16,WH_SOUTHEAST,Southeast FC,CAR_D,Carrier D,automotivo,none,4,0,0.0,0,none
2018-04-16,WH_SOUTHEAST,Southeast FC,CAR_D,Carrier D,bebes,none,5,0,0.0,0,none
2018-04-16,WH_SOUTHEAST,Southeast FC,CAR_D,Carrier D,beleza_saude,none,14,0,0.0,0,none
2018-04-16,WH_SOUTHEAST,Southeast FC,CAR_D,Carrier D,brinquedos,failed,1,1,100.0,0,none
2018-04-16,WH_SOUTHEAST,Southeast FC,CAR_D,Carrier D,brinquedos,none,3,0,0.0,0,none
2018-04-16,WH_SOUTHEAST,Southeast FC,CAR_D,Carrier D,cama_mesa_banho,damaged,1,1,100.0,0,none
2018-04-16,WH_SOUTHEAST,Southeast FC,CAR_D,Carrier D,cama_mesa_banho,none,12,0,0.0,0,none
2018-04-16,WH_SOUTHEAST,Southeast FC,CAR_D,Carrier D,construcao_ferramentas_construcao,failed,1,1,100.0,0,none
2018-04-16,WH_SOUTHEAST,Southeast FC,CAR_D,Carrier D,construcao_ferramentas_construcao,none,1,0,0.0,0,none
2018-04-16,WH_SOUTHEAST,Southeast FC,CAR_D,Carrier D,construcao_ferramentas_seguranca,none,1,0,0.0,0,none
2018-04-16,WH_SOUTHEAST,Southeast FC,CAR_D,Carrier D,cool_stuff,none,5,0,0.0,0,none
2018-04-16,WH_SOUTHEAST,Southeast FC,CAR_D,Carrier D,eletrodomesticos,none,2,0,0.0,0,none
2018-04-16,WH_SOUTHEAST,Southeast FC,CAR_D,Carrier D,eletronicos,none,3,0,0.0,0,none
2018-04-16,WH_SOUTHEAST,Southeast FC,CAR_D,Carrier D,eletronicos,wrong,1,1,100.0,0,none
2018-04-16,WH_SOUTHEAST,Southeast FC,CAR_D,Carrier D,esporte_lazer,none,8,0,0.0,0,none
2018-04-16,WH_SOUTHEAST,Southeast FC,CAR_D,Carrier D,fashion_bolsas_e_acessorios,none,4,0,0.0,0,none
2018-04-16,WH_SOUTHEAST,Southeast FC,CAR_D,Carrier D,ferramentas_jardim,none,6,0,0.0,0,none
2018-04-16,WH_SOUTHEAST,Southeast FC,CAR_D,Carrier D,ferramentas_jardim,refund,1,1,100.0,0,none
2018-04-16,WH_SOUTHEAST,Southeast FC,CAR_D,Carrier D,industria_comercio_e_negocios,none,1,0,0.0,0,none
2018-04-16,WH_SOUTHEAST,Southeast FC,CAR_D,Carrier D,informatica_acessorios,none,13,0,0.0,0,none
2018-04-16,WH_SOUTHEAST,Southeast FC,CAR_D,Carrier D,instrumentos_musicais,none,3,0,0.0,0,none
2018-04-16,WH_SOUTHEAST,Southeast FC,CAR_D,Carrier D,la_cuisine,none,1,0,0.0,0,none
2018-04-16,WH_SOUTHEAST,Southeast FC,CAR_D,Carrier D,livros_interesse_geral,none,1,0,0.0,0,none
2018-04-16,WH_SOUTHEAST,Southeast FC,CAR_D,Carrier D,moveis_cozinha_area_de_servico_jantar_e_jardim,none,1,0,0.0,0,none
2018-04-16,WH_SOUTHEAST,Southeast FC,CAR_D,Carrier D,moveis_decoracao,missing,1,1,100.0,0,none
2018-04-16,WH_SOUTHEAST,Southeast FC,CAR_D,Carrier D,moveis_decoracao,none,5,0,0.0,0,none
2018-04-16,WH_SOUTHEAST,Southeast FC,CAR_D,Carrier D,moveis_escritorio,none,6,0,0.0,0,none
2018-04-16,WH_SOUTHEAST,Southeast FC,CAR_D,Carrier D,moveis_sala,none,1,0,0.0,0,none
2018-04-16,WH_SOUTHEAST,Southeast FC,CAR_D,Carrier D,papelaria,none,5,0,0.0,0,none
2018-04-16,WH_SOUTHEAST,Southeast FC,CAR_D,Carrier D,perfumaria,none,2,0,0.0,0,none
2018-04-16,WH_SOUTHEAST,Southeast FC,CAR_D,Carrier D,perfumaria,wrong,1,1,100.0,0,none
2018-04-16,WH_SOUTHEAST,Southeast FC,CAR_D,Carrier D,pet_shop,none,2,0,0.0,0,none
2018-04-16,WH_SOUTHEAST,Southeast FC,CAR_D,Carrier D,relogios_presentes,none,10,0,0.0,0,none
2018-04-16,WH_SOUTHEAST,Southeast FC,CAR_D,Carrier D,sinalizacao_e_seguranca,none,1,0,0.0,0,none
2018-04-16,WH_SOUTHEAST,Southeast FC,CAR_D,Carrier D,telefonia,failed,1,1,100.0,0,none
2018-04-16,WH_SOUTHEAST,Southeast FC,CAR_D,Carrier D,telefonia,none,6,0,0.0,0,none
2018-04-16,WH_SOUTHEAST,Southeast FC,CAR_D,Carrier D,telefonia,wrong,1,1,100.0,0,none
2018-04-16,WH_SOUTHEAST,Southeast FC,CAR_D,Carrier D,utilidades_domesticas,none,8,0,0.0,0,none
2018-04-16,WH_SOUTHEAST,Southeast FC,CAR_D,Carrier D,utilidades_domesticas,refund,1,1,100.0,0,none
2018-04-16,WH_SOUTHEAST,Southeast FC,CAR_D,Carrier D,utilidades_domesticas,wrong,1,1,100.0,0,none
2018-04-23,WH_CENTRAL_WEST,Central-West FC,CAR_A,Carrier A,automotivo,none,1,0,0.0,0,none
2018-04-23,WH_CENTRAL_WEST,Central-West FC,CAR_A,Carrier A,bebes,none,2,0,0.0,0,none
2018-04-23,WH_CENTRAL_WEST,Central-West FC,CAR_A,Carrier A,beleza_saude,none,3,0,0.0,0,none
2018-04-23,WH_CENTRAL_WEST,Central-West FC,CAR_A,Carrier A,brinquedos,none,1,0,0.0,0,none
2018-04-23,WH_CENTRAL_WEST,Central-West FC,CAR_A,Carrier A,cama_mesa_banho,none,2,0,0.0,0,none
2018-04-23,WH_CENTRAL_WEST,Central-West FC,CAR_A,Carrier A,construcao_ferramentas_construcao,none,1,0,0.0,0,none
2018-04-23,WH_CENTRAL_WEST,Central-West FC,CAR_A,Carrier A,eletrodomesticos,none,1,0,0.0,0,none
2018-04-23,WH_CENTRAL_WEST,Central-West FC,CAR_A,Carrier A,ferramentas_jardim,none,1,0,0.0,0,none
2018-04-23,WH_CENTRAL_WEST,Central-West FC,CAR_A,Carrier A,informatica_acessorios,none,4,0,0.0,0,none
2018-04-23,WH_CENTRAL_WEST,Central-West FC,CAR_A,Carrier A,moveis_decoracao,none,2,0,0.0,0,none
2018-04-23,WH_CENTRAL_WEST,Central-West FC,CAR_A,Carrier A,relogios_presentes,none,3,0,0.0,0,none
2018-04-23,WH_CENTRAL_WEST,Central-West FC,CAR_A,Carrier A,telefonia,none,2,0,0.0,0,none
2018-04-23,WH_CENTRAL_WEST,Central-West FC,CAR_A,Carrier A,unknown,none,1,0,0.0,0,none
2018-04-23,WH_CENTRAL_WEST,Central-West FC,CAR_A,Carrier A,utilidades_domesticas,none,2,0,0.0,0,none
2018-04-23,WH_CENTRAL_WEST,Central-West FC,CAR_B,Carrier B,alimentos,none,1,0,0.0,0,none
2018-04-23,WH_CENTRAL_WEST,Central-West FC,CAR_B,Carrier B,automotivo,none,1,0,0.0,0,none
2018-04-23,WH_CENTRAL_WEST,Central-West FC,CAR_B,Carrier B,beleza_saude,none,2,0,0.0,0,none
2018-04-23,WH_CENTRAL_WEST,Central-West FC,CAR_B,Carrier B,brinquedos,none,2,0,0.0,0,none
2018-04-23,WH_CENTRAL_WEST,Central-West FC,CAR_B,Carrier B,cama_mesa_banho,damaged,1,1,100.0,0,none
2018-04-23,WH_CENTRAL_WEST,Central-West FC,CAR_B,Carrier B,cama_mesa_banho,none,2,0,0.0,0,none
2018-04-23,WH_CENTRAL_WEST,Central-West FC,CAR_B,Carrier B,consoles_games,none,1,0,0.0,0,none
2018-04-23,WH_CENTRAL_WEST,Central-West FC,CAR_B,Carrier B,construcao_ferramentas_construcao,none,1,0,0.0,0,none
2018-04-23,WH_CENTRAL_WEST,Central-West FC,CAR_B,Carrier B,construcao_ferramentas_ferramentas,none,1,0,0.0,0,none
2018-04-23,WH_CENTRAL_WEST,Central-West FC,CAR_B,Carrier B,esporte_lazer,none,1,0,0.0,0,none
2018-04-23,WH_CENTRAL_WEST,Central-West FC,CAR_B,Carrier B,informatica_acessorios,damaged,1,1,100.0,0,none
2018-04-23,WH_CENTRAL_WEST,Central-West FC,CAR_B,Carrier B,malas_acessorios,none,1,0,0.0,0,none
2018-04-23,WH_CENTRAL_WEST,Central-West FC,CAR_B,Carrier B,moveis_decoracao,none,2,0,0.0,0,none
2018-04-23,WH_CENTRAL_WEST,Central-West FC,CAR_B,Carrier B,moveis_escritorio,none,1,0,0.0,0,none
2018-04-23,WH_CENTRAL_WEST,Central-West FC,CAR_B,Carrier B,musica,refund,1,1,100.0,0,none
2018-04-23,WH_CENTRAL_WEST,Central-West FC,CAR_B,Carrier B,perfumaria,none,1,0,0.0,0,none
2018-04-23,WH_CENTRAL_WEST,Central-West FC,CAR_B,Carrier B,pet_shop,none,1,0,0.0,0,none
2018-04-23,WH_CENTRAL_WEST,Central-West FC,CAR_B,Carrier B,relogios_presentes,none,2,0,0.0,0,none
2018-04-23,WH_CENTRAL_WEST,Central-West FC,CAR_B,Carrier B,relogios_presentes,refund,1,1,100.0,0,none
2018-04-23,WH_CENTRAL_WEST,Central-West FC,CAR_B,Carrier B,sinalizacao_e_seguranca,none,1,0,0.0,0,none
2018-04-23,WH_CENTRAL_WEST,Central-West FC,CAR_C,Carrier C,automotivo,none,2,0,0.0,0,none
2018-04-23,WH_CENTRAL_WEST,Central-West FC,CAR_C,Carrier C,bebes,none,1,0,0.0,0,none
2018-04-23,WH_CENTRAL_WEST,Central-West FC,CAR_C,Carrier C,bebidas,none,1,0,0.0,0,none
2018-04-23,WH_CENTRAL_WEST,Central-West FC,CAR_C,Carrier C,beleza_saude,none,2,0,0.0,0,none
2018-04-23,WH_CENTRAL_WEST,Central-West FC,CAR_C,Carrier C,brinquedos,none,1,0,0.0,0,none
2018-04-23,WH_CENTRAL_WEST,Central-West FC,CAR_C,Carrier C,cama_mesa_banho,none,2,0,0.0,0,none
2018-04-23,WH_CENTRAL_WEST,Central-West FC,CAR_C,Carrier C,fashion_calcados,none,1,0,0.0,0,none
2018-04-23,WH_CENTRAL_WEST,Central-West FC,CAR_C,Carrier C,ferramentas_jardim,none,1,0,0.0,0,none
2018-04-23,WH_CENTRAL_WEST,Central-West FC,CAR_C,Carrier C,industria_comercio_e_negocios,none,1,0,0.0,0,none
2018-04-23,WH_CENTRAL_WEST,Central-West FC,CAR_C,Carrier C,informatica_acessorios,none,2,0,0.0,0,none
2018-04-23,WH_CENTRAL_WEST,Central-West FC,CAR_C,Carrier C,livros_interesse_geral,none,1,0,0.0,0,none
2018-04-23,WH_CENTRAL_WEST,Central-West FC,CAR_C,Carrier C,malas_acessorios,none,1,0,0.0,0,none
2018-04-23,WH_CENTRAL_WEST,Central-West FC,CAR_C,Carrier C,moveis_decoracao,none,1,0,0.0,0,none
2018-04-23,WH_CENTRAL_WEST,Central-West FC,CAR_C,Carrier C,papelaria,none,1,0,0.0,0,none
2018-04-23,WH_CENTRAL_WEST,Central-West FC,CAR_C,Carrier C,perfumaria,none,1,0,0.0,0,none
2018-04-23,WH_CENTRAL_WEST,Central-West FC,CAR_C,Carrier C,relogios_presentes,none,4,0,0.0,0,none
2018-04-23,WH_CENTRAL_WEST,Central-West FC,CAR_D,Carrier D,automotivo,refund,1,1,100.0,0,none
2018-04-23,WH_CENTRAL_WEST,Central-West FC,CAR_D,Carrier D,bebes,failed,1,1,100.0,0,none
2018-04-23,WH_CENTRAL_WEST,Central-West FC,CAR_D,Carrier D,bebes,none,1,0,0.0,0,none
2018-04-23,WH_CENTRAL_WEST,Central-West FC,CAR_D,Carrier D,beleza_saude,missing,1,1,100.0,0,none
2018-04-23,WH_CENTRAL_WEST,Central-West FC,CAR_D,Carrier D,beleza_saude,none,3,0,0.0,0,none
2018-04-23,WH_CENTRAL_WEST,Central-West FC,CAR_D,Carrier D,cama_mesa_banho,none,1,0,0.0,0,none
2018-04-23,WH_CENTRAL_WEST,Central-West FC,CAR_D,Carrier D,cool_stuff,none,1,0,0.0,0,none
2018-04-23,WH_CENTRAL_WEST,Central-West FC,CAR_D,Carrier D,esporte_lazer,damaged,1,1,100.0,0,none
2018-04-23,WH_CENTRAL_WEST,Central-West FC,CAR_D,Carrier D,esporte_lazer,none,3,0,0.0,0,none
2018-04-23,WH_CENTRAL_WEST,Central-West FC,CAR_D,Carrier D,instrumentos_musicais,none,1,0,0.0,0,none
2018-04-23,WH_CENTRAL_WEST,Central-West FC,CAR_D,Carrier D,moveis_decoracao,none,2,0,0.0,0,none
2018-04-23,WH_CENTRAL_WEST,Central-West FC,CAR_D,Carrier D,papelaria,none,1,0,0.0,0,none
2018-04-23,WH_CENTRAL_WEST,Central-West FC,CAR_D,Carrier D,perfumaria,none,1,0,0.0,0,none
2018-04-23,WH_CENTRAL_WEST,Central-West FC,CAR_D,Carrier D,pet_shop,none,1,0,0.0,0,none
2018-04-23,WH_CENTRAL_WEST,Central-West FC,CAR_D,Carrier D,relogios_presentes,damaged,1,1,100.0,0,none
2018-04-23,WH_CENTRAL_WEST,Central-West FC,CAR_D,Carrier D,relogios_presentes,none,1,0,0.0,0,none
2018-04-23,WH_CENTRAL_WEST,Central-West FC,CAR_D,Carrier D,utilidades_domesticas,none,2,0,0.0,0,none
2018-04-23,WH_NORTH,North FC,CAR_A,Carrier A,beleza_saude,none,1,0,0.0,0,none
2018-04-23,WH_NORTH,North FC,CAR_A,Carrier A,casa_construcao,none,1,0,0.0,0,none
2018-04-23,WH_NORTH,North FC,CAR_A,Carrier A,construcao_ferramentas_construcao,none,1,0,0.0,0,none
2018-04-23,WH_NORTH,North FC,CAR_A,Carrier A,cool_stuff,none,2,0,0.0,0,none
2018-04-23,WH_NORTH,North FC,CAR_A,Carrier A,eletronicos,none,2,0,0.0,0,none
2018-04-23,WH_NORTH,North FC,CAR_A,Carrier A,esporte_lazer,failed,1,1,100.0,0,none
2018-04-23,WH_NORTH,North FC,CAR_A,Carrier A,esporte_lazer,none,1,0,0.0,0,none
2018-04-23,WH_NORTH,North FC,CAR_A,Carrier A,fashion_bolsas_e_acessorios,none,1,0,0.0,0,none
2018-04-23,WH_NORTH,North FC,CAR_A,Carrier A,portateis_casa_forno_e_cafe,none,1,0,0.0,0,none
2018-04-23,WH_NORTH,North FC,CAR_B,Carrier B,beleza_saude,none,2,0,0.0,0,none
2018-04-23,WH_NORTH,North FC,CAR_B,Carrier B,brinquedos,none,1,0,0.0,0,none
2018-04-23,WH_NORTH,North FC,CAR_B,Carrier B,cool_stuff,none,1,0,0.0,0,none
2018-04-23,WH_NORTH,North FC,CAR_B,Carrier B,eletronicos,none,1,0,0.0,0,none
2018-04-23,WH_NORTH,North FC,CAR_B,Carrier B,moveis_sala,none,1,0,0.0,0,none
2018-04-23,WH_NORTH,North FC,CAR_B,Carrier B,papelaria,none,1,0,0.0,0,none
2018-04-23,WH_NORTH,North FC,CAR_B,Carrier B,relogios_presentes,none,2,0,0.0,0,none
2018-04-23,WH_NORTH,North FC,CAR_B,Carrier B,utilidades_domesticas,none,1,0,0.0,0,none
2018-04-23,WH_NORTH,North FC,CAR_C,Carrier C,esporte_lazer,none,1,0,0.0,0,none
2018-04-23,WH_NORTH,North FC,CAR_C,Carrier C,informatica_acessorios,none,1,0,0.0,0,none
2018-04-23,WH_NORTH,North FC,CAR_C,Carrier C,relogios_presentes,none,1,0,0.0,0,none
2018-04-23,WH_NORTH,North FC,CAR_D,Carrier D,brinquedos,none,1,0,0.0,0,none
2018-04-23,WH_NORTH,North FC,CAR_D,Carrier D,moveis_cozinha_area_de_servico_jantar_e_jardim,none,1,0,0.0,0,none
2018-04-23,WH_NORTH,North FC,CAR_D,Carrier D,perfumaria,none,1,0,0.0,0,none
2018-04-23,WH_NORTH,North FC,CAR_D,Carrier D,relogios_presentes,none,1,0,0.0,0,none
2018-04-23,WH_SOUTH,South FC,CAR_A,Carrier A,audio,refund,1,1,100.0,0,none
2018-04-23,WH_SOUTH,South FC,CAR_A,Carrier A,automotivo,none,4,0,0.0,0,none
2018-04-23,WH_SOUTH,South FC,CAR_A,Carrier A,bebes,none,3,0,0.0,0,none
2018-04-23,WH_SOUTH,South FC,CAR_A,Carrier A,beleza_saude,none,9,0,0.0,0,none
2018-04-23,WH_SOUTH,South FC,CAR_A,Carrier A,brinquedos,missing,1,1,100.0,0,none
2018-04-23,WH_SOUTH,South FC,CAR_A,Carrier A,brinquedos,none,3,0,0.0,0,none
2018-04-23,WH_SOUTH,South FC,CAR_A,Carrier A,cama_mesa_banho,none,5,0,0.0,0,none
2018-04-23,WH_SOUTH,South FC,CAR_A,Carrier A,cama_mesa_banho,wrong,1,1,100.0,0,none
2018-04-23,WH_SOUTH,South FC,CAR_A,Carrier A,casa_conforto,none,1,0,0.0,0,none
2018-04-23,WH_SOUTH,South FC,CAR_A,Carrier A,casa_construcao,none,1,0,0.0,0,none
2018-04-23,WH_SOUTH,South FC,CAR_A,Carrier A,construcao_ferramentas_construcao,none,2,0,0.0,0,none
2018-04-23,WH_SOUTH,South FC,CAR_A,Carrier A,construcao_ferramentas_ferramentas,none,1,0,0.0,0,none
2018-04-23,WH_SOUTH,South FC,CAR_A,Carrier A,construcao_ferramentas_iluminacao,missing,1,1,100.0,0,none
2018-04-23,WH_SOUTH,South FC,CAR_A,Carrier A,construcao_ferramentas_iluminacao,none,1,0,0.0,0,none
2018-04-23,WH_SOUTH,South FC,CAR_A,Carrier A,construcao_ferramentas_seguranca,none,1,0,0.0,0,none
2018-04-23,WH_SOUTH,South FC,CAR_A,Carrier A,cool_stuff,none,2,0,0.0,0,none
2018-04-23,WH_SOUTH,South FC,CAR_A,Carrier A,dvds_blu_ray,none,1,0,0.0,0,none
2018-04-23,WH_SOUTH,South FC,CAR_A,Carrier A,eletrodomesticos,none,1,0,0.0,0,none
2018-04-23,WH_SOUTH,South FC,CAR_A,Carrier A,esporte_lazer,none,3,0,0.0,0,none
2018-04-23,WH_SOUTH,South FC,CAR_A,Carrier A,fashion_bolsas_e_acessorios,none,1,0,0.0,0,none
2018-04-23,WH_SOUTH,South FC,CAR_A,Carrier A,ferramentas_jardim,none,3,0,0.0,0,none
2018-04-23,WH_SOUTH,South FC,CAR_A,Carrier A,informatica_acessorios,none,2,0,0.0,0,none
2018-04-23,WH_SOUTH,South FC,CAR_A,Carrier A,livros_interesse_geral,none,2,0,0.0,0,none
2018-04-23,WH_SOUTH,South FC,CAR_A,Carrier A,livros_tecnicos,none,1,0,0.0,0,none
2018-04-23,WH_SOUTH,South FC,CAR_A,Carrier A,moveis_decoracao,none,4,0,0.0,0,none
2018-04-23,WH_SOUTH,South FC,CAR_A,Carrier A,perfumaria,none,2,0,0.0,0,none
2018-04-23,WH_SOUTH,South FC,CAR_A,Carrier A,relogios_presentes,none,9,0,0.0,0,none
2018-04-23,WH_SOUTH,South FC,CAR_A,Carrier A,telefonia,none,1,0,0.0,0,none
2018-04-23,WH_SOUTH,South FC,CAR_A,Carrier A,utilidades_domesticas,none,1,0,0.0,0,none
2018-04-23,WH_SOUTH,South FC,CAR_B,Carrier B,agro_industria_e_comercio,none,1,0,0.0,0,none
2018-04-23,WH_SOUTH,South FC,CAR_B,Carrier B,bebes,failed,1,1,100.0,0,none
2018-04-23,WH_SOUTH,South FC,CAR_B,Carrier B,bebes,none,1,0,0.0,0,none
2018-04-23,WH_SOUTH,South FC,CAR_B,Carrier B,beleza_saude,none,6,0,0.0,0,none
2018-04-23,WH_SOUTH,South FC,CAR_B,Carrier B,brinquedos,none,1,0,0.0,0,none
2018-04-23,WH_SOUTH,South FC,CAR_B,Carrier B,cama_mesa_banho,none,6,0,0.0,0,none
2018-04-23,WH_SOUTH,South FC,CAR_B,Carrier B,cool_stuff,none,1,0,0.0,0,none
2018-04-23,WH_SOUTH,South FC,CAR_B,Carrier B,eletrodomesticos,none,1,0,0.0,0,none
2018-04-23,WH_SOUTH,South FC,CAR_B,Carrier B,eletronicos,damaged,1,1,100.0,0,none
2018-04-23,WH_SOUTH,South FC,CAR_B,Carrier B,eletronicos,none,4,0,0.0,0,none
2018-04-23,WH_SOUTH,South FC,CAR_B,Carrier B,esporte_lazer,damaged,1,1,100.0,0,none
2018-04-23,WH_SOUTH,South FC,CAR_B,Carrier B,esporte_lazer,none,6,0,0.0,0,none
2018-04-23,WH_SOUTH,South FC,CAR_B,Carrier B,ferramentas_jardim,none,3,0,0.0,0,none
2018-04-23,WH_SOUTH,South FC,CAR_B,Carrier B,industria_comercio_e_negocios,none,2,0,0.0,0,none
2018-04-23,WH_SOUTH,South FC,CAR_B,Carrier B,informatica_acessorios,none,2,0,0.0,0,none
2018-04-23,WH_SOUTH,South FC,CAR_B,Carrier B,instrumentos_musicais,none,1,0,0.0,0,none
2018-04-23,WH_SOUTH,South FC,CAR_B,Carrier B,malas_acessorios,none,1,0,0.0,0,none
2018-04-23,WH_SOUTH,South FC,CAR_B,Carrier B,moveis_cozinha_area_de_servico_jantar_e_jardim,none,1,0,0.0,0,none
2018-04-23,WH_SOUTH,South FC,CAR_B,Carrier B,moveis_decoracao,missing,1,1,100.0,0,none
2018-04-23,WH_SOUTH,South FC,CAR_B,Carrier B,moveis_decoracao,none,9,0,0.0,0,none
2018-04-23,WH_SOUTH,South FC,CAR_B,Carrier B,moveis_sala,none,1,0,0.0,0,none
2018-04-23,WH_SOUTH,South FC,CAR_B,Carrier B,papelaria,none,2,0,0.0,0,none
2018-04-23,WH_SOUTH,South FC,CAR_B,Carrier B,perfumaria,none,5,0,0.0,0,none
2018-04-23,WH_SOUTH,South FC,CAR_B,Carrier B,pet_shop,none,2,0,0.0,0,none
2018-04-23,WH_SOUTH,South FC,CAR_B,Carrier B,relogios_presentes,damaged,1,1,100.0,0,none
2018-04-23,WH_SOUTH,South FC,CAR_B,Carrier B,relogios_presentes,none,9,0,0.0,0,none
2018-04-23,WH_SOUTH,South FC,CAR_B,Carrier B,sinalizacao_e_seguranca,refund,1,1,100.0,0,none
2018-04-23,WH_SOUTH,South FC,CAR_B,Carrier B,tablets_impressao_imagem,none,1,0,0.0,0,none
2018-04-23,WH_SOUTH,South FC,CAR_B,Carrier B,telefonia,none,3,0,0.0,0,none
2018-04-23,WH_SOUTH,South FC,CAR_B,Carrier B,unknown,missing,1,1,100.0,0,none
2018-04-23,WH_SOUTH,South FC,CAR_B,Carrier B,utilidades_domesticas,none,6,0,0.0,0,none
2018-04-23,WH_SOUTH,South FC,CAR_C,Carrier C,artes,none,1,0,0.0,0,none
2018-04-23,WH_SOUTH,South FC,CAR_C,Carrier C,bebes,failed,1,1,100.0,0,none
2018-04-23,WH_SOUTH,South FC,CAR_C,Carrier C,bebes,none,1,0,0.0,0,none
2018-04-23,WH_SOUTH,South FC,CAR_C,Carrier C,beleza_saude,failed,1,1,100.0,0,none
2018-04-23,WH_SOUTH,South FC,CAR_C,Carrier C,beleza_saude,none,3,0,0.0,0,none
2018-04-23,WH_SOUTH,South FC,CAR_C,Carrier C,cama_mesa_banho,missing,1,1,100.0,0,none
2018-04-23,WH_SOUTH,South FC,CAR_C,Carrier C,cama_mesa_banho,none,6,0,0.0,0,none
2018-04-23,WH_SOUTH,South FC,CAR_C,Carrier C,cine_foto,none,1,0,0.0,0,none
2018-04-23,WH_SOUTH,South FC,CAR_C,Carrier C,consoles_games,none,1,0,0.0,0,none
2018-04-23,WH_SOUTH,South FC,CAR_C,Carrier C,construcao_ferramentas_construcao,none,1,0,0.0,0,none
2018-04-23,WH_SOUTH,South FC,CAR_C,Carrier C,construcao_ferramentas_iluminacao,none,2,0,0.0,0,none
2018-04-23,WH_SOUTH,South FC,CAR_C,Carrier C,construcao_ferramentas_seguranca,none,1,0,0.0,0,none
2018-04-23,WH_SOUTH,South FC,CAR_C,Carrier C,cool_stuff,none,1,0,0.0,0,none
2018-04-23,WH_SOUTH,South FC,CAR_C,Carrier C,eletrodomesticos,damaged,1,1,100.0,0,none
2018-04-23,WH_SOUTH,South FC,CAR_C,Carrier C,eletronicos,none,4,0,0.0,0,none
2018-04-23,WH_SOUTH,South FC,CAR_C,Carrier C,esporte_lazer,failed,1,1,100.0,0,none
2018-04-23,WH_SOUTH,South FC,CAR_C,Carrier C,esporte_lazer,none,4,0,0.0,0,none
2018-04-23,WH_SOUTH,South FC,CAR_C,Carrier C,esporte_lazer,refund,1,1,100.0,0,none
2018-04-23,WH_SOUTH,South FC,CAR_C,Carrier C,ferramentas_jardim,none,4,0,0.0,0,none
2018-04-23,WH_SOUTH,South FC,CAR_C,Carrier C,informatica_acessorios,missing,1,1,100.0,0,none
2018-04-23,WH_SOUTH,South FC,CAR_C,Carrier C,informatica_acessorios,none,3,0,0.0,0,none
2018-04-23,WH_SOUTH,South FC,CAR_C,Carrier C,malas_acessorios,none,1,0,0.0,0,none
2018-04-23,WH_SOUTH,South FC,CAR_C,Carrier C,moveis_decoracao,none,4,0,0.0,0,none
2018-04-23,WH_SOUTH,South FC,CAR_C,Carrier C,perfumaria,none,1,0,0.0,0,none
2018-04-23,WH_SOUTH,South FC,CAR_C,Carrier C,relogios_presentes,damaged,1,1,100.0,0,none
2018-04-23,WH_SOUTH,South FC,CAR_C,Carrier C,relogios_presentes,none,3,0,0.0,0,none
2018-04-23,WH_SOUTH,South FC,CAR_C,Carrier C,unknown,none,1,0,0.0,0,none
2018-04-23,WH_SOUTH,South FC,CAR_C,Carrier C,utilidades_domesticas,none,1,0,0.0,0,none
2018-04-23,WH_SOUTH,South FC,CAR_D,Carrier D,bebes,none,1,0,0.0,0,none
2018-04-23,WH_SOUTH,South FC,CAR_D,Carrier D,beleza_saude,none,2,0,0.0,0,none
2018-04-23,WH_SOUTH,South FC,CAR_D,Carrier D,cama_mesa_banho,none,1,0,0.0,0,none
2018-04-23,WH_SOUTH,South FC,CAR_D,Carrier D,climatizacao,none,1,0,0.0,0,none
2018-04-23,WH_SOUTH,South FC,CAR_D,Carrier D,cool_stuff,none,1,0,0.0,0,none
2018-04-23,WH_SOUTH,South FC,CAR_D,Carrier D,esporte_lazer,none,1,0,0.0,0,none
2018-04-23,WH_SOUTH,South FC,CAR_D,Carrier D,ferramentas_jardim,none,3,0,0.0,0,none
2018-04-23,WH_SOUTH,South FC,CAR_D,Carrier D,instrumentos_musicais,none,1,0,0.0,0,none
2018-04-23,WH_SOUTH,South FC,CAR_D,Carrier D,livros_interesse_geral,none,1,0,0.0,0,none
2018-04-23,WH_SOUTH,South FC,CAR_D,Carrier D,moveis_decoracao,none,4,0,0.0,0,none
2018-04-23,WH_SOUTH,South FC,CAR_D,Carrier D,moveis_escritorio,none,1,0,0.0,0,none
2018-04-23,WH_SOUTH,South FC,CAR_D,Carrier D,papelaria,none,1,0,0.0,0,none
2018-04-23,WH_SOUTH,South FC,CAR_D,Carrier D,perfumaria,refund,1,1,100.0,0,none
2018-04-23,WH_SOUTH,South FC,CAR_D,Carrier D,pet_shop,none,1,0,0.0,0,none
2018-04-23,WH_SOUTH,South FC,CAR_D,Carrier D,relogios_presentes,none,2,0,0.0,0,none
2018-04-23,WH_SOUTH,South FC,CAR_D,Carrier D,telefonia,none,3,0,0.0,0,none
2018-04-23,WH_SOUTH,South FC,CAR_D,Carrier D,utilidades_domesticas,none,3,0,0.0,0,none
2018-04-23,WH_SOUTHEAST,Southeast FC,CAR_A,Carrier A,alimentos_bebidas,none,2,0,0.0,0,none
2018-04-23,WH_SOUTHEAST,Southeast FC,CAR_A,Carrier A,artes,none,1,0,0.0,0,none
2018-04-23,WH_SOUTHEAST,Southeast FC,CAR_A,Carrier A,artigos_de_natal,none,2,0,0.0,0,none
2018-04-23,WH_SOUTHEAST,Southeast FC,CAR_A,Carrier A,audio,none,2,0,0.0,0,none
2018-04-23,WH_SOUTHEAST,Southeast FC,CAR_A,Carrier A,automotivo,failed,2,2,100.0,0,none
2018-04-23,WH_SOUTHEAST,Southeast FC,CAR_A,Carrier A,automotivo,none,21,0,0.0,0,none
2018-04-23,WH_SOUTHEAST,Southeast FC,CAR_A,Carrier A,bebes,none,6,0,0.0,0,none
2018-04-23,WH_SOUTHEAST,Southeast FC,CAR_A,Carrier A,bebidas,none,4,0,0.0,0,none
2018-04-23,WH_SOUTHEAST,Southeast FC,CAR_A,Carrier A,beleza_saude,none,41,0,0.0,0,none
2018-04-23,WH_SOUTHEAST,Southeast FC,CAR_A,Carrier A,brinquedos,none,7,0,0.0,0,none
2018-04-23,WH_SOUTHEAST,Southeast FC,CAR_A,Carrier A,brinquedos,refund,1,1,100.0,0,none
2018-04-23,WH_SOUTHEAST,Southeast FC,CAR_A,Carrier A,cama_mesa_banho,failed,1,1,100.0,0,none
2018-04-23,WH_SOUTHEAST,Southeast FC,CAR_A,Carrier A,cama_mesa_banho,none,30,0,0.0,0,none
2018-04-23,WH_SOUTHEAST,Southeast FC,CAR_A,Carrier A,casa_conforto,none,1,0,0.0,0,none
2018-04-23,WH_SOUTHEAST,Southeast FC,CAR_A,Carrier A,casa_construcao,none,7,0,0.0,0,none
2018-04-23,WH_SOUTHEAST,Southeast FC,CAR_A,Carrier A,climatizacao,none,4,0,0.0,0,none
2018-04-23,WH_SOUTHEAST,Southeast FC,CAR_A,Carrier A,consoles_games,none,2,0,0.0,0,none
2018-04-23,WH_SOUTHEAST,Southeast FC,CAR_A,Carrier A,construcao_ferramentas_construcao,none,3,0,0.0,0,none
2018-04-23,WH_SOUTHEAST,Southeast FC,CAR_A,Carrier A,construcao_ferramentas_ferramentas,none,1,0,0.0,0,none
2018-04-23,WH_SOUTHEAST,Southeast FC,CAR_A,Carrier A,construcao_ferramentas_iluminacao,none,2,0,0.0,0,none
2018-04-23,WH_SOUTHEAST,Southeast FC,CAR_A,Carrier A,construcao_ferramentas_jardim,none,1,0,0.0,0,none
2018-04-23,WH_SOUTHEAST,Southeast FC,CAR_A,Carrier A,construcao_ferramentas_seguranca,none,1,0,0.0,0,none
2018-04-23,WH_SOUTHEAST,Southeast FC,CAR_A,Carrier A,cool_stuff,failed,1,1,100.0,0,none
2018-04-23,WH_SOUTHEAST,Southeast FC,CAR_A,Carrier A,cool_stuff,none,6,0,0.0,0,none
2018-04-23,WH_SOUTHEAST,Southeast FC,CAR_A,Carrier A,eletrodomesticos,none,5,0,0.0,0,none
2018-04-23,WH_SOUTHEAST,Southeast FC,CAR_A,Carrier A,eletrodomesticos_2,none,2,0,0.0,0,none
2018-04-23,WH_SOUTHEAST,Southeast FC,CAR_A,Carrier A,eletronicos,missing,1,1,100.0,0,none
2018-04-23,WH_SOUTHEAST,Southeast FC,CAR_A,Carrier A,eletronicos,none,15,0,0.0,0,none
2018-04-23,WH_SOUTHEAST,Southeast FC,CAR_A,Carrier A,eletronicos,wrong,1,1,100.0,0,none
2018-04-23,WH_SOUTHEAST,Southeast FC,CAR_A,Carrier A,eletroportateis,none,5,0,0.0,0,none
2018-04-23,WH_SOUTHEAST,Southeast FC,CAR_A,Carrier A,esporte_lazer,damaged,1,1,100.0,0,none
2018-04-23,WH_SOUTHEAST,Southeast FC,CAR_A,Carrier A,esporte_lazer,failed,1,1,100.0,0,none
2018-04-23,WH_SOUTHEAST,Southeast FC,CAR_A,Carrier A,esporte_lazer,missing,1,1,100.0,0,none
2018-04-23,WH_SOUTHEAST,Southeast FC,CAR_A,Carrier A,esporte_lazer,none,27,0,0.0,0,none
2018-04-23,WH_SOUTHEAST,Southeast FC,CAR_A,Carrier A,fashion_bolsas_e_acessorios,none,7,0,0.0,0,none
2018-04-23,WH_SOUTHEAST,Southeast FC,CAR_A,Carrier A,fashion_bolsas_e_acessorios,refund,1,1,100.0,0,none
2018-04-23,WH_SOUTHEAST,Southeast FC,CAR_A,Carrier A,fashion_underwear_e_moda_praia,none,1,0,0.0,0,none
2018-04-23,WH_SOUTHEAST,Southeast FC,CAR_A,Carrier A,ferramentas_jardim,none,9,0,0.0,0,none
2018-04-23,WH_SOUTHEAST,Southeast FC,CAR_A,Carrier A,ferramentas_jardim,refund,1,1,100.0,0,none
2018-04-23,WH_SOUTHEAST,Southeast FC,CAR_A,Carrier A,ferramentas_jardim,wrong,1,1,100.0,0,none
2018-04-23,WH_SOUTHEAST,Southeast FC,CAR_A,Carrier A,industria_comercio_e_negocios,none,3,0,0.0,0,none
2018-04-23,WH_SOUTHEAST,Southeast FC,CAR_A,Carrier A,informatica_acessorios,damaged,1,1,100.0,0,none
2018-04-23,WH_SOUTHEAST,Southeast FC,CAR_A,Carrier A,informatica_acessorios,none,26,0,0.0,0,none
2018-04-23,WH_SOUTHEAST,Southeast FC,CAR_A,Carrier A,instrumentos_musicais,none,4,0,0.0,0,none
2018-04-23,WH_SOUTHEAST,Southeast FC,CAR_A,Carrier A,livros_interesse_geral,none,4,0,0.0,0,none
2018-04-23,WH_SOUTHEAST,Southeast FC,CAR_A,Carrier A,livros_tecnicos,damaged,1,1,100.0,0,none
2018-04-23,WH_SOUTHEAST,Southeast FC,CAR_A,Carrier A,livros_tecnicos,none,4,0,0.0,0,none
2018-04-23,WH_SOUTHEAST,Southeast FC,CAR_A,Carrier A,malas_acessorios,none,4,0,0.0,0,none
2018-04-23,WH_SOUTHEAST,Southeast FC,CAR_A,Carrier A,market_place,none,2,0,0.0,0,none
2018-04-23,WH_SOUTHEAST,Southeast FC,CAR_A,Carrier A,moveis_cozinha_area_de_servico_jantar_e_jardim,none,1,0,0.0,0,none
2018-04-23,WH_SOUTHEAST,Southeast FC,CAR_A,Carrier A,moveis_decoracao,damaged,1,1,100.0,0,none
2018-04-23,WH_SOUTHEAST,Southeast FC,CAR_A,Carrier A,moveis_decoracao,none,19,0,0.0,0,none
2018-04-23,WH_SOUTHEAST,Southeast FC,CAR_A,Carrier A,moveis_escritorio,missing,1,1,100.0,0,none
2018-04-23,WH_SOUTHEAST,Southeast FC,CAR_A,Carrier A,moveis_escritorio,none,2,0,0.0,0,none
2018-04-23,WH_SOUTHEAST,Southeast FC,CAR_A,Carrier A,papelaria,none,5,0,0.0,0,none
2018-04-23,WH_SOUTHEAST,Southeast FC,CAR_A,Carrier A,perfumaria,none,5,0,0.0,0,none
2018-04-23,WH_SOUTHEAST,Southeast FC,CAR_A,Carrier A,pet_shop,none,14,0,0.0,0,none
2018-04-23,WH_SOUTHEAST,Southeast FC,CAR_A,Carrier A,relogios_presentes,damaged,1,1,100.0,0,none
2018-04-23,WH_SOUTHEAST,Southeast FC,CAR_A,Carrier A,relogios_presentes,missing,2,2,100.0,0,none
2018-04-23,WH_SOUTHEAST,Southeast FC,CAR_A,Carrier A,relogios_presentes,none,34,0,0.0,0,none
2018-04-23,WH_SOUTHEAST,Southeast FC,CAR_A,Carrier A,relogios_presentes,refund,1,1,100.0,0,none
2018-04-23,WH_SOUTHEAST,Southeast FC,CAR_A,Carrier A,sinalizacao_e_seguranca,none,1,0,0.0,0,none
2018-04-23,WH_SOUTHEAST,Southeast FC,CAR_A,Carrier A,telefonia,none,18,0,0.0,0,none
2018-04-23,WH_SOUTHEAST,Southeast FC,CAR_A,Carrier A,utilidades_domesticas,none,31,0,0.0,0,none
2018-04-23,WH_SOUTHEAST,Southeast FC,CAR_A,Carrier A,utilidades_domesticas,refund,1,1,100.0,0,none
2018-04-23,WH_SOUTHEAST,Southeast FC,CAR_B,Carrier B,agro_industria_e_comercio,none,1,0,0.0,0,none
2018-04-23,WH_SOUTHEAST,Southeast FC,CAR_B,Carrier B,alimentos,none,3,0,0.0,0,none
2018-04-23,WH_SOUTHEAST,Southeast FC,CAR_B,Carrier B,alimentos_bebidas,none,3,0,0.0,0,none
2018-04-23,WH_SOUTHEAST,Southeast FC,CAR_B,Carrier B,artes,none,3,0,0.0,0,none
2018-04-23,WH_SOUTHEAST,Southeast FC,CAR_B,Carrier B,artes,refund,1,1,100.0,0,none
2018-04-23,WH_SOUTHEAST,Southeast FC,CAR_B,Carrier B,audio,none,3,0,0.0,0,none
2018-04-23,WH_SOUTHEAST,Southeast FC,CAR_B,Carrier B,automotivo,failed,1,1,100.0,0,none
2018-04-23,WH_SOUTHEAST,Southeast FC,CAR_B,Carrier B,automotivo,none,21,0,0.0,0,none
2018-04-23,WH_SOUTHEAST,Southeast FC,CAR_B,Carrier B,bebes,none,11,0,0.0,0,none
2018-04-23,WH_SOUTHEAST,Southeast FC,CAR_B,Carrier B,beleza_saude,damaged,1,1,100.0,0,none
2018-04-23,WH_SOUTHEAST,Southeast FC,CAR_B,Carrier B,beleza_saude,failed,1,1,100.0,0,none
2018-04-23,WH_SOUTHEAST,Southeast FC,CAR_B,Carrier B,beleza_saude,none,43,0,0.0,0,none
2018-04-23,WH_SOUTHEAST,Southeast FC,CAR_B,Carrier B,beleza_saude,wrong,1,1,100.0,0,none
2018-04-23,WH_SOUTHEAST,Southeast FC,CAR_B,Carrier B,brinquedos,none,15,0,0.0,0,none
2018-04-23,WH_SOUTHEAST,Southeast FC,CAR_B,Carrier B,cama_mesa_banho,failed,1,1,100.0,0,none
2018-04-23,WH_SOUTHEAST,Southeast FC,CAR_B,Carrier B,cama_mesa_banho,none,37,0,0.0,0,none
2018-04-23,WH_SOUTHEAST,Southeast FC,CAR_B,Carrier B,casa_conforto,none,1,0,0.0,0,none
2018-04-23,WH_SOUTHEAST,Southeast FC,CAR_B,Carrier B,casa_construcao,none,6,0,0.0,0,none
2018-04-23,WH_SOUTHEAST,Southeast FC,CAR_B,Carrier B,construcao_ferramentas_construcao,none,3,0,0.0,0,none
2018-04-23,WH_SOUTHEAST,Southeast FC,CAR_B,Carrier B,construcao_ferramentas_iluminacao,none,1,0,0.0,0,none
2018-04-23,WH_SOUTHEAST,Southeast FC,CAR_B,Carrier B,construcao_ferramentas_seguranca,none,1,0,0.0,0,none
2018-04-23,WH_SOUTHEAST,Southeast FC,CAR_B,Carrier B,cool_stuff,none,19,0,0.0,0,none
2018-04-23,WH_SOUTHEAST,Southeast FC,CAR_B,Carrier B,dvds_blu_ray,none,1,0,0.0,0,none
2018-04-23,WH_SOUTHEAST,Southeast FC,CAR_B,Carrier B,eletrodomesticos,none,3,0,0.0,0,none
2018-04-23,WH_SOUTHEAST,Southeast FC,CAR_B,Carrier B,eletrodomesticos_2,none,3,0,0.0,0,none
2018-04-23,WH_SOUTHEAST,Southeast FC,CAR_B,Carrier B,eletronicos,damaged,1,1,100.0,0,none
2018-04-23,WH_SOUTHEAST,Southeast FC,CAR_B,Carrier B,eletronicos,none,13,0,0.0,0,none
2018-04-23,WH_SOUTHEAST,Southeast FC,CAR_B,Carrier B,eletronicos,wrong,1,1,100.0,0,none
2018-04-23,WH_SOUTHEAST,Southeast FC,CAR_B,Carrier B,eletroportateis,none,4,0,0.0,0,none
2018-04-23,WH_SOUTHEAST,Southeast FC,CAR_B,Carrier B,esporte_lazer,none,31,0,0.0,0,none
2018-04-23,WH_SOUTHEAST,Southeast FC,CAR_B,Carrier B,esporte_lazer,wrong,1,1,100.0,0,none
2018-04-23,WH_SOUTHEAST,Southeast FC,CAR_B,Carrier B,fashion_bolsas_e_acessorios,none,5,0,0.0,0,none
2018-04-23,WH_SOUTHEAST,Southeast FC,CAR_B,Carrier B,fashion_calcados,none,1,0,0.0,0,none
2018-04-23,WH_SOUTHEAST,Southeast FC,CAR_B,Carrier B,fashion_roupa_feminina,none,1,0,0.0,0,none
2018-04-23,WH_SOUTHEAST,Southeast FC,CAR_B,Carrier B,fashion_roupa_masculina,none,1,0,0.0,0,none
2018-04-23,WH_SOUTHEAST,Southeast FC,CAR_B,Carrier B,fashion_underwear_e_moda_praia,none,1,0,0.0,0,none
2018-04-23,WH_SOUTHEAST,Southeast FC,CAR_B,Carrier B,ferramentas_jardim,none,14,0,0.0,0,none
2018-04-23,WH_SOUTHEAST,Southeast FC,CAR_B,Carrier B,ferramentas_jardim,refund,1,1,100.0,0,none
2018-04-23,WH_SOUTHEAST,Southeast FC,CAR_B,Carrier B,fraldas_higiene,none,1,0,0.0,0,none
2018-04-23,WH_SOUTHEAST,Southeast FC,CAR_B,Carrier B,industria_comercio_e_negocios,none,4,0,0.0,0,none
2018-04-23,WH_SOUTHEAST,Southeast FC,CAR_B,Carrier B,informatica_acessorios,none,23,0,0.0,0,none
2018-04-23,WH_SOUTHEAST,Southeast FC,CAR_B,Carrier B,instrumentos_musicais,none,1,0,0.0,0,none
2018-04-23,WH_SOUTHEAST,Southeast FC,CAR_B,Carrier B,livros_importados,none,1,0,0.0,0,none
2018-04-23,WH_SOUTHEAST,Southeast FC,CAR_B,Carrier B,livros_interesse_geral,none,1,0,0.0,0,none
2018-04-23,WH_SOUTHEAST,Southeast FC,CAR_B,Carrier B,livros_tecnicos,none,3,0,0.0,0,none
2018-04-23,WH_SOUTHEAST,Southeast FC,CAR_B,Carrier B,malas_acessorios,none,2,0,0.0,0,none
2018-04-23,WH_SOUTHEAST,Southeast FC,CAR_B,Carrier B,moveis_cozinha_area_de_servico_jantar_e_jardim,none,1,0,0.0,0,none
2018-04-23,WH_SOUTHEAST,Southeast FC,CAR_B,Carrier B,moveis_decoracao,damaged,1,1,100.0,0,none
2018-04-23,WH_SOUTHEAST,Southeast FC,CAR_B,Carrier B,moveis_decoracao,none,21,0,0.0,0,none
2018-04-23,WH_SOUTHEAST,Southeast FC,CAR_B,Carrier B,moveis_escritorio,failed,1,1,100.0,0,none
2018-04-23,WH_SOUTHEAST,Southeast FC,CAR_B,Carrier B,moveis_escritorio,none,5,0,0.0,0,none
2018-04-23,WH_SOUTHEAST,Southeast FC,CAR_B,Carrier B,moveis_escritorio,refund,1,1,100.0,0,none
2018-04-23,WH_SOUTHEAST,Southeast FC,CAR_B,Carrier B,moveis_sala,none,3,0,0.0,0,none
2018-04-23,WH_SOUTHEAST,Southeast FC,CAR_B,Carrier B,papelaria,failed,1,1,100.0,0,none
2018-04-23,WH_SOUTHEAST,Southeast FC,CAR_B,Carrier B,papelaria,none,6,0,0.0,0,none
2018-04-23,WH_SOUTHEAST,Southeast FC,CAR_B,Carrier B,perfumaria,none,8,0,0.0,0,none
2018-04-23,WH_SOUTHEAST,Southeast FC,CAR_B,Carrier B,pet_shop,none,6,0,0.0,0,none
2018-04-23,WH_SOUTHEAST,Southeast FC,CAR_B,Carrier B,pet_shop,refund,1,1,100.0,0,none
2018-04-23,WH_SOUTHEAST,Southeast FC,CAR_B,Carrier B,relogios_presentes,damaged,1,1,100.0,0,none
2018-04-23,WH_SOUTHEAST,Southeast FC,CAR_B,Carrier B,relogios_presentes,failed,1,1,100.0,0,none
2018-04-23,WH_SOUTHEAST,Southeast FC,CAR_B,Carrier B,relogios_presentes,none,30,0,0.0,0,none
2018-04-23,WH_SOUTHEAST,Southeast FC,CAR_B,Carrier B,sinalizacao_e_seguranca,none,3,0,0.0,0,none
2018-04-23,WH_SOUTHEAST,Southeast FC,CAR_B,Carrier B,telefonia,missing,1,1,100.0,0,none
2018-04-23,WH_SOUTHEAST,Southeast FC,CAR_B,Carrier B,telefonia,none,9,0,0.0,0,none
2018-04-23,WH_SOUTHEAST,Southeast FC,CAR_B,Carrier B,telefonia_fixa,none,1,0,0.0,0,none
2018-04-23,WH_SOUTHEAST,Southeast FC,CAR_B,Carrier B,unknown,none,3,0,0.0,0,none
2018-04-23,WH_SOUTHEAST,Southeast FC,CAR_B,Carrier B,utilidades_domesticas,none,29,0,0.0,0,none
2018-04-23,WH_SOUTHEAST,Southeast FC,CAR_B,Carrier B,utilidades_domesticas,refund,1,1,100.0,0,none
2018-04-23,WH_SOUTHEAST,Southeast FC,CAR_C,Carrier C,agro_industria_e_comercio,none,1,0,0.0,0,none
2018-04-23,WH_SOUTHEAST,Southeast FC,CAR_C,Carrier C,alimentos,none,4,0,0.0,0,none
2018-04-23,WH_SOUTHEAST,Southeast FC,CAR_C,Carrier C,alimentos_bebidas,none,1,0,0.0,0,none
2018-04-23,WH_SOUTHEAST,Southeast FC,CAR_C,Carrier C,artigos_de_natal,wrong,1,1,100.0,0,none
2018-04-23,WH_SOUTHEAST,Southeast FC,CAR_C,Carrier C,audio,none,1,0,0.0,0,none
2018-04-23,WH_SOUTHEAST,Southeast FC,CAR_C,Carrier C,automotivo,failed,1,1,100.0,0,none
2018-04-23,WH_SOUTHEAST,Southeast FC,CAR_C,Carrier C,automotivo,none,10,0,0.0,0,none
2018-04-23,WH_SOUTHEAST,Southeast FC,CAR_C,Carrier C,automotivo,wrong,1,1,100.0,0,none
2018-04-23,WH_SOUTHEAST,Southeast FC,CAR_C,Carrier C,bebes,none,5,0,0.0,0,none
2018-04-23,WH_SOUTHEAST,Southeast FC,CAR_C,Carrier C,bebidas,none,3,0,0.0,0,none
2018-04-23,WH_SOUTHEAST,Southeast FC,CAR_C,Carrier C,beleza_saude,failed,3,3,100.0,0,none
2018-04-23,WH_SOUTHEAST,Southeast FC,CAR_C,Carrier C,beleza_saude,none,22,0,0.0,0,none
2018-04-23,WH_SOUTHEAST,Southeast FC,CAR_C,Carrier C,brinquedos,none,10,0,0.0,0,none
2018-04-23,WH_SOUTHEAST,Southeast FC,CAR_C,Carrier C,brinquedos,wrong,2,2,100.0,0,none
2018-04-23,WH_SOUTHEAST,Southeast FC,CAR_C,Carrier C,cama_mesa_banho,none,18,0,0.0,0,none
2018-04-23,WH_SOUTHEAST,Southeast FC,CAR_C,Carrier C,casa_construcao,none,1,0,0.0,0,none
2018-04-23,WH_SOUTHEAST,Southeast FC,CAR_C,Carrier C,climatizacao,none,3,0,0.0,0,none
2018-04-23,WH_SOUTHEAST,Southeast FC,CAR_C,Carrier C,consoles_games,none,1,0,0.0,0,none
2018-04-23,WH_SOUTHEAST,Southeast FC,CAR_C,Carrier C,construcao_ferramentas_construcao,none,1,0,0.0,0,none
2018-04-23,WH_SOUTHEAST,Southeast FC,CAR_C,Carrier C,construcao_ferramentas_iluminacao,none,1,0,0.0,0,none
2018-04-23,WH_SOUTHEAST,Southeast FC,CAR_C,Carrier C,construcao_ferramentas_jardim,none,2,0,0.0,0,none
2018-04-23,WH_SOUTHEAST,Southeast FC,CAR_C,Carrier C,construcao_ferramentas_seguranca,none,1,0,0.0,0,none
2018-04-23,WH_SOUTHEAST,Southeast FC,CAR_C,Carrier C,cool_stuff,failed,1,1,100.0,0,none
2018-04-23,WH_SOUTHEAST,Southeast FC,CAR_C,Carrier C,cool_stuff,missing,1,1,100.0,0,none
2018-04-23,WH_SOUTHEAST,Southeast FC,CAR_C,Carrier C,cool_stuff,none,7,0,0.0,0,none
2018-04-23,WH_SOUTHEAST,Southeast FC,CAR_C,Carrier C,eletrodomesticos,none,3,0,0.0,0,none
2018-04-23,WH_SOUTHEAST,Southeast FC,CAR_C,Carrier C,eletronicos,none,8,0,0.0,0,none
2018-04-23,WH_SOUTHEAST,Southeast FC,CAR_C,Carrier C,eletroportateis,none,1,0,0.0,0,none
2018-04-23,WH_SOUTHEAST,Southeast FC,CAR_C,Carrier C,esporte_lazer,missing,2,2,100.0,0,none
2018-04-23,WH_SOUTHEAST,Southeast FC,CAR_C,Carrier C,esporte_lazer,none,15,0,0.0,0,none
2018-04-23,WH_SOUTHEAST,Southeast FC,CAR_C,Carrier C,fashion_bolsas_e_acessorios,none,6,0,0.0,0,none
2018-04-23,WH_SOUTHEAST,Southeast FC,CAR_C,Carrier C,ferramentas_jardim,failed,1,1,100.0,0,none
2018-04-23,WH_SOUTHEAST,Southeast FC,CAR_C,Carrier C,ferramentas_jardim,none,14,0,0.0,0,none
2018-04-23,WH_SOUTHEAST,Southeast FC,CAR_C,Carrier C,ferramentas_jardim,refund,1,1,100.0,0,none
2018-04-23,WH_SOUTHEAST,Southeast FC,CAR_C,Carrier C,industria_comercio_e_negocios,none,2,0,0.0,0,none
2018-04-23,WH_SOUTHEAST,Southeast FC,CAR_C,Carrier C,informatica_acessorios,damaged,1,1,100.0,0,none
2018-04-23,WH_SOUTHEAST,Southeast FC,CAR_C,Carrier C,informatica_acessorios,none,13,0,0.0,0,none
2018-04-23,WH_SOUTHEAST,Southeast FC,CAR_C,Carrier C,instrumentos_musicais,none,4,0,0.0,0,none
2018-04-23,WH_SOUTHEAST,Southeast FC,CAR_C,Carrier C,livros_interesse_geral,none,1,0,0.0,0,none
2018-04-23,WH_SOUTHEAST,Southeast FC,CAR_C,Carrier C,livros_tecnicos,none,1,0,0.0,0,none
2018-04-23,WH_SOUTHEAST,Southeast FC,CAR_C,Carrier C,malas_acessorios,none,3,0,0.0,0,none
2018-04-23,WH_SOUTHEAST,Southeast FC,CAR_C,Carrier C,market_place,none,1,0,0.0,0,none
2018-04-23,WH_SOUTHEAST,Southeast FC,CAR_C,Carrier C,moveis_decoracao,damaged,1,1,100.0,0,none
2018-04-23,WH_SOUTHEAST,Southeast FC,CAR_C,Carrier C,moveis_decoracao,none,17,0,0.0,0,none
2018-04-23,WH_SOUTHEAST,Southeast FC,CAR_C,Carrier C,moveis_decoracao,refund,1,1,100.0,0,none
2018-04-23,WH_SOUTHEAST,Southeast FC,CAR_C,Carrier C,moveis_escritorio,none,6,0,0.0,0,none
2018-04-23,WH_SOUTHEAST,Southeast FC,CAR_C,Carrier C,musica,none,1,0,0.0,0,none
2018-04-23,WH_SOUTHEAST,Southeast FC,CAR_C,Carrier C,papelaria,none,6,0,0.0,0,none
2018-04-23,WH_SOUTHEAST,Southeast FC,CAR_C,Carrier C,perfumaria,none,6,0,0.0,0,none
2018-04-23,WH_SOUTHEAST,Southeast FC,CAR_C,Carrier C,pet_shop,none,6,0,0.0,0,none
2018-04-23,WH_SOUTHEAST,Southeast FC,CAR_C,Carrier C,relogios_presentes,damaged,1,1,100.0,0,none
2018-04-23,WH_SOUTHEAST,Southeast FC,CAR_C,Carrier C,relogios_presentes,none,31,0,0.0,0,none
2018-04-23,WH_SOUTHEAST,Southeast FC,CAR_C,Carrier C,relogios_presentes,wrong,1,1,100.0,0,none
2018-04-23,WH_SOUTHEAST,Southeast FC,CAR_C,Carrier C,sinalizacao_e_seguranca,none,1,0,0.0,0,none
2018-04-23,WH_SOUTHEAST,Southeast FC,CAR_C,Carrier C,telefonia,none,7,0,0.0,0,none
2018-04-23,WH_SOUTHEAST,Southeast FC,CAR_C,Carrier C,unknown,none,1,0,0.0,0,none
2018-04-23,WH_SOUTHEAST,Southeast FC,CAR_C,Carrier C,utilidades_domesticas,damaged,2,2,100.0,0,none
2018-04-23,WH_SOUTHEAST,Southeast FC,CAR_C,Carrier C,utilidades_domesticas,none,13,0,0.0,0,none
2018-04-23,WH_SOUTHEAST,Southeast FC,CAR_C,Carrier C,utilidades_domesticas,refund,2,2,100.0,0,none
2018-04-23,WH_SOUTHEAST,Southeast FC,CAR_D,Carrier D,agro_industria_e_comercio,none,1,0,0.0,0,none
2018-04-23,WH_SOUTHEAST,Southeast FC,CAR_D,Carrier D,alimentos,none,1,0,0.0,0,none
2018-04-23,WH_SOUTHEAST,Southeast FC,CAR_D,Carrier D,artes,none,3,0,0.0,0,none
2018-04-23,WH_SOUTHEAST,Southeast FC,CAR_D,Carrier D,automotivo,none,4,0,0.0,0,none
2018-04-23,WH_SOUTHEAST,Southeast FC,CAR_D,Carrier D,bebes,none,8,0,0.0,0,none
2018-04-23,WH_SOUTHEAST,Southeast FC,CAR_D,Carrier D,beleza_saude,missing,1,1,100.0,0,none
2018-04-23,WH_SOUTHEAST,Southeast FC,CAR_D,Carrier D,beleza_saude,none,16,0,0.0,0,none
2018-04-23,WH_SOUTHEAST,Southeast FC,CAR_D,Carrier D,brinquedos,none,5,0,0.0,0,none
2018-04-23,WH_SOUTHEAST,Southeast FC,CAR_D,Carrier D,cama_mesa_banho,none,18,0,0.0,0,none
2018-04-23,WH_SOUTHEAST,Southeast FC,CAR_D,Carrier D,casa_construcao,none,2,0,0.0,0,none
2018-04-23,WH_SOUTHEAST,Southeast FC,CAR_D,Carrier D,consoles_games,none,1,0,0.0,0,none
2018-04-23,WH_SOUTHEAST,Southeast FC,CAR_D,Carrier D,construcao_ferramentas_construcao,none,2,0,0.0,0,none
2018-04-23,WH_SOUTHEAST,Southeast FC,CAR_D,Carrier D,construcao_ferramentas_seguranca,none,1,0,0.0,0,none
2018-04-23,WH_SOUTHEAST,Southeast FC,CAR_D,Carrier D,cool_stuff,none,1,0,0.0,0,none
2018-04-23,WH_SOUTHEAST,Southeast FC,CAR_D,Carrier D,eletrodomesticos,failed,1,1,100.0,0,none
2018-04-23,WH_SOUTHEAST,Southeast FC,CAR_D,Carrier D,eletrodomesticos,none,3,0,0.0,0,none
2018-04-23,WH_SOUTHEAST,Southeast FC,CAR_D,Carrier D,eletrodomesticos_2,none,1,0,0.0,0,none
2018-04-23,WH_SOUTHEAST,Southeast FC,CAR_D,Carrier D,eletronicos,missing,1,1,100.0,0,none
2018-04-23,WH_SOUTHEAST,Southeast FC,CAR_D,Carrier D,eletronicos,none,5,0,0.0,0,none
2018-04-23,WH_SOUTHEAST,Southeast FC,CAR_D,Carrier D,esporte_lazer,none,9,0,0.0,0,none
2018-04-23,WH_SOUTHEAST,Southeast FC,CAR_D,Carrier D,fashion_bolsas_e_acessorios,none,1,0,0.0,0,none
2018-04-23,WH_SOUTHEAST,Southeast FC,CAR_D,Carrier D,fashion_calcados,none,1,0,0.0,0,none
2018-04-23,WH_SOUTHEAST,Southeast FC,CAR_D,Carrier D,fashion_underwear_e_moda_praia,none,1,0,0.0,0,none
2018-04-23,WH_SOUTHEAST,Southeast FC,CAR_D,Carrier D,ferramentas_jardim,none,4,0,0.0,0,none
2018-04-23,WH_SOUTHEAST,Southeast FC,CAR_D,Carrier D,ferramentas_jardim,wrong,1,1,100.0,0,none
2018-04-23,WH_SOUTHEAST,Southeast FC,CAR_D,Carrier D,industria_comercio_e_negocios,none,1,0,0.0,0,none
2018-04-23,WH_SOUTHEAST,Southeast FC,CAR_D,Carrier D,informatica_acessorios,none,8,0,0.0,0,none
2018-04-23,WH_SOUTHEAST,Southeast FC,CAR_D,Carrier D,instrumentos_musicais,none,1,0,0.0,0,none
2018-04-23,WH_SOUTHEAST,Southeast FC,CAR_D,Carrier D,livros_interesse_geral,none,1,0,0.0,0,none
2018-04-23,WH_SOUTHEAST,Southeast FC,CAR_D,Carrier D,market_place,none,1,0,0.0,0,none
2018-04-23,WH_SOUTHEAST,Southeast FC,CAR_D,Carrier D,moveis_cozinha_area_de_servico_jantar_e_jardim,none,2,0,0.0,0,none
2018-04-23,WH_SOUTHEAST,Southeast FC,CAR_D,Carrier D,moveis_decoracao,missing,1,1,100.0,0,none
2018-04-23,WH_SOUTHEAST,Southeast FC,CAR_D,Carrier D,moveis_decoracao,none,7,0,0.0,0,none
2018-04-23,WH_SOUTHEAST,Southeast FC,CAR_D,Carrier D,moveis_escritorio,none,1,0,0.0,0,none
2018-04-23,WH_SOUTHEAST,Southeast FC,CAR_D,Carrier D,moveis_sala,none,1,0,0.0,0,none
2018-04-23,WH_SOUTHEAST,Southeast FC,CAR_D,Carrier D,papelaria,none,2,0,0.0,0,none
2018-04-23,WH_SOUTHEAST,Southeast FC,CAR_D,Carrier D,perfumaria,none,4,0,0.0,0,none
2018-04-23,WH_SOUTHEAST,Southeast FC,CAR_D,Carrier D,pet_shop,none,5,0,0.0,0,none
2018-04-23,WH_SOUTHEAST,Southeast FC,CAR_D,Carrier D,relogios_presentes,none,19,0,0.0,0,none
2018-04-23,WH_SOUTHEAST,Southeast FC,CAR_D,Carrier D,relogios_presentes,refund,1,1,100.0,0,none
2018-04-23,WH_SOUTHEAST,Southeast FC,CAR_D,Carrier D,sinalizacao_e_seguranca,none,3,0,0.0,0,none
2018-04-23,WH_SOUTHEAST,Southeast FC,CAR_D,Carrier D,telefonia,none,7,0,0.0,0,none
2018-04-23,WH_SOUTHEAST,Southeast FC,CAR_D,Carrier D,unknown,none,1,0,0.0,0,none
2018-04-23,WH_SOUTHEAST,Southeast FC,CAR_D,Carrier D,utilidades_domesticas,none,9,0,0.0,0,none
2018-04-23,WH_SOUTHEAST,Southeast FC,CAR_D,Carrier D,utilidades_domesticas,wrong,1,1,100.0,0,none
2018-04-30,WH_CENTRAL_WEST,Central-West FC,CAR_A,Carrier A,artes,none,1,0,0.0,0,none
2018-04-30,WH_CENTRAL_WEST,Central-West FC,CAR_A,Carrier A,bebes,none,2,0,0.0,0,none
2018-04-30,WH_CENTRAL_WEST,Central-West FC,CAR_A,Carrier A,beleza_saude,none,6,0,0.0,0,none
2018-04-30,WH_CENTRAL_WEST,Central-West FC,CAR_A,Carrier A,brinquedos,none,1,0,0.0,0,none
2018-04-30,WH_CENTRAL_WEST,Central-West FC,CAR_A,Carrier A,cama_mesa_banho,none,3,0,0.0,0,none
2018-04-30,WH_CENTRAL_WEST,Central-West FC,CAR_A,Carrier A,construcao_ferramentas_construcao,none,1,0,0.0,0,none
2018-04-30,WH_CENTRAL_WEST,Central-West FC,CAR_A,Carrier A,construcao_ferramentas_iluminacao,none,1,0,0.0,0,none
2018-04-30,WH_CENTRAL_WEST,Central-West FC,CAR_A,Carrier A,cool_stuff,none,1,0,0.0,0,none
2018-04-30,WH_CENTRAL_WEST,Central-West FC,CAR_A,Carrier A,esporte_lazer,none,1,0,0.0,0,none
2018-04-30,WH_CENTRAL_WEST,Central-West FC,CAR_A,Carrier A,ferramentas_jardim,none,1,0,0.0,0,none
2018-04-30,WH_CENTRAL_WEST,Central-West FC,CAR_A,Carrier A,informatica_acessorios,none,1,0,0.0,0,none
2018-04-30,WH_CENTRAL_WEST,Central-West FC,CAR_A,Carrier A,livros_interesse_geral,none,1,0,0.0,0,none
2018-04-30,WH_CENTRAL_WEST,Central-West FC,CAR_A,Carrier A,market_place,none,1,0,0.0,0,none
2018-04-30,WH_CENTRAL_WEST,Central-West FC,CAR_A,Carrier A,moveis_decoracao,none,3,0,0.0,0,none
2018-04-30,WH_CENTRAL_WEST,Central-West FC,CAR_A,Carrier A,relogios_presentes,none,5,0,0.0,0,none
2018-04-30,WH_CENTRAL_WEST,Central-West FC,CAR_A,Carrier A,sinalizacao_e_seguranca,none,1,0,0.0,0,none
2018-04-30,WH_CENTRAL_WEST,Central-West FC,CAR_A,Carrier A,telefonia,none,1,0,0.0,0,none
2018-04-30,WH_CENTRAL_WEST,Central-West FC,CAR_B,Carrier B,automotivo,none,1,0,0.0,0,none
2018-04-30,WH_CENTRAL_WEST,Central-West FC,CAR_B,Carrier B,beleza_saude,none,2,0,0.0,0,none
2018-04-30,WH_CENTRAL_WEST,Central-West FC,CAR_B,Carrier B,brinquedos,none,1,0,0.0,0,none
2018-04-30,WH_CENTRAL_WEST,Central-West FC,CAR_B,Carrier B,cama_mesa_banho,none,1,0,0.0,0,none
2018-04-30,WH_CENTRAL_WEST,Central-West FC,CAR_B,Carrier B,consoles_games,wrong,1,1,100.0,0,none
2018-04-30,WH_CENTRAL_WEST,Central-West FC,CAR_B,Carrier B,construcao_ferramentas_seguranca,none,2,0,0.0,0,none
2018-04-30,WH_CENTRAL_WEST,Central-West FC,CAR_B,Carrier B,cool_stuff,failed,1,1,100.0,0,none
2018-04-30,WH_CENTRAL_WEST,Central-West FC,CAR_B,Carrier B,cool_stuff,none,3,0,0.0,0,none
2018-04-30,WH_CENTRAL_WEST,Central-West FC,CAR_B,Carrier B,eletrodomesticos_2,none,1,0,0.0,0,none
2018-04-30,WH_CENTRAL_WEST,Central-West FC,CAR_B,Carrier B,eletronicos,none,1,0,0.0,0,none
2018-04-30,WH_CENTRAL_WEST,Central-West FC,CAR_B,Carrier B,esporte_lazer,none,6,0,0.0,0,none
2018-04-30,WH_CENTRAL_WEST,Central-West FC,CAR_B,Carrier B,informatica_acessorios,none,3,0,0.0,0,none
2018-04-30,WH_CENTRAL_WEST,Central-West FC,CAR_B,Carrier B,malas_acessorios,none,1,0,0.0,0,none
2018-04-30,WH_CENTRAL_WEST,Central-West FC,CAR_B,Carrier B,moveis_decoracao,none,2,0,0.0,0,none
2018-04-30,WH_CENTRAL_WEST,Central-West FC,CAR_B,Carrier B,moveis_escritorio,none,2,0,0.0,0,none
2018-04-30,WH_CENTRAL_WEST,Central-West FC,CAR_B,Carrier B,perfumaria,none,1,0,0.0,0,none
2018-04-30,WH_CENTRAL_WEST,Central-West FC,CAR_B,Carrier B,pet_shop,none,1,0,0.0,0,none
2018-04-30,WH_CENTRAL_WEST,Central-West FC,CAR_B,Carrier B,relogios_presentes,none,5,0,0.0,0,none
2018-04-30,WH_CENTRAL_WEST,Central-West FC,CAR_B,Carrier B,utilidades_domesticas,none,1,0,0.0,0,none
2018-04-30,WH_CENTRAL_WEST,Central-West FC,CAR_C,Carrier C,beleza_saude,none,1,0,0.0,0,none
2018-04-30,WH_CENTRAL_WEST,Central-West FC,CAR_C,Carrier C,brinquedos,none,1,0,0.0,0,none
2018-04-30,WH_CENTRAL_WEST,Central-West FC,CAR_C,Carrier C,cama_mesa_banho,none,1,0,0.0,0,none
2018-04-30,WH_CENTRAL_WEST,Central-West FC,CAR_C,Carrier C,cama_mesa_banho,refund,1,1,100.0,0,none
2018-04-30,WH_CENTRAL_WEST,Central-West FC,CAR_C,Carrier C,eletronicos,none,1,0,0.0,0,none
2018-04-30,WH_CENTRAL_WEST,Central-West FC,CAR_C,Carrier C,esporte_lazer,none,1,0,0.0,0,none
2018-04-30,WH_CENTRAL_WEST,Central-West FC,CAR_C,Carrier C,fashion_bolsas_e_acessorios,none,1,0,0.0,0,none
2018-04-30,WH_CENTRAL_WEST,Central-West FC,CAR_C,Carrier C,ferramentas_jardim,none,1,0,0.0,0,none
2018-04-30,WH_CENTRAL_WEST,Central-West FC,CAR_C,Carrier C,informatica_acessorios,refund,1,1,100.0,0,none
2018-04-30,WH_CENTRAL_WEST,Central-West FC,CAR_C,Carrier C,instrumentos_musicais,none,2,0,0.0,0,none
2018-04-30,WH_CENTRAL_WEST,Central-West FC,CAR_C,Carrier C,livros_interesse_geral,none,1,0,0.0,0,none
2018-04-30,WH_CENTRAL_WEST,Central-West FC,CAR_C,Carrier C,moveis_cozinha_area_de_servico_jantar_e_jardim,none,1,0,0.0,0,none
2018-04-30,WH_CENTRAL_WEST,Central-West FC,CAR_C,Carrier C,pet_shop,none,1,0,0.0,0,none
2018-04-30,WH_CENTRAL_WEST,Central-West FC,CAR_C,Carrier C,relogios_presentes,none,1,0,0.0,0,none
2018-04-30,WH_CENTRAL_WEST,Central-West FC,CAR_C,Carrier C,utilidades_domesticas,none,3,0,0.0,0,none
2018-04-30,WH_CENTRAL_WEST,Central-West FC,CAR_D,Carrier D,alimentos,none,2,0,0.0,0,none
2018-04-30,WH_CENTRAL_WEST,Central-West FC,CAR_D,Carrier D,automotivo,none,3,0,0.0,0,none
2018-04-30,WH_CENTRAL_WEST,Central-West FC,CAR_D,Carrier D,bebes,none,1,0,0.0,0,none
2018-04-30,WH_CENTRAL_WEST,Central-West FC,CAR_D,Carrier D,beleza_saude,none,4,0,0.0,0,none
2018-04-30,WH_CENTRAL_WEST,Central-West FC,CAR_D,Carrier D,cama_mesa_banho,none,2,0,0.0,0,none
2018-04-30,WH_CENTRAL_WEST,Central-West FC,CAR_D,Carrier D,construcao_ferramentas_construcao,none,1,0,0.0,0,none
2018-04-30,WH_CENTRAL_WEST,Central-West FC,CAR_D,Carrier D,eletronicos,missing,1,1,100.0,0,none
2018-04-30,WH_CENTRAL_WEST,Central-West FC,CAR_D,Carrier D,esporte_lazer,none,2,0,0.0,0,none
2018-04-30,WH_CENTRAL_WEST,Central-West FC,CAR_D,Carrier D,fashion_bolsas_e_acessorios,none,1,0,0.0,0,none
2018-04-30,WH_CENTRAL_WEST,Central-West FC,CAR_D,Carrier D,ferramentas_jardim,none,2,0,0.0,0,none
2018-04-30,WH_CENTRAL_WEST,Central-West FC,CAR_D,Carrier D,instrumentos_musicais,none,2,0,0.0,0,none
2018-04-30,WH_CENTRAL_WEST,Central-West FC,CAR_D,Carrier D,livros_interesse_geral,refund,1,1,100.0,0,none
2018-04-30,WH_CENTRAL_WEST,Central-West FC,CAR_D,Carrier D,malas_acessorios,none,1,0,0.0,0,none
2018-04-30,WH_CENTRAL_WEST,Central-West FC,CAR_D,Carrier D,moveis_decoracao,none,2,0,0.0,0,none
2018-04-30,WH_CENTRAL_WEST,Central-West FC,CAR_D,Carrier D,papelaria,none,1,0,0.0,0,none
2018-04-30,WH_CENTRAL_WEST,Central-West FC,CAR_D,Carrier D,perfumaria,none,1,0,0.0,0,none
2018-04-30,WH_CENTRAL_WEST,Central-West FC,CAR_D,Carrier D,pet_shop,none,1,0,0.0,0,none
2018-04-30,WH_CENTRAL_WEST,Central-West FC,CAR_D,Carrier D,relogios_presentes,none,1,0,0.0,0,none
2018-04-30,WH_CENTRAL_WEST,Central-West FC,CAR_D,Carrier D,utilidades_domesticas,none,1,0,0.0,0,none
2018-04-30,WH_NORTH,North FC,CAR_A,Carrier A,automotivo,none,1,0,0.0,0,none
2018-04-30,WH_NORTH,North FC,CAR_A,Carrier A,cama_mesa_banho,none,1,0,0.0,0,none
2018-04-30,WH_NORTH,North FC,CAR_A,Carrier A,construcao_ferramentas_seguranca,none,1,0,0.0,0,none
2018-04-30,WH_NORTH,North FC,CAR_A,Carrier A,moveis_escritorio,none,1,0,0.0,0,none
2018-04-30,WH_NORTH,North FC,CAR_A,Carrier A,musica,none,1,0,0.0,0,none
2018-04-30,WH_NORTH,North FC,CAR_A,Carrier A,utilidades_domesticas,failed,1,1,100.0,0,none
2018-04-30,WH_NORTH,North FC,CAR_B,Carrier B,artes,none,1,0,0.0,0,none
2018-04-30,WH_NORTH,North FC,CAR_B,Carrier B,beleza_saude,none,1,0,0.0,0,none
2018-04-30,WH_NORTH,North FC,CAR_B,Carrier B,brinquedos,none,1,0,0.0,0,none
2018-04-30,WH_NORTH,North FC,CAR_B,Carrier B,construcao_ferramentas_construcao,none,1,0,0.0,0,none
2018-04-30,WH_NORTH,North FC,CAR_B,Carrier B,esporte_lazer,none,1,0,0.0,0,none
2018-04-30,WH_NORTH,North FC,CAR_B,Carrier B,informatica_acessorios,none,2,0,0.0,0,none
2018-04-30,WH_NORTH,North FC,CAR_B,Carrier B,moveis_decoracao,none,1,0,0.0,0,none
2018-04-30,WH_NORTH,North FC,CAR_B,Carrier B,relogios_presentes,none,2,0,0.0,0,none
2018-04-30,WH_NORTH,North FC,CAR_C,Carrier C,beleza_saude,none,3,0,0.0,0,none
2018-04-30,WH_NORTH,North FC,CAR_C,Carrier C,brinquedos,none,1,0,0.0,0,none
2018-04-30,WH_NORTH,North FC,CAR_C,Carrier C,esporte_lazer,none,1,0,0.0,0,none
2018-04-30,WH_NORTH,North FC,CAR_C,Carrier C,informatica_acessorios,none,1,0,0.0,0,none
2018-04-30,WH_NORTH,North FC,CAR_D,Carrier D,bebes,none,1,0,0.0,0,none
2018-04-30,WH_NORTH,North FC,CAR_D,Carrier D,ferramentas_jardim,none,1,0,0.0,0,none
2018-04-30,WH_NORTH,North FC,CAR_D,Carrier D,livros_interesse_geral,none,1,0,0.0,0,none
2018-04-30,WH_NORTH,North FC,CAR_D,Carrier D,moveis_decoracao,none,1,0,0.0,0,none
2018-04-30,WH_SOUTH,South FC,CAR_A,Carrier A,alimentos,none,1,0,0.0,0,none
2018-04-30,WH_SOUTH,South FC,CAR_A,Carrier A,artigos_de_natal,none,1,0,0.0,0,none
2018-04-30,WH_SOUTH,South FC,CAR_A,Carrier A,automotivo,none,6,0,0.0,0,none
2018-04-30,WH_SOUTH,South FC,CAR_A,Carrier A,bebes,none,4,0,0.0,0,none
2018-04-30,WH_SOUTH,South FC,CAR_A,Carrier A,bebidas,none,1,0,0.0,0,none
2018-04-30,WH_SOUTH,South FC,CAR_A,Carrier A,beleza_saude,none,6,0,0.0,0,none
2018-04-30,WH_SOUTH,South FC,CAR_A,Carrier A,brinquedos,none,1,0,0.0,0,none
2018-04-30,WH_SOUTH,South FC,CAR_A,Carrier A,cama_mesa_banho,none,5,0,0.0,0,none
2018-04-30,WH_SOUTH,South FC,CAR_A,Carrier A,consoles_games,none,1,0,0.0,0,none
2018-04-30,WH_SOUTH,South FC,CAR_A,Carrier A,construcao_ferramentas_construcao,none,1,0,0.0,0,none
2018-04-30,WH_SOUTH,South FC,CAR_A,Carrier A,cool_stuff,failed,1,1,100.0,0,none
2018-04-30,WH_SOUTH,South FC,CAR_A,Carrier A,cool_stuff,none,4,0,0.0,0,none
2018-04-30,WH_SOUTH,South FC,CAR_A,Carrier A,eletrodomesticos,none,1,0,0.0,0,none
2018-04-30,WH_SOUTH,South FC,CAR_A,Carrier A,esporte_lazer,none,4,0,0.0,0,none
2018-04-30,WH_SOUTH,South FC,CAR_A,Carrier A,ferramentas_jardim,none,2,0,0.0,0,none
2018-04-30,WH_SOUTH,South FC,CAR_A,Carrier A,informatica_acessorios,none,8,0,0.0,0,none
2018-04-30,WH_SOUTH,South FC,CAR_A,Carrier A,instrumentos_musicais,none,2,0,0.0,0,none
2018-04-30,WH_SOUTH,South FC,CAR_A,Carrier A,moveis_decoracao,damaged,1,1,100.0,0,none
2018-04-30,WH_SOUTH,South FC,CAR_A,Carrier A,moveis_decoracao,none,4,0,0.0,0,none
2018-04-30,WH_SOUTH,South FC,CAR_A,Carrier A,moveis_escritorio,none,1,0,0.0,0,none
2018-04-30,WH_SOUTH,South FC,CAR_A,Carrier A,papelaria,none,3,0,0.0,0,none
2018-04-30,WH_SOUTH,South FC,CAR_A,Carrier A,pet_shop,none,2,0,0.0,0,none
2018-04-30,WH_SOUTH,South FC,CAR_A,Carrier A,portateis_casa_forno_e_cafe,missing,1,1,100.0,0,none
2018-04-30,WH_SOUTH,South FC,CAR_A,Carrier A,relogios_presentes,none,5,0,0.0,0,none
2018-04-30,WH_SOUTH,South FC,CAR_A,Carrier A,telefonia,none,2,0,0.0,0,none
2018-04-30,WH_SOUTH,South FC,CAR_A,Carrier A,unknown,none,1,0,0.0,0,none
2018-04-30,WH_SOUTH,South FC,CAR_A,Carrier A,utilidades_domesticas,none,9,0,0.0,0,none
2018-04-30,WH_SOUTH,South FC,CAR_B,Carrier B,artigos_de_natal,none,1,0,0.0,0,none
2018-04-30,WH_SOUTH,South FC,CAR_B,Carrier B,automotivo,none,2,0,0.0,0,none
2018-04-30,WH_SOUTH,South FC,CAR_B,Carrier B,bebes,missing,1,1,100.0,0,none
2018-04-30,WH_SOUTH,South FC,CAR_B,Carrier B,bebes,none,1,0,0.0,0,none
2018-04-30,WH_SOUTH,South FC,CAR_B,Carrier B,beleza_saude,none,8,0,0.0,0,none
2018-04-30,WH_SOUTH,South FC,CAR_B,Carrier B,brinquedos,failed,1,1,100.0,0,none
2018-04-30,WH_SOUTH,South FC,CAR_B,Carrier B,brinquedos,none,1,0,0.0,0,none
2018-04-30,WH_SOUTH,South FC,CAR_B,Carrier B,cama_mesa_banho,none,8,0,0.0,0,none
2018-04-30,WH_SOUTH,South FC,CAR_B,Carrier B,casa_construcao,none,1,0,0.0,0,none
2018-04-30,WH_SOUTH,South FC,CAR_B,Carrier B,cine_foto,none,1,0,0.0,0,none
2018-04-30,WH_SOUTH,South FC,CAR_B,Carrier B,construcao_ferramentas_construcao,none,1,0,0.0,0,none
2018-04-30,WH_SOUTH,South FC,CAR_B,Carrier B,cool_stuff,none,4,0,0.0,0,none
2018-04-30,WH_SOUTH,South FC,CAR_B,Carrier B,eletronicos,none,2,0,0.0,0,none
2018-04-30,WH_SOUTH,South FC,CAR_B,Carrier B,eletroportateis,none,1,0,0.0,0,none
2018-04-30,WH_SOUTH,South FC,CAR_B,Carrier B,esporte_lazer,none,4,0,0.0,0,none
2018-04-30,WH_SOUTH,South FC,CAR_B,Carrier B,fashion_underwear_e_moda_praia,none,1,0,0.0,0,none
2018-04-30,WH_SOUTH,South FC,CAR_B,Carrier B,ferramentas_jardim,none,2,0,0.0,0,none
2018-04-30,WH_SOUTH,South FC,CAR_B,Carrier B,informatica_acessorios,none,2,0,0.0,0,none
2018-04-30,WH_SOUTH,South FC,CAR_B,Carrier B,livros_tecnicos,none,1,0,0.0,0,none
2018-04-30,WH_SOUTH,South FC,CAR_B,Carrier B,moveis_decoracao,none,10,0,0.0,0,none
2018-04-30,WH_SOUTH,South FC,CAR_B,Carrier B,moveis_escritorio,none,1,0,0.0,0,none
2018-04-30,WH_SOUTH,South FC,CAR_B,Carrier B,papelaria,none,1,0,0.0,0,none
2018-04-30,WH_SOUTH,South FC,CAR_B,Carrier B,perfumaria,none,3,0,0.0,0,none
2018-04-30,WH_SOUTH,South FC,CAR_B,Carrier B,pet_shop,none,1,0,0.0,0,none
2018-04-30,WH_SOUTH,South FC,CAR_B,Carrier B,relogios_presentes,missing,1,1,100.0,0,none
2018-04-30,WH_SOUTH,South FC,CAR_B,Carrier B,relogios_presentes,none,8,0,0.0,0,none
2018-04-30,WH_SOUTH,South FC,CAR_B,Carrier B,telefonia,none,8,0,0.0,0,none
2018-04-30,WH_SOUTH,South FC,CAR_B,Carrier B,unknown,none,1,0,0.0,0,none
2018-04-30,WH_SOUTH,South FC,CAR_B,Carrier B,utilidades_domesticas,none,6,0,0.0,0,none
2018-04-30,WH_SOUTH,South FC,CAR_C,Carrier C,audio,failed,1,1,100.0,0,none
2018-04-30,WH_SOUTH,South FC,CAR_C,Carrier C,automotivo,none,1,0,0.0,0,none
2018-04-30,WH_SOUTH,South FC,CAR_C,Carrier C,bebes,none,3,0,0.0,0,none
2018-04-30,WH_SOUTH,South FC,CAR_C,Carrier C,bebidas,none,2,0,0.0,0,none
2018-04-30,WH_SOUTH,South FC,CAR_C,Carrier C,beleza_saude,none,3,0,0.0,0,none
2018-04-30,WH_SOUTH,South FC,CAR_C,Carrier C,cama_mesa_banho,none,4,0,0.0,0,none
2018-04-30,WH_SOUTH,South FC,CAR_C,Carrier C,casa_conforto,none,1,0,0.0,0,none
2018-04-30,WH_SOUTH,South FC,CAR_C,Carrier C,casa_construcao,none,1,0,0.0,0,none
2018-04-30,WH_SOUTH,South FC,CAR_C,Carrier C,consoles_games,none,2,0,0.0,0,none
2018-04-30,WH_SOUTH,South FC,CAR_C,Carrier C,construcao_ferramentas_seguranca,none,1,0,0.0,0,none
2018-04-30,WH_SOUTH,South FC,CAR_C,Carrier C,cool_stuff,damaged,1,1,100.0,0,none
2018-04-30,WH_SOUTH,South FC,CAR_C,Carrier C,eletronicos,none,1,0,0.0,0,none
2018-04-30,WH_SOUTH,South FC,CAR_C,Carrier C,esporte_lazer,none,3,0,0.0,0,none
2018-04-30,WH_SOUTH,South FC,CAR_C,Carrier C,ferramentas_jardim,failed,1,1,100.0,0,none
2018-04-30,WH_SOUTH,South FC,CAR_C,Carrier C,ferramentas_jardim,none,1,0,0.0,0,none
2018-04-30,WH_SOUTH,South FC,CAR_C,Carrier C,livros_interesse_geral,none,2,0,0.0,0,none
2018-04-30,WH_SOUTH,South FC,CAR_C,Carrier C,moveis_decoracao,none,6,0,0.0,0,none
2018-04-30,WH_SOUTH,South FC,CAR_C,Carrier C,moveis_decoracao,wrong,1,1,100.0,0,none
2018-04-30,WH_SOUTH,South FC,CAR_C,Carrier C,papelaria,none,1,0,0.0,0,none
2018-04-30,WH_SOUTH,South FC,CAR_C,Carrier C,perfumaria,none,1,0,0.0,0,none
2018-04-30,WH_SOUTH,South FC,CAR_C,Carrier C,pet_shop,none,1,0,0.0,0,none
2018-04-30,WH_SOUTH,South FC,CAR_C,Carrier C,relogios_presentes,none,3,0,0.0,0,none
2018-04-30,WH_SOUTH,South FC,CAR_C,Carrier C,sinalizacao_e_seguranca,none,1,0,0.0,0,none
2018-04-30,WH_SOUTH,South FC,CAR_C,Carrier C,telefonia,none,3,0,0.0,0,none
2018-04-30,WH_SOUTH,South FC,CAR_C,Carrier C,telefonia,wrong,1,1,100.0,0,none
2018-04-30,WH_SOUTH,South FC,CAR_C,Carrier C,utilidades_domesticas,none,2,0,0.0,0,none
2018-04-30,WH_SOUTH,South FC,CAR_D,Carrier D,automotivo,none,1,0,0.0,0,none
2018-04-30,WH_SOUTH,South FC,CAR_D,Carrier D,automotivo,refund,1,1,100.0,0,none
2018-04-30,WH_SOUTH,South FC,CAR_D,Carrier D,bebes,none,1,0,0.0,0,none
2018-04-30,WH_SOUTH,South FC,CAR_D,Carrier D,beleza_saude,none,3,0,0.0,0,none
2018-04-30,WH_SOUTH,South FC,CAR_D,Carrier D,brinquedos,none,1,0,0.0,0,none
2018-04-30,WH_SOUTH,South FC,CAR_D,Carrier D,cama_mesa_banho,none,4,0,0.0,0,none
2018-04-30,WH_SOUTH,South FC,CAR_D,Carrier D,construcao_ferramentas_iluminacao,none,1,0,0.0,0,none
2018-04-30,WH_SOUTH,South FC,CAR_D,Carrier D,cool_stuff,none,3,0,0.0,0,none
2018-04-30,WH_SOUTH,South FC,CAR_D,Carrier D,eletronicos,none,1,0,0.0,0,none
2018-04-30,WH_SOUTH,South FC,CAR_D,Carrier D,esporte_lazer,none,2,0,0.0,0,none
2018-04-30,WH_SOUTH,South FC,CAR_D,Carrier D,fashion_bolsas_e_acessorios,none,1,0,0.0,0,none
2018-04-30,WH_SOUTH,South FC,CAR_D,Carrier D,ferramentas_jardim,none,1,0,0.0,0,none
2018-04-30,WH_SOUTH,South FC,CAR_D,Carrier D,informatica_acessorios,none,1,0,0.0,0,none
2018-04-30,WH_SOUTH,South FC,CAR_D,Carrier D,moveis_decoracao,none,3,0,0.0,0,none
2018-04-30,WH_SOUTH,South FC,CAR_D,Carrier D,perfumaria,none,1,0,0.0,0,none
2018-04-30,WH_SOUTH,South FC,CAR_D,Carrier D,pet_shop,none,1,0,0.0,0,none
2018-04-30,WH_SOUTH,South FC,CAR_D,Carrier D,relogios_presentes,none,1,0,0.0,0,none
2018-04-30,WH_SOUTH,South FC,CAR_D,Carrier D,unknown,none,1,0,0.0,0,none
2018-04-30,WH_SOUTH,South FC,CAR_D,Carrier D,utilidades_domesticas,failed,1,1,100.0,0,none
2018-04-30,WH_SOUTH,South FC,CAR_D,Carrier D,utilidades_domesticas,missing,1,1,100.0,0,none
2018-04-30,WH_SOUTH,South FC,CAR_D,Carrier D,utilidades_domesticas,none,2,0,0.0,0,none
2018-04-30,WH_SOUTHEAST,Southeast FC,CAR_A,Carrier A,alimentos,damaged,1,1,100.0,0,none
2018-04-30,WH_SOUTHEAST,Southeast FC,CAR_A,Carrier A,alimentos_bebidas,none,1,0,0.0,0,none
2018-04-30,WH_SOUTHEAST,Southeast FC,CAR_A,Carrier A,artes,none,1,0,0.0,0,none
2018-04-30,WH_SOUTHEAST,Southeast FC,CAR_A,Carrier A,audio,none,1,0,0.0,0,none
2018-04-30,WH_SOUTHEAST,Southeast FC,CAR_A,Carrier A,automotivo,none,19,0,0.0,0,none
2018-04-30,WH_SOUTHEAST,Southeast FC,CAR_A,Carrier A,automotivo,refund,1,1,100.0,0,none
2018-04-30,WH_SOUTHEAST,Southeast FC,CAR_A,Carrier A,bebes,none,15,0,0.0,0,none
2018-04-30,WH_SOUTHEAST,Southeast FC,CAR_A,Carrier A,bebidas,none,1,0,0.0,0,none
2018-04-30,WH_SOUTHEAST,Southeast FC,CAR_A,Carrier A,beleza_saude,failed,2,2,100.0,0,none
2018-04-30,WH_SOUTHEAST,Southeast FC,CAR_A,Carrier A,beleza_saude,none,44,0,0.0,0,none
2018-04-30,WH_SOUTHEAST,Southeast FC,CAR_A,Carrier A,brinquedos,damaged,1,1,100.0,0,none
2018-04-30,WH_SOUTHEAST,Southeast FC,CAR_A,Carrier A,brinquedos,none,10,0,0.0,0,none
2018-04-30,WH_SOUTHEAST,Southeast FC,CAR_A,Carrier A,cama_mesa_banho,failed,1,1,100.0,0,none
2018-04-30,WH_SOUTHEAST,Southeast FC,CAR_A,Carrier A,cama_mesa_banho,missing,1,1,100.0,0,none
2018-04-30,WH_SOUTHEAST,Southeast FC,CAR_A,Carrier A,cama_mesa_banho,none,32,0,0.0,0,none
2018-04-30,WH_SOUTHEAST,Southeast FC,CAR_A,Carrier A,cama_mesa_banho,refund,1,1,100.0,0,none
2018-04-30,WH_SOUTHEAST,Southeast FC,CAR_A,Carrier A,cama_mesa_banho,wrong,1,1,100.0,0,none
2018-04-30,WH_SOUTHEAST,Southeast FC,CAR_A,Carrier A,casa_construcao,none,3,0,0.0,0,none
2018-04-30,WH_SOUTHEAST,Southeast FC,CAR_A,Carrier A,climatizacao,none,1,0,0.0,0,none
2018-04-30,WH_SOUTHEAST,Southeast FC,CAR_A,Carrier A,construcao_ferramentas_construcao,none,3,0,0.0,0,none
2018-04-30,WH_SOUTHEAST,Southeast FC,CAR_A,Carrier A,construcao_ferramentas_iluminacao,none,1,0,0.0,0,none
2018-04-30,WH_SOUTHEAST,Southeast FC,CAR_A,Carrier A,construcao_ferramentas_jardim,none,1,0,0.0,0,none
2018-04-30,WH_SOUTHEAST,Southeast FC,CAR_A,Carrier A,cool_stuff,failed,1,1,100.0,0,none
2018-04-30,WH_SOUTHEAST,Southeast FC,CAR_A,Carrier A,cool_stuff,none,14,0,0.0,0,none
2018-04-30,WH_SOUTHEAST,Southeast FC,CAR_A,Carrier A,dvds_blu_ray,none,1,0,0.0,0,none
2018-04-30,WH_SOUTHEAST,Southeast FC,CAR_A,Carrier A,eletrodomesticos,none,2,0,0.0,0,none
2018-04-30,WH_SOUTHEAST,Southeast FC,CAR_A,Carrier A,eletrodomesticos_2,none,4,0,0.0,0,none
2018-04-30,WH_SOUTHEAST,Southeast FC,CAR_A,Carrier A,eletronicos,damaged,1,1,100.0,0,none
2018-04-30,WH_SOUTHEAST,Southeast FC,CAR_A,Carrier A,eletronicos,none,9,0,0.0,0,none
2018-04-30,WH_SOUTHEAST,Southeast FC,CAR_A,Carrier A,eletroportateis,none,2,0,0.0,0,none
2018-04-30,WH_SOUTHEAST,Southeast FC,CAR_A,Carrier A,esporte_lazer,failed,1,1,100.0,0,none
2018-04-30,WH_SOUTHEAST,Southeast FC,CAR_A,Carrier A,esporte_lazer,missing,1,1,100.0,0,none
2018-04-30,WH_SOUTHEAST,Southeast FC,CAR_A,Carrier A,esporte_lazer,none,31,0,0.0,0,none
2018-04-30,WH_SOUTHEAST,Southeast FC,CAR_A,Carrier A,fashion_bolsas_e_acessorios,none,3,0,0.0,0,none
2018-04-30,WH_SOUTHEAST,Southeast FC,CAR_A,Carrier A,fashion_calcados,none,1,0,0.0,0,none
2018-04-30,WH_SOUTHEAST,Southeast FC,CAR_A,Carrier A,ferramentas_jardim,none,23,0,0.0,0,none
2018-04-30,WH_SOUTHEAST,Southeast FC,CAR_A,Carrier A,flores,none,1,0,0.0,0,none
2018-04-30,WH_SOUTHEAST,Southeast FC,CAR_A,Carrier A,industria_comercio_e_negocios,none,2,0,0.0,0,none
2018-04-30,WH_SOUTHEAST,Southeast FC,CAR_A,Carrier A,informatica_acessorios,none,29,0,0.0,0,none
2018-04-30,WH_SOUTHEAST,Southeast FC,CAR_A,Carrier A,instrumentos_musicais,none,3,0,0.0,0,none
2018-04-30,WH_SOUTHEAST,Southeast FC,CAR_A,Carrier A,livros_interesse_geral,none,3,0,0.0,0,none
2018-04-30,WH_SOUTHEAST,Southeast FC,CAR_A,Carrier A,livros_tecnicos,none,4,0,0.0,0,none
2018-04-30,WH_SOUTHEAST,Southeast FC,CAR_A,Carrier A,malas_acessorios,damaged,1,1,100.0,0,none
2018-04-30,WH_SOUTHEAST,Southeast FC,CAR_A,Carrier A,malas_acessorios,none,2,0,0.0,0,none
2018-04-30,WH_SOUTHEAST,Southeast FC,CAR_A,Carrier A,moveis_cozinha_area_de_servico_jantar_e_jardim,none,1,0,0.0,0,none
2018-04-30,WH_SOUTHEAST,Southeast FC,CAR_A,Carrier A,moveis_decoracao,none,21,0,0.0,0,none
2018-04-30,WH_SOUTHEAST,Southeast FC,CAR_A,Carrier A,moveis_escritorio,none,1,0,0.0,0,none
2018-04-30,WH_SOUTHEAST,Southeast FC,CAR_A,Carrier A,musica,none,1,0,0.0,0,none
2018-04-30,WH_SOUTHEAST,Southeast FC,CAR_A,Carrier A,papelaria,none,4,0,0.0,0,none
2018-04-30,WH_SOUTHEAST,Southeast FC,CAR_A,Carrier A,pcs,none,1,0,0.0,0,none
2018-04-30,WH_SOUTHEAST,Southeast FC,CAR_A,Carrier A,perfumaria,damaged,1,1,100.0,0,none
2018-04-30,WH_SOUTHEAST,Southeast FC,CAR_A,Carrier A,perfumaria,none,13,0,0.0,0,none
2018-04-30,WH_SOUTHEAST,Southeast FC,CAR_A,Carrier A,pet_shop,none,10,0,0.0,0,none
2018-04-30,WH_SOUTHEAST,Southeast FC,CAR_A,Carrier A,pet_shop,wrong,2,2,100.0,0,none
2018-04-30,WH_SOUTHEAST,Southeast FC,CAR_A,Carrier A,relogios_presentes,failed,2,2,100.0,0,none
2018-04-30,WH_SOUTHEAST,Southeast FC,CAR_A,Carrier A,relogios_presentes,missing,1,1,100.0,0,none
2018-04-30,WH_SOUTHEAST,Southeast FC,CAR_A,Carrier A,relogios_presentes,none,54,0,0.0,0,none
2018-04-30,WH_SOUTHEAST,Southeast FC,CAR_A,Carrier A,relogios_presentes,refund,1,1,100.0,0,none
2018-04-30,WH_SOUTHEAST,Southeast FC,CAR_A,Carrier A,sinalizacao_e_seguranca,none,1,0,0.0,0,none
2018-04-30,WH_SOUTHEAST,Southeast FC,CAR_A,Carrier A,telefonia,none,9,0,0.0,0,none
2018-04-30,WH_SOUTHEAST,Southeast FC,CAR_A,Carrier A,unknown,none,1,0,0.0,0,none
2018-04-30,WH_SOUTHEAST,Southeast FC,CAR_A,Carrier A,utilidades_domesticas,none,19,0,0.0,0,none
2018-04-30,WH_SOUTHEAST,Southeast FC,CAR_B,Carrier B,alimentos,none,1,0,0.0,0,none
2018-04-30,WH_SOUTHEAST,Southeast FC,CAR_B,Carrier B,alimentos_bebidas,none,2,0,0.0,0,none
2018-04-30,WH_SOUTHEAST,Southeast FC,CAR_B,Carrier B,artes,none,4,0,0.0,0,none
2018-04-30,WH_SOUTHEAST,Southeast FC,CAR_B,Carrier B,audio,none,1,0,0.0,0,none
2018-04-30,WH_SOUTHEAST,Southeast FC,CAR_B,Carrier B,automotivo,none,23,0,0.0,0,none
2018-04-30,WH_SOUTHEAST,Southeast FC,CAR_B,Carrier B,bebes,none,10,0,0.0,0,none
2018-04-30,WH_SOUTHEAST,Southeast FC,CAR_B,Carrier B,bebidas,none,2,0,0.0,0,none
2018-04-30,WH_SOUTHEAST,Southeast FC,CAR_B,Carrier B,beleza_saude,missing,1,1,100.0,0,none
2018-04-30,WH_SOUTHEAST,Southeast FC,CAR_B,Carrier B,beleza_saude,none,45,0,0.0,0,none
2018-04-30,WH_SOUTHEAST,Southeast FC,CAR_B,Carrier B,beleza_saude,wrong,1,1,100.0,0,none
2018-04-30,WH_SOUTHEAST,Southeast FC,CAR_B,Carrier B,brinquedos,none,13,0,0.0,0,none
2018-04-30,WH_SOUTHEAST,Southeast FC,CAR_B,Carrier B,cama_mesa_banho,damaged,1,1,100.0,0,none
2018-04-30,WH_SOUTHEAST,Southeast FC,CAR_B,Carrier B,cama_mesa_banho,none,31,0,0.0,0,none
2018-04-30,WH_SOUTHEAST,Southeast FC,CAR_B,Carrier B,cama_mesa_banho,refund,1,1,100.0,0,none
2018-04-30,WH_SOUTHEAST,Southeast FC,CAR_B,Carrier B,cama_mesa_banho,wrong,1,1,100.0,0,none
2018-04-30,WH_SOUTHEAST,Southeast FC,CAR_B,Carrier B,casa_construcao,none,2,0,0.0,0,none
2018-04-30,WH_SOUTHEAST,Southeast FC,CAR_B,Carrier B,consoles_games,none,3,0,0.0,0,none
2018-04-30,WH_SOUTHEAST,Southeast FC,CAR_B,Carrier B,construcao_ferramentas_construcao,none,5,0,0.0,0,none
2018-04-30,WH_SOUTHEAST,Southeast FC,CAR_B,Carrier B,construcao_ferramentas_ferramentas,none,2,0,0.0,0,none
2018-04-30,WH_SOUTHEAST,Southeast FC,CAR_B,Carrier B,construcao_ferramentas_iluminacao,none,1,0,0.0,0,none
2018-04-30,WH_SOUTHEAST,Southeast FC,CAR_B,Carrier B,cool_stuff,none,14,0,0.0,0,none
2018-04-30,WH_SOUTHEAST,Southeast FC,CAR_B,Carrier B,eletrodomesticos,damaged,1,1,100.0,0,none
2018-04-30,WH_SOUTHEAST,Southeast FC,CAR_B,Carrier B,eletrodomesticos,none,4,0,0.0,0,none
2018-04-30,WH_SOUTHEAST,Southeast FC,CAR_B,Carrier B,eletrodomesticos_2,none,1,0,0.0,0,none
2018-04-30,WH_SOUTHEAST,Southeast FC,CAR_B,Carrier B,eletronicos,failed,1,1,100.0,0,none
2018-04-30,WH_SOUTHEAST,Southeast FC,CAR_B,Carrier B,eletronicos,none,14,0,0.0,0,none
2018-04-30,WH_SOUTHEAST,Southeast FC,CAR_B,Carrier B,eletroportateis,missing,1,1,100.0,0,none
2018-04-30,WH_SOUTHEAST,Southeast FC,CAR_B,Carrier B,eletroportateis,none,2,0,0.0,0,none
2018-04-30,WH_SOUTHEAST,Southeast FC,CAR_B,Carrier B,esporte_lazer,failed,1,1,100.0,0,none
2018-04-30,WH_SOUTHEAST,Southeast FC,CAR_B,Carrier B,esporte_lazer,none,23,0,0.0,0,none
2018-04-30,WH_SOUTHEAST,Southeast FC,CAR_B,Carrier B,esporte_lazer,refund,1,1,100.0,0,none
2018-04-30,WH_SOUTHEAST,Southeast FC,CAR_B,Carrier B,fashion_bolsas_e_acessorios,none,10,0,0.0,0,none
2018-04-30,WH_SOUTHEAST,Southeast FC,CAR_B,Carrier B,fashion_calcados,none,2,0,0.0,0,none
2018-04-30,WH_SOUTHEAST,Southeast FC,CAR_B,Carrier B,ferramentas_jardim,none,18,0,0.0,0,none
2018-04-30,WH_SOUTHEAST,Southeast FC,CAR_B,Carrier B,industria_comercio_e_negocios,none,2,0,0.0,0,none
2018-04-30,WH_SOUTHEAST,Southeast FC,CAR_B,Carrier B,informatica_acessorios,none,23,0,0.0,0,none
2018-04-30,WH_SOUTHEAST,Southeast FC,CAR_B,Carrier B,informatica_acessorios,refund,1,1,100.0,0,none
2018-04-30,WH_SOUTHEAST,Southeast FC,CAR_B,Carrier B,informatica_acessorios,wrong,1,1,100.0,0,none
2018-04-30,WH_SOUTHEAST,Southeast FC,CAR_B,Carrier B,instrumentos_musicais,none,2,0,0.0,0,none
2018-04-30,WH_SOUTHEAST,Southeast FC,CAR_B,Carrier B,livros_interesse_geral,none,5,0,0.0,0,none
2018-04-30,WH_SOUTHEAST,Southeast FC,CAR_B,Carrier B,livros_tecnicos,none,2,0,0.0,0,none
2018-04-30,WH_SOUTHEAST,Southeast FC,CAR_B,Carrier B,malas_acessorios,none,3,0,0.0,0,none
2018-04-30,WH_SOUTHEAST,Southeast FC,CAR_B,Carrier B,market_place,none,2,0,0.0,0,none
2018-04-30,WH_SOUTHEAST,Southeast FC,CAR_B,Carrier B,moveis_decoracao,none,28,0,0.0,0,none
2018-04-30,WH_SOUTHEAST,Southeast FC,CAR_B,Carrier B,moveis_escritorio,none,5,0,0.0,0,none
2018-04-30,WH_SOUTHEAST,Southeast FC,CAR_B,Carrier B,moveis_escritorio,refund,1,1,100.0,0,none
2018-04-30,WH_SOUTHEAST,Southeast FC,CAR_B,Carrier B,moveis_quarto,none,1,0,0.0,0,none
2018-04-30,WH_SOUTHEAST,Southeast FC,CAR_B,Carrier B,moveis_sala,none,2,0,0.0,0,none
2018-04-30,WH_SOUTHEAST,Southeast FC,CAR_B,Carrier B,papelaria,none,6,0,0.0,0,none
2018-04-30,WH_SOUTHEAST,Southeast FC,CAR_B,Carrier B,perfumaria,none,5,0,0.0,0,none
2018-04-30,WH_SOUTHEAST,Southeast FC,CAR_B,Carrier B,pet_shop,none,6,0,0.0,0,none
2018-04-30,WH_SOUTHEAST,Southeast FC,CAR_B,Carrier B,relogios_presentes,damaged,1,1,100.0,0,none
2018-04-30,WH_SOUTHEAST,Southeast FC,CAR_B,Carrier B,relogios_presentes,failed,1,1,100.0,0,none
2018-04-30,WH_SOUTHEAST,Southeast FC,CAR_B,Carrier B,relogios_presentes,missing,1,1,100.0,0,none
2018-04-30,WH_SOUTHEAST,Southeast FC,CAR_B,Carrier B,relogios_presentes,none,47,0,0.0,0,none
2018-04-30,WH_SOUTHEAST,Southeast FC,CAR_B,Carrier B,relogios_presentes,refund,1,1,100.0,0,none
2018-04-30,WH_SOUTHEAST,Southeast FC,CAR_B,Carrier B,sinalizacao_e_seguranca,none,1,0,0.0,0,none
2018-04-30,WH_SOUTHEAST,Southeast FC,CAR_B,Carrier B,telefonia,none,12,0,0.0,0,none
2018-04-30,WH_SOUTHEAST,Southeast FC,CAR_B,Carrier B,unknown,none,2,0,0.0,0,none
2018-04-30,WH_SOUTHEAST,Southeast FC,CAR_B,Carrier B,utilidades_domesticas,damaged,1,1,100.0,0,none
2018-04-30,WH_SOUTHEAST,Southeast FC,CAR_B,Carrier B,utilidades_domesticas,none,25,0,0.0,0,none
2018-04-30,WH_SOUTHEAST,Southeast FC,CAR_C,Carrier C,alimentos,none,2,0,0.0,0,none
2018-04-30,WH_SOUTHEAST,Southeast FC,CAR_C,Carrier C,alimentos_bebidas,none,1,0,0.0,0,none
2018-04-30,WH_SOUTHEAST,Southeast FC,CAR_C,Carrier C,artes,none,1,0,0.0,0,none
2018-04-30,WH_SOUTHEAST,Southeast FC,CAR_C,Carrier C,automotivo,failed,1,1,100.0,0,none
2018-04-30,WH_SOUTHEAST,Southeast FC,CAR_C,Carrier C,automotivo,none,5,0,0.0,0,none
2018-04-30,WH_SOUTHEAST,Southeast FC,CAR_C,Carrier C,automotivo,refund,1,1,100.0,0,none
2018-04-30,WH_SOUTHEAST,Southeast FC,CAR_C,Carrier C,bebes,failed,2,2,100.0,0,none
2018-04-30,WH_SOUTHEAST,Southeast FC,CAR_C,Carrier C,bebes,none,15,0,0.0,0,none
2018-04-30,WH_SOUTHEAST,Southeast FC,CAR_C,Carrier C,bebidas,none,2,0,0.0,0,none
2018-04-30,WH_SOUTHEAST,Southeast FC,CAR_C,Carrier C,beleza_saude,damaged,1,1,100.0,0,none
2018-04-30,WH_SOUTHEAST,Southeast FC,CAR_C,Carrier C,beleza_saude,failed,2,2,100.0,0,none
2018-04-30,WH_SOUTHEAST,Southeast FC,CAR_C,Carrier C,beleza_saude,missing,1,1,100.0,0,none
2018-04-30,WH_SOUTHEAST,Southeast FC,CAR_C,Carrier C,beleza_saude,none,43,0,0.0,0,none
2018-04-30,WH_SOUTHEAST,Southeast FC,CAR_C,Carrier C,beleza_saude,wrong,1,1,100.0,0,none
2018-04-30,WH_SOUTHEAST,Southeast FC,CAR_C,Carrier C,brinquedos,none,11,0,0.0,0,none
2018-04-30,WH_SOUTHEAST,Southeast FC,CAR_C,Carrier C,brinquedos,refund,1,1,100.0,0,none
2018-04-30,WH_SOUTHEAST,Southeast FC,CAR_C,Carrier C,cama_mesa_banho,missing,1,1,100.0,0,none
2018-04-30,WH_SOUTHEAST,Southeast FC,CAR_C,Carrier C,cama_mesa_banho,none,23,0,0.0,0,none
2018-04-30,WH_SOUTHEAST,Southeast FC,CAR_C,Carrier C,cama_mesa_banho,refund,1,1,100.0,0,none
2018-04-30,WH_SOUTHEAST,Southeast FC,CAR_C,Carrier C,casa_construcao,none,3,0,0.0,0,none
2018-04-30,WH_SOUTHEAST,Southeast FC,CAR_C,Carrier C,climatizacao,none,1,0,0.0,0,none
2018-04-30,WH_SOUTHEAST,Southeast FC,CAR_C,Carrier C,consoles_games,none,1,0,0.0,0,none
2018-04-30,WH_SOUTHEAST,Southeast FC,CAR_C,Carrier C,construcao_ferramentas_construcao,none,2,0,0.0,0,none
2018-04-30,WH_SOUTHEAST,Southeast FC,CAR_C,Carrier C,construcao_ferramentas_iluminacao,none,1,0,0.0,0,none
2018-04-30,WH_SOUTHEAST,Southeast FC,CAR_C,Carrier C,construcao_ferramentas_jardim,none,2,0,0.0,0,none
2018-04-30,WH_SOUTHEAST,Southeast FC,CAR_C,Carrier C,cool_stuff,none,4,0,0.0,0,none
2018-04-30,WH_SOUTHEAST,Southeast FC,CAR_C,Carrier C,cool_stuff,refund,1,1,100.0,0,none
2018-04-30,WH_SOUTHEAST,Southeast FC,CAR_C,Carrier C,cool_stuff,wrong,1,1,100.0,0,none
2018-04-30,WH_SOUTHEAST,Southeast FC,CAR_C,Carrier C,eletrodomesticos_2,none,1,0,0.0,0,none
2018-04-30,WH_SOUTHEAST,Southeast FC,CAR_C,Carrier C,eletronicos,none,11,0,0.0,0,none
2018-04-30,WH_SOUTHEAST,Southeast FC,CAR_C,Carrier C,eletroportateis,none,1,0,0.0,0,none
2018-04-30,WH_SOUTHEAST,Southeast FC,CAR_C,Carrier C,esporte_lazer,damaged,1,1,100.0,0,none
2018-04-30,WH_SOUTHEAST,Southeast FC,CAR_C,Carrier C,esporte_lazer,failed,1,1,100.0,0,none
2018-04-30,WH_SOUTHEAST,Southeast FC,CAR_C,Carrier C,esporte_lazer,none,15,0,0.0,0,none
2018-04-30,WH_SOUTHEAST,Southeast FC,CAR_C,Carrier C,esporte_lazer,wrong,1,1,100.0,0,none
2018-04-30,WH_SOUTHEAST,Southeast FC,CAR_C,Carrier C,fashion_bolsas_e_acessorios,none,9,0,0.0,0,none
2018-04-30,WH_SOUTHEAST,Southeast FC,CAR_C,Carrier C,ferramentas_jardim,none,9,0,0.0,0,none
2018-04-30,WH_SOUTHEAST,Southeast FC,CAR_C,Carrier C,ferramentas_jardim,refund,1,1,100.0,0,none
2018-04-30,WH_SOUTHEAST,Southeast FC,CAR_C,Carrier C,ferramentas_jardim,wrong,2,2,100.0,0,none
2018-04-30,WH_SOUTHEAST,Southeast FC,CAR_C,Carrier C,industria_comercio_e_negocios,none,1,0,0.0,0,none
2018-04-30,WH_SOUTHEAST,Southeast FC,CAR_C,Carrier C,informatica_acessorios,missing,1,1,100.0,0,none
2018-04-30,WH_SOUTHEAST,Southeast FC,CAR_C,Carrier C,informatica_acessorios,none,12,0,0.0,0,none
2018-04-30,WH_SOUTHEAST,Southeast FC,CAR_C,Carrier C,livros_tecnicos,none,8,0,0.0,0,none
2018-04-30,WH_SOUTHEAST,Southeast FC,CAR_C,Carrier C,livros_tecnicos,wrong,1,1,100.0,0,none
2018-04-30,WH_SOUTHEAST,Southeast FC,CAR_C,Carrier C,malas_acessorios,none,3,0,0.0,0,none
2018-04-30,WH_SOUTHEAST,Southeast FC,CAR_C,Carrier C,moveis_cozinha_area_de_servico_jantar_e_jardim,none,1,0,0.0,0,none
2018-04-30,WH_SOUTHEAST,Southeast FC,CAR_C,Carrier C,moveis_decoracao,missing,1,1,100.0,0,none
2018-04-30,WH_SOUTHEAST,Southeast FC,CAR_C,Carrier C,moveis_decoracao,none,13,0,0.0,0,none
2018-04-30,WH_SOUTHEAST,Southeast FC,CAR_C,Carrier C,moveis_escritorio,none,1,0,0.0,0,none
2018-04-30,WH_SOUTHEAST,Southeast FC,CAR_C,Carrier C,moveis_sala,none,2,0,0.0,0,none
2018-04-30,WH_SOUTHEAST,Southeast FC,CAR_C,Carrier C,musica,none,1,0,0.0,0,none
2018-04-30,WH_SOUTHEAST,Southeast FC,CAR_C,Carrier C,papelaria,none,7,0,0.0,0,none
2018-04-30,WH_SOUTHEAST,Southeast FC,CAR_C,Carrier C,papelaria,wrong,1,1,100.0,0,none
2018-04-30,WH_SOUTHEAST,Southeast FC,CAR_C,Carrier C,perfumaria,none,11,0,0.0,0,none
2018-04-30,WH_SOUTHEAST,Southeast FC,CAR_C,Carrier C,perfumaria,wrong,1,1,100.0,0,none
2018-04-30,WH_SOUTHEAST,Southeast FC,CAR_C,Carrier C,pet_shop,none,3,0,0.0,0,none
2018-04-30,WH_SOUTHEAST,Southeast FC,CAR_C,Carrier C,relogios_presentes,damaged,1,1,100.0,0,none
2018-04-30,WH_SOUTHEAST,Southeast FC,CAR_C,Carrier C,relogios_presentes,none,27,0,0.0,0,none
2018-04-30,WH_SOUTHEAST,Southeast FC,CAR_C,Carrier C,relogios_presentes,wrong,2,2,100.0,0,none
2018-04-30,WH_SOUTHEAST,Southeast FC,CAR_C,Carrier C,sinalizacao_e_seguranca,missing,1,1,100.0,0,none
2018-04-30,WH_SOUTHEAST,Southeast FC,CAR_C,Carrier C,telefonia,failed,2,2,100.0,0,none
2018-04-30,WH_SOUTHEAST,Southeast FC,CAR_C,Carrier C,telefonia,none,7,0,0.0,0,none
2018-04-30,WH_SOUTHEAST,Southeast FC,CAR_C,Carrier C,telefonia_fixa,none,1,0,0.0,0,none
2018-04-30,WH_SOUTHEAST,Southeast FC,CAR_C,Carrier C,utilidades_domesticas,damaged,1,1,100.0,0,none
2018-04-30,WH_SOUTHEAST,Southeast FC,CAR_C,Carrier C,utilidades_domesticas,none,23,0,0.0,0,none
2018-04-30,WH_SOUTHEAST,Southeast FC,CAR_D,Carrier D,agro_industria_e_comercio,none,1,0,0.0,0,none
2018-04-30,WH_SOUTHEAST,Southeast FC,CAR_D,Carrier D,alimentos,none,3,0,0.0,0,none
2018-04-30,WH_SOUTHEAST,Southeast FC,CAR_D,Carrier D,alimentos_bebidas,none,1,0,0.0,0,none
2018-04-30,WH_SOUTHEAST,Southeast FC,CAR_D,Carrier D,artes,none,1,0,0.0,0,none
2018-04-30,WH_SOUTHEAST,Southeast FC,CAR_D,Carrier D,artes_e_artesanato,none,1,0,0.0,0,none
2018-04-30,WH_SOUTHEAST,Southeast FC,CAR_D,Carrier D,artigos_de_natal,failed,1,1,100.0,0,none
2018-04-30,WH_SOUTHEAST,Southeast FC,CAR_D,Carrier D,automotivo,none,7,0,0.0,0,none
2018-04-30,WH_SOUTHEAST,Southeast FC,CAR_D,Carrier D,bebes,none,2,0,0.0,0,none
2018-04-30,WH_SOUTHEAST,Southeast FC,CAR_D,Carrier D,bebidas,none,1,0,0.0,0,none
2018-04-30,WH_SOUTHEAST,Southeast FC,CAR_D,Carrier D,beleza_saude,failed,1,1,100.0,0,none
2018-04-30,WH_SOUTHEAST,Southeast FC,CAR_D,Carrier D,beleza_saude,none,14,0,0.0,0,none
2018-04-30,WH_SOUTHEAST,Southeast FC,CAR_D,Carrier D,brinquedos,failed,1,1,100.0,0,none
2018-04-30,WH_SOUTHEAST,Southeast FC,CAR_D,Carrier D,brinquedos,none,4,0,0.0,0,none
2018-04-30,WH_SOUTHEAST,Southeast FC,CAR_D,Carrier D,cama_mesa_banho,failed,2,2,100.0,0,none
2018-04-30,WH_SOUTHEAST,Southeast FC,CAR_D,Carrier D,cama_mesa_banho,none,12,0,0.0,0,none
2018-04-30,WH_SOUTHEAST,Southeast FC,CAR_D,Carrier D,cama_mesa_banho,wrong,1,1,100.0,0,none
2018-04-30,WH_SOUTHEAST,Southeast FC,CAR_D,Carrier D,casa_construcao,none,3,0,0.0,0,none
2018-04-30,WH_SOUTHEAST,Southeast FC,CAR_D,Carrier D,consoles_games,none,1,0,0.0,0,none
2018-04-30,WH_SOUTHEAST,Southeast FC,CAR_D,Carrier D,construcao_ferramentas_iluminacao,none,1,0,0.0,0,none
2018-04-30,WH_SOUTHEAST,Southeast FC,CAR_D,Carrier D,construcao_ferramentas_jardim,none,1,0,0.0,0,none
2018-04-30,WH_SOUTHEAST,Southeast FC,CAR_D,Carrier D,cool_stuff,none,5,0,0.0,0,none
2018-04-30,WH_SOUTHEAST,Southeast FC,CAR_D,Carrier D,eletrodomesticos,none,2,0,0.0,0,none
2018-04-30,WH_SOUTHEAST,Southeast FC,CAR_D,Carrier D,eletronicos,none,4,0,0.0,0,none
2018-04-30,WH_SOUTHEAST,Southeast FC,CAR_D,Carrier D,eletroportateis,none,1,0,0.0,0,none
2018-04-30,WH_SOUTHEAST,Southeast FC,CAR_D,Carrier D,esporte_lazer,none,12,0,0.0,0,none
2018-04-30,WH_SOUTHEAST,Southeast FC,CAR_D,Carrier D,fashion_bolsas_e_acessorios,none,4,0,0.0,0,none
2018-04-30,WH_SOUTHEAST,Southeast FC,CAR_D,Carrier D,ferramentas_jardim,missing,1,1,100.0,0,none
2018-04-30,WH_SOUTHEAST,Southeast FC,CAR_D,Carrier D,ferramentas_jardim,none,5,0,0.0,0,none
2018-04-30,WH_SOUTHEAST,Southeast FC,CAR_D,Carrier D,flores,none,1,0,0.0,0,none
2018-04-30,WH_SOUTHEAST,Southeast FC,CAR_D,Carrier D,industria_comercio_e_negocios,none,1,0,0.0,0,none
2018-04-30,WH_SOUTHEAST,Southeast FC,CAR_D,Carrier D,informatica_acessorios,none,10,0,0.0,0,none
2018-04-30,WH_SOUTHEAST,Southeast FC,CAR_D,Carrier D,informatica_acessorios,wrong,1,1,100.0,0,none
2018-04-30,WH_SOUTHEAST,Southeast FC,CAR_D,Carrier D,livros_interesse_geral,none,2,0,0.0,0,none
2018-04-30,WH_SOUTHEAST,Southeast FC,CAR_D,Carrier D,moveis_decoracao,none,13,0,0.0,0,none
2018-04-30,WH_SOUTHEAST,Southeast FC,CAR_D,Carrier D,moveis_escritorio,none,2,0,0.0,0,none
2018-04-30,WH_SOUTHEAST,Southeast FC,CAR_D,Carrier D,papelaria,damaged,1,1,100.0,0,none
2018-04-30,WH_SOUTHEAST,Southeast FC,CAR_D,Carrier D,papelaria,none,3,0,0.0,0,none
2018-04-30,WH_SOUTHEAST,Southeast FC,CAR_D,Carrier D,perfumaria,none,7,0,0.0,0,none
2018-04-30,WH_SOUTHEAST,Southeast FC,CAR_D,Carrier D,perfumaria,wrong,1,1,100.0,0,none
2018-04-30,WH_SOUTHEAST,Southeast FC,CAR_D,Carrier D,portateis_casa_forno_e_cafe,none,1,0,0.0,0,none
2018-04-30,WH_SOUTHEAST,Southeast FC,CAR_D,Carrier D,relogios_presentes,damaged,1,1,100.0,0,none
2018-04-30,WH_SOUTHEAST,Southeast FC,CAR_D,Carrier D,relogios_presentes,none,24,0,0.0,0,none
2018-04-30,WH_SOUTHEAST,Southeast FC,CAR_D,Carrier D,relogios_presentes,wrong,1,1,100.0,0,none
2018-04-30,WH_SOUTHEAST,Southeast FC,CAR_D,Carrier D,telefonia,none,6,0,0.0,0,none
2018-04-30,WH_SOUTHEAST,Southeast FC,CAR_D,Carrier D,unknown,none,1,0,0.0,0,none
2018-04-30,WH_SOUTHEAST,Southeast FC,CAR_D,Carrier D,utilidades_domesticas,failed,1,1,100.0,0,none
2018-04-30,WH_SOUTHEAST,Southeast FC,CAR_D,Carrier D,utilidades_domesticas,none,12,0,0.0,0,none
2018-05-07,WH_CENTRAL_WEST,Central-West FC,CAR_A,Carrier A,automotivo,none,3,0,0.0,0,none
2018-05-07,WH_CENTRAL_WEST,Central-West FC,CAR_A,Carrier A,bebes,none,1,0,0.0,0,none
2018-05-07,WH_CENTRAL_WEST,Central-West FC,CAR_A,Carrier A,beleza_saude,failed,1,1,100.0,0,none
2018-05-07,WH_CENTRAL_WEST,Central-West FC,CAR_A,Carrier A,beleza_saude,none,3,0,0.0,0,none
2018-05-07,WH_CENTRAL_WEST,Central-West FC,CAR_A,Carrier A,brinquedos,none,2,0,0.0,0,none
2018-05-07,WH_CENTRAL_WEST,Central-West FC,CAR_A,Carrier A,cama_mesa_banho,none,2,0,0.0,0,none
2018-05-07,WH_CENTRAL_WEST,Central-West FC,CAR_A,Carrier A,construcao_ferramentas_construcao,none,1,0,0.0,0,none
2018-05-07,WH_CENTRAL_WEST,Central-West FC,CAR_A,Carrier A,construcao_ferramentas_iluminacao,none,1,0,0.0,0,none
2018-05-07,WH_CENTRAL_WEST,Central-West FC,CAR_A,Carrier A,eletronicos,none,1,0,0.0,0,none
2018-05-07,WH_CENTRAL_WEST,Central-West FC,CAR_A,Carrier A,fashion_bolsas_e_acessorios,none,2,0,0.0,0,none
2018-05-07,WH_CENTRAL_WEST,Central-West FC,CAR_A,Carrier A,ferramentas_jardim,none,2,0,0.0,0,none
2018-05-07,WH_CENTRAL_WEST,Central-West FC,CAR_A,Carrier A,informatica_acessorios,none,4,0,0.0,0,none
2018-05-07,WH_CENTRAL_WEST,Central-West FC,CAR_A,Carrier A,malas_acessorios,none,1,0,0.0,0,none
2018-05-07,WH_CENTRAL_WEST,Central-West FC,CAR_A,Carrier A,moveis_decoracao,none,2,0,0.0,0,none
2018-05-07,WH_CENTRAL_WEST,Central-West FC,CAR_A,Carrier A,moveis_escritorio,none,2,0,0.0,0,none
2018-05-07,WH_CENTRAL_WEST,Central-West FC,CAR_A,Carrier A,pcs,none,1,0,0.0,0,none
2018-05-07,WH_CENTRAL_WEST,Central-West FC,CAR_A,Carrier A,relogios_presentes,none,5,0,0.0,0,none
2018-05-07,WH_CENTRAL_WEST,Central-West FC,CAR_A,Carrier A,telefonia,none,1,0,0.0,0,none
2018-05-07,WH_CENTRAL_WEST,Central-West FC,CAR_A,Carrier A,utilidades_domesticas,none,1,0,0.0,0,none
2018-05-07,WH_CENTRAL_WEST,Central-West FC,CAR_B,Carrier B,automotivo,failed,1,1,100.0,0,none
2018-05-07,WH_CENTRAL_WEST,Central-West FC,CAR_B,Carrier B,bebes,none,3,0,0.0,0,none
2018-05-07,WH_CENTRAL_WEST,Central-West FC,CAR_B,Carrier B,beleza_saude,none,5,0,0.0,0,none
2018-05-07,WH_CENTRAL_WEST,Central-West FC,CAR_B,Carrier B,cama_mesa_banho,none,1,0,0.0,0,none
2018-05-07,WH_CENTRAL_WEST,Central-West FC,CAR_B,Carrier B,construcao_ferramentas_seguranca,none,1,0,0.0,0,none
2018-05-07,WH_CENTRAL_WEST,Central-West FC,CAR_B,Carrier B,esporte_lazer,none,1,0,0.0,0,none
2018-05-07,WH_CENTRAL_WEST,Central-West FC,CAR_B,Carrier B,fashion_calcados,none,1,0,0.0,0,none
2018-05-07,WH_CENTRAL_WEST,Central-West FC,CAR_B,Carrier B,ferramentas_jardim,none,1,0,0.0,0,none
2018-05-07,WH_CENTRAL_WEST,Central-West FC,CAR_B,Carrier B,informatica_acessorios,none,2,0,0.0,0,none
2018-05-07,WH_CENTRAL_WEST,Central-West FC,CAR_B,Carrier B,instrumentos_musicais,none,1,0,0.0,0,none
2018-05-07,WH_CENTRAL_WEST,Central-West FC,CAR_B,Carrier B,livros_tecnicos,none,1,0,0.0,0,none
2018-05-07,WH_CENTRAL_WEST,Central-West FC,CAR_B,Carrier B,moveis_decoracao,none,5,0,0.0,0,none
2018-05-07,WH_CENTRAL_WEST,Central-West FC,CAR_B,Carrier B,perfumaria,none,1,0,0.0,0,none
2018-05-07,WH_CENTRAL_WEST,Central-West FC,CAR_B,Carrier B,relogios_presentes,none,3,0,0.0,0,none
2018-05-07,WH_CENTRAL_WEST,Central-West FC,CAR_B,Carrier B,telefonia,none,2,0,0.0,0,none
2018-05-07,WH_CENTRAL_WEST,Central-West FC,CAR_B,Carrier B,utilidades_domesticas,none,2,0,0.0,0,none
2018-05-07,WH_CENTRAL_WEST,Central-West FC,CAR_C,Carrier C,beleza_saude,none,3,0,0.0,0,none
2018-05-07,WH_CENTRAL_WEST,Central-West FC,CAR_C,Carrier C,brinquedos,none,1,0,0.0,0,none
2018-05-07,WH_CENTRAL_WEST,Central-West FC,CAR_C,Carrier C,esporte_lazer,none,1,0,0.0,0,none
2018-05-07,WH_CENTRAL_WEST,Central-West FC,CAR_C,Carrier C,ferramentas_jardim,none,1,0,0.0,0,none
2018-05-07,WH_CENTRAL_WEST,Central-West FC,CAR_C,Carrier C,informatica_acessorios,none,1,0,0.0,0,none
2018-05-07,WH_CENTRAL_WEST,Central-West FC,CAR_C,Carrier C,moveis_decoracao,none,1,0,0.0,0,none
2018-05-07,WH_CENTRAL_WEST,Central-West FC,CAR_C,Carrier C,papelaria,wrong,1,1,100.0,0,none
2018-05-07,WH_CENTRAL_WEST,Central-West FC,CAR_C,Carrier C,perfumaria,none,1,0,0.0,0,none
2018-05-07,WH_CENTRAL_WEST,Central-West FC,CAR_C,Carrier C,relogios_presentes,none,2,0,0.0,0,none
2018-05-07,WH_CENTRAL_WEST,Central-West FC,CAR_C,Carrier C,telefonia,none,1,0,0.0,0,none
2018-05-07,WH_CENTRAL_WEST,Central-West FC,CAR_C,Carrier C,utilidades_domesticas,none,1,0,0.0,0,none
2018-05-07,WH_CENTRAL_WEST,Central-West FC,CAR_D,Carrier D,automotivo,none,1,0,0.0,0,none
2018-05-07,WH_CENTRAL_WEST,Central-West FC,CAR_D,Carrier D,bebes,none,1,0,0.0,0,none
2018-05-07,WH_CENTRAL_WEST,Central-West FC,CAR_D,Carrier D,bebes,wrong,1,1,100.0,0,none
2018-05-07,WH_CENTRAL_WEST,Central-West FC,CAR_D,Carrier D,beleza_saude,none,5,0,0.0,0,none
2018-05-07,WH_CENTRAL_WEST,Central-West FC,CAR_D,Carrier D,brinquedos,missing,2,2,100.0,0,none
2018-05-07,WH_CENTRAL_WEST,Central-West FC,CAR_D,Carrier D,cama_mesa_banho,none,2,0,0.0,0,none
2018-05-07,WH_CENTRAL_WEST,Central-West FC,CAR_D,Carrier D,climatizacao,refund,1,1,100.0,0,none
2018-05-07,WH_CENTRAL_WEST,Central-West FC,CAR_D,Carrier D,cool_stuff,none,1,0,0.0,0,none
2018-05-07,WH_CENTRAL_WEST,Central-West FC,CAR_D,Carrier D,eletronicos,none,1,0,0.0,0,none
2018-05-07,WH_CENTRAL_WEST,Central-West FC,CAR_D,Carrier D,esporte_lazer,none,2,0,0.0,0,none
2018-05-07,WH_CENTRAL_WEST,Central-West FC,CAR_D,Carrier D,fashion_bolsas_e_acessorios,none,1,0,0.0,0,none
2018-05-07,WH_CENTRAL_WEST,Central-West FC,CAR_D,Carrier D,fashion_calcados,none,1,0,0.0,0,none
2018-05-07,WH_CENTRAL_WEST,Central-West FC,CAR_D,Carrier D,informatica_acessorios,none,2,0,0.0,0,none
2018-05-07,WH_CENTRAL_WEST,Central-West FC,CAR_D,Carrier D,instrumentos_musicais,none,1,0,0.0,0,none
2018-05-07,WH_CENTRAL_WEST,Central-West FC,CAR_D,Carrier D,malas_acessorios,none,1,0,0.0,0,none
2018-05-07,WH_CENTRAL_WEST,Central-West FC,CAR_D,Carrier D,moveis_decoracao,none,2,0,0.0,0,none
2018-05-07,WH_CENTRAL_WEST,Central-West FC,CAR_D,Carrier D,moveis_escritorio,none,1,0,0.0,0,none
2018-05-07,WH_CENTRAL_WEST,Central-West FC,CAR_D,Carrier D,papelaria,none,1,0,0.0,0,none
2018-05-07,WH_CENTRAL_WEST,Central-West FC,CAR_D,Carrier D,perfumaria,none,1,0,0.0,0,none
2018-05-07,WH_CENTRAL_WEST,Central-West FC,CAR_D,Carrier D,pet_shop,none,1,0,0.0,0,none
2018-05-07,WH_CENTRAL_WEST,Central-West FC,CAR_D,Carrier D,relogios_presentes,none,1,0,0.0,0,none
2018-05-07,WH_CENTRAL_WEST,Central-West FC,CAR_D,Carrier D,relogios_presentes,refund,1,1,100.0,0,none
2018-05-07,WH_CENTRAL_WEST,Central-West FC,CAR_D,Carrier D,telefonia,damaged,1,1,100.0,0,none
2018-05-07,WH_CENTRAL_WEST,Central-West FC,CAR_D,Carrier D,telefonia,none,1,0,0.0,0,none
2018-05-07,WH_CENTRAL_WEST,Central-West FC,CAR_D,Carrier D,utilidades_domesticas,none,6,0,0.0,0,none
2018-05-07,WH_NORTH,North FC,CAR_A,Carrier A,construcao_ferramentas_jardim,wrong,1,1,100.0,0,none
2018-05-07,WH_NORTH,North FC,CAR_A,Carrier A,informatica_acessorios,none,2,0,0.0,0,none
2018-05-07,WH_NORTH,North FC,CAR_A,Carrier A,livros_interesse_geral,none,1,0,0.0,0,none
2018-05-07,WH_NORTH,North FC,CAR_A,Carrier A,relogios_presentes,missing,1,1,100.0,0,none
2018-05-07,WH_NORTH,North FC,CAR_A,Carrier A,unknown,none,1,0,0.0,0,none
2018-05-07,WH_NORTH,North FC,CAR_B,Carrier B,automotivo,none,2,0,0.0,0,none
2018-05-07,WH_NORTH,North FC,CAR_B,Carrier B,cine_foto,none,1,0,0.0,0,none
2018-05-07,WH_NORTH,North FC,CAR_B,Carrier B,eletronicos,none,2,0,0.0,0,none
2018-05-07,WH_NORTH,North FC,CAR_B,Carrier B,moveis_decoracao,none,1,0,0.0,0,none
2018-05-07,WH_NORTH,North FC,CAR_B,Carrier B,papelaria,damaged,1,1,100.0,0,none
2018-05-07,WH_NORTH,North FC,CAR_B,Carrier B,portateis_cozinha_e_preparadores_de_alimentos,none,1,0,0.0,0,none
2018-05-07,WH_NORTH,North FC,CAR_B,Carrier B,relogios_presentes,missing,1,1,100.0,0,none
2018-05-07,WH_NORTH,North FC,CAR_B,Carrier B,relogios_presentes,refund,1,1,100.0,0,none
2018-05-07,WH_NORTH,North FC,CAR_B,Carrier B,telefonia,none,1,0,0.0,0,none
2018-05-07,WH_NORTH,North FC,CAR_B,Carrier B,utilidades_domesticas,none,1,0,0.0,0,none
2018-05-07,WH_NORTH,North FC,CAR_C,Carrier C,bebes,none,1,0,0.0,0,none
2018-05-07,WH_NORTH,North FC,CAR_C,Carrier C,brinquedos,none,1,0,0.0,0,none
2018-05-07,WH_NORTH,North FC,CAR_C,Carrier C,esporte_lazer,none,2,0,0.0,0,none
2018-05-07,WH_NORTH,North FC,CAR_C,Carrier C,fashion_bolsas_e_acessorios,none,1,0,0.0,0,none
2018-05-07,WH_NORTH,North FC,CAR_C,Carrier C,livros_interesse_geral,none,1,0,0.0,0,none
2018-05-07,WH_NORTH,North FC,CAR_C,Carrier C,moveis_decoracao,none,1,0,0.0,0,none
2018-05-07,WH_NORTH,North FC,CAR_C,Carrier C,papelaria,none,1,0,0.0,0,none
2018-05-07,WH_NORTH,North FC,CAR_C,Carrier C,telefonia,wrong,1,1,100.0,0,none
2018-05-07,WH_NORTH,North FC,CAR_C,Carrier C,utilidades_domesticas,none,1,0,0.0,0,none
2018-05-07,WH_NORTH,North FC,CAR_D,Carrier D,informatica_acessorios,none,1,0,0.0,0,none
2018-05-07,WH_NORTH,North FC,CAR_D,Carrier D,relogios_presentes,none,1,0,0.0,0,none
2018-05-07,WH_SOUTH,South FC,CAR_A,Carrier A,alimentos,none,1,0,0.0,0,none
2018-05-07,WH_SOUTH,South FC,CAR_A,Carrier A,audio,none,1,0,0.0,0,none
2018-05-07,WH_SOUTH,South FC,CAR_A,Carrier A,automotivo,none,4,0,0.0,0,none
2018-05-07,WH_SOUTH,South FC,CAR_A,Carrier A,bebes,none,1,0,0.0,0,none
2018-05-07,WH_SOUTH,South FC,CAR_A,Carrier A,beleza_saude,none,9,0,0.0,0,none
2018-05-07,WH_SOUTH,South FC,CAR_A,Carrier A,beleza_saude,wrong,2,2,100.0,0,none
2018-05-07,WH_SOUTH,South FC,CAR_A,Carrier A,brinquedos,none,7,0,0.0,0,none
2018-05-07,WH_SOUTH,South FC,CAR_A,Carrier A,cama_mesa_banho,none,10,0,0.0,0,none
2018-05-07,WH_SOUTH,South FC,CAR_A,Carrier A,climatizacao,none,1,0,0.0,0,none
2018-05-07,WH_SOUTH,South FC,CAR_A,Carrier A,eletronicos,none,4,0,0.0,0,none
2018-05-07,WH_SOUTH,South FC,CAR_A,Carrier A,esporte_lazer,damaged,1,1,100.0,0,none
2018-05-07,WH_SOUTH,South FC,CAR_A,Carrier A,esporte_lazer,none,8,0,0.0,0,none
2018-05-07,WH_SOUTH,South FC,CAR_A,Carrier A,ferramentas_jardim,none,1,0,0.0,0,none
2018-05-07,WH_SOUTH,South FC,CAR_A,Carrier A,informatica_acessorios,none,3,0,0.0,0,none
2018-05-07,WH_SOUTH,South FC,CAR_A,Carrier A,instrumentos_musicais,none,1,0,0.0,0,none
2018-05-07,WH_SOUTH,South FC,CAR_A,Carrier A,livros_tecnicos,none,1,0,0.0,0,none
2018-05-07,WH_SOUTH,South FC,CAR_A,Carrier A,malas_acessorios,none,1,0,0.0,0,none
2018-05-07,WH_SOUTH,South FC,CAR_A,Carrier A,moveis_decoracao,missing,1,1,100.0,0,none
2018-05-07,WH_SOUTH,South FC,CAR_A,Carrier A,moveis_decoracao,none,6,0,0.0,0,none
2018-05-07,WH_SOUTH,South FC,CAR_A,Carrier A,moveis_escritorio,none,1,0,0.0,0,none
2018-05-07,WH_SOUTH,South FC,CAR_A,Carrier A,papelaria,none,1,0,0.0,0,none
2018-05-07,WH_SOUTH,South FC,CAR_A,Carrier A,perfumaria,none,1,0,0.0,0,none
2018-05-07,WH_SOUTH,South FC,CAR_A,Carrier A,pet_shop,damaged,1,1,100.0,0,none
2018-05-07,WH_SOUTH,South FC,CAR_A,Carrier A,pet_shop,none,3,0,0.0,0,none
2018-05-07,WH_SOUTH,South FC,CAR_A,Carrier A,portateis_cozinha_e_preparadores_de_alimentos,none,1,0,0.0,0,none
2018-05-07,WH_SOUTH,South FC,CAR_A,Carrier A,relogios_presentes,none,4,0,0.0,0,none
2018-05-07,WH_SOUTH,South FC,CAR_A,Carrier A,telefonia,none,5,0,0.0,0,none
2018-05-07,WH_SOUTH,South FC,CAR_A,Carrier A,utilidades_domesticas,none,9,0,0.0,0,none
2018-05-07,WH_SOUTH,South FC,CAR_B,Carrier B,automotivo,none,2,0,0.0,0,none
2018-05-07,WH_SOUTH,South FC,CAR_B,Carrier B,automotivo,wrong,1,1,100.0,0,none
2018-05-07,WH_SOUTH,South FC,CAR_B,Carrier B,bebes,none,2,0,0.0,0,none
2018-05-07,WH_SOUTH,South FC,CAR_B,Carrier B,bebidas,none,1,0,0.0,0,none
2018-05-07,WH_SOUTH,South FC,CAR_B,Carrier B,beleza_saude,missing,1,1,100.0,0,none
2018-05-07,WH_SOUTH,South FC,CAR_B,Carrier B,beleza_saude,none,7,0,0.0,0,none
2018-05-07,WH_SOUTH,South FC,CAR_B,Carrier B,brinquedos,none,2,0,0.0,0,none
2018-05-07,WH_SOUTH,South FC,CAR_B,Carrier B,cama_mesa_banho,failed,1,1,100.0,0,none
2018-05-07,WH_SOUTH,South FC,CAR_B,Carrier B,cama_mesa_banho,none,4,0,0.0,0,none
2018-05-07,WH_SOUTH,South FC,CAR_B,Carrier B,casa_construcao,none,1,0,0.0,0,none
2018-05-07,WH_SOUTH,South FC,CAR_B,Carrier B,cine_foto,none,1,0,0.0,0,none
2018-05-07,WH_SOUTH,South FC,CAR_B,Carrier B,climatizacao,none,2,0,0.0,0,none
2018-05-07,WH_SOUTH,South FC,CAR_B,Carrier B,construcao_ferramentas_construcao,none,2,0,0.0,0,none
2018-05-07,WH_SOUTH,South FC,CAR_B,Carrier B,cool_stuff,none,3,0,0.0,0,none
2018-05-07,WH_SOUTH,South FC,CAR_B,Carrier B,eletronicos,none,4,0,0.0,0,none
2018-05-07,WH_SOUTH,South FC,CAR_B,Carrier B,eletroportateis,failed,1,1,100.0,0,none
2018-05-07,WH_SOUTH,South FC,CAR_B,Carrier B,esporte_lazer,none,9,0,0.0,0,none
2018-05-07,WH_SOUTH,South FC,CAR_B,Carrier B,esporte_lazer,wrong,1,1,100.0,0,none
2018-05-07,WH_SOUTH,South FC,CAR_B,Carrier B,ferramentas_jardim,none,3,0,0.0,0,none
2018-05-07,WH_SOUTH,South FC,CAR_B,Carrier B,ferramentas_jardim,wrong,1,1,100.0,0,none
2018-05-07,WH_SOUTH,South FC,CAR_B,Carrier B,industria_comercio_e_negocios,none,2,0,0.0,0,none
2018-05-07,WH_SOUTH,South FC,CAR_B,Carrier B,informatica_acessorios,none,6,0,0.0,0,none
2018-05-07,WH_SOUTH,South FC,CAR_B,Carrier B,livros_interesse_geral,none,1,0,0.0,0,none
2018-05-07,WH_SOUTH,South FC,CAR_B,Carrier B,malas_acessorios,none,1,0,0.0,0,none
2018-05-07,WH_SOUTH,South FC,CAR_B,Carrier B,market_place,none,1,0,0.0,0,none
2018-05-07,WH_SOUTH,South FC,CAR_B,Carrier B,moveis_decoracao,none,4,0,0.0,0,none
2018-05-07,WH_SOUTH,South FC,CAR_B,Carrier B,papelaria,none,1,0,0.0,0,none
2018-05-07,WH_SOUTH,South FC,CAR_B,Carrier B,perfumaria,failed,1,1,100.0,0,none
2018-05-07,WH_SOUTH,South FC,CAR_B,Carrier B,perfumaria,none,1,0,0.0,0,none
2018-05-07,WH_SOUTH,South FC,CAR_B,Carrier B,portateis_casa_forno_e_cafe,failed,1,1,100.0,0,none
2018-05-07,WH_SOUTH,South FC,CAR_B,Carrier B,relogios_presentes,none,9,0,0.0,0,none
2018-05-07,WH_SOUTH,South FC,CAR_B,Carrier B,relogios_presentes,refund,1,1,100.0,0,none
2018-05-07,WH_SOUTH,South FC,CAR_B,Carrier B,unknown,none,1,0,0.0,0,none
2018-05-07,WH_SOUTH,South FC,CAR_B,Carrier B,utilidades_domesticas,none,4,0,0.0,0,none
2018-05-07,WH_SOUTH,South FC,CAR_C,Carrier C,agro_industria_e_comercio,none,1,0,0.0,0,none
2018-05-07,WH_SOUTH,South FC,CAR_C,Carrier C,automotivo,none,4,0,0.0,0,none
2018-05-07,WH_SOUTH,South FC,CAR_C,Carrier C,bebes,none,3,0,0.0,0,none
2018-05-07,WH_SOUTH,South FC,CAR_C,Carrier C,bebes,refund,1,1,100.0,0,none
2018-05-07,WH_SOUTH,South FC,CAR_C,Carrier C,bebidas,none,1,0,0.0,0,none
2018-05-07,WH_SOUTH,South FC,CAR_C,Carrier C,beleza_saude,none,3,0,0.0,0,none
2018-05-07,WH_SOUTH,South FC,CAR_C,Carrier C,brinquedos,none,2,0,0.0,0,none
2018-05-07,WH_SOUTH,South FC,CAR_C,Carrier C,cama_mesa_banho,none,3,0,0.0,0,none
2018-05-07,WH_SOUTH,South FC,CAR_C,Carrier C,cool_stuff,none,4,0,0.0,0,none
2018-05-07,WH_SOUTH,South FC,CAR_C,Carrier C,eletrodomesticos_2,none,1,0,0.0,0,none
2018-05-07,WH_SOUTH,South FC,CAR_C,Carrier C,eletronicos,none,2,0,0.0,0,none
2018-05-07,WH_SOUTH,South FC,CAR_C,Carrier C,eletroportateis,none,1,0,0.0,0,none
2018-05-07,WH_SOUTH,South FC,CAR_C,Carrier C,esporte_lazer,none,3,0,0.0,0,none
2018-05-07,WH_SOUTH,South FC,CAR_C,Carrier C,fashion_bolsas_e_acessorios,none,2,0,0.0,0,none
2018-05-07,WH_SOUTH,South FC,CAR_C,Carrier C,fashion_roupa_masculina,none,1,0,0.0,0,none
2018-05-07,WH_SOUTH,South FC,CAR_C,Carrier C,ferramentas_jardim,none,2,0,0.0,0,none
2018-05-07,WH_SOUTH,South FC,CAR_C,Carrier C,informatica_acessorios,missing,1,1,100.0,0,none
2018-05-07,WH_SOUTH,South FC,CAR_C,Carrier C,informatica_acessorios,none,4,0,0.0,0,none
2018-05-07,WH_SOUTH,South FC,CAR_C,Carrier C,instrumentos_musicais,none,2,0,0.0,0,none
2018-05-07,WH_SOUTH,South FC,CAR_C,Carrier C,market_place,none,1,0,0.0,0,none
2018-05-07,WH_SOUTH,South FC,CAR_C,Carrier C,moveis_decoracao,none,6,0,0.0,0,none
2018-05-07,WH_SOUTH,South FC,CAR_C,Carrier C,moveis_escritorio,none,1,0,0.0,0,none
2018-05-07,WH_SOUTH,South FC,CAR_C,Carrier C,papelaria,none,1,0,0.0,0,none
2018-05-07,WH_SOUTH,South FC,CAR_C,Carrier C,pet_shop,none,1,0,0.0,0,none
2018-05-07,WH_SOUTH,South FC,CAR_C,Carrier C,portateis_casa_forno_e_cafe,none,1,0,0.0,0,none
2018-05-07,WH_SOUTH,South FC,CAR_C,Carrier C,relogios_presentes,none,5,0,0.0,0,none
2018-05-07,WH_SOUTH,South FC,CAR_C,Carrier C,telefonia,none,1,0,0.0,0,none
2018-05-07,WH_SOUTH,South FC,CAR_C,Carrier C,unknown,none,1,0,0.0,0,none
2018-05-07,WH_SOUTH,South FC,CAR_C,Carrier C,utilidades_domesticas,none,4,0,0.0,0,none
2018-05-07,WH_SOUTH,South FC,CAR_D,Carrier D,artigos_de_natal,none,1,0,0.0,0,none
2018-05-07,WH_SOUTH,South FC,CAR_D,Carrier D,bebes,none,2,0,0.0,0,none
2018-05-07,WH_SOUTH,South FC,CAR_D,Carrier D,beleza_saude,none,3,0,0.0,0,none
2018-05-07,WH_SOUTH,South FC,CAR_D,Carrier D,brinquedos,none,1,0,0.0,0,none
2018-05-07,WH_SOUTH,South FC,CAR_D,Carrier D,cama_mesa_banho,none,1,0,0.0,0,none
2018-05-07,WH_SOUTH,South FC,CAR_D,Carrier D,construcao_ferramentas_construcao,none,1,0,0.0,0,none
2018-05-07,WH_SOUTH,South FC,CAR_D,Carrier D,construcao_ferramentas_iluminacao,none,1,0,0.0,0,none
2018-05-07,WH_SOUTH,South FC,CAR_D,Carrier D,cool_stuff,none,1,0,0.0,0,none
2018-05-07,WH_SOUTH,South FC,CAR_D,Carrier D,eletrodomesticos_2,none,2,0,0.0,0,none
2018-05-07,WH_SOUTH,South FC,CAR_D,Carrier D,eletronicos,none,1,0,0.0,0,none
2018-05-07,WH_SOUTH,South FC,CAR_D,Carrier D,esporte_lazer,none,2,0,0.0,0,none
2018-05-07,WH_SOUTH,South FC,CAR_D,Carrier D,ferramentas_jardim,none,1,0,0.0,0,none
2018-05-07,WH_SOUTH,South FC,CAR_D,Carrier D,informatica_acessorios,none,4,0,0.0,0,none
2018-05-07,WH_SOUTH,South FC,CAR_D,Carrier D,instrumentos_musicais,none,1,0,0.0,0,none
2018-05-07,WH_SOUTH,South FC,CAR_D,Carrier D,livros_interesse_geral,none,1,0,0.0,0,none
2018-05-07,WH_SOUTH,South FC,CAR_D,Carrier D,livros_tecnicos,missing,1,1,100.0,0,none
2018-05-07,WH_SOUTH,South FC,CAR_D,Carrier D,moveis_decoracao,none,3,0,0.0,0,none
2018-05-07,WH_SOUTH,South FC,CAR_D,Carrier D,perfumaria,none,1,0,0.0,0,none
2018-05-07,WH_SOUTH,South FC,CAR_D,Carrier D,pet_shop,none,1,0,0.0,0,none
2018-05-07,WH_SOUTH,South FC,CAR_D,Carrier D,relogios_presentes,none,3,0,0.0,0,none
2018-05-07,WH_SOUTH,South FC,CAR_D,Carrier D,utilidades_domesticas,none,3,0,0.0,0,none
2018-05-07,WH_SOUTHEAST,Southeast FC,CAR_A,Carrier A,agro_industria_e_comercio,none,2,0,0.0,0,none
2018-05-07,WH_SOUTHEAST,Southeast FC,CAR_A,Carrier A,alimentos,none,3,0,0.0,0,none
2018-05-07,WH_SOUTHEAST,Southeast FC,CAR_A,Carrier A,artes,none,7,0,0.0,0,none
2018-05-07,WH_SOUTHEAST,Southeast FC,CAR_A,Carrier A,audio,none,2,0,0.0,0,none
2018-05-07,WH_SOUTHEAST,Southeast FC,CAR_A,Carrier A,automotivo,none,36,0,0.0,0,none
2018-05-07,WH_SOUTHEAST,Southeast FC,CAR_A,Carrier A,bebes,missing,1,1,100.0,0,none
2018-05-07,WH_SOUTHEAST,Southeast FC,CAR_A,Carrier A,bebes,none,10,0,0.0,0,none
2018-05-07,WH_SOUTHEAST,Southeast FC,CAR_A,Carrier A,bebidas,wrong,1,1,100.0,0,none
2018-05-07,WH_SOUTHEAST,Southeast FC,CAR_A,Carrier A,beleza_saude,failed,2,2,100.0,0,none
2018-05-07,WH_SOUTHEAST,Southeast FC,CAR_A,Carrier A,beleza_saude,missing,1,1,100.0,0,none
2018-05-07,WH_SOUTHEAST,Southeast FC,CAR_A,Carrier A,beleza_saude,none,53,0,0.0,0,none
2018-05-07,WH_SOUTHEAST,Southeast FC,CAR_A,Carrier A,beleza_saude,wrong,1,1,100.0,0,none
2018-05-07,WH_SOUTHEAST,Southeast FC,CAR_A,Carrier A,brinquedos,missing,1,1,100.0,0,none
2018-05-07,WH_SOUTHEAST,Southeast FC,CAR_A,Carrier A,brinquedos,none,15,0,0.0,0,none
2018-05-07,WH_SOUTHEAST,Southeast FC,CAR_A,Carrier A,cama_mesa_banho,none,29,0,0.0,0,none
2018-05-07,WH_SOUTHEAST,Southeast FC,CAR_A,Carrier A,casa_conforto,none,3,0,0.0,0,none
2018-05-07,WH_SOUTHEAST,Southeast FC,CAR_A,Carrier A,casa_construcao,failed,1,1,100.0,0,none
2018-05-07,WH_SOUTHEAST,Southeast FC,CAR_A,Carrier A,casa_construcao,none,2,0,0.0,0,none
2018-05-07,WH_SOUTHEAST,Southeast FC,CAR_A,Carrier A,consoles_games,none,3,0,0.0,0,none
2018-05-07,WH_SOUTHEAST,Southeast FC,CAR_A,Carrier A,construcao_ferramentas_construcao,none,9,0,0.0,0,none
2018-05-07,WH_SOUTHEAST,Southeast FC,CAR_A,Carrier A,construcao_ferramentas_construcao,refund,1,1,100.0,0,none
2018-05-07,WH_SOUTHEAST,Southeast FC,CAR_A,Carrier A,construcao_ferramentas_iluminacao,none,1,0,0.0,0,none
2018-05-07,WH_SOUTHEAST,Southeast FC,CAR_A,Carrier A,construcao_ferramentas_seguranca,none,2,0,0.0,0,none
2018-05-07,WH_SOUTHEAST,Southeast FC,CAR_A,Carrier A,cool_stuff,none,16,0,0.0,0,none
2018-05-07,WH_SOUTHEAST,Southeast FC,CAR_A,Carrier A,eletrodomesticos,none,3,0,0.0,0,none
2018-05-07,WH_SOUTHEAST,Southeast FC,CAR_A,Carrier A,eletronicos,missing,1,1,100.0,0,none
2018-05-07,WH_SOUTHEAST,Southeast FC,CAR_A,Carrier A,eletronicos,none,12,0,0.0,0,none
2018-05-07,WH_SOUTHEAST,Southeast FC,CAR_A,Carrier A,esporte_lazer,damaged,1,1,100.0,0,none
2018-05-07,WH_SOUTHEAST,Southeast FC,CAR_A,Carrier A,esporte_lazer,none,30,0,0.0,0,none
2018-05-07,WH_SOUTHEAST,Southeast FC,CAR_A,Carrier A,fashion_bolsas_e_acessorios,none,8,0,0.0,0,none
2018-05-07,WH_SOUTHEAST,Southeast FC,CAR_A,Carrier A,fashion_bolsas_e_acessorios,refund,1,1,100.0,0,none
2018-05-07,WH_SOUTHEAST,Southeast FC,CAR_A,Carrier A,ferramentas_jardim,none,11,0,0.0,0,none
2018-05-07,WH_SOUTHEAST,Southeast FC,CAR_A,Carrier A,industria_comercio_e_negocios,none,4,0,0.0,0,none
2018-05-07,WH_SOUTHEAST,Southeast FC,CAR_A,Carrier A,informatica_acessorios,none,24,0,0.0,0,none
2018-05-07,WH_SOUTHEAST,Southeast FC,CAR_A,Carrier A,informatica_acessorios,wrong,1,1,100.0,0,none
2018-05-07,WH_SOUTHEAST,Southeast FC,CAR_A,Carrier A,instrumentos_musicais,none,6,0,0.0,0,none
2018-05-07,WH_SOUTHEAST,Southeast FC,CAR_A,Carrier A,livros_importados,none,1,0,0.0,0,none
2018-05-07,WH_SOUTHEAST,Southeast FC,CAR_A,Carrier A,livros_interesse_geral,none,1,0,0.0,0,none
2018-05-07,WH_SOUTHEAST,Southeast FC,CAR_A,Carrier A,livros_tecnicos,none,5,0,0.0,0,none
2018-05-07,WH_SOUTHEAST,Southeast FC,CAR_A,Carrier A,livros_tecnicos,wrong,1,1,100.0,0,none
2018-05-07,WH_SOUTHEAST,Southeast FC,CAR_A,Carrier A,malas_acessorios,none,1,0,0.0,0,none
2018-05-07,WH_SOUTHEAST,Southeast FC,CAR_A,Carrier A,moveis_decoracao,failed,1,1,100.0,0,none
2018-05-07,WH_SOUTHEAST,Southeast FC,CAR_A,Carrier A,moveis_decoracao,none,29,0,0.0,0,none
2018-05-07,WH_SOUTHEAST,Southeast FC,CAR_A,Carrier A,moveis_decoracao,wrong,1,1,100.0,0,none
2018-05-07,WH_SOUTHEAST,Southeast FC,CAR_A,Carrier A,moveis_escritorio,none,6,0,0.0,0,none
2018-05-07,WH_SOUTHEAST,Southeast FC,CAR_A,Carrier A,moveis_sala,none,1,0,0.0,0,none
2018-05-07,WH_SOUTHEAST,Southeast FC,CAR_A,Carrier A,musica,none,1,0,0.0,0,none
2018-05-07,WH_SOUTHEAST,Southeast FC,CAR_A,Carrier A,papelaria,missing,1,1,100.0,0,none
2018-05-07,WH_SOUTHEAST,Southeast FC,CAR_A,Carrier A,papelaria,none,8,0,0.0,0,none
2018-05-07,WH_SOUTHEAST,Southeast FC,CAR_A,Carrier A,perfumaria,missing,1,1,100.0,0,none
2018-05-07,WH_SOUTHEAST,Southeast FC,CAR_A,Carrier A,perfumaria,none,10,0,0.0,0,none
2018-05-07,WH_SOUTHEAST,Southeast FC,CAR_A,Carrier A,pet_shop,none,9,0,0.0,0,none
2018-05-07,WH_SOUTHEAST,Southeast FC,CAR_A,Carrier A,portateis_casa_forno_e_cafe,none,1,0,0.0,0,none
2018-05-07,WH_SOUTHEAST,Southeast FC,CAR_A,Carrier A,relogios_presentes,damaged,1,1,100.0,0,none
2018-05-07,WH_SOUTHEAST,Southeast FC,CAR_A,Carrier A,relogios_presentes,missing,1,1,100.0,0,none
2018-05-07,WH_SOUTHEAST,Southeast FC,CAR_A,Carrier A,relogios_presentes,none,52,0,0.0,0,none
2018-05-07,WH_SOUTHEAST,Southeast FC,CAR_A,Carrier A,relogios_presentes,refund,3,3,100.0,0,none
2018-05-07,WH_SOUTHEAST,Southeast FC,CAR_A,Carrier A,relogios_presentes,wrong,1,1,100.0,0,none
2018-05-07,WH_SOUTHEAST,Southeast FC,CAR_A,Carrier A,telefonia,none,16,0,0.0,0,none
2018-05-07,WH_SOUTHEAST,Southeast FC,CAR_A,Carrier A,unknown,none,3,0,0.0,0,none
2018-05-07,WH_SOUTHEAST,Southeast FC,CAR_A,Carrier A,utilidades_domesticas,none,29,0,0.0,0,none
2018-05-07,WH_SOUTHEAST,Southeast FC,CAR_A,Carrier A,utilidades_domesticas,wrong,1,1,100.0,0,none
2018-05-07,WH_SOUTHEAST,Southeast FC,CAR_B,Carrier B,alimentos,missing,1,1,100.0,0,none
2018-05-07,WH_SOUTHEAST,Southeast FC,CAR_B,Carrier B,alimentos,none,4,0,0.0,0,none
2018-05-07,WH_SOUTHEAST,Southeast FC,CAR_B,Carrier B,alimentos_bebidas,none,1,0,0.0,0,none
2018-05-07,WH_SOUTHEAST,Southeast FC,CAR_B,Carrier B,artes,none,1,0,0.0,0,none
2018-05-07,WH_SOUTHEAST,Southeast FC,CAR_B,Carrier B,artigos_de_festas,none,1,0,0.0,0,none
2018-05-07,WH_SOUTHEAST,Southeast FC,CAR_B,Carrier B,artigos_de_natal,none,1,0,0.0,0,none
2018-05-07,WH_SOUTHEAST,Southeast FC,CAR_B,Carrier B,audio,none,1,0,0.0,0,none
2018-05-07,WH_SOUTHEAST,Southeast FC,CAR_B,Carrier B,automotivo,missing,1,1,100.0,0,none
2018-05-07,WH_SOUTHEAST,Southeast FC,CAR_B,Carrier B,automotivo,none,13,0,0.0,0,none
2018-05-07,WH_SOUTHEAST,Southeast FC,CAR_B,Carrier B,automotivo,refund,1,1,100.0,0,none
2018-05-07,WH_SOUTHEAST,Southeast FC,CAR_B,Carrier B,bebes,none,6,0,0.0,0,none
2018-05-07,WH_SOUTHEAST,Southeast FC,CAR_B,Carrier B,bebes,refund,1,1,100.0,0,none
2018-05-07,WH_SOUTHEAST,Southeast FC,CAR_B,Carrier B,bebidas,none,4,0,0.0,0,none
2018-05-07,WH_SOUTHEAST,Southeast FC,CAR_B,Carrier B,beleza_saude,failed,1,1,100.0,0,none
2018-05-07,WH_SOUTHEAST,Southeast FC,CAR_B,Carrier B,beleza_saude,none,57,0,0.0,0,none
2018-05-07,WH_SOUTHEAST,Southeast FC,CAR_B,Carrier B,beleza_saude,wrong,1,1,100.0,0,none
2018-05-07,WH_SOUTHEAST,Southeast FC,CAR_B,Carrier B,brinquedos,failed,1,1,100.0,0,none
2018-05-07,WH_SOUTHEAST,Southeast FC,CAR_B,Carrier B,brinquedos,none,11,0,0.0,0,none
2018-05-07,WH_SOUTHEAST,Southeast FC,CAR_B,Carrier B,cama_mesa_banho,damaged,1,1,100.0,0,none
2018-05-07,WH_SOUTHEAST,Southeast FC,CAR_B,Carrier B,cama_mesa_banho,none,31,0,0.0,0,none
2018-05-07,WH_SOUTHEAST,Southeast FC,CAR_B,Carrier B,cama_mesa_banho,refund,1,1,100.0,0,none
2018-05-07,WH_SOUTHEAST,Southeast FC,CAR_B,Carrier B,cine_foto,none,1,0,0.0,0,none
2018-05-07,WH_SOUTHEAST,Southeast FC,CAR_B,Carrier B,consoles_games,none,1,0,0.0,0,none
2018-05-07,WH_SOUTHEAST,Southeast FC,CAR_B,Carrier B,construcao_ferramentas_construcao,none,7,0,0.0,0,none
2018-05-07,WH_SOUTHEAST,Southeast FC,CAR_B,Carrier B,construcao_ferramentas_iluminacao,none,1,0,0.0,0,none
2018-05-07,WH_SOUTHEAST,Southeast FC,CAR_B,Carrier B,construcao_ferramentas_jardim,none,4,0,0.0,0,none
2018-05-07,WH_SOUTHEAST,Southeast FC,CAR_B,Carrier B,cool_stuff,none,11,0,0.0,0,none
2018-05-07,WH_SOUTHEAST,Southeast FC,CAR_B,Carrier B,dvds_blu_ray,none,2,0,0.0,0,none
2018-05-07,WH_SOUTHEAST,Southeast FC,CAR_B,Carrier B,eletrodomesticos,none,4,0,0.0,0,none
2018-05-07,WH_SOUTHEAST,Southeast FC,CAR_B,Carrier B,eletrodomesticos_2,none,3,0,0.0,0,none
2018-05-07,WH_SOUTHEAST,Southeast FC,CAR_B,Carrier B,eletronicos,damaged,1,1,100.0,0,none
2018-05-07,WH_SOUTHEAST,Southeast FC,CAR_B,Carrier B,eletronicos,missing,1,1,100.0,0,none
2018-05-07,WH_SOUTHEAST,Southeast FC,CAR_B,Carrier B,eletronicos,none,18,0,0.0,0,none
2018-05-07,WH_SOUTHEAST,Southeast FC,CAR_B,Carrier B,eletroportateis,none,6,0,0.0,0,none
2018-05-07,WH_SOUTHEAST,Southeast FC,CAR_B,Carrier B,esporte_lazer,failed,2,2,100.0,0,none
2018-05-07,WH_SOUTHEAST,Southeast FC,CAR_B,Carrier B,esporte_lazer,none,34,0,0.0,0,none
2018-05-07,WH_SOUTHEAST,Southeast FC,CAR_B,Carrier B,esporte_lazer,refund,1,1,100.0,0,none
2018-05-07,WH_SOUTHEAST,Southeast FC,CAR_B,Carrier B,fashion_bolsas_e_acessorios,none,6,0,0.0,0,none
2018-05-07,WH_SOUTHEAST,Southeast FC,CAR_B,Carrier B,fashion_underwear_e_moda_praia,none,1,0,0.0,0,none
2018-05-07,WH_SOUTHEAST,Southeast FC,CAR_B,Carrier B,ferramentas_jardim,none,12,0,0.0,0,none
2018-05-07,WH_SOUTHEAST,Southeast FC,CAR_B,Carrier B,fraldas_higiene,none,1,0,0.0,0,none
2018-05-07,WH_SOUTHEAST,Southeast FC,CAR_B,Carrier B,industria_comercio_e_negocios,none,2,0,0.0,0,none
2018-05-07,WH_SOUTHEAST,Southeast FC,CAR_B,Carrier B,informatica_acessorios,none,26,0,0.0,0,none
2018-05-07,WH_SOUTHEAST,Southeast FC,CAR_B,Carrier B,informatica_acessorios,wrong,1,1,100.0,0,none
2018-05-07,WH_SOUTHEAST,Southeast FC,CAR_B,Carrier B,instrumentos_musicais,none,3,0,0.0,0,none
2018-05-07,WH_SOUTHEAST,Southeast FC,CAR_B,Carrier B,livros_importados,none,1,0,0.0,0,none
2018-05-07,WH_SOUTHEAST,Southeast FC,CAR_B,Carrier B,livros_interesse_geral,none,3,0,0.0,0,none
2018-05-07,WH_SOUTHEAST,Southeast FC,CAR_B,Carrier B,livros_tecnicos,none,4,0,0.0,0,none
2018-05-07,WH_SOUTHEAST,Southeast FC,CAR_B,Carrier B,malas_acessorios,none,1,0,0.0,0,none
2018-05-07,WH_SOUTHEAST,Southeast FC,CAR_B,Carrier B,market_place,none,2,0,0.0,0,none
2018-05-07,WH_SOUTHEAST,Southeast FC,CAR_B,Carrier B,moveis_cozinha_area_de_servico_jantar_e_jardim,none,1,0,0.0,0,none
2018-05-07,WH_SOUTHEAST,Southeast FC,CAR_B,Carrier B,moveis_decoracao,failed,1,1,100.0,0,none
2018-05-07,WH_SOUTHEAST,Southeast FC,CAR_B,Carrier B,moveis_decoracao,none,27,0,0.0,0,none
2018-05-07,WH_SOUTHEAST,Southeast FC,CAR_B,Carrier B,moveis_decoracao,refund,1,1,100.0,0,none
2018-05-07,WH_SOUTHEAST,Southeast FC,CAR_B,Carrier B,moveis_escritorio,none,4,0,0.0,0,none
2018-05-07,WH_SOUTHEAST,Southeast FC,CAR_B,Carrier B,moveis_sala,none,1,0,0.0,0,none
2018-05-07,WH_SOUTHEAST,Southeast FC,CAR_B,Carrier B,papelaria,none,9,0,0.0,0,none
2018-05-07,WH_SOUTHEAST,Southeast FC,CAR_B,Carrier B,pcs,none,2,0,0.0,0,none
2018-05-07,WH_SOUTHEAST,Southeast FC,CAR_B,Carrier B,perfumaria,damaged,1,1,100.0,0,none
2018-05-07,WH_SOUTHEAST,Southeast FC,CAR_B,Carrier B,perfumaria,none,15,0,0.0,0,none
2018-05-07,WH_SOUTHEAST,Southeast FC,CAR_B,Carrier B,perfumaria,wrong,1,1,100.0,0,none
2018-05-07,WH_SOUTHEAST,Southeast FC,CAR_B,Carrier B,pet_shop,missing,1,1,100.0,0,none
2018-05-07,WH_SOUTHEAST,Southeast FC,CAR_B,Carrier B,pet_shop,none,9,0,0.0,0,none
2018-05-07,WH_SOUTHEAST,Southeast FC,CAR_B,Carrier B,pet_shop,wrong,1,1,100.0,0,none
2018-05-07,WH_SOUTHEAST,Southeast FC,CAR_B,Carrier B,portateis_casa_forno_e_cafe,none,1,0,0.0,0,none
2018-05-07,WH_SOUTHEAST,Southeast FC,CAR_B,Carrier B,relogios_presentes,damaged,2,2,100.0,0,none
2018-05-07,WH_SOUTHEAST,Southeast FC,CAR_B,Carrier B,relogios_presentes,failed,1,1,100.0,0,none
2018-05-07,WH_SOUTHEAST,Southeast FC,CAR_B,Carrier B,relogios_presentes,missing,1,1,100.0,0,none
2018-05-07,WH_SOUTHEAST,Southeast FC,CAR_B,Carrier B,relogios_presentes,none,56,0,0.0,0,none
2018-05-07,WH_SOUTHEAST,Southeast FC,CAR_B,Carrier B,relogios_presentes,refund,3,3,100.0,0,none
2018-05-07,WH_SOUTHEAST,Southeast FC,CAR_B,Carrier B,telefonia,none,23,0,0.0,0,none
2018-05-07,WH_SOUTHEAST,Southeast FC,CAR_B,Carrier B,telefonia_fixa,none,1,0,0.0,0,none
2018-05-07,WH_SOUTHEAST,Southeast FC,CAR_B,Carrier B,unknown,none,5,0,0.0,0,none
2018-05-07,WH_SOUTHEAST,Southeast FC,CAR_B,Carrier B,utilidades_domesticas,damaged,1,1,100.0,0,none
2018-05-07,WH_SOUTHEAST,Southeast FC,CAR_B,Carrier B,utilidades_domesticas,missing,1,1,100.0,0,none
2018-05-07,WH_SOUTHEAST,Southeast FC,CAR_B,Carrier B,utilidades_domesticas,none,30,0,0.0,0,none
2018-05-07,WH_SOUTHEAST,Southeast FC,CAR_B,Carrier B,utilidades_domesticas,refund,1,1,100.0,0,none
2018-05-07,WH_SOUTHEAST,Southeast FC,CAR_C,Carrier C,agro_industria_e_comercio,none,1,0,0.0,0,none
2018-05-07,WH_SOUTHEAST,Southeast FC,CAR_C,Carrier C,alimentos,none,1,0,0.0,0,none
2018-05-07,WH_SOUTHEAST,Southeast FC,CAR_C,Carrier C,artes,none,1,0,0.0,0,none
2018-05-07,WH_SOUTHEAST,Southeast FC,CAR_C,Carrier C,automotivo,damaged,1,1,100.0,0,none
2018-05-07,WH_SOUTHEAST,Southeast FC,CAR_C,Carrier C,automotivo,none,12,0,0.0,0,none
2018-05-07,WH_SOUTHEAST,Southeast FC,CAR_C,Carrier C,automotivo,wrong,1,1,100.0,0,none
2018-05-07,WH_SOUTHEAST,Southeast FC,CAR_C,Carrier C,bebes,missing,1,1,100.0,0,none
2018-05-07,WH_SOUTHEAST,Southeast FC,CAR_C,Carrier C,bebes,none,7,0,0.0,0,none
2018-05-07,WH_SOUTHEAST,Southeast FC,CAR_C,Carrier C,bebes,wrong,1,1,100.0,0,none
2018-05-07,WH_SOUTHEAST,Southeast FC,CAR_C,Carrier C,bebidas,none,3,0,0.0,0,none
2018-05-07,WH_SOUTHEAST,Southeast FC,CAR_C,Carrier C,beleza_saude,damaged,2,2,100.0,0,none
2018-05-07,WH_SOUTHEAST,Southeast FC,CAR_C,Carrier C,beleza_saude,failed,1,1,100.0,0,none
2018-05-07,WH_SOUTHEAST,Southeast FC,CAR_C,Carrier C,beleza_saude,missing,1,1,100.0,0,none
2018-05-07,WH_SOUTHEAST,Southeast FC,CAR_C,Carrier C,beleza_saude,none,28,0,0.0,0,none
2018-05-07,WH_SOUTHEAST,Southeast FC,CAR_C,Carrier C,beleza_saude,refund,1,1,100.0,0,none
2018-05-07,WH_SOUTHEAST,Southeast FC,CAR_C,Carrier C,beleza_saude,wrong,2,2,100.0,0,none
2018-05-07,WH_SOUTHEAST,Southeast FC,CAR_C,Carrier C,brinquedos,damaged,1,1,100.0,0,none
2018-05-07,WH_SOUTHEAST,Southeast FC,CAR_C,Carrier C,brinquedos,failed,1,1,100.0,0,none
2018-05-07,WH_SOUTHEAST,Southeast FC,CAR_C,Carrier C,brinquedos,none,9,0,0.0,0,none
2018-05-07,WH_SOUTHEAST,Southeast FC,CAR_C,Carrier C,brinquedos,wrong,2,2,100.0,0,none
2018-05-07,WH_SOUTHEAST,Southeast FC,CAR_C,Carrier C,cama_mesa_banho,damaged,1,1,100.0,0,none
2018-05-07,WH_SOUTHEAST,Southeast FC,CAR_C,Carrier C,cama_mesa_banho,missing,1,1,100.0,0,none
2018-05-07,WH_SOUTHEAST,Southeast FC,CAR_C,Carrier C,cama_mesa_banho,none,31,0,0.0,0,none
2018-05-07,WH_SOUTHEAST,Southeast FC,CAR_C,Carrier C,cama_mesa_banho,wrong,1,1,100.0,0,none
2018-05-07,WH_SOUTHEAST,Southeast FC,CAR_C,Carrier C,casa_conforto,none,2,0,0.0,0,none
2018-05-07,WH_SOUTHEAST,Southeast FC,CAR_C,Carrier C,casa_construcao,none,4,0,0.0,0,none
2018-05-07,WH_SOUTHEAST,Southeast FC,CAR_C,Carrier C,cine_foto,none,1,0,0.0,0,none
2018-05-07,WH_SOUTHEAST,Southeast FC,CAR_C,Carrier C,consoles_games,none,5,0,0.0,0,none
2018-05-07,WH_SOUTHEAST,Southeast FC,CAR_C,Carrier C,construcao_ferramentas_construcao,missing,2,2,100.0,0,none
2018-05-07,WH_SOUTHEAST,Southeast FC,CAR_C,Carrier C,construcao_ferramentas_construcao,none,5,0,0.0,0,none
2018-05-07,WH_SOUTHEAST,Southeast FC,CAR_C,Carrier C,construcao_ferramentas_ferramentas,none,1,0,0.0,0,none
2018-05-07,WH_SOUTHEAST,Southeast FC,CAR_C,Carrier C,construcao_ferramentas_iluminacao,none,1,0,0.0,0,none
2018-05-07,WH_SOUTHEAST,Southeast FC,CAR_C,Carrier C,construcao_ferramentas_seguranca,none,1,0,0.0,0,none
2018-05-07,WH_SOUTHEAST,Southeast FC,CAR_C,Carrier C,cool_stuff,none,6,0,0.0,0,none
2018-05-07,WH_SOUTHEAST,Southeast FC,CAR_C,Carrier C,eletrodomesticos,none,3,0,0.0,0,none
2018-05-07,WH_SOUTHEAST,Southeast FC,CAR_C,Carrier C,eletrodomesticos_2,none,1,0,0.0,0,none
2018-05-07,WH_SOUTHEAST,Southeast FC,CAR_C,Carrier C,eletronicos,missing,1,1,100.0,0,none
2018-05-07,WH_SOUTHEAST,Southeast FC,CAR_C,Carrier C,eletronicos,none,14,0,0.0,0,none
2018-05-07,WH_SOUTHEAST,Southeast FC,CAR_C,Carrier C,eletroportateis,none,2,0,0.0,0,none
2018-05-07,WH_SOUTHEAST,Southeast FC,CAR_C,Carrier C,esporte_lazer,failed,2,2,100.0,0,none
2018-05-07,WH_SOUTHEAST,Southeast FC,CAR_C,Carrier C,esporte_lazer,missing,1,1,100.0,0,none
2018-05-07,WH_SOUTHEAST,Southeast FC,CAR_C,Carrier C,esporte_lazer,none,14,0,0.0,0,none
2018-05-07,WH_SOUTHEAST,Southeast FC,CAR_C,Carrier C,esporte_lazer,refund,2,2,100.0,0,none
2018-05-07,WH_SOUTHEAST,Southeast FC,CAR_C,Carrier C,fashion_bolsas_e_acessorios,none,5,0,0.0,0,none
2018-05-07,WH_SOUTHEAST,Southeast FC,CAR_C,Carrier C,fashion_bolsas_e_acessorios,wrong,1,1,100.0,0,none
2018-05-07,WH_SOUTHEAST,Southeast FC,CAR_C,Carrier C,ferramentas_jardim,missing,1,1,100.0,0,none
2018-05-07,WH_SOUTHEAST,Southeast FC,CAR_C,Carrier C,ferramentas_jardim,none,9,0,0.0,0,none
2018-05-07,WH_SOUTHEAST,Southeast FC,CAR_C,Carrier C,industria_comercio_e_negocios,none,3,0,0.0,0,none
2018-05-07,WH_SOUTHEAST,Southeast FC,CAR_C,Carrier C,informatica_acessorios,damaged,2,2,100.0,0,none
2018-05-07,WH_SOUTHEAST,Southeast FC,CAR_C,Carrier C,informatica_acessorios,none,21,0,0.0,0,none
2018-05-07,WH_SOUTHEAST,Southeast FC,CAR_C,Carrier C,instrumentos_musicais,none,1,0,0.0,0,none
2018-05-07,WH_SOUTHEAST,Southeast FC,CAR_C,Carrier C,livros_interesse_geral,none,5,0,0.0,0,none
2018-05-07,WH_SOUTHEAST,Southeast FC,CAR_C,Carrier C,livros_tecnicos,none,1,0,0.0,0,none
2018-05-07,WH_SOUTHEAST,Southeast FC,CAR_C,Carrier C,malas_acessorios,none,4,0,0.0,0,none
2018-05-07,WH_SOUTHEAST,Southeast FC,CAR_C,Carrier C,market_place,none,1,0,0.0,0,none
2018-05-07,WH_SOUTHEAST,Southeast FC,CAR_C,Carrier C,moveis_decoracao,none,25,0,0.0,0,none
2018-05-07,WH_SOUTHEAST,Southeast FC,CAR_C,Carrier C,moveis_decoracao,refund,1,1,100.0,0,none
2018-05-07,WH_SOUTHEAST,Southeast FC,CAR_C,Carrier C,moveis_escritorio,none,3,0,0.0,0,none
2018-05-07,WH_SOUTHEAST,Southeast FC,CAR_C,Carrier C,moveis_escritorio,wrong,1,1,100.0,0,none
2018-05-07,WH_SOUTHEAST,Southeast FC,CAR_C,Carrier C,moveis_quarto,none,1,0,0.0,0,none
2018-05-07,WH_SOUTHEAST,Southeast FC,CAR_C,Carrier C,musica,none,1,0,0.0,0,none
2018-05-07,WH_SOUTHEAST,Southeast FC,CAR_C,Carrier C,papelaria,none,1,0,0.0,0,none
2018-05-07,WH_SOUTHEAST,Southeast FC,CAR_C,Carrier C,perfumaria,none,13,0,0.0,0,none
2018-05-07,WH_SOUTHEAST,Southeast FC,CAR_C,Carrier C,pet_shop,failed,1,1,100.0,0,none
2018-05-07,WH_SOUTHEAST,Southeast FC,CAR_C,Carrier C,pet_shop,none,6,0,0.0,0,none
2018-05-07,WH_SOUTHEAST,Southeast FC,CAR_C,Carrier C,pet_shop,wrong,1,1,100.0,0,none
2018-05-07,WH_SOUTHEAST,Southeast FC,CAR_C,Carrier C,relogios_presentes,failed,1,1,100.0,0,none
2018-05-07,WH_SOUTHEAST,Southeast FC,CAR_C,Carrier C,relogios_presentes,none,25,0,0.0,0,none
2018-05-07,WH_SOUTHEAST,Southeast FC,CAR_C,Carrier C,telefonia,none,13,0,0.0,0,none
2018-05-07,WH_SOUTHEAST,Southeast FC,CAR_C,Carrier C,telefonia,refund,1,1,100.0,0,none
2018-05-07,WH_SOUTHEAST,Southeast FC,CAR_C,Carrier C,telefonia,wrong,1,1,100.0,0,none
2018-05-07,WH_SOUTHEAST,Southeast FC,CAR_C,Carrier C,unknown,none,1,0,0.0,0,none
2018-05-07,WH_SOUTHEAST,Southeast FC,CAR_C,Carrier C,utilidades_domesticas,damaged,2,2,100.0,0,none
2018-05-07,WH_SOUTHEAST,Southeast FC,CAR_C,Carrier C,utilidades_domesticas,missing,3,3,100.0,0,none
2018-05-07,WH_SOUTHEAST,Southeast FC,CAR_C,Carrier C,utilidades_domesticas,none,16,0,0.0,0,none
2018-05-07,WH_SOUTHEAST,Southeast FC,CAR_D,Carrier D,agro_industria_e_comercio,none,1,0,0.0,0,none
2018-05-07,WH_SOUTHEAST,Southeast FC,CAR_D,Carrier D,alimentos,none,1,0,0.0,0,none
2018-05-07,WH_SOUTHEAST,Southeast FC,CAR_D,Carrier D,artes,none,2,0,0.0,0,none
2018-05-07,WH_SOUTHEAST,Southeast FC,CAR_D,Carrier D,automotivo,damaged,1,1,100.0,0,none
2018-05-07,WH_SOUTHEAST,Southeast FC,CAR_D,Carrier D,automotivo,none,2,0,0.0,0,none
2018-05-07,WH_SOUTHEAST,Southeast FC,CAR_D,Carrier D,bebes,failed,1,1,100.0,0,none
2018-05-07,WH_SOUTHEAST,Southeast FC,CAR_D,Carrier D,bebes,none,7,0,0.0,0,none
2018-05-07,WH_SOUTHEAST,Southeast FC,CAR_D,Carrier D,beleza_saude,failed,1,1,100.0,0,none
2018-05-07,WH_SOUTHEAST,Southeast FC,CAR_D,Carrier D,beleza_saude,none,19,0,0.0,0,none
2018-05-07,WH_SOUTHEAST,Southeast FC,CAR_D,Carrier D,beleza_saude,wrong,1,1,100.0,0,none
2018-05-07,WH_SOUTHEAST,Southeast FC,CAR_D,Carrier D,brinquedos,none,5,0,0.0,0,none
2018-05-07,WH_SOUTHEAST,Southeast FC,CAR_D,Carrier D,cama_mesa_banho,none,12,0,0.0,0,none
2018-05-07,WH_SOUTHEAST,Southeast FC,CAR_D,Carrier D,casa_conforto,none,1,0,0.0,0,none
2018-05-07,WH_SOUTHEAST,Southeast FC,CAR_D,Carrier D,casa_construcao,none,1,0,0.0,0,none
2018-05-07,WH_SOUTHEAST,Southeast FC,CAR_D,Carrier D,consoles_games,none,2,0,0.0,0,none
2018-05-07,WH_SOUTHEAST,Southeast FC,CAR_D,Carrier D,construcao_ferramentas_construcao,none,2,0,0.0,0,none
2018-05-07,WH_SOUTHEAST,Southeast FC,CAR_D,Carrier D,construcao_ferramentas_jardim,none,1,0,0.0,0,none
2018-05-07,WH_SOUTHEAST,Southeast FC,CAR_D,Carrier D,construcao_ferramentas_seguranca,none,1,0,0.0,0,none
2018-05-07,WH_SOUTHEAST,Southeast FC,CAR_D,Carrier D,cool_stuff,none,4,0,0.0,0,none
2018-05-07,WH_SOUTHEAST,Southeast FC,CAR_D,Carrier D,eletrodomesticos,none,2,0,0.0,0,none
2018-05-07,WH_SOUTHEAST,Southeast FC,CAR_D,Carrier D,eletrodomesticos_2,none,1,0,0.0,0,none
2018-05-07,WH_SOUTHEAST,Southeast FC,CAR_D,Carrier D,eletronicos,none,6,0,0.0,0,none
2018-05-07,WH_SOUTHEAST,Southeast FC,CAR_D,Carrier D,eletroportateis,none,1,0,0.0,0,none
2018-05-07,WH_SOUTHEAST,Southeast FC,CAR_D,Carrier D,esporte_lazer,none,10,0,0.0,0,none
2018-05-07,WH_SOUTHEAST,Southeast FC,CAR_D,Carrier D,fashion_bolsas_e_acessorios,none,6,0,0.0,0,none
2018-05-07,WH_SOUTHEAST,Southeast FC,CAR_D,Carrier D,fashion_underwear_e_moda_praia,none,1,0,0.0,0,none
2018-05-07,WH_SOUTHEAST,Southeast FC,CAR_D,Carrier D,ferramentas_jardim,none,8,0,0.0,0,none
2018-05-07,WH_SOUTHEAST,Southeast FC,CAR_D,Carrier D,industria_comercio_e_negocios,none,2,0,0.0,0,none
2018-05-07,WH_SOUTHEAST,Southeast FC,CAR_D,Carrier D,informatica_acessorios,failed,1,1,100.0,0,none
2018-05-07,WH_SOUTHEAST,Southeast FC,CAR_D,Carrier D,informatica_acessorios,none,6,0,0.0,0,none
2018-05-07,WH_SOUTHEAST,Southeast FC,CAR_D,Carrier D,instrumentos_musicais,none,2,0,0.0,0,none
2018-05-07,WH_SOUTHEAST,Southeast FC,CAR_D,Carrier D,livros_importados,none,1,0,0.0,0,none
2018-05-07,WH_SOUTHEAST,Southeast FC,CAR_D,Carrier D,malas_acessorios,none,1,0,0.0,0,none
2018-05-07,WH_SOUTHEAST,Southeast FC,CAR_D,Carrier D,moveis_decoracao,none,9,0,0.0,0,none
2018-05-07,WH_SOUTHEAST,Southeast FC,CAR_D,Carrier D,moveis_escritorio,none,3,0,0.0,0,none
2018-05-07,WH_SOUTHEAST,Southeast FC,CAR_D,Carrier D,papelaria,none,4,0,0.0,0,none
2018-05-07,WH_SOUTHEAST,Southeast FC,CAR_D,Carrier D,perfumaria,none,6,0,0.0,0,none
2018-05-07,WH_SOUTHEAST,Southeast FC,CAR_D,Carrier D,pet_shop,none,1,0,0.0,0,none
2018-05-07,WH_SOUTHEAST,Southeast FC,CAR_D,Carrier D,pet_shop,wrong,1,1,100.0,0,none
2018-05-07,WH_SOUTHEAST,Southeast FC,CAR_D,Carrier D,relogios_presentes,none,23,0,0.0,0,none
2018-05-07,WH_SOUTHEAST,Southeast FC,CAR_D,Carrier D,telefonia,missing,1,1,100.0,0,none
2018-05-07,WH_SOUTHEAST,Southeast FC,CAR_D,Carrier D,telefonia,none,8,0,0.0,0,none
2018-05-07,WH_SOUTHEAST,Southeast FC,CAR_D,Carrier D,telefonia_fixa,none,1,0,0.0,0,none
2018-05-07,WH_SOUTHEAST,Southeast FC,CAR_D,Carrier D,utilidades_domesticas,none,14,0,0.0,0,none
2018-05-14,WH_CENTRAL_WEST,Central-West FC,CAR_A,Carrier A,automotivo,none,1,0,0.0,0,none
2018-05-14,WH_CENTRAL_WEST,Central-West FC,CAR_A,Carrier A,beleza_saude,none,1,0,0.0,0,none
2018-05-14,WH_CENTRAL_WEST,Central-West FC,CAR_A,Carrier A,brinquedos,none,1,0,0.0,0,none
2018-05-14,WH_CENTRAL_WEST,Central-West FC,CAR_A,Carrier A,cama_mesa_banho,none,1,0,0.0,0,none
2018-05-14,WH_CENTRAL_WEST,Central-West FC,CAR_A,Carrier A,construcao_ferramentas_construcao,none,1,0,0.0,0,none
2018-05-14,WH_CENTRAL_WEST,Central-West FC,CAR_A,Carrier A,eletronicos,none,3,0,0.0,0,none
2018-05-14,WH_CENTRAL_WEST,Central-West FC,CAR_A,Carrier A,ferramentas_jardim,none,2,0,0.0,0,none
2018-05-14,WH_CENTRAL_WEST,Central-West FC,CAR_A,Carrier A,informatica_acessorios,none,1,0,0.0,0,none
2018-05-14,WH_CENTRAL_WEST,Central-West FC,CAR_A,Carrier A,livros_interesse_geral,none,1,0,0.0,0,none
2018-05-14,WH_CENTRAL_WEST,Central-West FC,CAR_A,Carrier A,moveis_decoracao,none,3,0,0.0,0,none
2018-05-14,WH_CENTRAL_WEST,Central-West FC,CAR_A,Carrier A,relogios_presentes,none,2,0,0.0,0,none
2018-05-14,WH_CENTRAL_WEST,Central-West FC,CAR_A,Carrier A,unknown,none,1,0,0.0,0,none
2018-05-14,WH_CENTRAL_WEST,Central-West FC,CAR_B,Carrier B,automotivo,none,2,0,0.0,0,none
2018-05-14,WH_CENTRAL_WEST,Central-West FC,CAR_B,Carrier B,bebes,none,1,0,0.0,0,none
2018-05-14,WH_CENTRAL_WEST,Central-West FC,CAR_B,Carrier B,beleza_saude,none,1,0,0.0,0,none
2018-05-14,WH_CENTRAL_WEST,Central-West FC,CAR_B,Carrier B,brinquedos,none,3,0,0.0,0,none
2018-05-14,WH_CENTRAL_WEST,Central-West FC,CAR_B,Carrier B,cama_mesa_banho,none,2,0,0.0,0,none
2018-05-14,WH_CENTRAL_WEST,Central-West FC,CAR_B,Carrier B,cool_stuff,none,1,0,0.0,0,none
2018-05-14,WH_CENTRAL_WEST,Central-West FC,CAR_B,Carrier B,eletrodomesticos_2,none,1,0,0.0,0,none
2018-05-14,WH_CENTRAL_WEST,Central-West FC,CAR_B,Carrier B,esporte_lazer,missing,1,1,100.0,0,none
2018-05-14,WH_CENTRAL_WEST,Central-West FC,CAR_B,Carrier B,esporte_lazer,none,3,0,0.0,0,none
2018-05-14,WH_CENTRAL_WEST,Central-West FC,CAR_B,Carrier B,industria_comercio_e_negocios,none,1,0,0.0,0,none
2018-05-14,WH_CENTRAL_WEST,Central-West FC,CAR_B,Carrier B,informatica_acessorios,none,1,0,0.0,0,none
2018-05-14,WH_CENTRAL_WEST,Central-West FC,CAR_B,Carrier B,livros_interesse_geral,none,1,0,0.0,0,none
2018-05-14,WH_CENTRAL_WEST,Central-West FC,CAR_B,Carrier B,moveis_decoracao,none,2,0,0.0,0,none
2018-05-14,WH_CENTRAL_WEST,Central-West FC,CAR_B,Carrier B,papelaria,none,2,0,0.0,0,none
2018-05-14,WH_CENTRAL_WEST,Central-West FC,CAR_B,Carrier B,utilidades_domesticas,none,1,0,0.0,0,none
2018-05-14,WH_CENTRAL_WEST,Central-West FC,CAR_C,Carrier C,automotivo,none,1,0,0.0,0,none
2018-05-14,WH_CENTRAL_WEST,Central-West FC,CAR_C,Carrier C,bebes,none,1,0,0.0,0,none
2018-05-14,WH_CENTRAL_WEST,Central-West FC,CAR_C,Carrier C,beleza_saude,none,1,0,0.0,0,none
2018-05-14,WH_CENTRAL_WEST,Central-West FC,CAR_C,Carrier C,beleza_saude,refund,1,1,100.0,0,none
2018-05-14,WH_CENTRAL_WEST,Central-West FC,CAR_C,Carrier C,brinquedos,none,1,0,0.0,0,none
2018-05-14,WH_CENTRAL_WEST,Central-West FC,CAR_C,Carrier C,cama_mesa_banho,none,2,0,0.0,0,none
2018-05-14,WH_CENTRAL_WEST,Central-West FC,CAR_C,Carrier C,casa_construcao,none,1,0,0.0,0,none
2018-05-14,WH_CENTRAL_WEST,Central-West FC,CAR_C,Carrier C,cool_stuff,missing,1,1,100.0,0,none
2018-05-14,WH_CENTRAL_WEST,Central-West FC,CAR_C,Carrier C,cool_stuff,none,1,0,0.0,0,none
2018-05-14,WH_CENTRAL_WEST,Central-West FC,CAR_C,Carrier C,esporte_lazer,none,3,0,0.0,0,none
2018-05-14,WH_CENTRAL_WEST,Central-West FC,CAR_C,Carrier C,industria_comercio_e_negocios,none,1,0,0.0,0,none
2018-05-14,WH_CENTRAL_WEST,Central-West FC,CAR_C,Carrier C,informatica_acessorios,none,1,0,0.0,0,none
2018-05-14,WH_CENTRAL_WEST,Central-West FC,CAR_C,Carrier C,moveis_decoracao,none,2,0,0.0,0,none
2018-05-14,WH_CENTRAL_WEST,Central-West FC,CAR_C,Carrier C,perfumaria,none,1,0,0.0,0,none
2018-05-14,WH_CENTRAL_WEST,Central-West FC,CAR_C,Carrier C,relogios_presentes,none,2,0,0.0,0,none
2018-05-14,WH_CENTRAL_WEST,Central-West FC,CAR_C,Carrier C,utilidades_domesticas,failed,1,1,100.0,0,none
2018-05-14,WH_CENTRAL_WEST,Central-West FC,CAR_C,Carrier C,utilidades_domesticas,none,1,0,0.0,0,none
2018-05-14,WH_CENTRAL_WEST,Central-West FC,CAR_D,Carrier D,automotivo,none,3,0,0.0,0,none
2018-05-14,WH_CENTRAL_WEST,Central-West FC,CAR_D,Carrier D,bebidas,none,1,0,0.0,0,none
2018-05-14,WH_CENTRAL_WEST,Central-West FC,CAR_D,Carrier D,beleza_saude,none,2,0,0.0,0,none
2018-05-14,WH_CENTRAL_WEST,Central-West FC,CAR_D,Carrier D,cama_mesa_banho,none,1,0,0.0,0,none
2018-05-14,WH_CENTRAL_WEST,Central-West FC,CAR_D,Carrier D,casa_construcao,none,1,0,0.0,0,none
2018-05-14,WH_CENTRAL_WEST,Central-West FC,CAR_D,Carrier D,construcao_ferramentas_iluminacao,none,2,0,0.0,0,none
2018-05-14,WH_CENTRAL_WEST,Central-West FC,CAR_D,Carrier D,dvds_blu_ray,none,1,0,0.0,0,none
2018-05-14,WH_CENTRAL_WEST,Central-West FC,CAR_D,Carrier D,eletronicos,none,1,0,0.0,0,none
2018-05-14,WH_CENTRAL_WEST,Central-West FC,CAR_D,Carrier D,esporte_lazer,none,2,0,0.0,0,none
2018-05-14,WH_CENTRAL_WEST,Central-West FC,CAR_D,Carrier D,fashion_bolsas_e_acessorios,none,1,0,0.0,0,none
2018-05-14,WH_CENTRAL_WEST,Central-West FC,CAR_D,Carrier D,ferramentas_jardim,none,3,0,0.0,0,none
2018-05-14,WH_CENTRAL_WEST,Central-West FC,CAR_D,Carrier D,informatica_acessorios,none,1,0,0.0,0,none
2018-05-14,WH_CENTRAL_WEST,Central-West FC,CAR_D,Carrier D,market_place,missing,1,1,100.0,0,none
2018-05-14,WH_CENTRAL_WEST,Central-West FC,CAR_D,Carrier D,moveis_decoracao,damaged,1,1,100.0,0,none
2018-05-14,WH_CENTRAL_WEST,Central-West FC,CAR_D,Carrier D,moveis_decoracao,none,1,0,0.0,0,none
2018-05-14,WH_CENTRAL_WEST,Central-West FC,CAR_D,Carrier D,perfumaria,none,2,0,0.0,0,none
2018-05-14,WH_CENTRAL_WEST,Central-West FC,CAR_D,Carrier D,pet_shop,none,2,0,0.0,0,none
2018-05-14,WH_CENTRAL_WEST,Central-West FC,CAR_D,Carrier D,unknown,wrong,1,1,100.0,0,none
2018-05-14,WH_CENTRAL_WEST,Central-West FC,CAR_D,Carrier D,utilidades_domesticas,none,1,0,0.0,0,none
2018-05-14,WH_NORTH,North FC,CAR_A,Carrier A,beleza_saude,none,1,0,0.0,0,none
2018-05-14,WH_NORTH,North FC,CAR_A,Carrier A,eletronicos,none,1,0,0.0,0,none
2018-05-14,WH_NORTH,North FC,CAR_A,Carrier A,informatica_acessorios,none,1,0,0.0,0,none
2018-05-14,WH_NORTH,North FC,CAR_A,Carrier A,moveis_decoracao,none,3,0,0.0,0,none
2018-05-14,WH_NORTH,North FC,CAR_A,Carrier A,perfumaria,none,1,0,0.0,0,none
2018-05-14,WH_NORTH,North FC,CAR_B,Carrier B,brinquedos,refund,1,1,100.0,0,none
2018-05-14,WH_NORTH,North FC,CAR_B,Carrier B,eletronicos,none,1,0,0.0,0,none
2018-05-14,WH_NORTH,North FC,CAR_B,Carrier B,informatica_acessorios,damaged,1,1,100.0,0,none
2018-05-14,WH_NORTH,North FC,CAR_B,Carrier B,moveis_decoracao,none,1,0,0.0,0,none
2018-05-14,WH_NORTH,North FC,CAR_B,Carrier B,perfumaria,none,1,0,0.0,0,none
2018-05-14,WH_NORTH,North FC,CAR_B,Carrier B,relogios_presentes,none,1,0,0.0,0,none
2018-05-14,WH_NORTH,North FC,CAR_C,Carrier C,artes,none,1,0,0.0,0,none
2018-05-14,WH_NORTH,North FC,CAR_C,Carrier C,beleza_saude,none,1,0,0.0,0,none
2018-05-14,WH_NORTH,North FC,CAR_C,Carrier C,telefonia,none,2,0,0.0,0,none
2018-05-14,WH_NORTH,North FC,CAR_D,Carrier D,bebes,none,2,0,0.0,0,none
2018-05-14,WH_NORTH,North FC,CAR_D,Carrier D,ferramentas_jardim,none,1,0,0.0,0,none
2018-05-14,WH_SOUTH,South FC,CAR_A,Carrier A,alimentos,none,1,0,0.0,0,none
2018-05-14,WH_SOUTH,South FC,CAR_A,Carrier A,automotivo,none,1,0,0.0,0,none
2018-05-14,WH_SOUTH,South FC,CAR_A,Carrier A,bebes,none,2,0,0.0,0,none
2018-05-14,WH_SOUTH,South FC,CAR_A,Carrier A,beleza_saude,none,1,0,0.0,0,none
2018-05-14,WH_SOUTH,South FC,CAR_A,Carrier A,cama_mesa_banho,none,6,0,0.0,0,none
2018-05-14,WH_SOUTH,South FC,CAR_A,Carrier A,casa_construcao,none,1,0,0.0,0,none
2018-05-14,WH_SOUTH,South FC,CAR_A,Carrier A,cine_foto,none,1,0,0.0,0,none
2018-05-14,WH_SOUTH,South FC,CAR_A,Carrier A,consoles_games,none,1,0,0.0,0,none
2018-05-14,WH_SOUTH,South FC,CAR_A,Carrier A,construcao_ferramentas_construcao,none,2,0,0.0,0,none
2018-05-14,WH_SOUTH,South FC,CAR_A,Carrier A,construcao_ferramentas_iluminacao,failed,1,1,100.0,0,none
2018-05-14,WH_SOUTH,South FC,CAR_A,Carrier A,construcao_ferramentas_iluminacao,none,1,0,0.0,0,none
2018-05-14,WH_SOUTH,South FC,CAR_A,Carrier A,construcao_ferramentas_seguranca,none,1,0,0.0,0,none
2018-05-14,WH_SOUTH,South FC,CAR_A,Carrier A,cool_stuff,none,2,0,0.0,0,none
2018-05-14,WH_SOUTH,South FC,CAR_A,Carrier A,eletronicos,none,3,0,0.0,0,none
2018-05-14,WH_SOUTH,South FC,CAR_A,Carrier A,esporte_lazer,none,4,0,0.0,0,none
2018-05-14,WH_SOUTH,South FC,CAR_A,Carrier A,esporte_lazer,refund,1,1,100.0,0,none
2018-05-14,WH_SOUTH,South FC,CAR_A,Carrier A,fashion_bolsas_e_acessorios,none,2,0,0.0,0,none
2018-05-14,WH_SOUTH,South FC,CAR_A,Carrier A,ferramentas_jardim,damaged,1,1,100.0,0,none
2018-05-14,WH_SOUTH,South FC,CAR_A,Carrier A,ferramentas_jardim,none,4,0,0.0,0,none
2018-05-14,WH_SOUTH,South FC,CAR_A,Carrier A,informatica_acessorios,none,3,0,0.0,0,none
2018-05-14,WH_SOUTH,South FC,CAR_A,Carrier A,instrumentos_musicais,none,2,0,0.0,0,none
2018-05-14,WH_SOUTH,South FC,CAR_A,Carrier A,livros_tecnicos,none,2,0,0.0,0,none
2018-05-14,WH_SOUTH,South FC,CAR_A,Carrier A,moveis_decoracao,none,6,0,0.0,0,none
2018-05-14,WH_SOUTH,South FC,CAR_A,Carrier A,moveis_escritorio,none,1,0,0.0,0,none
2018-05-14,WH_SOUTH,South FC,CAR_A,Carrier A,perfumaria,none,1,0,0.0,0,none
2018-05-14,WH_SOUTH,South FC,CAR_A,Carrier A,pet_shop,none,1,0,0.0,0,none
2018-05-14,WH_SOUTH,South FC,CAR_A,Carrier A,relogios_presentes,none,3,0,0.0,0,none
2018-05-14,WH_SOUTH,South FC,CAR_A,Carrier A,sinalizacao_e_seguranca,none,1,0,0.0,0,none
2018-05-14,WH_SOUTH,South FC,CAR_A,Carrier A,telefonia,none,1,0,0.0,0,none
2018-05-14,WH_SOUTH,South FC,CAR_A,Carrier A,telefonia_fixa,wrong,1,1,100.0,0,none
2018-05-14,WH_SOUTH,South FC,CAR_A,Carrier A,unknown,none,1,0,0.0,0,none
2018-05-14,WH_SOUTH,South FC,CAR_A,Carrier A,utilidades_domesticas,none,4,0,0.0,0,none
2018-05-14,WH_SOUTH,South FC,CAR_B,Carrier B,automotivo,none,6,0,0.0,0,none
2018-05-14,WH_SOUTH,South FC,CAR_B,Carrier B,bebes,none,4,0,0.0,0,none
2018-05-14,WH_SOUTH,South FC,CAR_B,Carrier B,beleza_saude,none,3,0,0.0,0,none
2018-05-14,WH_SOUTH,South FC,CAR_B,Carrier B,brinquedos,damaged,1,1,100.0,0,none
2018-05-14,WH_SOUTH,South FC,CAR_B,Carrier B,brinquedos,none,3,0,0.0,0,none
2018-05-14,WH_SOUTH,South FC,CAR_B,Carrier B,cama_mesa_banho,failed,1,1,100.0,0,none
2018-05-14,WH_SOUTH,South FC,CAR_B,Carrier B,cama_mesa_banho,none,5,0,0.0,0,none
2018-05-14,WH_SOUTH,South FC,CAR_B,Carrier B,casa_construcao,none,1,0,0.0,0,none
2018-05-14,WH_SOUTH,South FC,CAR_B,Carrier B,cine_foto,none,1,0,0.0,0,none
2018-05-14,WH_SOUTH,South FC,CAR_B,Carrier B,consoles_games,none,1,0,0.0,0,none
2018-05-14,WH_SOUTH,South FC,CAR_B,Carrier B,construcao_ferramentas_iluminacao,wrong,1,1,100.0,0,none
2018-05-14,WH_SOUTH,South FC,CAR_B,Carrier B,cool_stuff,none,7,0,0.0,0,none
2018-05-14,WH_SOUTH,South FC,CAR_B,Carrier B,eletrodomesticos,none,4,0,0.0,0,none
2018-05-14,WH_SOUTH,South FC,CAR_B,Carrier B,eletronicos,none,3,0,0.0,0,none
2018-05-14,WH_SOUTH,South FC,CAR_B,Carrier B,esporte_lazer,none,4,0,0.0,0,none
2018-05-14,WH_SOUTH,South FC,CAR_B,Carrier B,ferramentas_jardim,none,3,0,0.0,0,none
2018-05-14,WH_SOUTH,South FC,CAR_B,Carrier B,industria_comercio_e_negocios,none,1,0,0.0,0,none
2018-05-14,WH_SOUTH,South FC,CAR_B,Carrier B,informatica_acessorios,none,3,0,0.0,0,none
2018-05-14,WH_SOUTH,South FC,CAR_B,Carrier B,livros_interesse_geral,none,1,0,0.0,0,none
2018-05-14,WH_SOUTH,South FC,CAR_B,Carrier B,moveis_decoracao,none,13,0,0.0,0,none
2018-05-14,WH_SOUTH,South FC,CAR_B,Carrier B,moveis_sala,none,1,0,0.0,0,none
2018-05-14,WH_SOUTH,South FC,CAR_B,Carrier B,perfumaria,none,3,0,0.0,0,none
2018-05-14,WH_SOUTH,South FC,CAR_B,Carrier B,relogios_presentes,none,2,0,0.0,0,none
2018-05-14,WH_SOUTH,South FC,CAR_B,Carrier B,telefonia,none,1,0,0.0,0,none
2018-05-14,WH_SOUTH,South FC,CAR_B,Carrier B,unknown,none,1,0,0.0,0,none
2018-05-14,WH_SOUTH,South FC,CAR_B,Carrier B,utilidades_domesticas,none,6,0,0.0,0,none
2018-05-14,WH_SOUTH,South FC,CAR_C,Carrier C,agro_industria_e_comercio,none,1,0,0.0,0,none
2018-05-14,WH_SOUTH,South FC,CAR_C,Carrier C,alimentos_bebidas,none,1,0,0.0,0,none
2018-05-14,WH_SOUTH,South FC,CAR_C,Carrier C,automotivo,none,4,0,0.0,0,none
2018-05-14,WH_SOUTH,South FC,CAR_C,Carrier C,bebes,none,1,0,0.0,0,none
2018-05-14,WH_SOUTH,South FC,CAR_C,Carrier C,brinquedos,none,3,0,0.0,0,none
2018-05-14,WH_SOUTH,South FC,CAR_C,Carrier C,cama_mesa_banho,none,1,0,0.0,0,none
2018-05-14,WH_SOUTH,South FC,CAR_C,Carrier C,construcao_ferramentas_construcao,none,1,0,0.0,0,none
2018-05-14,WH_SOUTH,South FC,CAR_C,Carrier C,cool_stuff,none,1,0,0.0,0,none
2018-05-14,WH_SOUTH,South FC,CAR_C,Carrier C,eletronicos,failed,1,1,100.0,0,none
2018-05-14,WH_SOUTH,South FC,CAR_C,Carrier C,eletronicos,missing,1,1,100.0,0,none
2018-05-14,WH_SOUTH,South FC,CAR_C,Carrier C,eletronicos,none,2,0,0.0,0,none
2018-05-14,WH_SOUTH,South FC,CAR_C,Carrier C,esporte_lazer,failed,1,1,100.0,0,none
2018-05-14,WH_SOUTH,South FC,CAR_C,Carrier C,esporte_lazer,none,3,0,0.0,0,none
2018-05-14,WH_SOUTH,South FC,CAR_C,Carrier C,fashion_bolsas_e_acessorios,none,1,0,0.0,0,none
2018-05-14,WH_SOUTH,South FC,CAR_C,Carrier C,informatica_acessorios,none,3,0,0.0,0,none
2018-05-14,WH_SOUTH,South FC,CAR_C,Carrier C,moveis_decoracao,none,6,0,0.0,0,none
2018-05-14,WH_SOUTH,South FC,CAR_C,Carrier C,moveis_escritorio,none,1,0,0.0,0,none
2018-05-14,WH_SOUTH,South FC,CAR_C,Carrier C,moveis_sala,none,1,0,0.0,0,none
2018-05-14,WH_SOUTH,South FC,CAR_C,Carrier C,papelaria,none,2,0,0.0,0,none
2018-05-14,WH_SOUTH,South FC,CAR_C,Carrier C,perfumaria,none,1,0,0.0,0,none
2018-05-14,WH_SOUTH,South FC,CAR_C,Carrier C,relogios_presentes,none,2,0,0.0,0,none
2018-05-14,WH_SOUTH,South FC,CAR_C,Carrier C,telefonia,none,2,0,0.0,0,none
2018-05-14,WH_SOUTH,South FC,CAR_C,Carrier C,unknown,none,1,0,0.0,0,none
2018-05-14,WH_SOUTH,South FC,CAR_C,Carrier C,utilidades_domesticas,none,4,0,0.0,0,none
2018-05-14,WH_SOUTH,South FC,CAR_C,Carrier C,utilidades_domesticas,wrong,1,1,100.0,0,none
2018-05-14,WH_SOUTH,South FC,CAR_D,Carrier D,artes,none,1,0,0.0,0,none
2018-05-14,WH_SOUTH,South FC,CAR_D,Carrier D,audio,none,1,0,0.0,0,none
2018-05-14,WH_SOUTH,South FC,CAR_D,Carrier D,automotivo,refund,1,1,100.0,0,none
2018-05-14,WH_SOUTH,South FC,CAR_D,Carrier D,bebes,none,1,0,0.0,0,none
2018-05-14,WH_SOUTH,South FC,CAR_D,Carrier D,beleza_saude,none,4,0,0.0,0,none
2018-05-14,WH_SOUTH,South FC,CAR_D,Carrier D,cama_mesa_banho,none,3,0,0.0,0,none
2018-05-14,WH_SOUTH,South FC,CAR_D,Carrier D,casa_construcao,none,1,0,0.0,0,none
2018-05-14,WH_SOUTH,South FC,CAR_D,Carrier D,construcao_ferramentas_construcao,none,2,0,0.0,0,none
2018-05-14,WH_SOUTH,South FC,CAR_D,Carrier D,construcao_ferramentas_iluminacao,none,1,0,0.0,0,none
2018-05-14,WH_SOUTH,South FC,CAR_D,Carrier D,eletrodomesticos,none,1,0,0.0,0,none
2018-05-14,WH_SOUTH,South FC,CAR_D,Carrier D,eletronicos,none,1,0,0.0,0,none
2018-05-14,WH_SOUTH,South FC,CAR_D,Carrier D,esporte_lazer,none,2,0,0.0,0,none
2018-05-14,WH_SOUTH,South FC,CAR_D,Carrier D,informatica_acessorios,none,1,0,0.0,0,none
2018-05-14,WH_SOUTH,South FC,CAR_D,Carrier D,livros_tecnicos,none,2,0,0.0,0,none
2018-05-14,WH_SOUTH,South FC,CAR_D,Carrier D,malas_acessorios,none,1,0,0.0,0,none
2018-05-14,WH_SOUTH,South FC,CAR_D,Carrier D,moveis_decoracao,none,6,0,0.0,0,none
2018-05-14,WH_SOUTH,South FC,CAR_D,Carrier D,moveis_escritorio,none,1,0,0.0,0,none
2018-05-14,WH_SOUTH,South FC,CAR_D,Carrier D,portateis_casa_forno_e_cafe,none,1,0,0.0,0,none
2018-05-14,WH_SOUTH,South FC,CAR_D,Carrier D,relogios_presentes,none,1,0,0.0,0,none
2018-05-14,WH_SOUTH,South FC,CAR_D,Carrier D,telefonia,none,3,0,0.0,0,none
2018-05-14,WH_SOUTH,South FC,CAR_D,Carrier D,utilidades_domesticas,none,3,0,0.0,0,none
2018-05-14,WH_SOUTHEAST,Southeast FC,CAR_A,Carrier A,alimentos,none,6,0,0.0,0,none
2018-05-14,WH_SOUTHEAST,Southeast FC,CAR_A,Carrier A,alimentos_bebidas,none,3,0,0.0,0,none
2018-05-14,WH_SOUTHEAST,Southeast FC,CAR_A,Carrier A,artes,none,3,0,0.0,0,none
2018-05-14,WH_SOUTHEAST,Southeast FC,CAR_A,Carrier A,automotivo,none,26,0,0.0,0,none
2018-05-14,WH_SOUTHEAST,Southeast FC,CAR_A,Carrier A,automotivo,wrong,1,1,100.0,0,none
2018-05-14,WH_SOUTHEAST,Southeast FC,CAR_A,Carrier A,bebes,damaged,1,1,100.0,0,none
2018-05-14,WH_SOUTHEAST,Southeast FC,CAR_A,Carrier A,bebes,none,17,0,0.0,0,none
2018-05-14,WH_SOUTHEAST,Southeast FC,CAR_A,Carrier A,bebidas,none,1,0,0.0,0,none
2018-05-14,WH_SOUTHEAST,Southeast FC,CAR_A,Carrier A,beleza_saude,none,50,0,0.0,0,none
2018-05-14,WH_SOUTHEAST,Southeast FC,CAR_A,Carrier A,beleza_saude,refund,1,1,100.0,0,none
2018-05-14,WH_SOUTHEAST,Southeast FC,CAR_A,Carrier A,brinquedos,none,14,0,0.0,0,none
2018-05-14,WH_SOUTHEAST,Southeast FC,CAR_A,Carrier A,cama_mesa_banho,none,48,0,0.0,0,none
2018-05-14,WH_SOUTHEAST,Southeast FC,CAR_A,Carrier A,cama_mesa_banho,refund,3,3,100.0,0,none
2018-05-14,WH_SOUTHEAST,Southeast FC,CAR_A,Carrier A,cama_mesa_banho,wrong,2,2,100.0,0,none
2018-05-14,WH_SOUTHEAST,Southeast FC,CAR_A,Carrier A,casa_conforto,none,1,0,0.0,0,none
2018-05-14,WH_SOUTHEAST,Southeast FC,CAR_A,Carrier A,casa_construcao,none,1,0,0.0,0,none
2018-05-14,WH_SOUTHEAST,Southeast FC,CAR_A,Carrier A,cine_foto,none,1,0,0.0,0,none
2018-05-14,WH_SOUTHEAST,Southeast FC,CAR_A,Carrier A,consoles_games,missing,1,1,100.0,0,none
2018-05-14,WH_SOUTHEAST,Southeast FC,CAR_A,Carrier A,consoles_games,none,5,0,0.0,0,none
2018-05-14,WH_SOUTHEAST,Southeast FC,CAR_A,Carrier A,construcao_ferramentas_construcao,none,5,0,0.0,0,none
2018-05-14,WH_SOUTHEAST,Southeast FC,CAR_A,Carrier A,construcao_ferramentas_iluminacao,none,4,0,0.0,0,none
2018-05-14,WH_SOUTHEAST,Southeast FC,CAR_A,Carrier A,construcao_ferramentas_jardim,none,1,0,0.0,0,none
2018-05-14,WH_SOUTHEAST,Southeast FC,CAR_A,Carrier A,construcao_ferramentas_seguranca,none,2,0,0.0,0,none
2018-05-14,WH_SOUTHEAST,Southeast FC,CAR_A,Carrier A,cool_stuff,none,16,0,0.0,0,none
2018-05-14,WH_SOUTHEAST,Southeast FC,CAR_A,Carrier A,cool_stuff,wrong,1,1,100.0,0,none
2018-05-14,WH_SOUTHEAST,Southeast FC,CAR_A,Carrier A,eletrodomesticos,none,5,0,0.0,0,none
2018-05-14,WH_SOUTHEAST,Southeast FC,CAR_A,Carrier A,eletrodomesticos,refund,1,1,100.0,0,none
2018-05-14,WH_SOUTHEAST,Southeast FC,CAR_A,Carrier A,eletrodomesticos_2,none,2,0,0.0,0,none
2018-05-14,WH_SOUTHEAST,Southeast FC,CAR_A,Carrier A,eletronicos,missing,1,1,100.0,0,none
2018-05-14,WH_SOUTHEAST,Southeast FC,CAR_A,Carrier A,eletronicos,none,14,0,0.0,0,none
2018-05-14,WH_SOUTHEAST,Southeast FC,CAR_A,Carrier A,eletronicos,refund,1,1,100.0,0,none
2018-05-14,WH_SOUTHEAST,Southeast FC,CAR_A,Carrier A,eletroportateis,none,4,0,0.0,0,none
2018-05-14,WH_SOUTHEAST,Southeast FC,CAR_A,Carrier A,esporte_lazer,failed,1,1,100.0,0,none
2018-05-14,WH_SOUTHEAST,Southeast FC,CAR_A,Carrier A,esporte_lazer,none,31,0,0.0,0,none
2018-05-14,WH_SOUTHEAST,Southeast FC,CAR_A,Carrier A,fashion_bolsas_e_acessorios,none,5,0,0.0,0,none
2018-05-14,WH_SOUTHEAST,Southeast FC,CAR_A,Carrier A,fashion_calcados,none,1,0,0.0,0,none
2018-05-14,WH_SOUTHEAST,Southeast FC,CAR_A,Carrier A,ferramentas_jardim,none,17,0,0.0,0,none
2018-05-14,WH_SOUTHEAST,Southeast FC,CAR_A,Carrier A,industria_comercio_e_negocios,none,1,0,0.0,0,none
2018-05-14,WH_SOUTHEAST,Southeast FC,CAR_A,Carrier A,informatica_acessorios,damaged,1,1,100.0,0,none
2018-05-14,WH_SOUTHEAST,Southeast FC,CAR_A,Carrier A,informatica_acessorios,failed,1,1,100.0,0,none
2018-05-14,WH_SOUTHEAST,Southeast FC,CAR_A,Carrier A,informatica_acessorios,none,28,0,0.0,0,none
2018-05-14,WH_SOUTHEAST,Southeast FC,CAR_A,Carrier A,instrumentos_musicais,none,4,0,0.0,0,none
2018-05-14,WH_SOUTHEAST,Southeast FC,CAR_A,Carrier A,livros_importados,none,2,0,0.0,0,none
2018-05-14,WH_SOUTHEAST,Southeast FC,CAR_A,Carrier A,livros_interesse_geral,none,2,0,0.0,0,none
2018-05-14,WH_SOUTHEAST,Southeast FC,CAR_A,Carrier A,livros_tecnicos,none,2,0,0.0,0,none
2018-05-14,WH_SOUTHEAST,Southeast FC,CAR_A,Carrier A,malas_acessorios,none,3,0,0.0,0,none
2018-05-14,WH_SOUTHEAST,Southeast FC,CAR_A,Carrier A,moveis_cozinha_area_de_servico_jantar_e_jardim,none,1,0,0.0,0,none
2018-05-14,WH_SOUTHEAST,Southeast FC,CAR_A,Carrier A,moveis_decoracao,damaged,1,1,100.0,0,none
2018-05-14,WH_SOUTHEAST,Southeast FC,CAR_A,Carrier A,moveis_decoracao,failed,1,1,100.0,0,none
2018-05-14,WH_SOUTHEAST,Southeast FC,CAR_A,Carrier A,moveis_decoracao,none,21,0,0.0,0,none
2018-05-14,WH_SOUTHEAST,Southeast FC,CAR_A,Carrier A,moveis_decoracao,wrong,2,2,100.0,0,none
2018-05-14,WH_SOUTHEAST,Southeast FC,CAR_A,Carrier A,moveis_escritorio,none,6,0,0.0,0,none
2018-05-14,WH_SOUTHEAST,Southeast FC,CAR_A,Carrier A,papelaria,damaged,1,1,100.0,0,none
2018-05-14,WH_SOUTHEAST,Southeast FC,CAR_A,Carrier A,papelaria,none,12,0,0.0,0,none
2018-05-14,WH_SOUTHEAST,Southeast FC,CAR_A,Carrier A,perfumaria,failed,1,1,100.0,0,none
2018-05-14,WH_SOUTHEAST,Southeast FC,CAR_A,Carrier A,perfumaria,none,6,0,0.0,0,none
2018-05-14,WH_SOUTHEAST,Southeast FC,CAR_A,Carrier A,pet_shop,missing,1,1,100.0,0,none
2018-05-14,WH_SOUTHEAST,Southeast FC,CAR_A,Carrier A,pet_shop,none,10,0,0.0,0,none
2018-05-14,WH_SOUTHEAST,Southeast FC,CAR_A,Carrier A,portateis_casa_forno_e_cafe,none,1,0,0.0,0,none
2018-05-14,WH_SOUTHEAST,Southeast FC,CAR_A,Carrier A,relogios_presentes,missing,1,1,100.0,0,none
2018-05-14,WH_SOUTHEAST,Southeast FC,CAR_A,Carrier A,relogios_presentes,none,30,0,0.0,0,none
2018-05-14,WH_SOUTHEAST,Southeast FC,CAR_A,Carrier A,relogios_presentes,wrong,1,1,100.0,0,none
2018-05-14,WH_SOUTHEAST,Southeast FC,CAR_A,Carrier A,telefonia,damaged,1,1,100.0,0,none
2018-05-14,WH_SOUTHEAST,Southeast FC,CAR_A,Carrier A,telefonia,none,21,0,0.0,0,none
2018-05-14,WH_SOUTHEAST,Southeast FC,CAR_A,Carrier A,unknown,none,2,0,0.0,0,none
2018-05-14,WH_SOUTHEAST,Southeast FC,CAR_A,Carrier A,utilidades_domesticas,missing,1,1,100.0,0,none
2018-05-14,WH_SOUTHEAST,Southeast FC,CAR_A,Carrier A,utilidades_domesticas,none,31,0,0.0,0,none
2018-05-14,WH_SOUTHEAST,Southeast FC,CAR_B,Carrier B,alimentos,none,2,0,0.0,0,none
2018-05-14,WH_SOUTHEAST,Southeast FC,CAR_B,Carrier B,alimentos_bebidas,none,2,0,0.0,0,none
2018-05-14,WH_SOUTHEAST,Southeast FC,CAR_B,Carrier B,artes,none,1,0,0.0,0,none
2018-05-14,WH_SOUTHEAST,Southeast FC,CAR_B,Carrier B,artes,refund,1,1,100.0,0,none
2018-05-14,WH_SOUTHEAST,Southeast FC,CAR_B,Carrier B,audio,none,4,0,0.0,0,none
2018-05-14,WH_SOUTHEAST,Southeast FC,CAR_B,Carrier B,automotivo,none,22,0,0.0,0,none
2018-05-14,WH_SOUTHEAST,Southeast FC,CAR_B,Carrier B,bebes,none,11,0,0.0,0,none
2018-05-14,WH_SOUTHEAST,Southeast FC,CAR_B,Carrier B,beleza_saude,none,33,0,0.0,0,none
2018-05-14,WH_SOUTHEAST,Southeast FC,CAR_B,Carrier B,brinquedos,missing,1,1,100.0,0,none
2018-05-14,WH_SOUTHEAST,Southeast FC,CAR_B,Carrier B,brinquedos,none,16,0,0.0,0,none
2018-05-14,WH_SOUTHEAST,Southeast FC,CAR_B,Carrier B,cama_mesa_banho,damaged,1,1,100.0,0,none
2018-05-14,WH_SOUTHEAST,Southeast FC,CAR_B,Carrier B,cama_mesa_banho,none,41,0,0.0,0,none
2018-05-14,WH_SOUTHEAST,Southeast FC,CAR_B,Carrier B,cama_mesa_banho,refund,1,1,100.0,0,none
2018-05-14,WH_SOUTHEAST,Southeast FC,CAR_B,Carrier B,cama_mesa_banho,wrong,1,1,100.0,0,none
2018-05-14,WH_SOUTHEAST,Southeast FC,CAR_B,Carrier B,casa_conforto,none,1,0,0.0,0,none
2018-05-14,WH_SOUTHEAST,Southeast FC,CAR_B,Carrier B,casa_construcao,none,4,0,0.0,0,none
2018-05-14,WH_SOUTHEAST,Southeast FC,CAR_B,Carrier B,climatizacao,none,3,0,0.0,0,none
2018-05-14,WH_SOUTHEAST,Southeast FC,CAR_B,Carrier B,consoles_games,none,1,0,0.0,0,none
2018-05-14,WH_SOUTHEAST,Southeast FC,CAR_B,Carrier B,construcao_ferramentas_construcao,damaged,1,1,100.0,0,none
2018-05-14,WH_SOUTHEAST,Southeast FC,CAR_B,Carrier B,construcao_ferramentas_construcao,none,3,0,0.0,0,none
2018-05-14,WH_SOUTHEAST,Southeast FC,CAR_B,Carrier B,construcao_ferramentas_iluminacao,none,5,0,0.0,0,none
2018-05-14,WH_SOUTHEAST,Southeast FC,CAR_B,Carrier B,cool_stuff,none,8,0,0.0,0,none
2018-05-14,WH_SOUTHEAST,Southeast FC,CAR_B,Carrier B,eletrodomesticos,missing,1,1,100.0,0,none
2018-05-14,WH_SOUTHEAST,Southeast FC,CAR_B,Carrier B,eletrodomesticos,none,4,0,0.0,0,none
2018-05-14,WH_SOUTHEAST,Southeast FC,CAR_B,Carrier B,eletronicos,none,18,0,0.0,0,none
2018-05-14,WH_SOUTHEAST,Southeast FC,CAR_B,Carrier B,eletroportateis,failed,1,1,100.0,0,none
2018-05-14,WH_SOUTHEAST,Southeast FC,CAR_B,Carrier B,esporte_lazer,damaged,2,2,100.0,0,none
2018-05-14,WH_SOUTHEAST,Southeast FC,CAR_B,Carrier B,esporte_lazer,failed,1,1,100.0,0,none
2018-05-14,WH_SOUTHEAST,Southeast FC,CAR_B,Carrier B,esporte_lazer,none,33,0,0.0,0,none
2018-05-14,WH_SOUTHEAST,Southeast FC,CAR_B,Carrier B,esporte_lazer,wrong,2,2,100.0,0,none
2018-05-14,WH_SOUTHEAST,Southeast FC,CAR_B,Carrier B,fashion_bolsas_e_acessorios,none,8,0,0.0,0,none
2018-05-14,WH_SOUTHEAST,Southeast FC,CAR_B,Carrier B,fashion_calcados,none,1,0,0.0,0,none
2018-05-14,WH_SOUTHEAST,Southeast FC,CAR_B,Carrier B,ferramentas_jardim,damaged,1,1,100.0,0,none
2018-05-14,WH_SOUTHEAST,Southeast FC,CAR_B,Carrier B,ferramentas_jardim,none,21,0,0.0,0,none
2018-05-14,WH_SOUTHEAST,Southeast FC,CAR_B,Carrier B,industria_comercio_e_negocios,none,5,0,0.0,0,none
2018-05-14,WH_SOUTHEAST,Southeast FC,CAR_B,Carrier B,informatica_acessorios,missing,1,1,100.0,0,none
2018-05-14,WH_SOUTHEAST,Southeast FC,CAR_B,Carrier B,informatica_acessorios,none,31,0,0.0,0,none
2018-05-14,WH_SOUTHEAST,Southeast FC,CAR_B,Carrier B,informatica_acessorios,refund,1,1,100.0,0,none
2018-05-14,WH_SOUTHEAST,Southeast FC,CAR_B,Carrier B,instrumentos_musicais,none,3,0,0.0,0,none
2018-05-14,WH_SOUTHEAST,Southeast FC,CAR_B,Carrier B,livros_interesse_geral,none,4,0,0.0,0,none
2018-05-14,WH_SOUTHEAST,Southeast FC,CAR_B,Carrier B,livros_tecnicos,failed,1,1,100.0,0,none
2018-05-14,WH_SOUTHEAST,Southeast FC,CAR_B,Carrier B,livros_tecnicos,none,2,0,0.0,0,none
2018-05-14,WH_SOUTHEAST,Southeast FC,CAR_B,Carrier B,malas_acessorios,none,2,0,0.0,0,none
2018-05-14,WH_SOUTHEAST,Southeast FC,CAR_B,Carrier B,market_place,none,1,0,0.0,0,none
2018-05-14,WH_SOUTHEAST,Southeast FC,CAR_B,Carrier B,moveis_cozinha_area_de_servico_jantar_e_jardim,none,1,0,0.0,0,none
2018-05-14,WH_SOUTHEAST,Southeast FC,CAR_B,Carrier B,moveis_decoracao,none,26,0,0.0,0,none
2018-05-14,WH_SOUTHEAST,Southeast FC,CAR_B,Carrier B,moveis_decoracao,refund,1,1,100.0,0,none
2018-05-14,WH_SOUTHEAST,Southeast FC,CAR_B,Carrier B,moveis_escritorio,none,2,0,0.0,0,none
2018-05-14,WH_SOUTHEAST,Southeast FC,CAR_B,Carrier B,moveis_escritorio,wrong,1,1,100.0,0,none
2018-05-14,WH_SOUTHEAST,Southeast FC,CAR_B,Carrier B,moveis_quarto,none,1,0,0.0,0,none
2018-05-14,WH_SOUTHEAST,Southeast FC,CAR_B,Carrier B,moveis_sala,missing,1,1,100.0,0,none
2018-05-14,WH_SOUTHEAST,Southeast FC,CAR_B,Carrier B,moveis_sala,none,1,0,0.0,0,none
2018-05-14,WH_SOUTHEAST,Southeast FC,CAR_B,Carrier B,papelaria,none,6,0,0.0,0,none
2018-05-14,WH_SOUTHEAST,Southeast FC,CAR_B,Carrier B,perfumaria,none,13,0,0.0,0,none
2018-05-14,WH_SOUTHEAST,Southeast FC,CAR_B,Carrier B,perfumaria,refund,1,1,100.0,0,none
2018-05-14,WH_SOUTHEAST,Southeast FC,CAR_B,Carrier B,pet_shop,none,7,0,0.0,0,none
2018-05-14,WH_SOUTHEAST,Southeast FC,CAR_B,Carrier B,relogios_presentes,damaged,2,2,100.0,0,none
2018-05-14,WH_SOUTHEAST,Southeast FC,CAR_B,Carrier B,relogios_presentes,missing,2,2,100.0,0,none
2018-05-14,WH_SOUTHEAST,Southeast FC,CAR_B,Carrier B,relogios_presentes,none,30,0,0.0,0,none
2018-05-14,WH_SOUTHEAST,Southeast FC,CAR_B,Carrier B,relogios_presentes,refund,1,1,100.0,0,none
2018-05-14,WH_SOUTHEAST,Southeast FC,CAR_B,Carrier B,telefonia,none,11,0,0.0,0,none
2018-05-14,WH_SOUTHEAST,Southeast FC,CAR_B,Carrier B,unknown,none,2,0,0.0,0,none
2018-05-14,WH_SOUTHEAST,Southeast FC,CAR_B,Carrier B,utilidades_domesticas,damaged,2,2,100.0,0,none
2018-05-14,WH_SOUTHEAST,Southeast FC,CAR_B,Carrier B,utilidades_domesticas,failed,2,2,100.0,0,none
2018-05-14,WH_SOUTHEAST,Southeast FC,CAR_B,Carrier B,utilidades_domesticas,none,43,0,0.0,0,none
2018-05-14,WH_SOUTHEAST,Southeast FC,CAR_C,Carrier C,alimentos,none,5,0,0.0,0,none
2018-05-14,WH_SOUTHEAST,Southeast FC,CAR_C,Carrier C,artes,none,3,0,0.0,0,none
2018-05-14,WH_SOUTHEAST,Southeast FC,CAR_C,Carrier C,artigos_de_natal,none,1,0,0.0,0,none
2018-05-14,WH_SOUTHEAST,Southeast FC,CAR_C,Carrier C,audio,failed,1,1,100.0,0,none
2018-05-14,WH_SOUTHEAST,Southeast FC,CAR_C,Carrier C,audio,none,1,0,0.0,0,none
2018-05-14,WH_SOUTHEAST,Southeast FC,CAR_C,Carrier C,automotivo,none,14,0,0.0,0,none
2018-05-14,WH_SOUTHEAST,Southeast FC,CAR_C,Carrier C,bebes,none,10,0,0.0,0,none
2018-05-14,WH_SOUTHEAST,Southeast FC,CAR_C,Carrier C,bebes,refund,1,1,100.0,0,none
2018-05-14,WH_SOUTHEAST,Southeast FC,CAR_C,Carrier C,bebidas,none,1,0,0.0,0,none
2018-05-14,WH_SOUTHEAST,Southeast FC,CAR_C,Carrier C,beleza_saude,damaged,1,1,100.0,0,none
2018-05-14,WH_SOUTHEAST,Southeast FC,CAR_C,Carrier C,beleza_saude,missing,2,2,100.0,0,none
2018-05-14,WH_SOUTHEAST,Southeast FC,CAR_C,Carrier C,beleza_saude,none,26,0,0.0,0,none
2018-05-14,WH_SOUTHEAST,Southeast FC,CAR_C,Carrier C,beleza_saude,refund,1,1,100.0,0,none
2018-05-14,WH_SOUTHEAST,Southeast FC,CAR_C,Carrier C,beleza_saude,wrong,1,1,100.0,0,none
2018-05-14,WH_SOUTHEAST,Southeast FC,CAR_C,Carrier C,brinquedos,none,8,0,0.0,0,none
2018-05-14,WH_SOUTHEAST,Southeast FC,CAR_C,Carrier C,cama_mesa_banho,damaged,1,1,100.0,0,none
2018-05-14,WH_SOUTHEAST,Southeast FC,CAR_C,Carrier C,cama_mesa_banho,none,39,0,0.0,0,none
2018-05-14,WH_SOUTHEAST,Southeast FC,CAR_C,Carrier C,casa_construcao,damaged,1,1,100.0,0,none
2018-05-14,WH_SOUTHEAST,Southeast FC,CAR_C,Carrier C,casa_construcao,none,2,0,0.0,0,none
2018-05-14,WH_SOUTHEAST,Southeast FC,CAR_C,Carrier C,cine_foto,none,3,0,0.0,0,none
2018-05-14,WH_SOUTHEAST,Southeast FC,CAR_C,Carrier C,climatizacao,none,1,0,0.0,0,none
2018-05-14,WH_SOUTHEAST,Southeast FC,CAR_C,Carrier C,consoles_games,none,2,0,0.0,0,none
2018-05-14,WH_SOUTHEAST,Southeast FC,CAR_C,Carrier C,construcao_ferramentas_construcao,none,5,0,0.0,0,none
2018-05-14,WH_SOUTHEAST,Southeast FC,CAR_C,Carrier C,construcao_ferramentas_iluminacao,wrong,1,1,100.0,0,none
2018-05-14,WH_SOUTHEAST,Southeast FC,CAR_C,Carrier C,construcao_ferramentas_seguranca,none,2,0,0.0,0,none
2018-05-14,WH_SOUTHEAST,Southeast FC,CAR_C,Carrier C,cool_stuff,none,4,0,0.0,0,none
2018-05-14,WH_SOUTHEAST,Southeast FC,CAR_C,Carrier C,dvds_blu_ray,none,1,0,0.0,0,none
2018-05-14,WH_SOUTHEAST,Southeast FC,CAR_C,Carrier C,eletrodomesticos,none,4,0,0.0,0,none
2018-05-14,WH_SOUTHEAST,Southeast FC,CAR_C,Carrier C,eletrodomesticos_2,none,1,0,0.0,0,none
2018-05-14,WH_SOUTHEAST,Southeast FC,CAR_C,Carrier C,eletronicos,missing,1,1,100.0,0,none
2018-05-14,WH_SOUTHEAST,Southeast FC,CAR_C,Carrier C,eletronicos,none,7,0,0.0,0,none
2018-05-14,WH_SOUTHEAST,Southeast FC,CAR_C,Carrier C,eletroportateis,none,3,0,0.0,0,none
2018-05-14,WH_SOUTHEAST,Southeast FC,CAR_C,Carrier C,esporte_lazer,missing,1,1,100.0,0,none
2018-05-14,WH_SOUTHEAST,Southeast FC,CAR_C,Carrier C,esporte_lazer,none,20,0,0.0,0,none
2018-05-14,WH_SOUTHEAST,Southeast FC,CAR_C,Carrier C,esporte_lazer,refund,1,1,100.0,0,none
2018-05-14,WH_SOUTHEAST,Southeast FC,CAR_C,Carrier C,fashion_bolsas_e_acessorios,none,2,0,0.0,0,none
2018-05-14,WH_SOUTHEAST,Southeast FC,CAR_C,Carrier C,fashion_underwear_e_moda_praia,none,1,0,0.0,0,none
2018-05-14,WH_SOUTHEAST,Southeast FC,CAR_C,Carrier C,ferramentas_jardim,none,10,0,0.0,0,none
2018-05-14,WH_SOUTHEAST,Southeast FC,CAR_C,Carrier C,fraldas_higiene,none,1,0,0.0,0,none
2018-05-14,WH_SOUTHEAST,Southeast FC,CAR_C,Carrier C,informatica_acessorios,damaged,2,2,100.0,0,none
2018-05-14,WH_SOUTHEAST,Southeast FC,CAR_C,Carrier C,informatica_acessorios,failed,2,2,100.0,0,none
2018-05-14,WH_SOUTHEAST,Southeast FC,CAR_C,Carrier C,informatica_acessorios,none,14,0,0.0,0,none
2018-05-14,WH_SOUTHEAST,Southeast FC,CAR_C,Carrier C,instrumentos_musicais,none,2,0,0.0,0,none
2018-05-14,WH_SOUTHEAST,Southeast FC,CAR_C,Carrier C,instrumentos_musicais,refund,1,1,100.0,0,none
2018-05-14,WH_SOUTHEAST,Southeast FC,CAR_C,Carrier C,livros_interesse_geral,none,3,0,0.0,0,none
2018-05-14,WH_SOUTHEAST,Southeast FC,CAR_C,Carrier C,livros_tecnicos,failed,1,1,100.0,0,none
2018-05-14,WH_SOUTHEAST,Southeast FC,CAR_C,Carrier C,livros_tecnicos,none,1,0,0.0,0,none
2018-05-14,WH_SOUTHEAST,Southeast FC,CAR_C,Carrier C,malas_acessorios,none,3,0,0.0,0,none
2018-05-14,WH_SOUTHEAST,Southeast FC,CAR_C,Carrier C,malas_acessorios,refund,1,1,100.0,0,none
2018-05-14,WH_SOUTHEAST,Southeast FC,CAR_C,Carrier C,market_place,none,1,0,0.0,0,none
2018-05-14,WH_SOUTHEAST,Southeast FC,CAR_C,Carrier C,moveis_decoracao,failed,1,1,100.0,0,none
2018-05-14,WH_SOUTHEAST,Southeast FC,CAR_C,Carrier C,moveis_decoracao,none,20,0,0.0,0,none
2018-05-14,WH_SOUTHEAST,Southeast FC,CAR_C,Carrier C,moveis_decoracao,wrong,1,1,100.0,0,none
2018-05-14,WH_SOUTHEAST,Southeast FC,CAR_C,Carrier C,moveis_escritorio,none,6,0,0.0,0,none
2018-05-14,WH_SOUTHEAST,Southeast FC,CAR_C,Carrier C,moveis_quarto,none,1,0,0.0,0,none
2018-05-14,WH_SOUTHEAST,Southeast FC,CAR_C,Carrier C,papelaria,none,7,0,0.0,0,none
2018-05-14,WH_SOUTHEAST,Southeast FC,CAR_C,Carrier C,perfumaria,failed,1,1,100.0,0,none
2018-05-14,WH_SOUTHEAST,Southeast FC,CAR_C,Carrier C,perfumaria,none,9,0,0.0,0,none
2018-05-14,WH_SOUTHEAST,Southeast FC,CAR_C,Carrier C,pet_shop,none,4,0,0.0,0,none
2018-05-14,WH_SOUTHEAST,Southeast FC,CAR_C,Carrier C,portateis_casa_forno_e_cafe,none,1,0,0.0,0,none
2018-05-14,WH_SOUTHEAST,Southeast FC,CAR_C,Carrier C,relogios_presentes,none,20,0,0.0,0,none
2018-05-14,WH_SOUTHEAST,Southeast FC,CAR_C,Carrier C,relogios_presentes,wrong,1,1,100.0,0,none
2018-05-14,WH_SOUTHEAST,Southeast FC,CAR_C,Carrier C,sinalizacao_e_seguranca,none,1,0,0.0,0,none
2018-05-14,WH_SOUTHEAST,Southeast FC,CAR_C,Carrier C,telefonia,damaged,1,1,100.0,0,none
2018-05-14,WH_SOUTHEAST,Southeast FC,CAR_C,Carrier C,telefonia,none,9,0,0.0,0,none
2018-05-14,WH_SOUTHEAST,Southeast FC,CAR_C,Carrier C,utilidades_domesticas,damaged,1,1,100.0,0,none
2018-05-14,WH_SOUTHEAST,Southeast FC,CAR_C,Carrier C,utilidades_domesticas,none,20,0,0.0,0,none
2018-05-14,WH_SOUTHEAST,Southeast FC,CAR_C,Carrier C,utilidades_domesticas,refund,2,2,100.0,0,none
2018-05-14,WH_SOUTHEAST,Southeast FC,CAR_D,Carrier D,alimentos_bebidas,none,2,0,0.0,0,none
2018-05-14,WH_SOUTHEAST,Southeast FC,CAR_D,Carrier D,artes,none,1,0,0.0,0,none
2018-05-14,WH_SOUTHEAST,Southeast FC,CAR_D,Carrier D,audio,none,1,0,0.0,0,none
2018-05-14,WH_SOUTHEAST,Southeast FC,CAR_D,Carrier D,automotivo,none,11,0,0.0,0,none
2018-05-14,WH_SOUTHEAST,Southeast FC,CAR_D,Carrier D,bebes,none,7,0,0.0,0,none
2018-05-14,WH_SOUTHEAST,Southeast FC,CAR_D,Carrier D,bebidas,none,1,0,0.0,0,none
2018-05-14,WH_SOUTHEAST,Southeast FC,CAR_D,Carrier D,beleza_saude,none,17,0,0.0,0,none
2018-05-14,WH_SOUTHEAST,Southeast FC,CAR_D,Carrier D,brinquedos,none,2,0,0.0,0,none
2018-05-14,WH_SOUTHEAST,Southeast FC,CAR_D,Carrier D,cama_mesa_banho,none,10,0,0.0,0,none
2018-05-14,WH_SOUTHEAST,Southeast FC,CAR_D,Carrier D,casa_conforto,none,1,0,0.0,0,none
2018-05-14,WH_SOUTHEAST,Southeast FC,CAR_D,Carrier D,cine_foto,none,2,0,0.0,0,none
2018-05-14,WH_SOUTHEAST,Southeast FC,CAR_D,Carrier D,climatizacao,none,3,0,0.0,0,none
2018-05-14,WH_SOUTHEAST,Southeast FC,CAR_D,Carrier D,consoles_games,none,1,0,0.0,0,none
2018-05-14,WH_SOUTHEAST,Southeast FC,CAR_D,Carrier D,construcao_ferramentas_construcao,none,1,0,0.0,0,none
2018-05-14,WH_SOUTHEAST,Southeast FC,CAR_D,Carrier D,cool_stuff,none,5,0,0.0,0,none
2018-05-14,WH_SOUTHEAST,Southeast FC,CAR_D,Carrier D,eletrodomesticos,none,2,0,0.0,0,none
2018-05-14,WH_SOUTHEAST,Southeast FC,CAR_D,Carrier D,eletrodomesticos_2,none,1,0,0.0,0,none
2018-05-14,WH_SOUTHEAST,Southeast FC,CAR_D,Carrier D,eletronicos,none,11,0,0.0,0,none
2018-05-14,WH_SOUTHEAST,Southeast FC,CAR_D,Carrier D,eletroportateis,none,1,0,0.0,0,none
2018-05-14,WH_SOUTHEAST,Southeast FC,CAR_D,Carrier D,esporte_lazer,failed,1,1,100.0,0,none
2018-05-14,WH_SOUTHEAST,Southeast FC,CAR_D,Carrier D,esporte_lazer,none,7,0,0.0,0,none
2018-05-14,WH_SOUTHEAST,Southeast FC,CAR_D,Carrier D,esporte_lazer,wrong,1,1,100.0,0,none
2018-05-14,WH_SOUTHEAST,Southeast FC,CAR_D,Carrier D,fashion_bolsas_e_acessorios,failed,1,1,100.0,0,none
2018-05-14,WH_SOUTHEAST,Southeast FC,CAR_D,Carrier D,fashion_bolsas_e_acessorios,none,4,0,0.0,0,none
2018-05-14,WH_SOUTHEAST,Southeast FC,CAR_D,Carrier D,ferramentas_jardim,none,1,0,0.0,0,none
2018-05-14,WH_SOUTHEAST,Southeast FC,CAR_D,Carrier D,industria_comercio_e_negocios,none,3,0,0.0,0,none
2018-05-14,WH_SOUTHEAST,Southeast FC,CAR_D,Carrier D,informatica_acessorios,none,11,0,0.0,0,none
2018-05-14,WH_SOUTHEAST,Southeast FC,CAR_D,Carrier D,instrumentos_musicais,none,6,0,0.0,0,none
2018-05-14,WH_SOUTHEAST,Southeast FC,CAR_D,Carrier D,livros_importados,none,1,0,0.0,0,none
2018-05-14,WH_SOUTHEAST,Southeast FC,CAR_D,Carrier D,livros_interesse_geral,none,3,0,0.0,0,none
2018-05-14,WH_SOUTHEAST,Southeast FC,CAR_D,Carrier D,livros_tecnicos,none,2,0,0.0,0,none
2018-05-14,WH_SOUTHEAST,Southeast FC,CAR_D,Carrier D,malas_acessorios,none,2,0,0.0,0,none
2018-05-14,WH_SOUTHEAST,Southeast FC,CAR_D,Carrier D,moveis_cozinha_area_de_servico_jantar_e_jardim,none,1,0,0.0,0,none
2018-05-14,WH_SOUTHEAST,Southeast FC,CAR_D,Carrier D,moveis_decoracao,damaged,1,1,100.0,0,none
2018-05-14,WH_SOUTHEAST,Southeast FC,CAR_D,Carrier D,moveis_decoracao,failed,1,1,100.0,0,none
2018-05-14,WH_SOUTHEAST,Southeast FC,CAR_D,Carrier D,moveis_decoracao,none,12,0,0.0,0,none
2018-05-14,WH_SOUTHEAST,Southeast FC,CAR_D,Carrier D,moveis_escritorio,none,1,0,0.0,0,none
2018-05-14,WH_SOUTHEAST,Southeast FC,CAR_D,Carrier D,papelaria,none,1,0,0.0,0,none
2018-05-14,WH_SOUTHEAST,Southeast FC,CAR_D,Carrier D,perfumaria,none,7,0,0.0,0,none
2018-05-14,WH_SOUTHEAST,Southeast FC,CAR_D,Carrier D,pet_shop,none,7,0,0.0,0,none
2018-05-14,WH_SOUTHEAST,Southeast FC,CAR_D,Carrier D,relogios_presentes,none,8,0,0.0,0,none
2018-05-14,WH_SOUTHEAST,Southeast FC,CAR_D,Carrier D,tablets_impressao_imagem,none,1,0,0.0,0,none
2018-05-14,WH_SOUTHEAST,Southeast FC,CAR_D,Carrier D,telefonia,none,6,0,0.0,0,none
2018-05-14,WH_SOUTHEAST,Southeast FC,CAR_D,Carrier D,telefonia_fixa,none,2,0,0.0,0,none
2018-05-14,WH_SOUTHEAST,Southeast FC,CAR_D,Carrier D,utilidades_domesticas,none,12,0,0.0,0,none
2018-05-14,WH_SOUTHEAST,Southeast FC,CAR_D,Carrier D,utilidades_domesticas,wrong,1,1,100.0,0,none
2018-05-21,WH_CENTRAL_WEST,Central-West FC,CAR_A,Carrier A,automotivo,none,1,0,0.0,0,none
2018-05-21,WH_CENTRAL_WEST,Central-West FC,CAR_A,Carrier A,brinquedos,none,1,0,0.0,0,none
2018-05-21,WH_CENTRAL_WEST,Central-West FC,CAR_A,Carrier A,cama_mesa_banho,none,2,0,0.0,0,none
2018-05-21,WH_CENTRAL_WEST,Central-West FC,CAR_A,Carrier A,casa_conforto,none,1,0,0.0,0,none
2018-05-21,WH_CENTRAL_WEST,Central-West FC,CAR_A,Carrier A,casa_construcao,none,1,0,0.0,0,none
2018-05-21,WH_CENTRAL_WEST,Central-West FC,CAR_A,Carrier A,construcao_ferramentas_seguranca,none,1,0,0.0,0,none
2018-05-21,WH_CENTRAL_WEST,Central-West FC,CAR_A,Carrier A,esporte_lazer,none,1,0,0.0,0,none
2018-05-21,WH_CENTRAL_WEST,Central-West FC,CAR_A,Carrier A,ferramentas_jardim,none,1,0,0.0,0,none
2018-05-21,WH_CENTRAL_WEST,Central-West FC,CAR_A,Carrier A,moveis_decoracao,none,1,0,0.0,0,none
2018-05-21,WH_CENTRAL_WEST,Central-West FC,CAR_A,Carrier A,telefonia,none,2,0,0.0,0,none
2018-05-21,WH_CENTRAL_WEST,Central-West FC,CAR_B,Carrier B,brinquedos,none,2,0,0.0,0,none
2018-05-21,WH_CENTRAL_WEST,Central-West FC,CAR_B,Carrier B,eletroportateis,none,1,0,0.0,0,none
2018-05-21,WH_CENTRAL_WEST,Central-West FC,CAR_B,Carrier B,esporte_lazer,none,1,0,0.0,0,none
2018-05-21,WH_CENTRAL_WEST,Central-West FC,CAR_B,Carrier B,informatica_acessorios,none,3,0,0.0,0,none
2018-05-21,WH_CENTRAL_WEST,Central-West FC,CAR_B,Carrier B,livros_tecnicos,none,1,0,0.0,0,none
2018-05-21,WH_CENTRAL_WEST,Central-West FC,CAR_B,Carrier B,moveis_decoracao,none,1,0,0.0,0,none
2018-05-21,WH_CENTRAL_WEST,Central-West FC,CAR_B,Carrier B,relogios_presentes,none,1,0,0.0,0,none
2018-05-21,WH_CENTRAL_WEST,Central-West FC,CAR_C,Carrier C,beleza_saude,missing,1,1,100.0,0,none
2018-05-21,WH_CENTRAL_WEST,Central-West FC,CAR_C,Carrier C,brinquedos,wrong,1,1,100.0,0,none
2018-05-21,WH_CENTRAL_WEST,Central-West FC,CAR_C,Carrier C,cama_mesa_banho,none,1,0,0.0,0,none
2018-05-21,WH_CENTRAL_WEST,Central-West FC,CAR_C,Carrier C,eletronicos,none,1,0,0.0,0,none
2018-05-21,WH_CENTRAL_WEST,Central-West FC,CAR_C,Carrier C,informatica_acessorios,none,1,0,0.0,0,none
2018-05-21,WH_CENTRAL_WEST,Central-West FC,CAR_C,Carrier C,livros_tecnicos,none,1,0,0.0,0,none
2018-05-21,WH_CENTRAL_WEST,Central-West FC,CAR_C,Carrier C,papelaria,none,1,0,0.0,0,none
2018-05-21,WH_CENTRAL_WEST,Central-West FC,CAR_C,Carrier C,relogios_presentes,none,1,0,0.0,0,none
2018-05-21,WH_CENTRAL_WEST,Central-West FC,CAR_D,Carrier D,bebes,none,2,0,0.0,0,none
2018-05-21,WH_CENTRAL_WEST,Central-West FC,CAR_D,Carrier D,beleza_saude,failed,1,1,100.0,0,none
2018-05-21,WH_CENTRAL_WEST,Central-West FC,CAR_D,Carrier D,beleza_saude,none,1,0,0.0,0,none
2018-05-21,WH_CENTRAL_WEST,Central-West FC,CAR_D,Carrier D,cool_stuff,none,1,0,0.0,0,none
2018-05-21,WH_CENTRAL_WEST,Central-West FC,CAR_D,Carrier D,esporte_lazer,none,1,0,0.0,0,none
2018-05-21,WH_CENTRAL_WEST,Central-West FC,CAR_D,Carrier D,moveis_decoracao,none,1,0,0.0,0,none
2018-05-21,WH_CENTRAL_WEST,Central-West FC,CAR_D,Carrier D,moveis_escritorio,none,1,0,0.0,0,none
2018-05-21,WH_CENTRAL_WEST,Central-West FC,CAR_D,Carrier D,papelaria,none,1,0,0.0,0,none
2018-05-21,WH_CENTRAL_WEST,Central-West FC,CAR_D,Carrier D,pet_shop,none,2,0,0.0,0,none
2018-05-21,WH_CENTRAL_WEST,Central-West FC,CAR_D,Carrier D,relogios_presentes,none,1,0,0.0,0,none
2018-05-21,WH_NORTH,North FC,CAR_A,Carrier A,beleza_saude,none,1,0,0.0,0,none
2018-05-21,WH_NORTH,North FC,CAR_A,Carrier A,informatica_acessorios,none,1,0,0.0,0,none
2018-05-21,WH_NORTH,North FC,CAR_A,Carrier A,telefonia,none,1,0,0.0,0,none
2018-05-21,WH_NORTH,North FC,CAR_B,Carrier B,moveis_decoracao,none,1,0,0.0,0,none
2018-05-21,WH_NORTH,North FC,CAR_B,Carrier B,utilidades_domesticas,none,1,0,0.0,0,none
2018-05-21,WH_NORTH,North FC,CAR_D,Carrier D,cama_mesa_banho,damaged,1,1,100.0,0,none
2018-05-21,WH_SOUTH,South FC,CAR_A,Carrier A,automotivo,none,3,0,0.0,0,none
2018-05-21,WH_SOUTH,South FC,CAR_A,Carrier A,bebes,none,1,0,0.0,0,none
2018-05-21,WH_SOUTH,South FC,CAR_A,Carrier A,bebidas,none,1,0,0.0,0,none
2018-05-21,WH_SOUTH,South FC,CAR_A,Carrier A,beleza_saude,none,4,0,0.0,0,none
2018-05-21,WH_SOUTH,South FC,CAR_A,Carrier A,cama_mesa_banho,none,5,0,0.0,0,none
2018-05-21,WH_SOUTH,South FC,CAR_A,Carrier A,eletrodomesticos,none,1,0,0.0,0,none
2018-05-21,WH_SOUTH,South FC,CAR_A,Carrier A,eletrodomesticos_2,none,1,0,0.0,0,none
2018-05-21,WH_SOUTH,South FC,CAR_A,Carrier A,eletroportateis,none,2,0,0.0,0,none
2018-05-21,WH_SOUTH,South FC,CAR_A,Carrier A,fashion_underwear_e_moda_praia,none,1,0,0.0,0,none
2018-05-21,WH_SOUTH,South FC,CAR_A,Carrier A,industria_comercio_e_negocios,none,1,0,0.0,0,none
2018-05-21,WH_SOUTH,South FC,CAR_A,Carrier A,informatica_acessorios,none,5,0,0.0,0,none
2018-05-21,WH_SOUTH,South FC,CAR_A,Carrier A,instrumentos_musicais,none,2,0,0.0,0,none
2018-05-21,WH_SOUTH,South FC,CAR_A,Carrier A,livros_interesse_geral,none,1,0,0.0,0,none
2018-05-21,WH_SOUTH,South FC,CAR_A,Carrier A,malas_acessorios,none,1,0,0.0,0,none
2018-05-21,WH_SOUTH,South FC,CAR_A,Carrier A,moveis_decoracao,none,1,0,0.0,0,none
2018-05-21,WH_SOUTH,South FC,CAR_A,Carrier A,papelaria,none,2,0,0.0,0,none
2018-05-21,WH_SOUTH,South FC,CAR_A,Carrier A,relogios_presentes,none,5,0,0.0,0,none
2018-05-21,WH_SOUTH,South FC,CAR_A,Carrier A,telefonia,none,2,0,0.0,0,none
2018-05-21,WH_SOUTH,South FC,CAR_A,Carrier A,unknown,none,1,0,0.0,0,none
2018-05-21,WH_SOUTH,South FC,CAR_A,Carrier A,utilidades_domesticas,none,5,0,0.0,0,none
2018-05-21,WH_SOUTH,South FC,CAR_B,Carrier B,alimentos,none,1,0,0.0,0,none
2018-05-21,WH_SOUTH,South FC,CAR_B,Carrier B,bebes,none,1,0,0.0,0,none
2018-05-21,WH_SOUTH,South FC,CAR_B,Carrier B,bebidas,none,1,0,0.0,0,none
2018-05-21,WH_SOUTH,South FC,CAR_B,Carrier B,beleza_saude,none,1,0,0.0,0,none
2018-05-21,WH_SOUTH,South FC,CAR_B,Carrier B,cama_mesa_banho,none,4,0,0.0,0,none
2018-05-21,WH_SOUTH,South FC,CAR_B,Carrier B,eletronicos,none,2,0,0.0,0,none
2018-05-21,WH_SOUTH,South FC,CAR_B,Carrier B,esporte_lazer,none,2,0,0.0,0,none
2018-05-21,WH_SOUTH,South FC,CAR_B,Carrier B,fashion_bolsas_e_acessorios,none,1,0,0.0,0,none
2018-05-21,WH_SOUTH,South FC,CAR_B,Carrier B,ferramentas_jardim,none,3,0,0.0,0,none
2018-05-21,WH_SOUTH,South FC,CAR_B,Carrier B,informatica_acessorios,none,2,0,0.0,0,none
2018-05-21,WH_SOUTH,South FC,CAR_B,Carrier B,malas_acessorios,none,1,0,0.0,0,none
2018-05-21,WH_SOUTH,South FC,CAR_B,Carrier B,moveis_decoracao,none,2,0,0.0,0,none
2018-05-21,WH_SOUTH,South FC,CAR_B,Carrier B,papelaria,none,2,0,0.0,0,none
2018-05-21,WH_SOUTH,South FC,CAR_B,Carrier B,perfumaria,none,2,0,0.0,0,none
2018-05-21,WH_SOUTH,South FC,CAR_B,Carrier B,perfumaria,wrong,1,1,100.0,0,none
2018-05-21,WH_SOUTH,South FC,CAR_B,Carrier B,pet_shop,none,1,0,0.0,0,none
2018-05-21,WH_SOUTH,South FC,CAR_B,Carrier B,telefonia_fixa,none,1,0,0.0,0,none
2018-05-21,WH_SOUTH,South FC,CAR_B,Carrier B,utilidades_domesticas,none,3,0,0.0,0,none
2018-05-21,WH_SOUTH,South FC,CAR_C,Carrier C,automotivo,none,1,0,0.0,0,none
2018-05-21,WH_SOUTH,South FC,CAR_C,Carrier C,bebes,none,2,0,0.0,0,none
2018-05-21,WH_SOUTH,South FC,CAR_C,Carrier C,beleza_saude,none,1,0,0.0,0,none
2018-05-21,WH_SOUTH,South FC,CAR_C,Carrier C,brinquedos,none,1,0,0.0,0,none
2018-05-21,WH_SOUTH,South FC,CAR_C,Carrier C,cama_mesa_banho,none,2,0,0.0,0,none
2018-05-21,WH_SOUTH,South FC,CAR_C,Carrier C,eletronicos,none,1,0,0.0,0,none
2018-05-21,WH_SOUTH,South FC,CAR_C,Carrier C,esporte_lazer,none,2,0,0.0,0,none
2018-05-21,WH_SOUTH,South FC,CAR_C,Carrier C,ferramentas_jardim,none,1,0,0.0,0,none
2018-05-21,WH_SOUTH,South FC,CAR_C,Carrier C,informatica_acessorios,none,2,0,0.0,0,none
2018-05-21,WH_SOUTH,South FC,CAR_C,Carrier C,malas_acessorios,none,1,0,0.0,0,none
2018-05-21,WH_SOUTH,South FC,CAR_C,Carrier C,moveis_decoracao,none,1,0,0.0,0,none
2018-05-21,WH_SOUTH,South FC,CAR_C,Carrier C,moveis_escritorio,none,1,0,0.0,0,none
2018-05-21,WH_SOUTH,South FC,CAR_C,Carrier C,papelaria,none,1,0,0.0,0,none
2018-05-21,WH_SOUTH,South FC,CAR_C,Carrier C,telefonia,wrong,1,1,100.0,0,none
2018-05-21,WH_SOUTH,South FC,CAR_C,Carrier C,utilidades_domesticas,none,1,0,0.0,0,none
2018-05-21,WH_SOUTH,South FC,CAR_D,Carrier D,alimentos_bebidas,none,1,0,0.0,0,none
2018-05-21,WH_SOUTH,South FC,CAR_D,Carrier D,bebes,none,2,0,0.0,0,none
2018-05-21,WH_SOUTH,South FC,CAR_D,Carrier D,beleza_saude,none,1,0,0.0,0,none
2018-05-21,WH_SOUTH,South FC,CAR_D,Carrier D,brinquedos,none,1,0,0.0,0,none
2018-05-21,WH_SOUTH,South FC,CAR_D,Carrier D,cama_mesa_banho,none,1,0,0.0,0,none
2018-05-21,WH_SOUTH,South FC,CAR_D,Carrier D,eletronicos,none,2,0,0.0,0,none
2018-05-21,WH_SOUTH,South FC,CAR_D,Carrier D,ferramentas_jardim,none,1,0,0.0,0,none
2018-05-21,WH_SOUTH,South FC,CAR_D,Carrier D,informatica_acessorios,none,1,0,0.0,0,none
2018-05-21,WH_SOUTH,South FC,CAR_D,Carrier D,malas_acessorios,none,1,0,0.0,0,none
2018-05-21,WH_SOUTH,South FC,CAR_D,Carrier D,moveis_escritorio,none,1,0,0.0,0,none
2018-05-21,WH_SOUTH,South FC,CAR_D,Carrier D,papelaria,none,1,0,0.0,0,none
2018-05-21,WH_SOUTH,South FC,CAR_D,Carrier D,unknown,none,1,0,0.0,0,none
2018-05-21,WH_SOUTH,South FC,CAR_D,Carrier D,utilidades_domesticas,none,1,0,0.0,0,none
2018-05-21,WH_SOUTHEAST,Southeast FC,CAR_A,Carrier A,alimentos,none,1,0,0.0,0,none
2018-05-21,WH_SOUTHEAST,Southeast FC,CAR_A,Carrier A,alimentos_bebidas,none,1,0,0.0,0,none
2018-05-21,WH_SOUTHEAST,Southeast FC,CAR_A,Carrier A,artes,none,1,0,0.0,0,none
2018-05-21,WH_SOUTHEAST,Southeast FC,CAR_A,Carrier A,artigos_de_festas,none,1,0,0.0,0,none
2018-05-21,WH_SOUTHEAST,Southeast FC,CAR_A,Carrier A,artigos_de_natal,none,1,0,0.0,0,none
2018-05-21,WH_SOUTHEAST,Southeast FC,CAR_A,Carrier A,automotivo,none,10,0,0.0,0,none
2018-05-21,WH_SOUTHEAST,Southeast FC,CAR_A,Carrier A,bebes,none,5,0,0.0,0,none
2018-05-21,WH_SOUTHEAST,Southeast FC,CAR_A,Carrier A,bebidas,none,2,0,0.0,0,none
2018-05-21,WH_SOUTHEAST,Southeast FC,CAR_A,Carrier A,beleza_saude,none,23,0,0.0,0,none
2018-05-21,WH_SOUTHEAST,Southeast FC,CAR_A,Carrier A,brinquedos,none,13,0,0.0,0,none
2018-05-21,WH_SOUTHEAST,Southeast FC,CAR_A,Carrier A,cama_mesa_banho,none,29,0,0.0,0,none
2018-05-21,WH_SOUTHEAST,Southeast FC,CAR_A,Carrier A,casa_conforto,none,2,0,0.0,0,none
2018-05-21,WH_SOUTHEAST,Southeast FC,CAR_A,Carrier A,casa_conforto,wrong,1,1,100.0,0,none
2018-05-21,WH_SOUTHEAST,Southeast FC,CAR_A,Carrier A,casa_construcao,none,2,0,0.0,0,none
2018-05-21,WH_SOUTHEAST,Southeast FC,CAR_A,Carrier A,cine_foto,none,1,0,0.0,0,none
2018-05-21,WH_SOUTHEAST,Southeast FC,CAR_A,Carrier A,climatizacao,none,1,0,0.0,0,none
2018-05-21,WH_SOUTHEAST,Southeast FC,CAR_A,Carrier A,construcao_ferramentas_construcao,none,7,0,0.0,0,none
2018-05-21,WH_SOUTHEAST,Southeast FC,CAR_A,Carrier A,construcao_ferramentas_ferramentas,none,1,0,0.0,0,none
2018-05-21,WH_SOUTHEAST,Southeast FC,CAR_A,Carrier A,construcao_ferramentas_jardim,none,1,0,0.0,0,none
2018-05-21,WH_SOUTHEAST,Southeast FC,CAR_A,Carrier A,construcao_ferramentas_seguranca,none,1,0,0.0,0,none
2018-05-21,WH_SOUTHEAST,Southeast FC,CAR_A,Carrier A,cool_stuff,none,6,0,0.0,0,none
2018-05-21,WH_SOUTHEAST,Southeast FC,CAR_A,Carrier A,eletrodomesticos,none,4,0,0.0,0,none
2018-05-21,WH_SOUTHEAST,Southeast FC,CAR_A,Carrier A,eletronicos,none,9,0,0.0,0,none
2018-05-21,WH_SOUTHEAST,Southeast FC,CAR_A,Carrier A,eletronicos,wrong,1,1,100.0,0,none
2018-05-21,WH_SOUTHEAST,Southeast FC,CAR_A,Carrier A,eletroportateis,none,3,0,0.0,0,none
2018-05-21,WH_SOUTHEAST,Southeast FC,CAR_A,Carrier A,esporte_lazer,missing,2,2,100.0,0,none
2018-05-21,WH_SOUTHEAST,Southeast FC,CAR_A,Carrier A,esporte_lazer,none,12,0,0.0,0,none
2018-05-21,WH_SOUTHEAST,Southeast FC,CAR_A,Carrier A,fashion_bolsas_e_acessorios,none,3,0,0.0,0,none
2018-05-21,WH_SOUTHEAST,Southeast FC,CAR_A,Carrier A,ferramentas_jardim,none,8,0,0.0,0,none
2018-05-21,WH_SOUTHEAST,Southeast FC,CAR_A,Carrier A,informatica_acessorios,missing,1,1,100.0,0,none
2018-05-21,WH_SOUTHEAST,Southeast FC,CAR_A,Carrier A,informatica_acessorios,none,17,0,0.0,0,none
2018-05-21,WH_SOUTHEAST,Southeast FC,CAR_A,Carrier A,livros_importados,none,1,0,0.0,0,none
2018-05-21,WH_SOUTHEAST,Southeast FC,CAR_A,Carrier A,livros_tecnicos,none,1,0,0.0,0,none
2018-05-21,WH_SOUTHEAST,Southeast FC,CAR_A,Carrier A,malas_acessorios,none,2,0,0.0,0,none
2018-05-21,WH_SOUTHEAST,Southeast FC,CAR_A,Carrier A,moveis_decoracao,none,18,0,0.0,0,none
2018-05-21,WH_SOUTHEAST,Southeast FC,CAR_A,Carrier A,moveis_escritorio,none,4,0,0.0,0,none
2018-05-21,WH_SOUTHEAST,Southeast FC,CAR_A,Carrier A,papelaria,none,2,0,0.0,0,none
2018-05-21,WH_SOUTHEAST,Southeast FC,CAR_A,Carrier A,perfumaria,none,6,0,0.0,0,none
2018-05-21,WH_SOUTHEAST,Southeast FC,CAR_A,Carrier A,perfumaria,wrong,1,1,100.0,0,none
2018-05-21,WH_SOUTHEAST,Southeast FC,CAR_A,Carrier A,pet_shop,none,5,0,0.0,0,none
2018-05-21,WH_SOUTHEAST,Southeast FC,CAR_A,Carrier A,portateis_casa_forno_e_cafe,none,1,0,0.0,0,none
2018-05-21,WH_SOUTHEAST,Southeast FC,CAR_A,Carrier A,relogios_presentes,none,12,0,0.0,0,none
2018-05-21,WH_SOUTHEAST,Southeast FC,CAR_A,Carrier A,telefonia,none,11,0,0.0,0,none
2018-05-21,WH_SOUTHEAST,Southeast FC,CAR_A,Carrier A,telefonia_fixa,missing,1,1,100.0,0,none
2018-05-21,WH_SOUTHEAST,Southeast FC,CAR_A,Carrier A,telefonia_fixa,none,1,0,0.0,0,none
2018-05-21,WH_SOUTHEAST,Southeast FC,CAR_A,Carrier A,unknown,none,1,0,0.0,0,none
2018-05-21,WH_SOUTHEAST,Southeast FC,CAR_A,Carrier A,utilidades_domesticas,none,21,0,0.0,0,none
2018-05-21,WH_SOUTHEAST,Southeast FC,CAR_A,Carrier A,utilidades_domesticas,refund,1,1,100.0,0,none
2018-05-21,WH_SOUTHEAST,Southeast FC,CAR_B,Carrier B,alimentos,none,1,0,0.0,0,none
2018-05-21,WH_SOUTHEAST,Southeast FC,CAR_B,Carrier B,alimentos,wrong,1,1,100.0,0,none
2018-05-21,WH_SOUTHEAST,Southeast FC,CAR_B,Carrier B,alimentos_bebidas,none,1,0,0.0,0,none
2018-05-21,WH_SOUTHEAST,Southeast FC,CAR_B,Carrier B,artes,none,2,0,0.0,0,none
2018-05-21,WH_SOUTHEAST,Southeast FC,CAR_B,Carrier B,automotivo,missing,1,1,100.0,0,none
2018-05-21,WH_SOUTHEAST,Southeast FC,CAR_B,Carrier B,automotivo,none,6,0,0.0,0,none
2018-05-21,WH_SOUTHEAST,Southeast FC,CAR_B,Carrier B,automotivo,wrong,1,1,100.0,0,none
2018-05-21,WH_SOUTHEAST,Southeast FC,CAR_B,Carrier B,bebes,none,6,0,0.0,0,none
2018-05-21,WH_SOUTHEAST,Southeast FC,CAR_B,Carrier B,bebidas,none,4,0,0.0,0,none
2018-05-21,WH_SOUTHEAST,Southeast FC,CAR_B,Carrier B,beleza_saude,failed,1,1,100.0,0,none
2018-05-21,WH_SOUTHEAST,Southeast FC,CAR_B,Carrier B,beleza_saude,missing,1,1,100.0,0,none
2018-05-21,WH_SOUTHEAST,Southeast FC,CAR_B,Carrier B,beleza_saude,none,26,0,0.0,0,none
2018-05-21,WH_SOUTHEAST,Southeast FC,CAR_B,Carrier B,beleza_saude,wrong,2,2,100.0,0,none
2018-05-21,WH_SOUTHEAST,Southeast FC,CAR_B,Carrier B,brinquedos,none,8,0,0.0,0,none
2018-05-21,WH_SOUTHEAST,Southeast FC,CAR_B,Carrier B,cama_mesa_banho,none,31,0,0.0,0,none
2018-05-21,WH_SOUTHEAST,Southeast FC,CAR_B,Carrier B,cama_mesa_banho,refund,1,1,100.0,0,none
2018-05-21,WH_SOUTHEAST,Southeast FC,CAR_B,Carrier B,casa_conforto,none,1,0,0.0,0,none
2018-05-21,WH_SOUTHEAST,Southeast FC,CAR_B,Carrier B,casa_construcao,none,6,0,0.0,0,none
2018-05-21,WH_SOUTHEAST,Southeast FC,CAR_B,Carrier B,cine_foto,none,1,0,0.0,0,none
2018-05-21,WH_SOUTHEAST,Southeast FC,CAR_B,Carrier B,construcao_ferramentas_construcao,none,5,0,0.0,0,none
2018-05-21,WH_SOUTHEAST,Southeast FC,CAR_B,Carrier B,construcao_ferramentas_iluminacao,none,1,0,0.0,0,none
2018-05-21,WH_SOUTHEAST,Southeast FC,CAR_B,Carrier B,construcao_ferramentas_jardim,none,1,0,0.0,0,none
2018-05-21,WH_SOUTHEAST,Southeast FC,CAR_B,Carrier B,construcao_ferramentas_seguranca,none,1,0,0.0,0,none
2018-05-21,WH_SOUTHEAST,Southeast FC,CAR_B,Carrier B,cool_stuff,none,2,0,0.0,0,none
2018-05-21,WH_SOUTHEAST,Southeast FC,CAR_B,Carrier B,cool_stuff,wrong,1,1,100.0,0,none
2018-05-21,WH_SOUTHEAST,Southeast FC,CAR_B,Carrier B,dvds_blu_ray,none,1,0,0.0,0,none
2018-05-21,WH_SOUTHEAST,Southeast FC,CAR_B,Carrier B,eletrodomesticos,none,6,0,0.0,0,none
2018-05-21,WH_SOUTHEAST,Southeast FC,CAR_B,Carrier B,eletrodomesticos_2,none,1,0,0.0,0,none
2018-05-21,WH_SOUTHEAST,Southeast FC,CAR_B,Carrier B,eletronicos,none,4,0,0.0,0,none
2018-05-21,WH_SOUTHEAST,Southeast FC,CAR_B,Carrier B,eletroportateis,none,2,0,0.0,0,none
2018-05-21,WH_SOUTHEAST,Southeast FC,CAR_B,Carrier B,esporte_lazer,none,10,0,0.0,0,none
2018-05-21,WH_SOUTHEAST,Southeast FC,CAR_B,Carrier B,fashion_bolsas_e_acessorios,failed,1,1,100.0,0,none
2018-05-21,WH_SOUTHEAST,Southeast FC,CAR_B,Carrier B,fashion_bolsas_e_acessorios,none,3,0,0.0,0,none
2018-05-21,WH_SOUTHEAST,Southeast FC,CAR_B,Carrier B,ferramentas_jardim,none,6,0,0.0,0,none
2018-05-21,WH_SOUTHEAST,Southeast FC,CAR_B,Carrier B,fraldas_higiene,none,1,0,0.0,0,none
2018-05-21,WH_SOUTHEAST,Southeast FC,CAR_B,Carrier B,industria_comercio_e_negocios,none,1,0,0.0,0,none
2018-05-21,WH_SOUTHEAST,Southeast FC,CAR_B,Carrier B,informatica_acessorios,none,16,0,0.0,0,none
2018-05-21,WH_SOUTHEAST,Southeast FC,CAR_B,Carrier B,instrumentos_musicais,none,1,0,0.0,0,none
2018-05-21,WH_SOUTHEAST,Southeast FC,CAR_B,Carrier B,livros_interesse_geral,none,1,0,0.0,0,none
2018-05-21,WH_SOUTHEAST,Southeast FC,CAR_B,Carrier B,livros_tecnicos,none,3,0,0.0,0,none
2018-05-21,WH_SOUTHEAST,Southeast FC,CAR_B,Carrier B,malas_acessorios,none,1,0,0.0,0,none
2018-05-21,WH_SOUTHEAST,Southeast FC,CAR_B,Carrier B,market_place,none,1,0,0.0,0,none
2018-05-21,WH_SOUTHEAST,Southeast FC,CAR_B,Carrier B,moveis_cozinha_area_de_servico_jantar_e_jardim,none,2,0,0.0,0,none
2018-05-21,WH_SOUTHEAST,Southeast FC,CAR_B,Carrier B,moveis_decoracao,none,13,0,0.0,0,none
2018-05-21,WH_SOUTHEAST,Southeast FC,CAR_B,Carrier B,moveis_escritorio,none,4,0,0.0,0,none
2018-05-21,WH_SOUTHEAST,Southeast FC,CAR_B,Carrier B,papelaria,none,3,0,0.0,0,none
2018-05-21,WH_SOUTHEAST,Southeast FC,CAR_B,Carrier B,pcs,none,2,0,0.0,0,none
2018-05-21,WH_SOUTHEAST,Southeast FC,CAR_B,Carrier B,perfumaria,none,4,0,0.0,0,none
2018-05-21,WH_SOUTHEAST,Southeast FC,CAR_B,Carrier B,pet_shop,none,8,0,0.0,0,none
2018-05-21,WH_SOUTHEAST,Southeast FC,CAR_B,Carrier B,portateis_casa_forno_e_cafe,none,1,0,0.0,0,none
2018-05-21,WH_SOUTHEAST,Southeast FC,CAR_B,Carrier B,relogios_presentes,failed,1,1,100.0,0,none
2018-05-21,WH_SOUTHEAST,Southeast FC,CAR_B,Carrier B,relogios_presentes,none,11,0,0.0,0,none
2018-05-21,WH_SOUTHEAST,Southeast FC,CAR_B,Carrier B,telefonia,none,4,0,0.0,0,none
2018-05-21,WH_SOUTHEAST,Southeast FC,CAR_B,Carrier B,telefonia_fixa,none,2,0,0.0,0,none
2018-05-21,WH_SOUTHEAST,Southeast FC,CAR_B,Carrier B,unknown,none,1,0,0.0,0,none
2018-05-21,WH_SOUTHEAST,Southeast FC,CAR_B,Carrier B,utilidades_domesticas,damaged,1,1,100.0,0,none
2018-05-21,WH_SOUTHEAST,Southeast FC,CAR_B,Carrier B,utilidades_domesticas,none,19,0,0.0,0,none
2018-05-21,WH_SOUTHEAST,Southeast FC,CAR_B,Carrier B,utilidades_domesticas,wrong,1,1,100.0,0,none
2018-05-21,WH_SOUTHEAST,Southeast FC,CAR_C,Carrier C,automotivo,none,7,0,0.0,0,none
2018-05-21,WH_SOUTHEAST,Southeast FC,CAR_C,Carrier C,bebes,none,3,0,0.0,0,none
2018-05-21,WH_SOUTHEAST,Southeast FC,CAR_C,Carrier C,beleza_saude,damaged,1,1,100.0,0,none
2018-05-21,WH_SOUTHEAST,Southeast FC,CAR_C,Carrier C,beleza_saude,missing,1,1,100.0,0,none
2018-05-21,WH_SOUTHEAST,Southeast FC,CAR_C,Carrier C,beleza_saude,none,12,0,0.0,0,none
2018-05-21,WH_SOUTHEAST,Southeast FC,CAR_C,Carrier C,beleza_saude,refund,2,2,100.0,0,none
2018-05-21,WH_SOUTHEAST,Southeast FC,CAR_C,Carrier C,brinquedos,none,3,0,0.0,0,none
2018-05-21,WH_SOUTHEAST,Southeast FC,CAR_C,Carrier C,cama_mesa_banho,damaged,2,2,100.0,0,none
2018-05-21,WH_SOUTHEAST,Southeast FC,CAR_C,Carrier C,cama_mesa_banho,none,14,0,0.0,0,none
2018-05-21,WH_SOUTHEAST,Southeast FC,CAR_C,Carrier C,cama_mesa_banho,refund,3,3,100.0,0,none
2018-05-21,WH_SOUTHEAST,Southeast FC,CAR_C,Carrier C,cama_mesa_banho,wrong,2,2,100.0,0,none
2018-05-21,WH_SOUTHEAST,Southeast FC,CAR_C,Carrier C,casa_conforto,none,1,0,0.0,0,none
2018-05-21,WH_SOUTHEAST,Southeast FC,CAR_C,Carrier C,casa_construcao,none,3,0,0.0,0,none
2018-05-21,WH_SOUTHEAST,Southeast FC,CAR_C,Carrier C,consoles_games,none,1,0,0.0,0,none
2018-05-21,WH_SOUTHEAST,Southeast FC,CAR_C,Carrier C,construcao_ferramentas_construcao,failed,1,1,100.0,0,none
2018-05-21,WH_SOUTHEAST,Southeast FC,CAR_C,Carrier C,construcao_ferramentas_construcao,missing,1,1,100.0,0,none
2018-05-21,WH_SOUTHEAST,Southeast FC,CAR_C,Carrier C,construcao_ferramentas_construcao,refund,1,1,100.0,0,none
2018-05-21,WH_SOUTHEAST,Southeast FC,CAR_C,Carrier C,construcao_ferramentas_iluminacao,none,3,0,0.0,0,none
2018-05-21,WH_SOUTHEAST,Southeast FC,CAR_C,Carrier C,construcao_ferramentas_seguranca,none,2,0,0.0,0,none
2018-05-21,WH_SOUTHEAST,Southeast FC,CAR_C,Carrier C,cool_stuff,none,4,0,0.0,0,none
2018-05-21,WH_SOUTHEAST,Southeast FC,CAR_C,Carrier C,eletrodomesticos_2,none,1,0,0.0,0,none
2018-05-21,WH_SOUTHEAST,Southeast FC,CAR_C,Carrier C,eletronicos,none,4,0,0.0,0,none
2018-05-21,WH_SOUTHEAST,Southeast FC,CAR_C,Carrier C,eletronicos,refund,1,1,100.0,0,none
2018-05-21,WH_SOUTHEAST,Southeast FC,CAR_C,Carrier C,esporte_lazer,none,9,0,0.0,0,none
2018-05-21,WH_SOUTHEAST,Southeast FC,CAR_C,Carrier C,fashion_bolsas_e_acessorios,none,1,0,0.0,0,none
2018-05-21,WH_SOUTHEAST,Southeast FC,CAR_C,Carrier C,ferramentas_jardim,none,5,0,0.0,0,none
2018-05-21,WH_SOUTHEAST,Southeast FC,CAR_C,Carrier C,ferramentas_jardim,wrong,2,2,100.0,0,none
2018-05-21,WH_SOUTHEAST,Southeast FC,CAR_C,Carrier C,industria_comercio_e_negocios,wrong,1,1,100.0,0,none
2018-05-21,WH_SOUTHEAST,Southeast FC,CAR_C,Carrier C,informatica_acessorios,none,8,0,0.0,0,none
2018-05-21,WH_SOUTHEAST,Southeast FC,CAR_C,Carrier C,informatica_acessorios,refund,1,1,100.0,0,none
2018-05-21,WH_SOUTHEAST,Southeast FC,CAR_C,Carrier C,instrumentos_musicais,none,3,0,0.0,0,none
2018-05-21,WH_SOUTHEAST,Southeast FC,CAR_C,Carrier C,livros_importados,none,2,0,0.0,0,none
2018-05-21,WH_SOUTHEAST,Southeast FC,CAR_C,Carrier C,livros_tecnicos,none,3,0,0.0,0,none
2018-05-21,WH_SOUTHEAST,Southeast FC,CAR_C,Carrier C,malas_acessorios,none,1,0,0.0,0,none
2018-05-21,WH_SOUTHEAST,Southeast FC,CAR_C,Carrier C,moveis_cozinha_area_de_servico_jantar_e_jardim,none,1,0,0.0,0,none
2018-05-21,WH_SOUTHEAST,Southeast FC,CAR_C,Carrier C,moveis_decoracao,failed,1,1,100.0,0,none
2018-05-21,WH_SOUTHEAST,Southeast FC,CAR_C,Carrier C,moveis_decoracao,none,16,0,0.0,0,none
2018-05-21,WH_SOUTHEAST,Southeast FC,CAR_C,Carrier C,moveis_escritorio,none,4,0,0.0,0,none
2018-05-21,WH_SOUTHEAST,Southeast FC,CAR_C,Carrier C,papelaria,damaged,1,1,100.0,0,none
2018-05-21,WH_SOUTHEAST,Southeast FC,CAR_C,Carrier C,papelaria,none,5,0,0.0,0,none
2018-05-21,WH_SOUTHEAST,Southeast FC,CAR_C,Carrier C,perfumaria,none,5,0,0.0,0,none
2018-05-21,WH_SOUTHEAST,Southeast FC,CAR_C,Carrier C,pet_shop,none,4,0,0.0,0,none
2018-05-21,WH_SOUTHEAST,Southeast FC,CAR_C,Carrier C,relogios_presentes,none,12,0,0.0,0,none
2018-05-21,WH_SOUTHEAST,Southeast FC,CAR_C,Carrier C,relogios_presentes,wrong,1,1,100.0,0,none
2018-05-21,WH_SOUTHEAST,Southeast FC,CAR_C,Carrier C,telefonia,none,7,0,0.0,0,none
2018-05-21,WH_SOUTHEAST,Southeast FC,CAR_C,Carrier C,utilidades_domesticas,failed,1,1,100.0,0,none
2018-05-21,WH_SOUTHEAST,Southeast FC,CAR_C,Carrier C,utilidades_domesticas,none,16,0,0.0,0,none
2018-05-21,WH_SOUTHEAST,Southeast FC,CAR_D,Carrier D,audio,failed,1,1,100.0,0,none
2018-05-21,WH_SOUTHEAST,Southeast FC,CAR_D,Carrier D,automotivo,damaged,1,1,100.0,0,none
2018-05-21,WH_SOUTHEAST,Southeast FC,CAR_D,Carrier D,automotivo,none,5,0,0.0,0,none
2018-05-21,WH_SOUTHEAST,Southeast FC,CAR_D,Carrier D,bebes,none,2,0,0.0,0,none
2018-05-21,WH_SOUTHEAST,Southeast FC,CAR_D,Carrier D,bebidas,none,1,0,0.0,0,none
2018-05-21,WH_SOUTHEAST,Southeast FC,CAR_D,Carrier D,beleza_saude,none,7,0,0.0,0,none
2018-05-21,WH_SOUTHEAST,Southeast FC,CAR_D,Carrier D,brinquedos,none,4,0,0.0,0,none
2018-05-21,WH_SOUTHEAST,Southeast FC,CAR_D,Carrier D,cama_mesa_banho,missing,1,1,100.0,0,none
2018-05-21,WH_SOUTHEAST,Southeast FC,CAR_D,Carrier D,cama_mesa_banho,none,13,0,0.0,0,none
2018-05-21,WH_SOUTHEAST,Southeast FC,CAR_D,Carrier D,casa_construcao,none,1,0,0.0,0,none
2018-05-21,WH_SOUTHEAST,Southeast FC,CAR_D,Carrier D,consoles_games,none,1,0,0.0,0,none
2018-05-21,WH_SOUTHEAST,Southeast FC,CAR_D,Carrier D,construcao_ferramentas_construcao,missing,1,1,100.0,0,none
2018-05-21,WH_SOUTHEAST,Southeast FC,CAR_D,Carrier D,construcao_ferramentas_construcao,none,1,0,0.0,0,none
2018-05-21,WH_SOUTHEAST,Southeast FC,CAR_D,Carrier D,construcao_ferramentas_seguranca,none,1,0,0.0,0,none
2018-05-21,WH_SOUTHEAST,Southeast FC,CAR_D,Carrier D,cool_stuff,none,1,0,0.0,0,none
2018-05-21,WH_SOUTHEAST,Southeast FC,CAR_D,Carrier D,eletrodomesticos,none,2,0,0.0,0,none
2018-05-21,WH_SOUTHEAST,Southeast FC,CAR_D,Carrier D,eletronicos,none,1,0,0.0,0,none
2018-05-21,WH_SOUTHEAST,Southeast FC,CAR_D,Carrier D,esporte_lazer,none,9,0,0.0,0,none
2018-05-21,WH_SOUTHEAST,Southeast FC,CAR_D,Carrier D,esporte_lazer,refund,1,1,100.0,0,none
2018-05-21,WH_SOUTHEAST,Southeast FC,CAR_D,Carrier D,fashion_bolsas_e_acessorios,none,2,0,0.0,0,none
2018-05-21,WH_SOUTHEAST,Southeast FC,CAR_D,Carrier D,ferramentas_jardim,failed,1,1,100.0,0,none
2018-05-21,WH_SOUTHEAST,Southeast FC,CAR_D,Carrier D,informatica_acessorios,none,6,0,0.0,0,none
2018-05-21,WH_SOUTHEAST,Southeast FC,CAR_D,Carrier D,livros_tecnicos,none,1,0,0.0,0,none
2018-05-21,WH_SOUTHEAST,Southeast FC,CAR_D,Carrier D,moveis_decoracao,none,7,0,0.0,0,none
2018-05-21,WH_SOUTHEAST,Southeast FC,CAR_D,Carrier D,moveis_escritorio,none,3,0,0.0,0,none
2018-05-21,WH_SOUTHEAST,Southeast FC,CAR_D,Carrier D,papelaria,none,2,0,0.0,0,none
2018-05-21,WH_SOUTHEAST,Southeast FC,CAR_D,Carrier D,perfumaria,none,4,0,0.0,0,none
2018-05-21,WH_SOUTHEAST,Southeast FC,CAR_D,Carrier D,pet_shop,missing,1,1,100.0,0,none
2018-05-21,WH_SOUTHEAST,Southeast FC,CAR_D,Carrier D,relogios_presentes,none,3,0,0.0,0,none
2018-05-21,WH_SOUTHEAST,Southeast FC,CAR_D,Carrier D,telefonia,none,5,0,0.0,0,none
2018-05-21,WH_SOUTHEAST,Southeast FC,CAR_D,Carrier D,utilidades_domesticas,none,4,0,0.0,0,none
2018-05-28,WH_CENTRAL_WEST,Central-West FC,CAR_A,Carrier A,audio,none,1,0,0.0,0,none
2018-05-28,WH_CENTRAL_WEST,Central-West FC,CAR_A,Carrier A,beleza_saude,none,2,0,0.0,0,none
2018-05-28,WH_CENTRAL_WEST,Central-West FC,CAR_A,Carrier A,cama_mesa_banho,none,1,0,0.0,0,none
2018-05-28,WH_CENTRAL_WEST,Central-West FC,CAR_A,Carrier A,cool_stuff,none,1,0,0.0,0,none
2018-05-28,WH_CENTRAL_WEST,Central-West FC,CAR_A,Carrier A,eletronicos,none,1,0,0.0,0,none
2018-05-28,WH_CENTRAL_WEST,Central-West FC,CAR_A,Carrier A,esporte_lazer,none,3,0,0.0,0,none
2018-05-28,WH_CENTRAL_WEST,Central-West FC,CAR_A,Carrier A,fashion_bolsas_e_acessorios,none,2,0,0.0,0,none
2018-05-28,WH_CENTRAL_WEST,Central-West FC,CAR_A,Carrier A,fashion_calcados,none,2,0,0.0,0,none
2018-05-28,WH_CENTRAL_WEST,Central-West FC,CAR_A,Carrier A,informatica_acessorios,none,1,0,0.0,0,none
2018-05-28,WH_CENTRAL_WEST,Central-West FC,CAR_A,Carrier A,moveis_decoracao,none,2,0,0.0,0,none
2018-05-28,WH_CENTRAL_WEST,Central-West FC,CAR_A,Carrier A,relogios_presentes,none,2,0,0.0,0,none
2018-05-28,WH_CENTRAL_WEST,Central-West FC,CAR_A,Carrier A,utilidades_domesticas,none,1,0,0.0,0,none
2018-05-28,WH_CENTRAL_WEST,Central-West FC,CAR_B,Carrier B,automotivo,none,1,0,0.0,0,none
2018-05-28,WH_CENTRAL_WEST,Central-West FC,CAR_B,Carrier B,bebes,none,1,0,0.0,0,none
2018-05-28,WH_CENTRAL_WEST,Central-West FC,CAR_B,Carrier B,beleza_saude,none,3,0,0.0,0,none
2018-05-28,WH_CENTRAL_WEST,Central-West FC,CAR_B,Carrier B,cama_mesa_banho,none,1,0,0.0,0,none
2018-05-28,WH_CENTRAL_WEST,Central-West FC,CAR_B,Carrier B,casa_construcao,none,1,0,0.0,0,none
2018-05-28,WH_CENTRAL_WEST,Central-West FC,CAR_B,Carrier B,consoles_games,none,1,0,0.0,0,none
2018-05-28,WH_CENTRAL_WEST,Central-West FC,CAR_B,Carrier B,esporte_lazer,none,1,0,0.0,0,none
2018-05-28,WH_CENTRAL_WEST,Central-West FC,CAR_B,Carrier B,informatica_acessorios,none,1,0,0.0,0,none
2018-05-28,WH_CENTRAL_WEST,Central-West FC,CAR_B,Carrier B,instrumentos_musicais,none,1,0,0.0,0,none
2018-05-28,WH_CENTRAL_WEST,Central-West FC,CAR_B,Carrier B,relogios_presentes,none,1,0,0.0,0,none
2018-05-28,WH_CENTRAL_WEST,Central-West FC,CAR_B,Carrier B,telefonia,none,1,0,0.0,0,none
2018-05-28,WH_CENTRAL_WEST,Central-West FC,CAR_C,Carrier C,automotivo,none,1,0,0.0,0,none
2018-05-28,WH_CENTRAL_WEST,Central-West FC,CAR_C,Carrier C,beleza_saude,none,1,0,0.0,0,none
2018-05-28,WH_CENTRAL_WEST,Central-West FC,CAR_C,Carrier C,brinquedos,none,1,0,0.0,0,none
2018-05-28,WH_CENTRAL_WEST,Central-West FC,CAR_C,Carrier C,cama_mesa_banho,none,1,0,0.0,0,none
2018-05-28,WH_CENTRAL_WEST,Central-West FC,CAR_C,Carrier C,esporte_lazer,none,1,0,0.0,0,none
2018-05-28,WH_CENTRAL_WEST,Central-West FC,CAR_C,Carrier C,industria_comercio_e_negocios,none,1,0,0.0,0,none
2018-05-28,WH_CENTRAL_WEST,Central-West FC,CAR_C,Carrier C,moveis_decoracao,none,1,0,0.0,0,none
2018-05-28,WH_CENTRAL_WEST,Central-West FC,CAR_C,Carrier C,moveis_escritorio,none,1,0,0.0,0,none
2018-05-28,WH_CENTRAL_WEST,Central-West FC,CAR_C,Carrier C,relogios_presentes,none,1,0,0.0,0,none
2018-05-28,WH_CENTRAL_WEST,Central-West FC,CAR_C,Carrier C,sinalizacao_e_seguranca,none,1,0,0.0,0,none
2018-05-28,WH_CENTRAL_WEST,Central-West FC,CAR_D,Carrier D,artigos_de_festas,none,1,0,0.0,0,none
2018-05-28,WH_CENTRAL_WEST,Central-West FC,CAR_D,Carrier D,automotivo,none,2,0,0.0,0,none
2018-05-28,WH_CENTRAL_WEST,Central-West FC,CAR_D,Carrier D,cama_mesa_banho,none,1,0,0.0,0,none
2018-05-28,WH_CENTRAL_WEST,Central-West FC,CAR_D,Carrier D,casa_construcao,none,1,0,0.0,0,none
2018-05-28,WH_CENTRAL_WEST,Central-West FC,CAR_D,Carrier D,eletrodomesticos,none,1,0,0.0,0,none
2018-05-28,WH_CENTRAL_WEST,Central-West FC,CAR_D,Carrier D,eletronicos,wrong,1,1,100.0,0,none
2018-05-28,WH_CENTRAL_WEST,Central-West FC,CAR_D,Carrier D,esporte_lazer,none,1,0,0.0,0,none
2018-05-28,WH_CENTRAL_WEST,Central-West FC,CAR_D,Carrier D,instrumentos_musicais,failed,1,1,100.0,0,none
2018-05-28,WH_CENTRAL_WEST,Central-West FC,CAR_D,Carrier D,moveis_decoracao,missing,1,1,100.0,0,none
2018-05-28,WH_CENTRAL_WEST,Central-West FC,CAR_D,Carrier D,relogios_presentes,none,2,0,0.0,0,none
2018-05-28,WH_CENTRAL_WEST,Central-West FC,CAR_D,Carrier D,relogios_presentes,wrong,1,1,100.0,0,none
2018-05-28,WH_CENTRAL_WEST,Central-West FC,CAR_D,Carrier D,telefonia,none,1,0,0.0,0,none
2018-05-28,WH_CENTRAL_WEST,Central-West FC,CAR_D,Carrier D,utilidades_domesticas,none,3,0,0.0,0,none
2018-05-28,WH_NORTH,North FC,CAR_A,Carrier A,consoles_games,none,1,0,0.0,0,none
2018-05-28,WH_NORTH,North FC,CAR_A,Carrier A,cool_stuff,none,1,0,0.0,0,none
2018-05-28,WH_NORTH,North FC,CAR_A,Carrier A,eletrodomesticos,none,1,0,0.0,0,none
2018-05-28,WH_NORTH,North FC,CAR_A,Carrier A,livros_tecnicos,none,1,0,0.0,0,none
2018-05-28,WH_NORTH,North FC,CAR_B,Carrier B,beleza_saude,refund,1,1,100.0,0,none
2018-05-28,WH_NORTH,North FC,CAR_B,Carrier B,instrumentos_musicais,none,1,0,0.0,0,none
2018-05-28,WH_NORTH,North FC,CAR_B,Carrier B,relogios_presentes,none,1,0,0.0,0,none
2018-05-28,WH_NORTH,North FC,CAR_C,Carrier C,bebes,none,1,0,0.0,0,none
2018-05-28,WH_NORTH,North FC,CAR_C,Carrier C,cool_stuff,none,1,0,0.0,0,none
2018-05-28,WH_NORTH,North FC,CAR_C,Carrier C,eletronicos,none,1,0,0.0,0,none
2018-05-28,WH_NORTH,North FC,CAR_C,Carrier C,esporte_lazer,none,2,0,0.0,0,none
2018-05-28,WH_NORTH,North FC,CAR_C,Carrier C,telefonia,none,2,0,0.0,0,none
2018-05-28,WH_NORTH,North FC,CAR_C,Carrier C,utilidades_domesticas,none,1,0,0.0,0,none
2018-05-28,WH_NORTH,North FC,CAR_D,Carrier D,construcao_ferramentas_construcao,none,1,0,0.0,0,none
2018-05-28,WH_NORTH,North FC,CAR_D,Carrier D,construcao_ferramentas_jardim,none,1,0,0.0,0,none
2018-05-28,WH_NORTH,North FC,CAR_D,Carrier D,esporte_lazer,none,1,0,0.0,0,none
2018-05-28,WH_NORTH,North FC,CAR_D,Carrier D,telefonia,none,1,0,0.0,0,none
2018-05-28,WH_SOUTH,South FC,CAR_A,Carrier A,bebes,none,1,0,0.0,0,none
2018-05-28,WH_SOUTH,South FC,CAR_A,Carrier A,beleza_saude,none,4,0,0.0,0,none
2018-05-28,WH_SOUTH,South FC,CAR_A,Carrier A,cama_mesa_banho,none,3,0,0.0,0,none
2018-05-28,WH_SOUTH,South FC,CAR_A,Carrier A,construcao_ferramentas_construcao,none,3,0,0.0,0,none
2018-05-28,WH_SOUTH,South FC,CAR_A,Carrier A,eletrodomesticos,none,1,0,0.0,0,none
2018-05-28,WH_SOUTH,South FC,CAR_A,Carrier A,eletronicos,none,2,0,0.0,0,none
2018-05-28,WH_SOUTH,South FC,CAR_A,Carrier A,eletroportateis,none,1,0,0.0,0,none
2018-05-28,WH_SOUTH,South FC,CAR_A,Carrier A,esporte_lazer,none,3,0,0.0,0,none
2018-05-28,WH_SOUTH,South FC,CAR_A,Carrier A,fashion_bolsas_e_acessorios,none,1,0,0.0,0,none
2018-05-28,WH_SOUTH,South FC,CAR_A,Carrier A,fashion_roupa_masculina,none,1,0,0.0,0,none
2018-05-28,WH_SOUTH,South FC,CAR_A,Carrier A,industria_comercio_e_negocios,none,1,0,0.0,0,none
2018-05-28,WH_SOUTH,South FC,CAR_A,Carrier A,instrumentos_musicais,none,1,0,0.0,0,none
2018-05-28,WH_SOUTH,South FC,CAR_A,Carrier A,moveis_decoracao,none,1,0,0.0,0,none
2018-05-28,WH_SOUTH,South FC,CAR_A,Carrier A,relogios_presentes,none,1,0,0.0,0,none
2018-05-28,WH_SOUTH,South FC,CAR_A,Carrier A,telefonia,none,1,0,0.0,0,none
2018-05-28,WH_SOUTH,South FC,CAR_A,Carrier A,utilidades_domesticas,none,2,0,0.0,0,none
2018-05-28,WH_SOUTH,South FC,CAR_B,Carrier B,automotivo,none,1,0,0.0,0,none
2018-05-28,WH_SOUTH,South FC,CAR_B,Carrier B,bebes,none,1,0,0.0,0,none
2018-05-28,WH_SOUTH,South FC,CAR_B,Carrier B,beleza_saude,none,3,0,0.0,0,none
2018-05-28,WH_SOUTH,South FC,CAR_B,Carrier B,brinquedos,none,2,0,0.0,0,none
2018-05-28,WH_SOUTH,South FC,CAR_B,Carrier B,cama_mesa_banho,none,5,0,0.0,0,none
2018-05-28,WH_SOUTH,South FC,CAR_B,Carrier B,casa_construcao,none,2,0,0.0,0,none
2018-05-28,WH_SOUTH,South FC,CAR_B,Carrier B,eletronicos,none,1,0,0.0,0,none
2018-05-28,WH_SOUTH,South FC,CAR_B,Carrier B,esporte_lazer,none,4,0,0.0,0,none
2018-05-28,WH_SOUTH,South FC,CAR_B,Carrier B,ferramentas_jardim,none,1,0,0.0,0,none
2018-05-28,WH_SOUTH,South FC,CAR_B,Carrier B,informatica_acessorios,none,2,0,0.0,0,none
2018-05-28,WH_SOUTH,South FC,CAR_B,Carrier B,malas_acessorios,none,1,0,0.0,0,none
2018-05-28,WH_SOUTH,South FC,CAR_B,Carrier B,market_place,none,1,0,0.0,0,none
2018-05-28,WH_SOUTH,South FC,CAR_B,Carrier B,moveis_decoracao,none,4,0,0.0,0,none
2018-05-28,WH_SOUTH,South FC,CAR_B,Carrier B,moveis_escritorio,none,1,0,0.0,0,none
2018-05-28,WH_SOUTH,South FC,CAR_B,Carrier B,papelaria,none,2,0,0.0,0,none
2018-05-28,WH_SOUTH,South FC,CAR_B,Carrier B,perfumaria,none,2,0,0.0,0,none
2018-05-28,WH_SOUTH,South FC,CAR_B,Carrier B,relogios_presentes,none,1,0,0.0,0,none
2018-05-28,WH_SOUTH,South FC,CAR_B,Carrier B,telefonia,none,2,0,0.0,0,none
2018-05-28,WH_SOUTH,South FC,CAR_B,Carrier B,utilidades_domesticas,none,4,0,0.0,0,none
2018-05-28,WH_SOUTH,South FC,CAR_C,Carrier C,automotivo,none,2,0,0.0,0,none
2018-05-28,WH_SOUTH,South FC,CAR_C,Carrier C,bebes,none,1,0,0.0,0,none
2018-05-28,WH_SOUTH,South FC,CAR_C,Carrier C,beleza_saude,none,2,0,0.0,0,none
2018-05-28,WH_SOUTH,South FC,CAR_C,Carrier C,brinquedos,none,3,0,0.0,0,none
2018-05-28,WH_SOUTH,South FC,CAR_C,Carrier C,cama_mesa_banho,none,2,0,0.0,0,none
2018-05-28,WH_SOUTH,South FC,CAR_C,Carrier C,cama_mesa_banho,refund,2,2,100.0,0,none
2018-05-28,WH_SOUTH,South FC,CAR_C,Carrier C,casa_construcao,none,2,0,0.0,0,none
2018-05-28,WH_SOUTH,South FC,CAR_C,Carrier C,construcao_ferramentas_ferramentas,none,1,0,0.0,0,none
2018-05-28,WH_SOUTH,South FC,CAR_C,Carrier C,construcao_ferramentas_seguranca,none,1,0,0.0,0,none
2018-05-28,WH_SOUTH,South FC,CAR_C,Carrier C,cool_stuff,none,1,0,0.0,0,none
2018-05-28,WH_SOUTH,South FC,CAR_C,Carrier C,eletronicos,none,1,0,0.0,0,none
2018-05-28,WH_SOUTH,South FC,CAR_C,Carrier C,esporte_lazer,none,3,0,0.0,0,none
2018-05-28,WH_SOUTH,South FC,CAR_C,Carrier C,ferramentas_jardim,none,1,0,0.0,0,none
2018-05-28,WH_SOUTH,South FC,CAR_C,Carrier C,informatica_acessorios,none,2,0,0.0,0,none
2018-05-28,WH_SOUTH,South FC,CAR_C,Carrier C,instrumentos_musicais,none,1,0,0.0,0,none
2018-05-28,WH_SOUTH,South FC,CAR_C,Carrier C,livros_interesse_geral,none,1,0,0.0,0,none
2018-05-28,WH_SOUTH,South FC,CAR_C,Carrier C,moveis_decoracao,none,1,0,0.0,0,none
2018-05-28,WH_SOUTH,South FC,CAR_C,Carrier C,papelaria,none,1,0,0.0,0,none
2018-05-28,WH_SOUTH,South FC,CAR_C,Carrier C,relogios_presentes,none,1,0,0.0,0,none
2018-05-28,WH_SOUTH,South FC,CAR_C,Carrier C,telefonia,none,2,0,0.0,0,none
2018-05-28,WH_SOUTH,South FC,CAR_C,Carrier C,utilidades_domesticas,none,3,0,0.0,0,none
2018-05-28,WH_SOUTH,South FC,CAR_D,Carrier D,automotivo,none,3,0,0.0,0,none
2018-05-28,WH_SOUTH,South FC,CAR_D,Carrier D,bebes,none,1,0,0.0,0,none
2018-05-28,WH_SOUTH,South FC,CAR_D,Carrier D,beleza_saude,none,1,0,0.0,0,none
2018-05-28,WH_SOUTH,South FC,CAR_D,Carrier D,consoles_games,failed,1,1,100.0,0,none
2018-05-28,WH_SOUTH,South FC,CAR_D,Carrier D,eletronicos,none,1,0,0.0,0,none
2018-05-28,WH_SOUTH,South FC,CAR_D,Carrier D,esporte_lazer,none,5,0,0.0,0,none
2018-05-28,WH_SOUTH,South FC,CAR_D,Carrier D,informatica_acessorios,none,1,0,0.0,0,none
2018-05-28,WH_SOUTH,South FC,CAR_D,Carrier D,moveis_decoracao,failed,1,1,100.0,0,none
2018-05-28,WH_SOUTH,South FC,CAR_D,Carrier D,moveis_decoracao,none,2,0,0.0,0,none
2018-05-28,WH_SOUTH,South FC,CAR_D,Carrier D,moveis_escritorio,none,1,0,0.0,0,none
2018-05-28,WH_SOUTH,South FC,CAR_D,Carrier D,moveis_sala,none,1,0,0.0,0,none
2018-05-28,WH_SOUTH,South FC,CAR_D,Carrier D,pet_shop,none,1,0,0.0,0,none
2018-05-28,WH_SOUTH,South FC,CAR_D,Carrier D,relogios_presentes,none,1,0,0.0,0,none
2018-05-28,WH_SOUTH,South FC,CAR_D,Carrier D,telefonia,none,2,0,0.0,0,none
2018-05-28,WH_SOUTH,South FC,CAR_D,Carrier D,utilidades_domesticas,none,1,0,0.0,0,none
2018-05-28,WH_SOUTHEAST,Southeast FC,CAR_A,Carrier A,agro_industria_e_comercio,none,1,0,0.0,0,none
2018-05-28,WH_SOUTHEAST,Southeast FC,CAR_A,Carrier A,artes,none,1,0,0.0,0,none
2018-05-28,WH_SOUTHEAST,Southeast FC,CAR_A,Carrier A,audio,none,1,0,0.0,0,none
2018-05-28,WH_SOUTHEAST,Southeast FC,CAR_A,Carrier A,automotivo,none,5,0,0.0,0,none
2018-05-28,WH_SOUTHEAST,Southeast FC,CAR_A,Carrier A,bebes,none,10,0,0.0,0,none
2018-05-28,WH_SOUTHEAST,Southeast FC,CAR_A,Carrier A,beleza_saude,none,31,0,0.0,0,none
2018-05-28,WH_SOUTHEAST,Southeast FC,CAR_A,Carrier A,brinquedos,none,11,0,0.0,0,none
2018-05-28,WH_SOUTHEAST,Southeast FC,CAR_A,Carrier A,cama_mesa_banho,none,27,0,0.0,0,none
2018-05-28,WH_SOUTHEAST,Southeast FC,CAR_A,Carrier A,casa_construcao,none,4,0,0.0,0,none
2018-05-28,WH_SOUTHEAST,Southeast FC,CAR_A,Carrier A,consoles_games,none,2,0,0.0,0,none
2018-05-28,WH_SOUTHEAST,Southeast FC,CAR_A,Carrier A,construcao_ferramentas_construcao,none,3,0,0.0,0,none
2018-05-28,WH_SOUTHEAST,Southeast FC,CAR_A,Carrier A,construcao_ferramentas_iluminacao,none,3,0,0.0,0,none
2018-05-28,WH_SOUTHEAST,Southeast FC,CAR_A,Carrier A,construcao_ferramentas_jardim,none,1,0,0.0,0,none
2018-05-28,WH_SOUTHEAST,Southeast FC,CAR_A,Carrier A,cool_stuff,none,3,0,0.0,0,none
2018-05-28,WH_SOUTHEAST,Southeast FC,CAR_A,Carrier A,eletrodomesticos,none,5,0,0.0,0,none
2018-05-28,WH_SOUTHEAST,Southeast FC,CAR_A,Carrier A,eletrodomesticos_2,none,1,0,0.0,0,none
2018-05-28,WH_SOUTHEAST,Southeast FC,CAR_A,Carrier A,eletronicos,none,5,0,0.0,0,none
2018-05-28,WH_SOUTHEAST,Southeast FC,CAR_A,Carrier A,eletroportateis,none,1,0,0.0,0,none
2018-05-28,WH_SOUTHEAST,Southeast FC,CAR_A,Carrier A,esporte_lazer,missing,1,1,100.0,0,none
2018-05-28,WH_SOUTHEAST,Southeast FC,CAR_A,Carrier A,esporte_lazer,none,20,0,0.0,0,none
2018-05-28,WH_SOUTHEAST,Southeast FC,CAR_A,Carrier A,fashion_bolsas_e_acessorios,none,6,0,0.0,0,none
2018-05-28,WH_SOUTHEAST,Southeast FC,CAR_A,Carrier A,fashion_calcados,none,1,0,0.0,0,none
2018-05-28,WH_SOUTHEAST,Southeast FC,CAR_A,Carrier A,fashion_underwear_e_moda_praia,none,1,0,0.0,0,none
2018-05-28,WH_SOUTHEAST,Southeast FC,CAR_A,Carrier A,ferramentas_jardim,failed,1,1,100.0,0,none
2018-05-28,WH_SOUTHEAST,Southeast FC,CAR_A,Carrier A,ferramentas_jardim,none,7,0,0.0,0,none
2018-05-28,WH_SOUTHEAST,Southeast FC,CAR_A,Carrier A,ferramentas_jardim,refund,2,2,100.0,0,none
2018-05-28,WH_SOUTHEAST,Southeast FC,CAR_A,Carrier A,industria_comercio_e_negocios,none,2,0,0.0,0,none
2018-05-28,WH_SOUTHEAST,Southeast FC,CAR_A,Carrier A,informatica_acessorios,none,14,0,0.0,0,none
2018-05-28,WH_SOUTHEAST,Southeast FC,CAR_A,Carrier A,instrumentos_musicais,none,3,0,0.0,0,none
2018-05-28,WH_SOUTHEAST,Southeast FC,CAR_A,Carrier A,livros_interesse_geral,none,1,0,0.0,0,none
2018-05-28,WH_SOUTHEAST,Southeast FC,CAR_A,Carrier A,livros_tecnicos,none,4,0,0.0,0,none
2018-05-28,WH_SOUTHEAST,Southeast FC,CAR_A,Carrier A,malas_acessorios,none,2,0,0.0,0,none
2018-05-28,WH_SOUTHEAST,Southeast FC,CAR_A,Carrier A,moveis_cozinha_area_de_servico_jantar_e_jardim,none,3,0,0.0,0,none
2018-05-28,WH_SOUTHEAST,Southeast FC,CAR_A,Carrier A,moveis_decoracao,none,12,0,0.0,0,none
2018-05-28,WH_SOUTHEAST,Southeast FC,CAR_A,Carrier A,moveis_escritorio,none,4,0,0.0,0,none
2018-05-28,WH_SOUTHEAST,Southeast FC,CAR_A,Carrier A,moveis_sala,none,3,0,0.0,0,none
2018-05-28,WH_SOUTHEAST,Southeast FC,CAR_A,Carrier A,musica,none,1,0,0.0,0,none
2018-05-28,WH_SOUTHEAST,Southeast FC,CAR_A,Carrier A,papelaria,none,7,0,0.0,0,none
2018-05-28,WH_SOUTHEAST,Southeast FC,CAR_A,Carrier A,perfumaria,failed,2,2,100.0,0,none
2018-05-28,WH_SOUTHEAST,Southeast FC,CAR_A,Carrier A,perfumaria,none,11,0,0.0,0,none
2018-05-28,WH_SOUTHEAST,Southeast FC,CAR_A,Carrier A,pet_shop,none,7,0,0.0,0,none
2018-05-28,WH_SOUTHEAST,Southeast FC,CAR_A,Carrier A,relogios_presentes,failed,1,1,100.0,0,none
2018-05-28,WH_SOUTHEAST,Southeast FC,CAR_A,Carrier A,relogios_presentes,none,29,0,0.0,0,none
2018-05-28,WH_SOUTHEAST,Southeast FC,CAR_A,Carrier A,relogios_presentes,refund,1,1,100.0,0,none
2018-05-28,WH_SOUTHEAST,Southeast FC,CAR_A,Carrier A,relogios_presentes,wrong,1,1,100.0,0,none
2018-05-28,WH_SOUTHEAST,Southeast FC,CAR_A,Carrier A,telefonia,none,7,0,0.0,0,none
2018-05-28,WH_SOUTHEAST,Southeast FC,CAR_A,Carrier A,unknown,none,1,0,0.0,0,none
2018-05-28,WH_SOUTHEAST,Southeast FC,CAR_A,Carrier A,utilidades_domesticas,none,23,0,0.0,0,none
2018-05-28,WH_SOUTHEAST,Southeast FC,CAR_A,Carrier A,utilidades_domesticas,wrong,2,2,100.0,0,none
2018-05-28,WH_SOUTHEAST,Southeast FC,CAR_B,Carrier B,alimentos,none,2,0,0.0,0,none
2018-05-28,WH_SOUTHEAST,Southeast FC,CAR_B,Carrier B,alimentos_bebidas,none,1,0,0.0,0,none
2018-05-28,WH_SOUTHEAST,Southeast FC,CAR_B,Carrier B,artes,missing,1,1,100.0,0,none
2018-05-28,WH_SOUTHEAST,Southeast FC,CAR_B,Carrier B,artes,none,2,0,0.0,0,none
2018-05-28,WH_SOUTHEAST,Southeast FC,CAR_B,Carrier B,automotivo,damaged,1,1,100.0,0,none
2018-05-28,WH_SOUTHEAST,Southeast FC,CAR_B,Carrier B,automotivo,none,7,0,0.0,0,none
2018-05-28,WH_SOUTHEAST,Southeast FC,CAR_B,Carrier B,bebes,none,11,0,0.0,0,none
2018-05-28,WH_SOUTHEAST,Southeast FC,CAR_B,Carrier B,beleza_saude,damaged,1,1,100.0,0,none
2018-05-28,WH_SOUTHEAST,Southeast FC,CAR_B,Carrier B,beleza_saude,missing,1,1,100.0,0,none
2018-05-28,WH_SOUTHEAST,Southeast FC,CAR_B,Carrier B,beleza_saude,none,27,0,0.0,0,none
2018-05-28,WH_SOUTHEAST,Southeast FC,CAR_B,Carrier B,brinquedos,none,9,0,0.0,0,none
2018-05-28,WH_SOUTHEAST,Southeast FC,CAR_B,Carrier B,cama_mesa_banho,none,31,0,0.0,0,none
2018-05-28,WH_SOUTHEAST,Southeast FC,CAR_B,Carrier B,casa_construcao,none,4,0,0.0,0,none
2018-05-28,WH_SOUTHEAST,Southeast FC,CAR_B,Carrier B,cine_foto,none,1,0,0.0,0,none
2018-05-28,WH_SOUTHEAST,Southeast FC,CAR_B,Carrier B,consoles_games,none,1,0,0.0,0,none
2018-05-28,WH_SOUTHEAST,Southeast FC,CAR_B,Carrier B,construcao_ferramentas_construcao,none,3,0,0.0,0,none
2018-05-28,WH_SOUTHEAST,Southeast FC,CAR_B,Carrier B,construcao_ferramentas_iluminacao,none,2,0,0.0,0,none
2018-05-28,WH_SOUTHEAST,Southeast FC,CAR_B,Carrier B,cool_stuff,none,6,0,0.0,0,none
2018-05-28,WH_SOUTHEAST,Southeast FC,CAR_B,Carrier B,eletrodomesticos,none,4,0,0.0,0,none
2018-05-28,WH_SOUTHEAST,Southeast FC,CAR_B,Carrier B,eletrodomesticos_2,none,1,0,0.0,0,none
2018-05-28,WH_SOUTHEAST,Southeast FC,CAR_B,Carrier B,eletronicos,none,8,0,0.0,0,none
2018-05-28,WH_SOUTHEAST,Southeast FC,CAR_B,Carrier B,eletroportateis,none,1,0,0.0,0,none
2018-05-28,WH_SOUTHEAST,Southeast FC,CAR_B,Carrier B,esporte_lazer,none,10,0,0.0,0,none
2018-05-28,WH_SOUTHEAST,Southeast FC,CAR_B,Carrier B,esporte_lazer,refund,1,1,100.0,0,none
2018-05-28,WH_SOUTHEAST,Southeast FC,CAR_B,Carrier B,fashion_bolsas_e_acessorios,none,4,0,0.0,0,none
2018-05-28,WH_SOUTHEAST,Southeast FC,CAR_B,Carrier B,fashion_calcados,none,2,0,0.0,0,none
2018-05-28,WH_SOUTHEAST,Southeast FC,CAR_B,Carrier B,fashion_roupa_infanto_juvenil,none,1,0,0.0,0,none
2018-05-28,WH_SOUTHEAST,Southeast FC,CAR_B,Carrier B,ferramentas_jardim,none,8,0,0.0,0,none
2018-05-28,WH_SOUTHEAST,Southeast FC,CAR_B,Carrier B,informatica_acessorios,failed,1,1,100.0,0,none
2018-05-28,WH_SOUTHEAST,Southeast FC,CAR_B,Carrier B,informatica_acessorios,none,15,0,0.0,0,none
2018-05-28,WH_SOUTHEAST,Southeast FC,CAR_B,Carrier B,instrumentos_musicais,none,1,0,0.0,0,none
2018-05-28,WH_SOUTHEAST,Southeast FC,CAR_B,Carrier B,malas_acessorios,none,1,0,0.0,0,none
2018-05-28,WH_SOUTHEAST,Southeast FC,CAR_B,Carrier B,moveis_decoracao,none,19,0,0.0,0,none
2018-05-28,WH_SOUTHEAST,Southeast FC,CAR_B,Carrier B,moveis_escritorio,none,3,0,0.0,0,none
2018-05-28,WH_SOUTHEAST,Southeast FC,CAR_B,Carrier B,moveis_quarto,none,1,0,0.0,0,none
2018-05-28,WH_SOUTHEAST,Southeast FC,CAR_B,Carrier B,papelaria,none,7,0,0.0,0,none
2018-05-28,WH_SOUTHEAST,Southeast FC,CAR_B,Carrier B,pcs,none,1,0,0.0,0,none
2018-05-28,WH_SOUTHEAST,Southeast FC,CAR_B,Carrier B,perfumaria,damaged,1,1,100.0,0,none
2018-05-28,WH_SOUTHEAST,Southeast FC,CAR_B,Carrier B,perfumaria,none,5,0,0.0,0,none
2018-05-28,WH_SOUTHEAST,Southeast FC,CAR_B,Carrier B,pet_shop,none,7,0,0.0,0,none
2018-05-28,WH_SOUTHEAST,Southeast FC,CAR_B,Carrier B,relogios_presentes,none,21,0,0.0,0,none
2018-05-28,WH_SOUTHEAST,Southeast FC,CAR_B,Carrier B,telefonia,none,9,0,0.0,0,none
2018-05-28,WH_SOUTHEAST,Southeast FC,CAR_B,Carrier B,telefonia_fixa,none,1,0,0.0,0,none
2018-05-28,WH_SOUTHEAST,Southeast FC,CAR_B,Carrier B,utilidades_domesticas,damaged,3,3,100.0,0,none
2018-05-28,WH_SOUTHEAST,Southeast FC,CAR_B,Carrier B,utilidades_domesticas,failed,1,1,100.0,0,none
2018-05-28,WH_SOUTHEAST,Southeast FC,CAR_B,Carrier B,utilidades_domesticas,none,27,0,0.0,0,none
2018-05-28,WH_SOUTHEAST,Southeast FC,CAR_C,Carrier C,audio,none,2,0,0.0,0,none
2018-05-28,WH_SOUTHEAST,Southeast FC,CAR_C,Carrier C,automotivo,none,10,0,0.0,0,none
2018-05-28,WH_SOUTHEAST,Southeast FC,CAR_C,Carrier C,automotivo,refund,2,2,100.0,0,none
2018-05-28,WH_SOUTHEAST,Southeast FC,CAR_C,Carrier C,bebes,none,9,0,0.0,0,none
2018-05-28,WH_SOUTHEAST,Southeast FC,CAR_C,Carrier C,bebes,refund,1,1,100.0,0,none
2018-05-28,WH_SOUTHEAST,Southeast FC,CAR_C,Carrier C,beleza_saude,missing,2,2,100.0,0,none
2018-05-28,WH_SOUTHEAST,Southeast FC,CAR_C,Carrier C,beleza_saude,none,18,0,0.0,0,none
2018-05-28,WH_SOUTHEAST,Southeast FC,CAR_C,Carrier C,brinquedos,none,9,0,0.0,0,none
2018-05-28,WH_SOUTHEAST,Southeast FC,CAR_C,Carrier C,brinquedos,refund,1,1,100.0,0,none
2018-05-28,WH_SOUTHEAST,Southeast FC,CAR_C,Carrier C,cama_mesa_banho,damaged,1,1,100.0,0,none
2018-05-28,WH_SOUTHEAST,Southeast FC,CAR_C,Carrier C,cama_mesa_banho,none,21,0,0.0,0,none
2018-05-28,WH_SOUTHEAST,Southeast FC,CAR_C,Carrier C,casa_construcao,none,4,0,0.0,0,none
2018-05-28,WH_SOUTHEAST,Southeast FC,CAR_C,Carrier C,consoles_games,none,3,0,0.0,0,none
2018-05-28,WH_SOUTHEAST,Southeast FC,CAR_C,Carrier C,construcao_ferramentas_construcao,failed,1,1,100.0,0,none
2018-05-28,WH_SOUTHEAST,Southeast FC,CAR_C,Carrier C,construcao_ferramentas_construcao,missing,1,1,100.0,0,none
2018-05-28,WH_SOUTHEAST,Southeast FC,CAR_C,Carrier C,construcao_ferramentas_construcao,none,1,0,0.0,0,none
2018-05-28,WH_SOUTHEAST,Southeast FC,CAR_C,Carrier C,cool_stuff,none,1,0,0.0,0,none
2018-05-28,WH_SOUTHEAST,Southeast FC,CAR_C,Carrier C,eletrodomesticos,none,5,0,0.0,0,none
2018-05-28,WH_SOUTHEAST,Southeast FC,CAR_C,Carrier C,eletronicos,none,8,0,0.0,0,none
2018-05-28,WH_SOUTHEAST,Southeast FC,CAR_C,Carrier C,eletroportateis,none,1,0,0.0,0,none
2018-05-28,WH_SOUTHEAST,Southeast FC,CAR_C,Carrier C,esporte_lazer,damaged,1,1,100.0,0,none
2018-05-28,WH_SOUTHEAST,Southeast FC,CAR_C,Carrier C,esporte_lazer,none,11,0,0.0,0,none
2018-05-28,WH_SOUTHEAST,Southeast FC,CAR_C,Carrier C,fashion_bolsas_e_acessorios,none,3,0,0.0,0,none
2018-05-28,WH_SOUTHEAST,Southeast FC,CAR_C,Carrier C,ferramentas_jardim,failed,1,1,100.0,0,none
2018-05-28,WH_SOUTHEAST,Southeast FC,CAR_C,Carrier C,ferramentas_jardim,none,5,0,0.0,0,none
2018-05-28,WH_SOUTHEAST,Southeast FC,CAR_C,Carrier C,fraldas_higiene,none,1,0,0.0,0,none
2018-05-28,WH_SOUTHEAST,Southeast FC,CAR_C,Carrier C,industria_comercio_e_negocios,none,1,0,0.0,0,none
2018-05-28,WH_SOUTHEAST,Southeast FC,CAR_C,Carrier C,informatica_acessorios,none,3,0,0.0,0,none
2018-05-28,WH_SOUTHEAST,Southeast FC,CAR_C,Carrier C,instrumentos_musicais,damaged,1,1,100.0,0,none
2018-05-28,WH_SOUTHEAST,Southeast FC,CAR_C,Carrier C,livros_interesse_geral,none,2,0,0.0,0,none
2018-05-28,WH_SOUTHEAST,Southeast FC,CAR_C,Carrier C,moveis_decoracao,failed,1,1,100.0,0,none
2018-05-28,WH_SOUTHEAST,Southeast FC,CAR_C,Carrier C,moveis_decoracao,none,14,0,0.0,0,none
2018-05-28,WH_SOUTHEAST,Southeast FC,CAR_C,Carrier C,moveis_decoracao,wrong,1,1,100.0,0,none
2018-05-28,WH_SOUTHEAST,Southeast FC,CAR_C,Carrier C,moveis_escritorio,none,1,0,0.0,0,none
2018-05-28,WH_SOUTHEAST,Southeast FC,CAR_C,Carrier C,moveis_escritorio,refund,1,1,100.0,0,none
2018-05-28,WH_SOUTHEAST,Southeast FC,CAR_C,Carrier C,moveis_quarto,none,1,0,0.0,0,none
2018-05-28,WH_SOUTHEAST,Southeast FC,CAR_C,Carrier C,papelaria,none,8,0,0.0,0,none
2018-05-28,WH_SOUTHEAST,Southeast FC,CAR_C,Carrier C,perfumaria,none,8,0,0.0,0,none
2018-05-28,WH_SOUTHEAST,Southeast FC,CAR_C,Carrier C,pet_shop,none,6,0,0.0,0,none
2018-05-28,WH_SOUTHEAST,Southeast FC,CAR_C,Carrier C,relogios_presentes,none,17,0,0.0,0,none
2018-05-28,WH_SOUTHEAST,Southeast FC,CAR_C,Carrier C,telefonia,none,4,0,0.0,0,none
2018-05-28,WH_SOUTHEAST,Southeast FC,CAR_C,Carrier C,telefonia,wrong,1,1,100.0,0,none
2018-05-28,WH_SOUTHEAST,Southeast FC,CAR_C,Carrier C,telefonia_fixa,none,1,0,0.0,0,none
2018-05-28,WH_SOUTHEAST,Southeast FC,CAR_C,Carrier C,unknown,none,2,0,0.0,0,none
2018-05-28,WH_SOUTHEAST,Southeast FC,CAR_C,Carrier C,utilidades_domesticas,none,16,0,0.0,0,none
2018-05-28,WH_SOUTHEAST,Southeast FC,CAR_D,Carrier D,audio,none,1,0,0.0,0,none
2018-05-28,WH_SOUTHEAST,Southeast FC,CAR_D,Carrier D,automotivo,none,3,0,0.0,0,none
2018-05-28,WH_SOUTHEAST,Southeast FC,CAR_D,Carrier D,bebes,none,7,0,0.0,0,none
2018-05-28,WH_SOUTHEAST,Southeast FC,CAR_D,Carrier D,beleza_saude,none,9,0,0.0,0,none
2018-05-28,WH_SOUTHEAST,Southeast FC,CAR_D,Carrier D,brinquedos,failed,1,1,100.0,0,none
2018-05-28,WH_SOUTHEAST,Southeast FC,CAR_D,Carrier D,brinquedos,none,2,0,0.0,0,none
2018-05-28,WH_SOUTHEAST,Southeast FC,CAR_D,Carrier D,cama_mesa_banho,missing,1,1,100.0,0,none
2018-05-28,WH_SOUTHEAST,Southeast FC,CAR_D,Carrier D,cama_mesa_banho,none,13,0,0.0,0,none
2018-05-28,WH_SOUTHEAST,Southeast FC,CAR_D,Carrier D,construcao_ferramentas_construcao,none,3,0,0.0,0,none
2018-05-28,WH_SOUTHEAST,Southeast FC,CAR_D,Carrier D,construcao_ferramentas_ferramentas,none,1,0,0.0,0,none
2018-05-28,WH_SOUTHEAST,Southeast FC,CAR_D,Carrier D,construcao_ferramentas_iluminacao,none,2,0,0.0,0,none
2018-05-28,WH_SOUTHEAST,Southeast FC,CAR_D,Carrier D,construcao_ferramentas_jardim,none,1,0,0.0,0,none
2018-05-28,WH_SOUTHEAST,Southeast FC,CAR_D,Carrier D,construcao_ferramentas_seguranca,none,1,0,0.0,0,none
2018-05-28,WH_SOUTHEAST,Southeast FC,CAR_D,Carrier D,cool_stuff,none,2,0,0.0,0,none
2018-05-28,WH_SOUTHEAST,Southeast FC,CAR_D,Carrier D,esporte_lazer,none,6,0,0.0,0,none
2018-05-28,WH_SOUTHEAST,Southeast FC,CAR_D,Carrier D,fashion_bolsas_e_acessorios,none,1,0,0.0,0,none
2018-05-28,WH_SOUTHEAST,Southeast FC,CAR_D,Carrier D,fashion_calcados,none,1,0,0.0,0,none
2018-05-28,WH_SOUTHEAST,Southeast FC,CAR_D,Carrier D,ferramentas_jardim,none,1,0,0.0,0,none
2018-05-28,WH_SOUTHEAST,Southeast FC,CAR_D,Carrier D,industria_comercio_e_negocios,damaged,1,1,100.0,0,none
2018-05-28,WH_SOUTHEAST,Southeast FC,CAR_D,Carrier D,industria_comercio_e_negocios,none,1,0,0.0,0,none
2018-05-28,WH_SOUTHEAST,Southeast FC,CAR_D,Carrier D,informatica_acessorios,none,4,0,0.0,0,none
2018-05-28,WH_SOUTHEAST,Southeast FC,CAR_D,Carrier D,instrumentos_musicais,missing,1,1,100.0,0,none
2018-05-28,WH_SOUTHEAST,Southeast FC,CAR_D,Carrier D,instrumentos_musicais,none,2,0,0.0,0,none
2018-05-28,WH_SOUTHEAST,Southeast FC,CAR_D,Carrier D,malas_acessorios,none,1,0,0.0,0,none
2018-05-28,WH_SOUTHEAST,Southeast FC,CAR_D,Carrier D,moveis_decoracao,none,1,0,0.0,0,none
2018-05-28,WH_SOUTHEAST,Southeast FC,CAR_D,Carrier D,perfumaria,none,1,0,0.0,0,none
2018-05-28,WH_SOUTHEAST,Southeast FC,CAR_D,Carrier D,pet_shop,none,3,0,0.0,0,none
2018-05-28,WH_SOUTHEAST,Southeast FC,CAR_D,Carrier D,relogios_presentes,missing,1,1,100.0,0,none
2018-05-28,WH_SOUTHEAST,Southeast FC,CAR_D,Carrier D,relogios_presentes,none,3,0,0.0,0,none
2018-05-28,WH_SOUTHEAST,Southeast FC,CAR_D,Carrier D,relogios_presentes,refund,1,1,100.0,0,none
2018-05-28,WH_SOUTHEAST,Southeast FC,CAR_D,Carrier D,telefonia,none,7,0,0.0,0,none
2018-05-28,WH_SOUTHEAST,Southeast FC,CAR_D,Carrier D,utilidades_domesticas,damaged,1,1,100.0,0,none
2018-05-28,WH_SOUTHEAST,Southeast FC,CAR_D,Carrier D,utilidades_domesticas,failed,1,1,100.0,0,none
2018-05-28,WH_SOUTHEAST,Southeast FC,CAR_D,Carrier D,utilidades_domesticas,none,6,0,0.0,0,none
2018-06-04,WH_CENTRAL_WEST,Central-West FC,CAR_A,Carrier A,automotivo,none,1,0,0.0,0,none
2018-06-04,WH_CENTRAL_WEST,Central-West FC,CAR_A,Carrier A,automotivo,wrong,1,1,100.0,0,none
2018-06-04,WH_CENTRAL_WEST,Central-West FC,CAR_A,Carrier A,bebes,wrong,1,1,100.0,0,none
2018-06-04,WH_CENTRAL_WEST,Central-West FC,CAR_A,Carrier A,beleza_saude,none,2,0,0.0,0,none
2018-06-04,WH_CENTRAL_WEST,Central-West FC,CAR_A,Carrier A,cama_mesa_banho,none,1,0,0.0,0,none
2018-06-04,WH_CENTRAL_WEST,Central-West FC,CAR_A,Carrier A,eletrodomesticos,none,1,0,0.0,0,none
2018-06-04,WH_CENTRAL_WEST,Central-West FC,CAR_A,Carrier A,eletronicos,none,1,0,0.0,0,none
2018-06-04,WH_CENTRAL_WEST,Central-West FC,CAR_A,Carrier A,eletroportateis,none,1,0,0.0,0,none
2018-06-04,WH_CENTRAL_WEST,Central-West FC,CAR_A,Carrier A,esporte_lazer,none,5,0,0.0,0,none
2018-06-04,WH_CENTRAL_WEST,Central-West FC,CAR_A,Carrier A,fashion_bolsas_e_acessorios,none,1,0,0.0,0,none
2018-06-04,WH_CENTRAL_WEST,Central-West FC,CAR_A,Carrier A,ferramentas_jardim,none,1,0,0.0,0,none
2018-06-04,WH_CENTRAL_WEST,Central-West FC,CAR_A,Carrier A,papelaria,none,2,0,0.0,0,none
2018-06-04,WH_CENTRAL_WEST,Central-West FC,CAR_A,Carrier A,pet_shop,failed,1,1,100.0,0,none
2018-06-04,WH_CENTRAL_WEST,Central-West FC,CAR_A,Carrier A,pet_shop,none,1,0,0.0,0,none
2018-06-04,WH_CENTRAL_WEST,Central-West FC,CAR_A,Carrier A,utilidades_domesticas,none,2,0,0.0,0,none
2018-06-04,WH_CENTRAL_WEST,Central-West FC,CAR_B,Carrier B,automotivo,none,2,0,0.0,0,none
2018-06-04,WH_CENTRAL_WEST,Central-West FC,CAR_B,Carrier B,beleza_saude,none,3,0,0.0,0,none
2018-06-04,WH_CENTRAL_WEST,Central-West FC,CAR_B,Carrier B,brinquedos,missing,1,1,100.0,0,none
2018-06-04,WH_CENTRAL_WEST,Central-West FC,CAR_B,Carrier B,cama_mesa_banho,none,1,0,0.0,0,none
2018-06-04,WH_CENTRAL_WEST,Central-West FC,CAR_B,Carrier B,eletrodomesticos_2,none,1,0,0.0,0,none
2018-06-04,WH_CENTRAL_WEST,Central-West FC,CAR_B,Carrier B,eletroportateis,none,1,0,0.0,0,none
2018-06-04,WH_CENTRAL_WEST,Central-West FC,CAR_B,Carrier B,esporte_lazer,none,1,0,0.0,0,none
2018-06-04,WH_CENTRAL_WEST,Central-West FC,CAR_B,Carrier B,ferramentas_jardim,none,1,0,0.0,0,none
2018-06-04,WH_CENTRAL_WEST,Central-West FC,CAR_B,Carrier B,moveis_decoracao,none,1,0,0.0,0,none
2018-06-04,WH_CENTRAL_WEST,Central-West FC,CAR_B,Carrier B,relogios_presentes,none,1,0,0.0,0,none
2018-06-04,WH_CENTRAL_WEST,Central-West FC,CAR_B,Carrier B,telefonia,none,1,0,0.0,0,none
2018-06-04,WH_CENTRAL_WEST,Central-West FC,CAR_B,Carrier B,utilidades_domesticas,none,1,0,0.0,0,none
2018-06-04,WH_CENTRAL_WEST,Central-West FC,CAR_C,Carrier C,automotivo,none,1,0,0.0,0,none
2018-06-04,WH_CENTRAL_WEST,Central-West FC,CAR_C,Carrier C,bebes,none,1,0,0.0,0,none
2018-06-04,WH_CENTRAL_WEST,Central-West FC,CAR_C,Carrier C,beleza_saude,none,2,0,0.0,0,none
2018-06-04,WH_CENTRAL_WEST,Central-West FC,CAR_C,Carrier C,cama_mesa_banho,none,2,0,0.0,0,none
2018-06-04,WH_CENTRAL_WEST,Central-West FC,CAR_C,Carrier C,esporte_lazer,none,1,0,0.0,0,none
2018-06-04,WH_CENTRAL_WEST,Central-West FC,CAR_C,Carrier C,relogios_presentes,none,1,0,0.0,0,none
2018-06-04,WH_CENTRAL_WEST,Central-West FC,CAR_C,Carrier C,sinalizacao_e_seguranca,wrong,1,1,100.0,0,none
2018-06-04,WH_CENTRAL_WEST,Central-West FC,CAR_C,Carrier C,utilidades_domesticas,none,1,0,0.0,0,none
2018-06-04,WH_CENTRAL_WEST,Central-West FC,CAR_D,Carrier D,audio,none,1,0,0.0,0,none
2018-06-04,WH_CENTRAL_WEST,Central-West FC,CAR_D,Carrier D,automotivo,none,1,0,0.0,0,none
2018-06-04,WH_CENTRAL_WEST,Central-West FC,CAR_D,Carrier D,beleza_saude,none,7,0,0.0,0,none
2018-06-04,WH_CENTRAL_WEST,Central-West FC,CAR_D,Carrier D,brinquedos,none,1,0,0.0,0,none
2018-06-04,WH_CENTRAL_WEST,Central-West FC,CAR_D,Carrier D,cama_mesa_banho,failed,1,1,100.0,0,none
2018-06-04,WH_CENTRAL_WEST,Central-West FC,CAR_D,Carrier D,cama_mesa_banho,none,2,0,0.0,0,none
2018-06-04,WH_CENTRAL_WEST,Central-West FC,CAR_D,Carrier D,cool_stuff,none,1,0,0.0,0,none
2018-06-04,WH_CENTRAL_WEST,Central-West FC,CAR_D,Carrier D,eletronicos,refund,1,1,100.0,0,none
2018-06-04,WH_CENTRAL_WEST,Central-West FC,CAR_D,Carrier D,esporte_lazer,none,1,0,0.0,0,none
2018-06-04,WH_CENTRAL_WEST,Central-West FC,CAR_D,Carrier D,informatica_acessorios,none,1,0,0.0,0,none
2018-06-04,WH_CENTRAL_WEST,Central-West FC,CAR_D,Carrier D,market_place,none,1,0,0.0,0,none
2018-06-04,WH_CENTRAL_WEST,Central-West FC,CAR_D,Carrier D,moveis_decoracao,none,1,0,0.0,0,none
2018-06-04,WH_CENTRAL_WEST,Central-West FC,CAR_D,Carrier D,moveis_sala,missing,1,1,100.0,0,none
2018-06-04,WH_CENTRAL_WEST,Central-West FC,CAR_D,Carrier D,perfumaria,none,2,0,0.0,0,none
2018-06-04,WH_CENTRAL_WEST,Central-West FC,CAR_D,Carrier D,pet_shop,none,1,0,0.0,0,none
2018-06-04,WH_CENTRAL_WEST,Central-West FC,CAR_D,Carrier D,relogios_presentes,none,3,0,0.0,0,none
2018-06-04,WH_CENTRAL_WEST,Central-West FC,CAR_D,Carrier D,utilidades_domesticas,none,1,0,0.0,0,none
2018-06-04,WH_NORTH,North FC,CAR_A,Carrier A,beleza_saude,none,2,0,0.0,0,none
2018-06-04,WH_NORTH,North FC,CAR_A,Carrier A,informatica_acessorios,none,1,0,0.0,0,none
2018-06-04,WH_NORTH,North FC,CAR_A,Carrier A,moveis_decoracao,none,2,0,0.0,0,none
2018-06-04,WH_NORTH,North FC,CAR_A,Carrier A,relogios_presentes,none,1,0,0.0,0,none
2018-06-04,WH_NORTH,North FC,CAR_A,Carrier A,telefonia,none,1,0,0.0,0,none
2018-06-04,WH_NORTH,North FC,CAR_B,Carrier B,automotivo,none,1,0,0.0,0,none
2018-06-04,WH_NORTH,North FC,CAR_B,Carrier B,beleza_saude,none,2,0,0.0,0,none
2018-06-04,WH_NORTH,North FC,CAR_B,Carrier B,brinquedos,none,1,0,0.0,0,none
2018-06-04,WH_NORTH,North FC,CAR_B,Carrier B,esporte_lazer,none,1,0,0.0,0,none
2018-06-04,WH_NORTH,North FC,CAR_B,Carrier B,informatica_acessorios,none,1,0,0.0,0,none
2018-06-04,WH_NORTH,North FC,CAR_B,Carrier B,moveis_decoracao,none,2,0,0.0,0,none
2018-06-04,WH_NORTH,North FC,CAR_B,Carrier B,papelaria,none,1,0,0.0,0,none
2018-06-04,WH_NORTH,North FC,CAR_B,Carrier B,perfumaria,none,1,0,0.0,0,none
2018-06-04,WH_NORTH,North FC,CAR_B,Carrier B,pet_shop,none,1,0,0.0,0,none
2018-06-04,WH_NORTH,North FC,CAR_B,Carrier B,tablets_impressao_imagem,none,1,0,0.0,0,none
2018-06-04,WH_NORTH,North FC,CAR_B,Carrier B,unknown,none,1,0,0.0,0,none
2018-06-04,WH_NORTH,North FC,CAR_C,Carrier C,automotivo,none,1,0,0.0,0,none
2018-06-04,WH_NORTH,North FC,CAR_C,Carrier C,beleza_saude,none,1,0,0.0,0,none
2018-06-04,WH_NORTH,North FC,CAR_C,Carrier C,eletronicos,none,1,0,0.0,0,none
2018-06-04,WH_NORTH,North FC,CAR_C,Carrier C,esporte_lazer,none,2,0,0.0,0,none
2018-06-04,WH_NORTH,North FC,CAR_C,Carrier C,telefonia,none,2,0,0.0,0,none
2018-06-04,WH_NORTH,North FC,CAR_D,Carrier D,automotivo,none,1,0,0.0,0,none
2018-06-04,WH_NORTH,North FC,CAR_D,Carrier D,esporte_lazer,none,1,0,0.0,0,none
2018-06-04,WH_NORTH,North FC,CAR_D,Carrier D,informatica_acessorios,none,1,0,0.0,0,none
2018-06-04,WH_NORTH,North FC,CAR_D,Carrier D,perfumaria,none,1,0,0.0,0,none
2018-06-04,WH_SOUTH,South FC,CAR_A,Carrier A,alimentos_bebidas,wrong,1,1,100.0,0,none
2018-06-04,WH_SOUTH,South FC,CAR_A,Carrier A,automotivo,none,1,0,0.0,0,none
2018-06-04,WH_SOUTH,South FC,CAR_A,Carrier A,bebes,damaged,1,1,100.0,0,none
2018-06-04,WH_SOUTH,South FC,CAR_A,Carrier A,bebes,none,6,0,0.0,0,none
2018-06-04,WH_SOUTH,South FC,CAR_A,Carrier A,bebes,wrong,1,1,100.0,0,none
2018-06-04,WH_SOUTH,South FC,CAR_A,Carrier A,bebidas,none,1,0,0.0,0,none
2018-06-04,WH_SOUTH,South FC,CAR_A,Carrier A,beleza_saude,none,8,0,0.0,0,none
2018-06-04,WH_SOUTH,South FC,CAR_A,Carrier A,brinquedos,none,2,0,0.0,0,none
2018-06-04,WH_SOUTH,South FC,CAR_A,Carrier A,cama_mesa_banho,none,4,0,0.0,0,none
2018-06-04,WH_SOUTH,South FC,CAR_A,Carrier A,casa_construcao,none,1,0,0.0,0,none
2018-06-04,WH_SOUTH,South FC,CAR_A,Carrier A,construcao_ferramentas_construcao,damaged,1,1,100.0,0,none
2018-06-04,WH_SOUTH,South FC,CAR_A,Carrier A,construcao_ferramentas_iluminacao,none,1,0,0.0,0,none
2018-06-04,WH_SOUTH,South FC,CAR_A,Carrier A,cool_stuff,none,1,0,0.0,0,none
2018-06-04,WH_SOUTH,South FC,CAR_A,Carrier A,eletrodomesticos,none,1,0,0.0,0,none
2018-06-04,WH_SOUTH,South FC,CAR_A,Carrier A,eletrodomesticos_2,none,1,0,0.0,0,none
2018-06-04,WH_SOUTH,South FC,CAR_A,Carrier A,eletronicos,none,1,0,0.0,0,none
2018-06-04,WH_SOUTH,South FC,CAR_A,Carrier A,eletroportateis,none,2,0,0.0,0,none
2018-06-04,WH_SOUTH,South FC,CAR_A,Carrier A,esporte_lazer,none,4,0,0.0,0,none
2018-06-04,WH_SOUTH,South FC,CAR_A,Carrier A,ferramentas_jardim,none,2,0,0.0,0,none
2018-06-04,WH_SOUTH,South FC,CAR_A,Carrier A,informatica_acessorios,none,5,0,0.0,0,none
2018-06-04,WH_SOUTH,South FC,CAR_A,Carrier A,instrumentos_musicais,failed,1,1,100.0,0,none
2018-06-04,WH_SOUTH,South FC,CAR_A,Carrier A,malas_acessorios,none,1,0,0.0,0,none
2018-06-04,WH_SOUTH,South FC,CAR_A,Carrier A,moveis_decoracao,none,3,0,0.0,0,none
2018-06-04,WH_SOUTH,South FC,CAR_A,Carrier A,moveis_decoracao,refund,1,1,100.0,0,none
2018-06-04,WH_SOUTH,South FC,CAR_A,Carrier A,perfumaria,none,2,0,0.0,0,none
2018-06-04,WH_SOUTH,South FC,CAR_A,Carrier A,pet_shop,none,1,0,0.0,0,none
2018-06-04,WH_SOUTH,South FC,CAR_A,Carrier A,relogios_presentes,none,4,0,0.0,0,none
2018-06-04,WH_SOUTH,South FC,CAR_A,Carrier A,telefonia,none,5,0,0.0,0,none
2018-06-04,WH_SOUTH,South FC,CAR_A,Carrier A,unknown,none,1,0,0.0,0,none
2018-06-04,WH_SOUTH,South FC,CAR_A,Carrier A,utilidades_domesticas,none,6,0,0.0,0,none
2018-06-04,WH_SOUTH,South FC,CAR_A,Carrier A,utilidades_domesticas,wrong,1,1,100.0,0,none
2018-06-04,WH_SOUTH,South FC,CAR_B,Carrier B,automotivo,none,2,0,0.0,0,none
2018-06-04,WH_SOUTH,South FC,CAR_B,Carrier B,bebes,none,3,0,0.0,0,none
2018-06-04,WH_SOUTH,South FC,CAR_B,Carrier B,bebidas,wrong,1,1,100.0,0,none
2018-06-04,WH_SOUTH,South FC,CAR_B,Carrier B,beleza_saude,none,2,0,0.0,0,none
2018-06-04,WH_SOUTH,South FC,CAR_B,Carrier B,brinquedos,none,3,0,0.0,0,none
2018-06-04,WH_SOUTH,South FC,CAR_B,Carrier B,cama_mesa_banho,none,5,0,0.0,0,none
2018-06-04,WH_SOUTH,South FC,CAR_B,Carrier B,construcao_ferramentas_iluminacao,none,1,0,0.0,0,none
2018-06-04,WH_SOUTH,South FC,CAR_B,Carrier B,construcao_ferramentas_jardim,none,1,0,0.0,0,none
2018-06-04,WH_SOUTH,South FC,CAR_B,Carrier B,eletrodomesticos,none,1,0,0.0,0,none
2018-06-04,WH_SOUTH,South FC,CAR_B,Carrier B,eletronicos,none,2,0,0.0,0,none
2018-06-04,WH_SOUTH,South FC,CAR_B,Carrier B,fashion_bolsas_e_acessorios,none,2,0,0.0,0,none
2018-06-04,WH_SOUTH,South FC,CAR_B,Carrier B,ferramentas_jardim,none,2,0,0.0,0,none
2018-06-04,WH_SOUTH,South FC,CAR_B,Carrier B,industria_comercio_e_negocios,none,1,0,0.0,0,none
2018-06-04,WH_SOUTH,South FC,CAR_B,Carrier B,informatica_acessorios,none,2,0,0.0,0,none
2018-06-04,WH_SOUTH,South FC,CAR_B,Carrier B,malas_acessorios,none,1,0,0.0,0,none
2018-06-04,WH_SOUTH,South FC,CAR_B,Carrier B,moveis_decoracao,none,4,0,0.0,0,none
2018-06-04,WH_SOUTH,South FC,CAR_B,Carrier B,moveis_quarto,none,1,0,0.0,0,none
2018-06-04,WH_SOUTH,South FC,CAR_B,Carrier B,papelaria,none,1,0,0.0,0,none
2018-06-04,WH_SOUTH,South FC,CAR_B,Carrier B,perfumaria,none,5,0,0.0,0,none
2018-06-04,WH_SOUTH,South FC,CAR_B,Carrier B,perfumaria,wrong,1,1,100.0,0,none
2018-06-04,WH_SOUTH,South FC,CAR_B,Carrier B,pet_shop,none,1,0,0.0,0,none
2018-06-04,WH_SOUTH,South FC,CAR_B,Carrier B,relogios_presentes,none,4,0,0.0,0,none
2018-06-04,WH_SOUTH,South FC,CAR_B,Carrier B,telefonia,none,2,0,0.0,0,none
2018-06-04,WH_SOUTH,South FC,CAR_B,Carrier B,utilidades_domesticas,none,4,0,0.0,0,none
2018-06-04,WH_SOUTH,South FC,CAR_C,Carrier C,alimentos_bebidas,none,1,0,0.0,0,none
2018-06-04,WH_SOUTH,South FC,CAR_C,Carrier C,automotivo,none,7,0,0.0,0,none
2018-06-04,WH_SOUTH,South FC,CAR_C,Carrier C,bebes,none,1,0,0.0,0,none
2018-06-04,WH_SOUTH,South FC,CAR_C,Carrier C,beleza_saude,none,3,0,0.0,0,none
2018-06-04,WH_SOUTH,South FC,CAR_C,Carrier C,brinquedos,none,1,0,0.0,0,none
2018-06-04,WH_SOUTH,South FC,CAR_C,Carrier C,cama_mesa_banho,none,4,0,0.0,0,none
2018-06-04,WH_SOUTH,South FC,CAR_C,Carrier C,cama_mesa_banho,wrong,1,1,100.0,0,none
2018-06-04,WH_SOUTH,South FC,CAR_C,Carrier C,cool_stuff,none,1,0,0.0,0,none
2018-06-04,WH_SOUTH,South FC,CAR_C,Carrier C,eletronicos,none,3,0,0.0,0,none
2018-06-04,WH_SOUTH,South FC,CAR_C,Carrier C,fashion_bolsas_e_acessorios,missing,1,1,100.0,0,none
2018-06-04,WH_SOUTH,South FC,CAR_C,Carrier C,ferramentas_jardim,none,3,0,0.0,0,none
2018-06-04,WH_SOUTH,South FC,CAR_C,Carrier C,informatica_acessorios,none,1,0,0.0,0,none
2018-06-04,WH_SOUTH,South FC,CAR_C,Carrier C,moveis_decoracao,failed,1,1,100.0,0,none
2018-06-04,WH_SOUTH,South FC,CAR_C,Carrier C,moveis_decoracao,none,4,0,0.0,0,none
2018-06-04,WH_SOUTH,South FC,CAR_C,Carrier C,papelaria,none,3,0,0.0,0,none
2018-06-04,WH_SOUTH,South FC,CAR_C,Carrier C,pet_shop,none,2,0,0.0,0,none
2018-06-04,WH_SOUTH,South FC,CAR_C,Carrier C,relogios_presentes,none,1,0,0.0,0,none
2018-06-04,WH_SOUTH,South FC,CAR_C,Carrier C,unknown,none,1,0,0.0,0,none
2018-06-04,WH_SOUTH,South FC,CAR_C,Carrier C,utilidades_domesticas,none,2,0,0.0,0,none
2018-06-04,WH_SOUTH,South FC,CAR_D,Carrier D,artes,none,1,0,0.0,0,none
2018-06-04,WH_SOUTH,South FC,CAR_D,Carrier D,automotivo,none,1,0,0.0,0,none
2018-06-04,WH_SOUTH,South FC,CAR_D,Carrier D,bebes,none,1,0,0.0,0,none
2018-06-04,WH_SOUTH,South FC,CAR_D,Carrier D,beleza_saude,none,2,0,0.0,0,none
2018-06-04,WH_SOUTH,South FC,CAR_D,Carrier D,brinquedos,none,1,0,0.0,0,none
2018-06-04,WH_SOUTH,South FC,CAR_D,Carrier D,cama_mesa_banho,none,6,0,0.0,0,none
2018-06-04,WH_SOUTH,South FC,CAR_D,Carrier D,casa_construcao,none,1,0,0.0,0,none
2018-06-04,WH_SOUTH,South FC,CAR_D,Carrier D,esporte_lazer,none,2,0,0.0,0,none
2018-06-04,WH_SOUTH,South FC,CAR_D,Carrier D,informatica_acessorios,none,3,0,0.0,0,none
2018-06-04,WH_SOUTH,South FC,CAR_D,Carrier D,livros_importados,none,1,0,0.0,0,none
2018-06-04,WH_SOUTH,South FC,CAR_D,Carrier D,livros_interesse_geral,none,1,0,0.0,0,none
2018-06-04,WH_SOUTH,South FC,CAR_D,Carrier D,livros_tecnicos,failed,1,1,100.0,0,none
2018-06-04,WH_SOUTH,South FC,CAR_D,Carrier D,moveis_decoracao,none,2,0,0.0,0,none
2018-06-04,WH_SOUTH,South FC,CAR_D,Carrier D,moveis_sala,none,2,0,0.0,0,none
2018-06-04,WH_SOUTH,South FC,CAR_D,Carrier D,papelaria,none,1,0,0.0,0,none
2018-06-04,WH_SOUTH,South FC,CAR_D,Carrier D,pet_shop,none,3,0,0.0,0,none
2018-06-04,WH_SOUTH,South FC,CAR_D,Carrier D,sinalizacao_e_seguranca,none,1,0,0.0,0,none
2018-06-04,WH_SOUTH,South FC,CAR_D,Carrier D,utilidades_domesticas,none,2,0,0.0,0,none
2018-06-04,WH_SOUTH,South FC,CAR_D,Carrier D,utilidades_domesticas,refund,1,1,100.0,0,none
2018-06-04,WH_SOUTH,South FC,CAR_D,Carrier D,utilidades_domesticas,wrong,1,1,100.0,0,none
2018-06-04,WH_SOUTHEAST,Southeast FC,CAR_A,Carrier A,agro_industria_e_comercio,none,1,0,0.0,0,none
2018-06-04,WH_SOUTHEAST,Southeast FC,CAR_A,Carrier A,artes,none,1,0,0.0,0,none
2018-06-04,WH_SOUTHEAST,Southeast FC,CAR_A,Carrier A,automotivo,missing,1,1,100.0,0,none
2018-06-04,WH_SOUTHEAST,Southeast FC,CAR_A,Carrier A,automotivo,none,18,0,0.0,0,none
2018-06-04,WH_SOUTHEAST,Southeast FC,CAR_A,Carrier A,bebes,failed,2,2,100.0,0,none
2018-06-04,WH_SOUTHEAST,Southeast FC,CAR_A,Carrier A,bebes,missing,1,1,100.0,0,none
2018-06-04,WH_SOUTHEAST,Southeast FC,CAR_A,Carrier A,bebes,none,12,0,0.0,0,none
2018-06-04,WH_SOUTHEAST,Southeast FC,CAR_A,Carrier A,bebidas,none,1,0,0.0,0,none
2018-06-04,WH_SOUTHEAST,Southeast FC,CAR_A,Carrier A,beleza_saude,none,45,0,0.0,0,none
2018-06-04,WH_SOUTHEAST,Southeast FC,CAR_A,Carrier A,beleza_saude,refund,1,1,100.0,0,none
2018-06-04,WH_SOUTHEAST,Southeast FC,CAR_A,Carrier A,brinquedos,none,11,0,0.0,0,none
2018-06-04,WH_SOUTHEAST,Southeast FC,CAR_A,Carrier A,cama_mesa_banho,missing,1,1,100.0,0,none
2018-06-04,WH_SOUTHEAST,Southeast FC,CAR_A,Carrier A,cama_mesa_banho,none,38,0,0.0,0,none
2018-06-04,WH_SOUTHEAST,Southeast FC,CAR_A,Carrier A,casa_conforto,none,4,0,0.0,0,none
2018-06-04,WH_SOUTHEAST,Southeast FC,CAR_A,Carrier A,casa_construcao,none,4,0,0.0,0,none
2018-06-04,WH_SOUTHEAST,Southeast FC,CAR_A,Carrier A,casa_construcao,refund,1,1,100.0,0,none
2018-06-04,WH_SOUTHEAST,Southeast FC,CAR_A,Carrier A,consoles_games,none,2,0,0.0,0,none
2018-06-04,WH_SOUTHEAST,Southeast FC,CAR_A,Carrier A,construcao_ferramentas_construcao,none,8,0,0.0,0,none
2018-06-04,WH_SOUTHEAST,Southeast FC,CAR_A,Carrier A,construcao_ferramentas_ferramentas,none,2,0,0.0,0,none
2018-06-04,WH_SOUTHEAST,Southeast FC,CAR_A,Carrier A,construcao_ferramentas_iluminacao,none,3,0,0.0,0,none
2018-06-04,WH_SOUTHEAST,Southeast FC,CAR_A,Carrier A,construcao_ferramentas_seguranca,damaged,1,1,100.0,0,none
2018-06-04,WH_SOUTHEAST,Southeast FC,CAR_A,Carrier A,construcao_ferramentas_seguranca,none,1,0,0.0,0,none
2018-06-04,WH_SOUTHEAST,Southeast FC,CAR_A,Carrier A,cool_stuff,none,5,0,0.0,0,none
2018-06-04,WH_SOUTHEAST,Southeast FC,CAR_A,Carrier A,eletrodomesticos,none,2,0,0.0,0,none
2018-06-04,WH_SOUTHEAST,Southeast FC,CAR_A,Carrier A,eletronicos,none,3,0,0.0,0,none
2018-06-04,WH_SOUTHEAST,Southeast FC,CAR_A,Carrier A,eletroportateis,none,1,0,0.0,0,none
2018-06-04,WH_SOUTHEAST,Southeast FC,CAR_A,Carrier A,esporte_lazer,none,26,0,0.0,0,none
2018-06-04,WH_SOUTHEAST,Southeast FC,CAR_A,Carrier A,esporte_lazer,wrong,1,1,100.0,0,none
2018-06-04,WH_SOUTHEAST,Southeast FC,CAR_A,Carrier A,fashion_bolsas_e_acessorios,none,8,0,0.0,0,none
2018-06-04,WH_SOUTHEAST,Southeast FC,CAR_A,Carrier A,fashion_calcados,none,2,0,0.0,0,none
2018-06-04,WH_SOUTHEAST,Southeast FC,CAR_A,Carrier A,ferramentas_jardim,damaged,1,1,100.0,0,none
2018-06-04,WH_SOUTHEAST,Southeast FC,CAR_A,Carrier A,ferramentas_jardim,none,6,0,0.0,0,none
2018-06-04,WH_SOUTHEAST,Southeast FC,CAR_A,Carrier A,fraldas_higiene,none,2,0,0.0,0,none
2018-06-04,WH_SOUTHEAST,Southeast FC,CAR_A,Carrier A,informatica_acessorios,none,25,0,0.0,0,none
2018-06-04,WH_SOUTHEAST,Southeast FC,CAR_A,Carrier A,instrumentos_musicais,none,4,0,0.0,0,none
2018-06-04,WH_SOUTHEAST,Southeast FC,CAR_A,Carrier A,livros_interesse_geral,damaged,1,1,100.0,0,none
2018-06-04,WH_SOUTHEAST,Southeast FC,CAR_A,Carrier A,livros_interesse_geral,none,2,0,0.0,0,none
2018-06-04,WH_SOUTHEAST,Southeast FC,CAR_A,Carrier A,livros_tecnicos,none,3,0,0.0,0,none
2018-06-04,WH_SOUTHEAST,Southeast FC,CAR_A,Carrier A,malas_acessorios,none,5,0,0.0,0,none
2018-06-04,WH_SOUTHEAST,Southeast FC,CAR_A,Carrier A,market_place,none,1,0,0.0,0,none
2018-06-04,WH_SOUTHEAST,Southeast FC,CAR_A,Carrier A,moveis_cozinha_area_de_servico_jantar_e_jardim,none,2,0,0.0,0,none
2018-06-04,WH_SOUTHEAST,Southeast FC,CAR_A,Carrier A,moveis_decoracao,damaged,1,1,100.0,0,none
2018-06-04,WH_SOUTHEAST,Southeast FC,CAR_A,Carrier A,moveis_decoracao,failed,1,1,100.0,0,none
2018-06-04,WH_SOUTHEAST,Southeast FC,CAR_A,Carrier A,moveis_decoracao,none,13,0,0.0,0,none
2018-06-04,WH_SOUTHEAST,Southeast FC,CAR_A,Carrier A,moveis_escritorio,none,1,0,0.0,0,none
2018-06-04,WH_SOUTHEAST,Southeast FC,CAR_A,Carrier A,papelaria,none,13,0,0.0,0,none
2018-06-04,WH_SOUTHEAST,Southeast FC,CAR_A,Carrier A,perfumaria,none,10,0,0.0,0,none
2018-06-04,WH_SOUTHEAST,Southeast FC,CAR_A,Carrier A,pet_shop,none,12,0,0.0,0,none
2018-06-04,WH_SOUTHEAST,Southeast FC,CAR_A,Carrier A,relogios_presentes,none,24,0,0.0,0,none
2018-06-04,WH_SOUTHEAST,Southeast FC,CAR_A,Carrier A,sinalizacao_e_seguranca,none,1,0,0.0,0,none
2018-06-04,WH_SOUTHEAST,Southeast FC,CAR_A,Carrier A,telefonia,damaged,1,1,100.0,0,none
2018-06-04,WH_SOUTHEAST,Southeast FC,CAR_A,Carrier A,telefonia,none,7,0,0.0,0,none
2018-06-04,WH_SOUTHEAST,Southeast FC,CAR_A,Carrier A,telefonia_fixa,none,1,0,0.0,0,none
2018-06-04,WH_SOUTHEAST,Southeast FC,CAR_A,Carrier A,unknown,none,3,0,0.0,0,none
2018-06-04,WH_SOUTHEAST,Southeast FC,CAR_A,Carrier A,utilidades_domesticas,failed,1,1,100.0,0,none
2018-06-04,WH_SOUTHEAST,Southeast FC,CAR_A,Carrier A,utilidades_domesticas,none,25,0,0.0,0,none
2018-06-04,WH_SOUTHEAST,Southeast FC,CAR_A,Carrier A,utilidades_domesticas,refund,1,1,100.0,0,none
2018-06-04,WH_SOUTHEAST,Southeast FC,CAR_B,Carrier B,agro_industria_e_comercio,none,1,0,0.0,0,none
2018-06-04,WH_SOUTHEAST,Southeast FC,CAR_B,Carrier B,alimentos,none,3,0,0.0,0,none
2018-06-04,WH_SOUTHEAST,Southeast FC,CAR_B,Carrier B,alimentos_bebidas,none,1,0,0.0,0,none
2018-06-04,WH_SOUTHEAST,Southeast FC,CAR_B,Carrier B,artigos_de_natal,none,2,0,0.0,0,none
2018-06-04,WH_SOUTHEAST,Southeast FC,CAR_B,Carrier B,automotivo,none,10,0,0.0,0,none
2018-06-04,WH_SOUTHEAST,Southeast FC,CAR_B,Carrier B,bebes,none,9,0,0.0,0,none
2018-06-04,WH_SOUTHEAST,Southeast FC,CAR_B,Carrier B,bebidas,none,1,0,0.0,0,none
2018-06-04,WH_SOUTHEAST,Southeast FC,CAR_B,Carrier B,beleza_saude,damaged,1,1,100.0,0,none
2018-06-04,WH_SOUTHEAST,Southeast FC,CAR_B,Carrier B,beleza_saude,failed,1,1,100.0,0,none
2018-06-04,WH_SOUTHEAST,Southeast FC,CAR_B,Carrier B,beleza_saude,missing,1,1,100.0,0,none
2018-06-04,WH_SOUTHEAST,Southeast FC,CAR_B,Carrier B,beleza_saude,none,40,0,0.0,0,none
2018-06-04,WH_SOUTHEAST,Southeast FC,CAR_B,Carrier B,beleza_saude,wrong,1,1,100.0,0,none
2018-06-04,WH_SOUTHEAST,Southeast FC,CAR_B,Carrier B,brinquedos,none,9,0,0.0,0,none
2018-06-04,WH_SOUTHEAST,Southeast FC,CAR_B,Carrier B,cama_mesa_banho,failed,2,2,100.0,0,none
2018-06-04,WH_SOUTHEAST,Southeast FC,CAR_B,Carrier B,cama_mesa_banho,missing,1,1,100.0,0,none
2018-06-04,WH_SOUTHEAST,Southeast FC,CAR_B,Carrier B,cama_mesa_banho,none,46,0,0.0,0,none
2018-06-04,WH_SOUTHEAST,Southeast FC,CAR_B,Carrier B,casa_conforto,none,1,0,0.0,0,none
2018-06-04,WH_SOUTHEAST,Southeast FC,CAR_B,Carrier B,casa_construcao,none,3,0,0.0,0,none
2018-06-04,WH_SOUTHEAST,Southeast FC,CAR_B,Carrier B,cine_foto,none,1,0,0.0,0,none
2018-06-04,WH_SOUTHEAST,Southeast FC,CAR_B,Carrier B,climatizacao,none,2,0,0.0,0,none
2018-06-04,WH_SOUTHEAST,Southeast FC,CAR_B,Carrier B,consoles_games,none,1,0,0.0,0,none
2018-06-04,WH_SOUTHEAST,Southeast FC,CAR_B,Carrier B,construcao_ferramentas_construcao,failed,1,1,100.0,0,none
2018-06-04,WH_SOUTHEAST,Southeast FC,CAR_B,Carrier B,construcao_ferramentas_construcao,none,5,0,0.0,0,none
2018-06-04,WH_SOUTHEAST,Southeast FC,CAR_B,Carrier B,construcao_ferramentas_iluminacao,none,4,0,0.0,0,none
2018-06-04,WH_SOUTHEAST,Southeast FC,CAR_B,Carrier B,construcao_ferramentas_seguranca,none,1,0,0.0,0,none
2018-06-04,WH_SOUTHEAST,Southeast FC,CAR_B,Carrier B,cool_stuff,none,6,0,0.0,0,none
2018-06-04,WH_SOUTHEAST,Southeast FC,CAR_B,Carrier B,eletrodomesticos,missing,1,1,100.0,0,none
2018-06-04,WH_SOUTHEAST,Southeast FC,CAR_B,Carrier B,eletrodomesticos,none,3,0,0.0,0,none
2018-06-04,WH_SOUTHEAST,Southeast FC,CAR_B,Carrier B,eletrodomesticos_2,none,1,0,0.0,0,none
2018-06-04,WH_SOUTHEAST,Southeast FC,CAR_B,Carrier B,eletronicos,none,9,0,0.0,0,none
2018-06-04,WH_SOUTHEAST,Southeast FC,CAR_B,Carrier B,eletronicos,refund,1,1,100.0,0,none
2018-06-04,WH_SOUTHEAST,Southeast FC,CAR_B,Carrier B,eletroportateis,none,3,0,0.0,0,none
2018-06-04,WH_SOUTHEAST,Southeast FC,CAR_B,Carrier B,esporte_lazer,none,15,0,0.0,0,none
2018-06-04,WH_SOUTHEAST,Southeast FC,CAR_B,Carrier B,fashion_bolsas_e_acessorios,none,4,0,0.0,0,none
2018-06-04,WH_SOUTHEAST,Southeast FC,CAR_B,Carrier B,fashion_roupa_masculina,none,1,0,0.0,0,none
2018-06-04,WH_SOUTHEAST,Southeast FC,CAR_B,Carrier B,ferramentas_jardim,none,6,0,0.0,0,none
2018-06-04,WH_SOUTHEAST,Southeast FC,CAR_B,Carrier B,industria_comercio_e_negocios,failed,1,1,100.0,0,none
2018-06-04,WH_SOUTHEAST,Southeast FC,CAR_B,Carrier B,industria_comercio_e_negocios,none,1,0,0.0,0,none
2018-06-04,WH_SOUTHEAST,Southeast FC,CAR_B,Carrier B,informatica_acessorios,none,28,0,0.0,0,none
2018-06-04,WH_SOUTHEAST,Southeast FC,CAR_B,Carrier B,livros_importados,none,1,0,0.0,0,none
2018-06-04,WH_SOUTHEAST,Southeast FC,CAR_B,Carrier B,livros_interesse_geral,none,5,0,0.0,0,none
2018-06-04,WH_SOUTHEAST,Southeast FC,CAR_B,Carrier B,malas_acessorios,none,1,0,0.0,0,none
2018-06-04,WH_SOUTHEAST,Southeast FC,CAR_B,Carrier B,market_place,wrong,1,1,100.0,0,none
2018-06-04,WH_SOUTHEAST,Southeast FC,CAR_B,Carrier B,moveis_cozinha_area_de_servico_jantar_e_jardim,none,1,0,0.0,0,none
2018-06-04,WH_SOUTHEAST,Southeast FC,CAR_B,Carrier B,moveis_decoracao,none,5,0,0.0,0,none
2018-06-04,WH_SOUTHEAST,Southeast FC,CAR_B,Carrier B,moveis_escritorio,none,5,0,0.0,0,none
2018-06-04,WH_SOUTHEAST,Southeast FC,CAR_B,Carrier B,papelaria,none,14,0,0.0,0,none
2018-06-04,WH_SOUTHEAST,Southeast FC,CAR_B,Carrier B,perfumaria,damaged,1,1,100.0,0,none
2018-06-04,WH_SOUTHEAST,Southeast FC,CAR_B,Carrier B,perfumaria,none,12,0,0.0,0,none
2018-06-04,WH_SOUTHEAST,Southeast FC,CAR_B,Carrier B,pet_shop,none,8,0,0.0,0,none
2018-06-04,WH_SOUTHEAST,Southeast FC,CAR_B,Carrier B,relogios_presentes,none,21,0,0.0,0,none
2018-06-04,WH_SOUTHEAST,Southeast FC,CAR_B,Carrier B,relogios_presentes,refund,3,3,100.0,0,none
2018-06-04,WH_SOUTHEAST,Southeast FC,CAR_B,Carrier B,telefonia,damaged,1,1,100.0,0,none
2018-06-04,WH_SOUTHEAST,Southeast FC,CAR_B,Carrier B,telefonia,none,10,0,0.0,0,none
2018-06-04,WH_SOUTHEAST,Southeast FC,CAR_B,Carrier B,unknown,none,1,0,0.0,0,none
2018-06-04,WH_SOUTHEAST,Southeast FC,CAR_B,Carrier B,utilidades_domesticas,none,34,0,0.0,0,none
2018-06-04,WH_SOUTHEAST,Southeast FC,CAR_C,Carrier C,alimentos,none,2,0,0.0,0,none
2018-06-04,WH_SOUTHEAST,Southeast FC,CAR_C,Carrier C,alimentos_bebidas,none,1,0,0.0,0,none
2018-06-04,WH_SOUTHEAST,Southeast FC,CAR_C,Carrier C,artigos_de_festas,none,1,0,0.0,0,none
2018-06-04,WH_SOUTHEAST,Southeast FC,CAR_C,Carrier C,automotivo,damaged,1,1,100.0,0,none
2018-06-04,WH_SOUTHEAST,Southeast FC,CAR_C,Carrier C,automotivo,none,5,0,0.0,0,none
2018-06-04,WH_SOUTHEAST,Southeast FC,CAR_C,Carrier C,automotivo,refund,2,2,100.0,0,none
2018-06-04,WH_SOUTHEAST,Southeast FC,CAR_C,Carrier C,bebes,none,7,0,0.0,0,none
2018-06-04,WH_SOUTHEAST,Southeast FC,CAR_C,Carrier C,bebes,wrong,1,1,100.0,0,none
2018-06-04,WH_SOUTHEAST,Southeast FC,CAR_C,Carrier C,bebidas,none,3,0,0.0,0,none
2018-06-04,WH_SOUTHEAST,Southeast FC,CAR_C,Carrier C,beleza_saude,failed,1,1,100.0,0,none
2018-06-04,WH_SOUTHEAST,Southeast FC,CAR_C,Carrier C,beleza_saude,none,28,0,0.0,0,none
2018-06-04,WH_SOUTHEAST,Southeast FC,CAR_C,Carrier C,beleza_saude,wrong,2,2,100.0,0,none
2018-06-04,WH_SOUTHEAST,Southeast FC,CAR_C,Carrier C,brinquedos,failed,1,1,100.0,0,none
2018-06-04,WH_SOUTHEAST,Southeast FC,CAR_C,Carrier C,brinquedos,none,6,0,0.0,0,none
2018-06-04,WH_SOUTHEAST,Southeast FC,CAR_C,Carrier C,cama_mesa_banho,missing,2,2,100.0,0,none
2018-06-04,WH_SOUTHEAST,Southeast FC,CAR_C,Carrier C,cama_mesa_banho,none,25,0,0.0,0,none
2018-06-04,WH_SOUTHEAST,Southeast FC,CAR_C,Carrier C,cama_mesa_banho,refund,2,2,100.0,0,none
2018-06-04,WH_SOUTHEAST,Southeast FC,CAR_C,Carrier C,casa_conforto,none,2,0,0.0,0,none
2018-06-04,WH_SOUTHEAST,Southeast FC,CAR_C,Carrier C,casa_conforto_2,none,1,0,0.0,0,none
2018-06-04,WH_SOUTHEAST,Southeast FC,CAR_C,Carrier C,casa_construcao,none,3,0,0.0,0,none
2018-06-04,WH_SOUTHEAST,Southeast FC,CAR_C,Carrier C,climatizacao,failed,1,1,100.0,0,none
2018-06-04,WH_SOUTHEAST,Southeast FC,CAR_C,Carrier C,consoles_games,none,1,0,0.0,0,none
2018-06-04,WH_SOUTHEAST,Southeast FC,CAR_C,Carrier C,construcao_ferramentas_construcao,failed,1,1,100.0,0,none
2018-06-04,WH_SOUTHEAST,Southeast FC,CAR_C,Carrier C,construcao_ferramentas_construcao,none,3,0,0.0,0,none
2018-06-04,WH_SOUTHEAST,Southeast FC,CAR_C,Carrier C,construcao_ferramentas_ferramentas,none,1,0,0.0,0,none
2018-06-04,WH_SOUTHEAST,Southeast FC,CAR_C,Carrier C,cool_stuff,none,1,0,0.0,0,none
2018-06-04,WH_SOUTHEAST,Southeast FC,CAR_C,Carrier C,eletrodomesticos,damaged,1,1,100.0,0,none
2018-06-04,WH_SOUTHEAST,Southeast FC,CAR_C,Carrier C,eletrodomesticos,none,1,0,0.0,0,none
2018-06-04,WH_SOUTHEAST,Southeast FC,CAR_C,Carrier C,eletrodomesticos_2,damaged,1,1,100.0,0,none
2018-06-04,WH_SOUTHEAST,Southeast FC,CAR_C,Carrier C,eletronicos,missing,1,1,100.0,0,none
2018-06-04,WH_SOUTHEAST,Southeast FC,CAR_C,Carrier C,eletronicos,none,12,0,0.0,0,none
2018-06-04,WH_SOUTHEAST,Southeast FC,CAR_C,Carrier C,eletroportateis,failed,1,1,100.0,0,none
2018-06-04,WH_SOUTHEAST,Southeast FC,CAR_C,Carrier C,eletroportateis,none,5,0,0.0,0,none
2018-06-04,WH_SOUTHEAST,Southeast FC,CAR_C,Carrier C,eletroportateis,refund,1,1,100.0,0,none
2018-06-04,WH_SOUTHEAST,Southeast FC,CAR_C,Carrier C,esporte_lazer,failed,1,1,100.0,0,none
2018-06-04,WH_SOUTHEAST,Southeast FC,CAR_C,Carrier C,esporte_lazer,none,8,0,0.0,0,none
2018-06-04,WH_SOUTHEAST,Southeast FC,CAR_C,Carrier C,esporte_lazer,wrong,1,1,100.0,0,none
2018-06-04,WH_SOUTHEAST,Southeast FC,CAR_C,Carrier C,fashion_bolsas_e_acessorios,none,2,0,0.0,0,none
2018-06-04,WH_SOUTHEAST,Southeast FC,CAR_C,Carrier C,ferramentas_jardim,damaged,1,1,100.0,0,none
2018-06-04,WH_SOUTHEAST,Southeast FC,CAR_C,Carrier C,ferramentas_jardim,none,4,0,0.0,0,none
2018-06-04,WH_SOUTHEAST,Southeast FC,CAR_C,Carrier C,industria_comercio_e_negocios,none,1,0,0.0,0,none
2018-06-04,WH_SOUTHEAST,Southeast FC,CAR_C,Carrier C,informatica_acessorios,damaged,1,1,100.0,0,none
2018-06-04,WH_SOUTHEAST,Southeast FC,CAR_C,Carrier C,informatica_acessorios,missing,1,1,100.0,0,none
2018-06-04,WH_SOUTHEAST,Southeast FC,CAR_C,Carrier C,informatica_acessorios,none,17,0,0.0,0,none
2018-06-04,WH_SOUTHEAST,Southeast FC,CAR_C,Carrier C,instrumentos_musicais,none,3,0,0.0,0,none
2018-06-04,WH_SOUTHEAST,Southeast FC,CAR_C,Carrier C,instrumentos_musicais,refund,2,2,100.0,0,none
2018-06-04,WH_SOUTHEAST,Southeast FC,CAR_C,Carrier C,livros_tecnicos,none,1,0,0.0,0,none
2018-06-04,WH_SOUTHEAST,Southeast FC,CAR_C,Carrier C,livros_tecnicos,refund,1,1,100.0,0,none
2018-06-04,WH_SOUTHEAST,Southeast FC,CAR_C,Carrier C,malas_acessorios,none,2,0,0.0,0,none
2018-06-04,WH_SOUTHEAST,Southeast FC,CAR_C,Carrier C,moveis_cozinha_area_de_servico_jantar_e_jardim,missing,1,1,100.0,0,none
2018-06-04,WH_SOUTHEAST,Southeast FC,CAR_C,Carrier C,moveis_decoracao,none,10,0,0.0,0,none
2018-06-04,WH_SOUTHEAST,Southeast FC,CAR_C,Carrier C,moveis_escritorio,none,4,0,0.0,0,none
2018-06-04,WH_SOUTHEAST,Southeast FC,CAR_C,Carrier C,moveis_quarto,missing,1,1,100.0,0,none
2018-06-04,WH_SOUTHEAST,Southeast FC,CAR_C,Carrier C,moveis_sala,none,1,0,0.0,0,none
2018-06-04,WH_SOUTHEAST,Southeast FC,CAR_C,Carrier C,papelaria,none,7,0,0.0,0,none
2018-06-04,WH_SOUTHEAST,Southeast FC,CAR_C,Carrier C,perfumaria,none,8,0,0.0,0,none
2018-06-04,WH_SOUTHEAST,Southeast FC,CAR_C,Carrier C,pet_shop,none,7,0,0.0,0,none
2018-06-04,WH_SOUTHEAST,Southeast FC,CAR_C,Carrier C,pet_shop,wrong,1,1,100.0,0,none
2018-06-04,WH_SOUTHEAST,Southeast FC,CAR_C,Carrier C,relogios_presentes,damaged,1,1,100.0,0,none
2018-06-04,WH_SOUTHEAST,Southeast FC,CAR_C,Carrier C,relogios_presentes,none,17,0,0.0,0,none
2018-06-04,WH_SOUTHEAST,Southeast FC,CAR_C,Carrier C,relogios_presentes,wrong,1,1,100.0,0,none
2018-06-04,WH_SOUTHEAST,Southeast FC,CAR_C,Carrier C,sinalizacao_e_seguranca,none,2,0,0.0,0,none
2018-06-04,WH_SOUTHEAST,Southeast FC,CAR_C,Carrier C,telefonia,none,8,0,0.0,0,none
2018-06-04,WH_SOUTHEAST,Southeast FC,CAR_C,Carrier C,telefonia_fixa,none,1,0,0.0,0,none
2018-06-04,WH_SOUTHEAST,Southeast FC,CAR_C,Carrier C,unknown,none,1,0,0.0,0,none
2018-06-04,WH_SOUTHEAST,Southeast FC,CAR_C,Carrier C,utilidades_domesticas,damaged,1,1,100.0,0,none
2018-06-04,WH_SOUTHEAST,Southeast FC,CAR_C,Carrier C,utilidades_domesticas,none,15,0,0.0,0,none
2018-06-04,WH_SOUTHEAST,Southeast FC,CAR_C,Carrier C,utilidades_domesticas,refund,2,2,100.0,0,none
2018-06-04,WH_SOUTHEAST,Southeast FC,CAR_D,Carrier D,alimentos,refund,1,1,100.0,0,none
2018-06-04,WH_SOUTHEAST,Southeast FC,CAR_D,Carrier D,automotivo,none,9,0,0.0,0,none
2018-06-04,WH_SOUTHEAST,Southeast FC,CAR_D,Carrier D,bebes,none,6,0,0.0,0,none
2018-06-04,WH_SOUTHEAST,Southeast FC,CAR_D,Carrier D,bebidas,none,1,0,0.0,0,none
2018-06-04,WH_SOUTHEAST,Southeast FC,CAR_D,Carrier D,beleza_saude,none,24,0,0.0,0,none
2018-06-04,WH_SOUTHEAST,Southeast FC,CAR_D,Carrier D,brinquedos,none,5,0,0.0,0,none
2018-06-04,WH_SOUTHEAST,Southeast FC,CAR_D,Carrier D,cama_mesa_banho,damaged,1,1,100.0,0,none
2018-06-04,WH_SOUTHEAST,Southeast FC,CAR_D,Carrier D,cama_mesa_banho,none,13,0,0.0,0,none
2018-06-04,WH_SOUTHEAST,Southeast FC,CAR_D,Carrier D,casa_conforto,none,1,0,0.0,0,none
2018-06-04,WH_SOUTHEAST,Southeast FC,CAR_D,Carrier D,construcao_ferramentas_construcao,none,2,0,0.0,0,none
2018-06-04,WH_SOUTHEAST,Southeast FC,CAR_D,Carrier D,cool_stuff,damaged,1,1,100.0,0,none
2018-06-04,WH_SOUTHEAST,Southeast FC,CAR_D,Carrier D,cool_stuff,none,3,0,0.0,0,none
2018-06-04,WH_SOUTHEAST,Southeast FC,CAR_D,Carrier D,dvds_blu_ray,none,1,0,0.0,0,none
2018-06-04,WH_SOUTHEAST,Southeast FC,CAR_D,Carrier D,eletrodomesticos,none,2,0,0.0,0,none
2018-06-04,WH_SOUTHEAST,Southeast FC,CAR_D,Carrier D,eletrodomesticos_2,none,1,0,0.0,0,none
2018-06-04,WH_SOUTHEAST,Southeast FC,CAR_D,Carrier D,eletronicos,none,4,0,0.0,0,none
2018-06-04,WH_SOUTHEAST,Southeast FC,CAR_D,Carrier D,esporte_lazer,none,1,0,0.0,0,none
2018-06-04,WH_SOUTHEAST,Southeast FC,CAR_D,Carrier D,fashion_bolsas_e_acessorios,none,2,0,0.0,0,none
2018-06-04,WH_SOUTHEAST,Southeast FC,CAR_D,Carrier D,fashion_calcados,none,1,0,0.0,0,none
2018-06-04,WH_SOUTHEAST,Southeast FC,CAR_D,Carrier D,ferramentas_jardim,missing,1,1,100.0,0,none
2018-06-04,WH_SOUTHEAST,Southeast FC,CAR_D,Carrier D,ferramentas_jardim,none,6,0,0.0,0,none
2018-06-04,WH_SOUTHEAST,Southeast FC,CAR_D,Carrier D,informatica_acessorios,missing,1,1,100.0,0,none
2018-06-04,WH_SOUTHEAST,Southeast FC,CAR_D,Carrier D,informatica_acessorios,none,5,0,0.0,0,none
2018-06-04,WH_SOUTHEAST,Southeast FC,CAR_D,Carrier D,informatica_acessorios,wrong,1,1,100.0,0,none
2018-06-04,WH_SOUTHEAST,Southeast FC,CAR_D,Carrier D,malas_acessorios,none,1,0,0.0,0,none
2018-06-04,WH_SOUTHEAST,Southeast FC,CAR_D,Carrier D,moveis_decoracao,missing,1,1,100.0,0,none
2018-06-04,WH_SOUTHEAST,Southeast FC,CAR_D,Carrier D,moveis_escritorio,none,4,0,0.0,0,none
2018-06-04,WH_SOUTHEAST,Southeast FC,CAR_D,Carrier D,moveis_sala,none,1,0,0.0,0,none
2018-06-04,WH_SOUTHEAST,Southeast FC,CAR_D,Carrier D,papelaria,none,3,0,0.0,0,none
2018-06-04,WH_SOUTHEAST,Southeast FC,CAR_D,Carrier D,pcs,none,1,0,0.0,0,none
2018-06-04,WH_SOUTHEAST,Southeast FC,CAR_D,Carrier D,perfumaria,none,4,0,0.0,0,none
2018-06-04,WH_SOUTHEAST,Southeast FC,CAR_D,Carrier D,perfumaria,wrong,1,1,100.0,0,none
2018-06-04,WH_SOUTHEAST,Southeast FC,CAR_D,Carrier D,pet_shop,none,1,0,0.0,0,none
2018-06-04,WH_SOUTHEAST,Southeast FC,CAR_D,Carrier D,pet_shop,refund,1,1,100.0,0,none
2018-06-04,WH_SOUTHEAST,Southeast FC,CAR_D,Carrier D,relogios_presentes,none,6,0,0.0,0,none
2018-06-04,WH_SOUTHEAST,Southeast FC,CAR_D,Carrier D,telefonia,none,3,0,0.0,0,none
2018-06-04,WH_SOUTHEAST,Southeast FC,CAR_D,Carrier D,utilidades_domesticas,none,9,0,0.0,0,none
2018-06-04,WH_SOUTHEAST,Southeast FC,CAR_D,Carrier D,utilidades_domesticas,refund,1,1,100.0,0,none
2018-06-11,WH_CENTRAL_WEST,Central-West FC,CAR_A,Carrier A,automotivo,none,2,0,0.0,0,none
2018-06-11,WH_CENTRAL_WEST,Central-West FC,CAR_A,Carrier A,bebes,none,1,0,0.0,0,none
2018-06-11,WH_CENTRAL_WEST,Central-West FC,CAR_A,Carrier A,beleza_saude,none,5,0,0.0,0,none
2018-06-11,WH_CENTRAL_WEST,Central-West FC,CAR_A,Carrier A,beleza_saude,refund,1,1,100.0,0,none
2018-06-11,WH_CENTRAL_WEST,Central-West FC,CAR_A,Carrier A,brinquedos,none,1,0,0.0,0,none
2018-06-11,WH_CENTRAL_WEST,Central-West FC,CAR_A,Carrier A,consoles_games,none,1,0,0.0,0,none
2018-06-11,WH_CENTRAL_WEST,Central-West FC,CAR_A,Carrier A,construcao_ferramentas_construcao,none,1,0,0.0,0,none
2018-06-11,WH_CENTRAL_WEST,Central-West FC,CAR_A,Carrier A,eletronicos,none,1,0,0.0,0,none
2018-06-11,WH_CENTRAL_WEST,Central-West FC,CAR_A,Carrier A,informatica_acessorios,none,3,0,0.0,0,none
2018-06-11,WH_CENTRAL_WEST,Central-West FC,CAR_A,Carrier A,moveis_decoracao,none,2,0,0.0,0,none
2018-06-11,WH_CENTRAL_WEST,Central-West FC,CAR_A,Carrier A,papelaria,none,1,0,0.0,0,none
2018-06-11,WH_CENTRAL_WEST,Central-West FC,CAR_A,Carrier A,perfumaria,none,1,0,0.0,0,none
2018-06-11,WH_CENTRAL_WEST,Central-West FC,CAR_A,Carrier A,pet_shop,none,1,0,0.0,0,none
2018-06-11,WH_CENTRAL_WEST,Central-West FC,CAR_A,Carrier A,relogios_presentes,none,4,0,0.0,0,none
2018-06-11,WH_CENTRAL_WEST,Central-West FC,CAR_A,Carrier A,telefonia,none,2,0,0.0,0,none
2018-06-11,WH_CENTRAL_WEST,Central-West FC,CAR_A,Carrier A,utilidades_domesticas,none,3,0,0.0,0,none
2018-06-11,WH_CENTRAL_WEST,Central-West FC,CAR_B,Carrier B,artes,none,1,0,0.0,0,none
2018-06-11,WH_CENTRAL_WEST,Central-West FC,CAR_B,Carrier B,beleza_saude,none,1,0,0.0,0,none
2018-06-11,WH_CENTRAL_WEST,Central-West FC,CAR_B,Carrier B,brinquedos,none,1,0,0.0,0,none
2018-06-11,WH_CENTRAL_WEST,Central-West FC,CAR_B,Carrier B,cama_mesa_banho,none,1,0,0.0,0,none
2018-06-11,WH_CENTRAL_WEST,Central-West FC,CAR_B,Carrier B,cool_stuff,none,2,0,0.0,0,none
2018-06-11,WH_CENTRAL_WEST,Central-West FC,CAR_B,Carrier B,eletronicos,none,2,0,0.0,0,none
2018-06-11,WH_CENTRAL_WEST,Central-West FC,CAR_B,Carrier B,esporte_lazer,none,1,0,0.0,0,none
2018-06-11,WH_CENTRAL_WEST,Central-West FC,CAR_B,Carrier B,fashion_bolsas_e_acessorios,none,1,0,0.0,0,none
2018-06-11,WH_CENTRAL_WEST,Central-West FC,CAR_B,Carrier B,moveis_decoracao,none,3,0,0.0,0,none
2018-06-11,WH_CENTRAL_WEST,Central-West FC,CAR_B,Carrier B,papelaria,none,1,0,0.0,0,none
2018-06-11,WH_CENTRAL_WEST,Central-West FC,CAR_B,Carrier B,pet_shop,none,1,0,0.0,0,none
2018-06-11,WH_CENTRAL_WEST,Central-West FC,CAR_B,Carrier B,relogios_presentes,none,2,0,0.0,0,none
2018-06-11,WH_CENTRAL_WEST,Central-West FC,CAR_B,Carrier B,telefonia,none,1,0,0.0,0,none
2018-06-11,WH_CENTRAL_WEST,Central-West FC,CAR_B,Carrier B,unknown,none,1,0,0.0,0,none
2018-06-11,WH_CENTRAL_WEST,Central-West FC,CAR_B,Carrier B,utilidades_domesticas,none,2,0,0.0,0,none
2018-06-11,WH_CENTRAL_WEST,Central-West FC,CAR_C,Carrier C,bebes,none,1,0,0.0,0,none
2018-06-11,WH_CENTRAL_WEST,Central-West FC,CAR_C,Carrier C,beleza_saude,failed,1,1,100.0,0,none
2018-06-11,WH_CENTRAL_WEST,Central-West FC,CAR_C,Carrier C,consoles_games,none,1,0,0.0,0,none
2018-06-11,WH_CENTRAL_WEST,Central-West FC,CAR_C,Carrier C,construcao_ferramentas_construcao,none,1,0,0.0,0,none
2018-06-11,WH_CENTRAL_WEST,Central-West FC,CAR_C,Carrier C,esporte_lazer,none,1,0,0.0,0,none
2018-06-11,WH_CENTRAL_WEST,Central-West FC,CAR_C,Carrier C,ferramentas_jardim,none,1,0,0.0,0,none
2018-06-11,WH_CENTRAL_WEST,Central-West FC,CAR_C,Carrier C,perfumaria,none,1,0,0.0,0,none
2018-06-11,WH_CENTRAL_WEST,Central-West FC,CAR_C,Carrier C,pet_shop,none,2,0,0.0,0,none
2018-06-11,WH_CENTRAL_WEST,Central-West FC,CAR_D,Carrier D,bebes,none,1,0,0.0,0,none
2018-06-11,WH_CENTRAL_WEST,Central-West FC,CAR_D,Carrier D,beleza_saude,none,3,0,0.0,0,none
2018-06-11,WH_CENTRAL_WEST,Central-West FC,CAR_D,Carrier D,beleza_saude,wrong,1,1,100.0,0,none
2018-06-11,WH_CENTRAL_WEST,Central-West FC,CAR_D,Carrier D,brinquedos,none,1,0,0.0,0,none
2018-06-11,WH_CENTRAL_WEST,Central-West FC,CAR_D,Carrier D,cama_mesa_banho,none,1,0,0.0,0,none
2018-06-11,WH_CENTRAL_WEST,Central-West FC,CAR_D,Carrier D,casa_construcao,none,1,0,0.0,0,none
2018-06-11,WH_CENTRAL_WEST,Central-West FC,CAR_D,Carrier D,consoles_games,missing,1,1,100.0,0,none
2018-06-11,WH_CENTRAL_WEST,Central-West FC,CAR_D,Carrier D,consoles_games,none,1,0,0.0,0,none
2018-06-11,WH_CENTRAL_WEST,Central-West FC,CAR_D,Carrier D,eletronicos,damaged,1,1,100.0,0,none
2018-06-11,WH_CENTRAL_WEST,Central-West FC,CAR_D,Carrier D,eletronicos,none,1,0,0.0,0,none
2018-06-11,WH_CENTRAL_WEST,Central-West FC,CAR_D,Carrier D,esporte_lazer,none,1,0,0.0,0,none
2018-06-11,WH_CENTRAL_WEST,Central-West FC,CAR_D,Carrier D,informatica_acessorios,none,1,0,0.0,0,none
2018-06-11,WH_CENTRAL_WEST,Central-West FC,CAR_D,Carrier D,instrumentos_musicais,failed,1,1,100.0,0,none
2018-06-11,WH_CENTRAL_WEST,Central-West FC,CAR_D,Carrier D,moveis_decoracao,none,3,0,0.0,0,none
2018-06-11,WH_CENTRAL_WEST,Central-West FC,CAR_D,Carrier D,moveis_escritorio,none,1,0,0.0,0,none
2018-06-11,WH_CENTRAL_WEST,Central-West FC,CAR_D,Carrier D,musica,none,1,0,0.0,0,none
2018-06-11,WH_CENTRAL_WEST,Central-West FC,CAR_D,Carrier D,perfumaria,damaged,1,1,100.0,0,none
2018-06-11,WH_CENTRAL_WEST,Central-West FC,CAR_D,Carrier D,relogios_presentes,none,2,0,0.0,0,none
2018-06-11,WH_CENTRAL_WEST,Central-West FC,CAR_D,Carrier D,relogios_presentes,refund,1,1,100.0,0,none
2018-06-11,WH_CENTRAL_WEST,Central-West FC,CAR_D,Carrier D,telefonia,none,1,0,0.0,0,none
2018-06-11,WH_CENTRAL_WEST,Central-West FC,CAR_D,Carrier D,utilidades_domesticas,none,3,0,0.0,0,none
2018-06-11,WH_NORTH,North FC,CAR_A,Carrier A,beleza_saude,none,1,0,0.0,0,none
2018-06-11,WH_NORTH,North FC,CAR_A,Carrier A,construcao_ferramentas_construcao,none,1,0,0.0,0,none
2018-06-11,WH_NORTH,North FC,CAR_A,Carrier A,esporte_lazer,none,1,0,0.0,0,none
2018-06-11,WH_NORTH,North FC,CAR_A,Carrier A,ferramentas_jardim,none,2,0,0.0,0,none
2018-06-11,WH_NORTH,North FC,CAR_A,Carrier A,informatica_acessorios,none,1,0,0.0,0,none
2018-06-11,WH_NORTH,North FC,CAR_A,Carrier A,malas_acessorios,none,1,0,0.0,0,none
2018-06-11,WH_NORTH,North FC,CAR_A,Carrier A,moveis_escritorio,none,3,0,0.0,0,none
2018-06-11,WH_NORTH,North FC,CAR_A,Carrier A,utilidades_domesticas,none,1,0,0.0,0,none
2018-06-11,WH_NORTH,North FC,CAR_B,Carrier B,beleza_saude,none,1,0,0.0,0,none
2018-06-11,WH_NORTH,North FC,CAR_B,Carrier B,esporte_lazer,none,1,0,0.0,0,none
2018-06-11,WH_NORTH,North FC,CAR_B,Carrier B,fashion_bolsas_e_acessorios,none,2,0,0.0,0,none
2018-06-11,WH_NORTH,North FC,CAR_B,Carrier B,papelaria,none,1,0,0.0,0,none
2018-06-11,WH_NORTH,North FC,CAR_B,Carrier B,perfumaria,none,2,0,0.0,0,none
2018-06-11,WH_NORTH,North FC,CAR_B,Carrier B,relogios_presentes,none,2,0,0.0,0,none
2018-06-11,WH_NORTH,North FC,CAR_B,Carrier B,utilidades_domesticas,none,1,0,0.0,0,none
2018-06-11,WH_NORTH,North FC,CAR_C,Carrier C,bebes,none,1,0,0.0,0,none
2018-06-11,WH_NORTH,North FC,CAR_C,Carrier C,esporte_lazer,none,1,0,0.0,0,none
2018-06-11,WH_NORTH,North FC,CAR_C,Carrier C,ferramentas_jardim,none,1,0,0.0,0,none
2018-06-11,WH_NORTH,North FC,CAR_C,Carrier C,informatica_acessorios,none,1,0,0.0,0,none
2018-06-11,WH_NORTH,North FC,CAR_C,Carrier C,relogios_presentes,none,1,0,0.0,0,none
2018-06-11,WH_NORTH,North FC,CAR_D,Carrier D,beleza_saude,failed,1,1,100.0,0,none
2018-06-11,WH_NORTH,North FC,CAR_D,Carrier D,informatica_acessorios,none,1,0,0.0,0,none
2018-06-11,WH_SOUTH,South FC,CAR_A,Carrier A,artes,none,1,0,0.0,0,none
2018-06-11,WH_SOUTH,South FC,CAR_A,Carrier A,automotivo,none,4,0,0.0,0,none
2018-06-11,WH_SOUTH,South FC,CAR_A,Carrier A,bebes,none,1,0,0.0,0,none
2018-06-11,WH_SOUTH,South FC,CAR_A,Carrier A,beleza_saude,missing,1,1,100.0,0,none
2018-06-11,WH_SOUTH,South FC,CAR_A,Carrier A,beleza_saude,none,6,0,0.0,0,none
2018-06-11,WH_SOUTH,South FC,CAR_A,Carrier A,cama_mesa_banho,none,2,0,0.0,0,none
2018-06-11,WH_SOUTH,South FC,CAR_A,Carrier A,casa_conforto,none,1,0,0.0,0,none
2018-06-11,WH_SOUTH,South FC,CAR_A,Carrier A,climatizacao,none,1,0,0.0,0,none
2018-06-11,WH_SOUTH,South FC,CAR_A,Carrier A,construcao_ferramentas_construcao,none,2,0,0.0,0,none
2018-06-11,WH_SOUTH,South FC,CAR_A,Carrier A,cool_stuff,none,1,0,0.0,0,none
2018-06-11,WH_SOUTH,South FC,CAR_A,Carrier A,eletrodomesticos,none,1,0,0.0,0,none
2018-06-11,WH_SOUTH,South FC,CAR_A,Carrier A,eletronicos,none,3,0,0.0,0,none
2018-06-11,WH_SOUTH,South FC,CAR_A,Carrier A,esporte_lazer,none,5,0,0.0,0,none
2018-06-11,WH_SOUTH,South FC,CAR_A,Carrier A,fashion_bolsas_e_acessorios,none,1,0,0.0,0,none
2018-06-11,WH_SOUTH,South FC,CAR_A,Carrier A,ferramentas_jardim,none,5,0,0.0,0,none
2018-06-11,WH_SOUTH,South FC,CAR_A,Carrier A,industria_comercio_e_negocios,none,1,0,0.0,0,none
2018-06-11,WH_SOUTH,South FC,CAR_A,Carrier A,informatica_acessorios,none,5,0,0.0,0,none
2018-06-11,WH_SOUTH,South FC,CAR_A,Carrier A,instrumentos_musicais,none,1,0,0.0,0,none
2018-06-11,WH_SOUTH,South FC,CAR_A,Carrier A,livros_tecnicos,none,1,0,0.0,0,none
2018-06-11,WH_SOUTH,South FC,CAR_A,Carrier A,moveis_decoracao,missing,1,1,100.0,0,none
2018-06-11,WH_SOUTH,South FC,CAR_A,Carrier A,moveis_decoracao,none,4,0,0.0,0,none
2018-06-11,WH_SOUTH,South FC,CAR_A,Carrier A,papelaria,none,5,0,0.0,0,none
2018-06-11,WH_SOUTH,South FC,CAR_A,Carrier A,perfumaria,none,2,0,0.0,0,none
2018-06-11,WH_SOUTH,South FC,CAR_A,Carrier A,pet_shop,none,2,0,0.0,0,none
2018-06-11,WH_SOUTH,South FC,CAR_A,Carrier A,relogios_presentes,none,3,0,0.0,0,none
2018-06-11,WH_SOUTH,South FC,CAR_A,Carrier A,sinalizacao_e_seguranca,none,1,0,0.0,0,none
2018-06-11,WH_SOUTH,South FC,CAR_A,Carrier A,telefonia,none,1,0,0.0,0,none
2018-06-11,WH_SOUTH,South FC,CAR_A,Carrier A,telefonia,refund,1,1,100.0,0,none
2018-06-11,WH_SOUTH,South FC,CAR_A,Carrier A,utilidades_domesticas,none,5,0,0.0,0,none
2018-06-11,WH_SOUTH,South FC,CAR_B,Carrier B,artes,none,2,0,0.0,0,none
2018-06-11,WH_SOUTH,South FC,CAR_B,Carrier B,automotivo,none,2,0,0.0,0,none
2018-06-11,WH_SOUTH,South FC,CAR_B,Carrier B,automotivo,refund,1,1,100.0,0,none
2018-06-11,WH_SOUTH,South FC,CAR_B,Carrier B,bebes,none,4,0,0.0,0,none
2018-06-11,WH_SOUTH,South FC,CAR_B,Carrier B,beleza_saude,none,6,0,0.0,0,none
2018-06-11,WH_SOUTH,South FC,CAR_B,Carrier B,brinquedos,none,2,0,0.0,0,none
2018-06-11,WH_SOUTH,South FC,CAR_B,Carrier B,cama_mesa_banho,none,3,0,0.0,0,none
2018-06-11,WH_SOUTH,South FC,CAR_B,Carrier B,cama_mesa_banho,refund,1,1,100.0,0,none
2018-06-11,WH_SOUTH,South FC,CAR_B,Carrier B,casa_construcao,missing,1,1,100.0,0,none
2018-06-11,WH_SOUTH,South FC,CAR_B,Carrier B,casa_construcao,none,2,0,0.0,0,none
2018-06-11,WH_SOUTH,South FC,CAR_B,Carrier B,cine_foto,none,1,0,0.0,0,none
2018-06-11,WH_SOUTH,South FC,CAR_B,Carrier B,construcao_ferramentas_construcao,none,2,0,0.0,0,none
2018-06-11,WH_SOUTH,South FC,CAR_B,Carrier B,eletronicos,none,1,0,0.0,0,none
2018-06-11,WH_SOUTH,South FC,CAR_B,Carrier B,eletroportateis,none,1,0,0.0,0,none
2018-06-11,WH_SOUTH,South FC,CAR_B,Carrier B,esporte_lazer,none,4,0,0.0,0,none
2018-06-11,WH_SOUTH,South FC,CAR_B,Carrier B,informatica_acessorios,none,1,0,0.0,0,none
2018-06-11,WH_SOUTH,South FC,CAR_B,Carrier B,moveis_decoracao,none,4,0,0.0,0,none
2018-06-11,WH_SOUTH,South FC,CAR_B,Carrier B,papelaria,none,1,0,0.0,0,none
2018-06-11,WH_SOUTH,South FC,CAR_B,Carrier B,perfumaria,none,2,0,0.0,0,none
2018-06-11,WH_SOUTH,South FC,CAR_B,Carrier B,pet_shop,none,1,0,0.0,0,none
2018-06-11,WH_SOUTH,South FC,CAR_B,Carrier B,relogios_presentes,none,4,0,0.0,0,none
2018-06-11,WH_SOUTH,South FC,CAR_B,Carrier B,utilidades_domesticas,none,4,0,0.0,0,none
2018-06-11,WH_SOUTH,South FC,CAR_C,Carrier C,automotivo,missing,1,1,100.0,0,none
2018-06-11,WH_SOUTH,South FC,CAR_C,Carrier C,bebes,none,1,0,0.0,0,none
2018-06-11,WH_SOUTH,South FC,CAR_C,Carrier C,beleza_saude,none,2,0,0.0,0,none
2018-06-11,WH_SOUTH,South FC,CAR_C,Carrier C,brinquedos,none,1,0,0.0,0,none
2018-06-11,WH_SOUTH,South FC,CAR_C,Carrier C,cama_mesa_banho,none,4,0,0.0,0,none
2018-06-11,WH_SOUTH,South FC,CAR_C,Carrier C,construcao_ferramentas_seguranca,none,1,0,0.0,0,none
2018-06-11,WH_SOUTH,South FC,CAR_C,Carrier C,eletronicos,none,1,0,0.0,0,none
2018-06-11,WH_SOUTH,South FC,CAR_C,Carrier C,eletroportateis,none,1,0,0.0,0,none
2018-06-11,WH_SOUTH,South FC,CAR_C,Carrier C,esporte_lazer,missing,1,1,100.0,0,none
2018-06-11,WH_SOUTH,South FC,CAR_C,Carrier C,esporte_lazer,none,2,0,0.0,0,none
2018-06-11,WH_SOUTH,South FC,CAR_C,Carrier C,fashion_bolsas_e_acessorios,none,2,0,0.0,0,none
2018-06-11,WH_SOUTH,South FC,CAR_C,Carrier C,fashion_bolsas_e_acessorios,wrong,1,1,100.0,0,none
2018-06-11,WH_SOUTH,South FC,CAR_C,Carrier C,informatica_acessorios,missing,1,1,100.0,0,none
2018-06-11,WH_SOUTH,South FC,CAR_C,Carrier C,informatica_acessorios,none,2,0,0.0,0,none
2018-06-11,WH_SOUTH,South FC,CAR_C,Carrier C,instrumentos_musicais,none,1,0,0.0,0,none
2018-06-11,WH_SOUTH,South FC,CAR_C,Carrier C,moveis_decoracao,none,2,0,0.0,0,none
2018-06-11,WH_SOUTH,South FC,CAR_C,Carrier C,moveis_decoracao,refund,1,1,100.0,0,none
2018-06-11,WH_SOUTH,South FC,CAR_C,Carrier C,papelaria,none,2,0,0.0,0,none
2018-06-11,WH_SOUTH,South FC,CAR_C,Carrier C,pet_shop,none,2,0,0.0,0,none
2018-06-11,WH_SOUTH,South FC,CAR_C,Carrier C,telefonia,none,3,0,0.0,0,none
2018-06-11,WH_SOUTH,South FC,CAR_C,Carrier C,telefonia,refund,1,1,100.0,0,none
2018-06-11,WH_SOUTH,South FC,CAR_C,Carrier C,telefonia_fixa,none,1,0,0.0,0,none
2018-06-11,WH_SOUTH,South FC,CAR_C,Carrier C,utilidades_domesticas,none,3,0,0.0,0,none
2018-06-11,WH_SOUTH,South FC,CAR_D,Carrier D,beleza_saude,damaged,1,1,100.0,0,none
2018-06-11,WH_SOUTH,South FC,CAR_D,Carrier D,brinquedos,none,1,0,0.0,0,none
2018-06-11,WH_SOUTH,South FC,CAR_D,Carrier D,cama_mesa_banho,none,1,0,0.0,0,none
2018-06-11,WH_SOUTH,South FC,CAR_D,Carrier D,casa_construcao,none,1,0,0.0,0,none
2018-06-11,WH_SOUTH,South FC,CAR_D,Carrier D,construcao_ferramentas_construcao,none,1,0,0.0,0,none
2018-06-11,WH_SOUTH,South FC,CAR_D,Carrier D,cool_stuff,none,1,0,0.0,0,none
2018-06-11,WH_SOUTH,South FC,CAR_D,Carrier D,esporte_lazer,none,1,0,0.0,0,none
2018-06-11,WH_SOUTH,South FC,CAR_D,Carrier D,livros_interesse_geral,none,1,0,0.0,0,none
2018-06-11,WH_SOUTH,South FC,CAR_D,Carrier D,livros_tecnicos,none,1,0,0.0,0,none
2018-06-11,WH_SOUTH,South FC,CAR_D,Carrier D,moveis_decoracao,none,3,0,0.0,0,none
2018-06-11,WH_SOUTH,South FC,CAR_D,Carrier D,relogios_presentes,none,3,0,0.0,0,none
2018-06-11,WH_SOUTH,South FC,CAR_D,Carrier D,utilidades_domesticas,none,5,0,0.0,0,none
2018-06-11,WH_SOUTHEAST,Southeast FC,CAR_A,Carrier A,alimentos,none,4,0,0.0,0,none
2018-06-11,WH_SOUTHEAST,Southeast FC,CAR_A,Carrier A,artes,none,3,0,0.0,0,none
2018-06-11,WH_SOUTHEAST,Southeast FC,CAR_A,Carrier A,automotivo,failed,1,1,100.0,0,none
2018-06-11,WH_SOUTHEAST,Southeast FC,CAR_A,Carrier A,automotivo,none,21,0,0.0,0,none
2018-06-11,WH_SOUTHEAST,Southeast FC,CAR_A,Carrier A,bebes,damaged,1,1,100.0,0,none
2018-06-11,WH_SOUTHEAST,Southeast FC,CAR_A,Carrier A,bebes,missing,1,1,100.0,0,none
2018-06-11,WH_SOUTHEAST,Southeast FC,CAR_A,Carrier A,bebes,none,10,0,0.0,0,none
2018-06-11,WH_SOUTHEAST,Southeast FC,CAR_A,Carrier A,bebidas,none,4,0,0.0,0,none
2018-06-11,WH_SOUTHEAST,Southeast FC,CAR_A,Carrier A,beleza_saude,failed,2,2,100.0,0,none
2018-06-11,WH_SOUTHEAST,Southeast FC,CAR_A,Carrier A,beleza_saude,none,57,0,0.0,0,none
2018-06-11,WH_SOUTHEAST,Southeast FC,CAR_A,Carrier A,brinquedos,missing,2,2,100.0,0,none
2018-06-11,WH_SOUTHEAST,Southeast FC,CAR_A,Carrier A,brinquedos,none,14,0,0.0,0,none
2018-06-11,WH_SOUTHEAST,Southeast FC,CAR_A,Carrier A,cama_mesa_banho,damaged,1,1,100.0,0,none
2018-06-11,WH_SOUTHEAST,Southeast FC,CAR_A,Carrier A,cama_mesa_banho,failed,1,1,100.0,0,none
2018-06-11,WH_SOUTHEAST,Southeast FC,CAR_A,Carrier A,cama_mesa_banho,none,41,0,0.0,0,none
2018-06-11,WH_SOUTHEAST,Southeast FC,CAR_A,Carrier A,casa_conforto,none,1,0,0.0,0,none
2018-06-11,WH_SOUTHEAST,Southeast FC,CAR_A,Carrier A,casa_construcao,none,5,0,0.0,0,none
2018-06-11,WH_SOUTHEAST,Southeast FC,CAR_A,Carrier A,cine_foto,none,1,0,0.0,0,none
2018-06-11,WH_SOUTHEAST,Southeast FC,CAR_A,Carrier A,climatizacao,none,1,0,0.0,0,none
2018-06-11,WH_SOUTHEAST,Southeast FC,CAR_A,Carrier A,consoles_games,none,3,0,0.0,0,none
2018-06-11,WH_SOUTHEAST,Southeast FC,CAR_A,Carrier A,construcao_ferramentas_construcao,none,3,0,0.0,0,none
2018-06-11,WH_SOUTHEAST,Southeast FC,CAR_A,Carrier A,construcao_ferramentas_construcao,wrong,1,1,100.0,0,none
2018-06-11,WH_SOUTHEAST,Southeast FC,CAR_A,Carrier A,construcao_ferramentas_iluminacao,none,1,0,0.0,0,none
2018-06-11,WH_SOUTHEAST,Southeast FC,CAR_A,Carrier A,construcao_ferramentas_jardim,none,1,0,0.0,0,none
2018-06-11,WH_SOUTHEAST,Southeast FC,CAR_A,Carrier A,construcao_ferramentas_seguranca,none,1,0,0.0,0,none
2018-06-11,WH_SOUTHEAST,Southeast FC,CAR_A,Carrier A,cool_stuff,none,6,0,0.0,0,none
2018-06-11,WH_SOUTHEAST,Southeast FC,CAR_A,Carrier A,eletrodomesticos,none,3,0,0.0,0,none
2018-06-11,WH_SOUTHEAST,Southeast FC,CAR_A,Carrier A,eletrodomesticos_2,none,1,0,0.0,0,none
2018-06-11,WH_SOUTHEAST,Southeast FC,CAR_A,Carrier A,eletronicos,none,9,0,0.0,0,none
2018-06-11,WH_SOUTHEAST,Southeast FC,CAR_A,Carrier A,eletroportateis,none,2,0,0.0,0,none
2018-06-11,WH_SOUTHEAST,Southeast FC,CAR_A,Carrier A,esporte_lazer,failed,1,1,100.0,0,none
2018-06-11,WH_SOUTHEAST,Southeast FC,CAR_A,Carrier A,esporte_lazer,none,18,0,0.0,0,none
2018-06-11,WH_SOUTHEAST,Southeast FC,CAR_A,Carrier A,esporte_lazer,refund,1,1,100.0,0,none
2018-06-11,WH_SOUTHEAST,Southeast FC,CAR_A,Carrier A,fashion_bolsas_e_acessorios,none,6,0,0.0,0,none
2018-06-11,WH_SOUTHEAST,Southeast FC,CAR_A,Carrier A,fashion_calcados,none,1,0,0.0,0,none
2018-06-11,WH_SOUTHEAST,Southeast FC,CAR_A,Carrier A,fashion_underwear_e_moda_praia,none,1,0,0.0,0,none
2018-06-11,WH_SOUTHEAST,Southeast FC,CAR_A,Carrier A,ferramentas_jardim,none,9,0,0.0,0,none
2018-06-11,WH_SOUTHEAST,Southeast FC,CAR_A,Carrier A,ferramentas_jardim,wrong,1,1,100.0,0,none
2018-06-11,WH_SOUTHEAST,Southeast FC,CAR_A,Carrier A,flores,none,1,0,0.0,0,none
2018-06-11,WH_SOUTHEAST,Southeast FC,CAR_A,Carrier A,fraldas_higiene,none,1,0,0.0,0,none
2018-06-11,WH_SOUTHEAST,Southeast FC,CAR_A,Carrier A,industria_comercio_e_negocios,none,1,0,0.0,0,none
2018-06-11,WH_SOUTHEAST,Southeast FC,CAR_A,Carrier A,informatica_acessorios,missing,1,1,100.0,0,none
2018-06-11,WH_SOUTHEAST,Southeast FC,CAR_A,Carrier A,informatica_acessorios,none,17,0,0.0,0,none
2018-06-11,WH_SOUTHEAST,Southeast FC,CAR_A,Carrier A,instrumentos_musicais,none,3,0,0.0,0,none
2018-06-11,WH_SOUTHEAST,Southeast FC,CAR_A,Carrier A,instrumentos_musicais,wrong,1,1,100.0,0,none
2018-06-11,WH_SOUTHEAST,Southeast FC,CAR_A,Carrier A,livros_importados,none,2,0,0.0,0,none
2018-06-11,WH_SOUTHEAST,Southeast FC,CAR_A,Carrier A,livros_interesse_geral,none,3,0,0.0,0,none
2018-06-11,WH_SOUTHEAST,Southeast FC,CAR_A,Carrier A,livros_tecnicos,none,2,0,0.0,0,none
2018-06-11,WH_SOUTHEAST,Southeast FC,CAR_A,Carrier A,malas_acessorios,none,1,0,0.0,0,none
2018-06-11,WH_SOUTHEAST,Southeast FC,CAR_A,Carrier A,moveis_cozinha_area_de_servico_jantar_e_jardim,none,1,0,0.0,0,none
2018-06-11,WH_SOUTHEAST,Southeast FC,CAR_A,Carrier A,moveis_decoracao,none,18,0,0.0,0,none
2018-06-11,WH_SOUTHEAST,Southeast FC,CAR_A,Carrier A,moveis_decoracao,wrong,1,1,100.0,0,none
2018-06-11,WH_SOUTHEAST,Southeast FC,CAR_A,Carrier A,moveis_escritorio,none,1,0,0.0,0,none
2018-06-11,WH_SOUTHEAST,Southeast FC,CAR_A,Carrier A,moveis_sala,none,5,0,0.0,0,none
2018-06-11,WH_SOUTHEAST,Southeast FC,CAR_A,Carrier A,musica,damaged,1,1,100.0,0,none
2018-06-11,WH_SOUTHEAST,Southeast FC,CAR_A,Carrier A,papelaria,none,12,0,0.0,0,none
2018-06-11,WH_SOUTHEAST,Southeast FC,CAR_A,Carrier A,pcs,none,1,0,0.0,0,none
2018-06-11,WH_SOUTHEAST,Southeast FC,CAR_A,Carrier A,perfumaria,none,14,0,0.0,0,none
2018-06-11,WH_SOUTHEAST,Southeast FC,CAR_A,Carrier A,pet_shop,none,7,0,0.0,0,none
2018-06-11,WH_SOUTHEAST,Southeast FC,CAR_A,Carrier A,relogios_presentes,none,25,0,0.0,0,none
2018-06-11,WH_SOUTHEAST,Southeast FC,CAR_A,Carrier A,relogios_presentes,refund,1,1,100.0,0,none
2018-06-11,WH_SOUTHEAST,Southeast FC,CAR_A,Carrier A,telefonia,none,16,0,0.0,0,none
2018-06-11,WH_SOUTHEAST,Southeast FC,CAR_A,Carrier A,telefonia_fixa,none,1,0,0.0,0,none
2018-06-11,WH_SOUTHEAST,Southeast FC,CAR_A,Carrier A,utilidades_domesticas,none,25,0,0.0,0,none
2018-06-11,WH_SOUTHEAST,Southeast FC,CAR_B,Carrier B,alimentos,missing,1,1,100.0,0,none
2018-06-11,WH_SOUTHEAST,Southeast FC,CAR_B,Carrier B,alimentos,none,1,0,0.0,0,none
2018-06-11,WH_SOUTHEAST,Southeast FC,CAR_B,Carrier B,artes,none,3,0,0.0,0,none
2018-06-11,WH_SOUTHEAST,Southeast FC,CAR_B,Carrier B,artigos_de_festas,none,1,0,0.0,0,none
2018-06-11,WH_SOUTHEAST,Southeast FC,CAR_B,Carrier B,audio,none,2,0,0.0,0,none
2018-06-11,WH_SOUTHEAST,Southeast FC,CAR_B,Carrier B,automotivo,none,7,0,0.0,0,none
2018-06-11,WH_SOUTHEAST,Southeast FC,CAR_B,Carrier B,bebes,none,12,0,0.0,0,none
2018-06-11,WH_SOUTHEAST,Southeast FC,CAR_B,Carrier B,bebidas,damaged,1,1,100.0,0,none
2018-06-11,WH_SOUTHEAST,Southeast FC,CAR_B,Carrier B,bebidas,none,4,0,0.0,0,none
2018-06-11,WH_SOUTHEAST,Southeast FC,CAR_B,Carrier B,beleza_saude,failed,1,1,100.0,0,none
2018-06-11,WH_SOUTHEAST,Southeast FC,CAR_B,Carrier B,beleza_saude,missing,1,1,100.0,0,none
2018-06-11,WH_SOUTHEAST,Southeast FC,CAR_B,Carrier B,beleza_saude,none,44,0,0.0,0,none
2018-06-11,WH_SOUTHEAST,Southeast FC,CAR_B,Carrier B,brinquedos,none,7,0,0.0,0,none
2018-06-11,WH_SOUTHEAST,Southeast FC,CAR_B,Carrier B,cama_mesa_banho,damaged,2,2,100.0,0,none
2018-06-11,WH_SOUTHEAST,Southeast FC,CAR_B,Carrier B,cama_mesa_banho,failed,2,2,100.0,0,none
2018-06-11,WH_SOUTHEAST,Southeast FC,CAR_B,Carrier B,cama_mesa_banho,missing,1,1,100.0,0,none
2018-06-11,WH_SOUTHEAST,Southeast FC,CAR_B,Carrier B,cama_mesa_banho,none,42,0,0.0,0,none
2018-06-11,WH_SOUTHEAST,Southeast FC,CAR_B,Carrier B,casa_construcao,none,2,0,0.0,0,none
2018-06-11,WH_SOUTHEAST,Southeast FC,CAR_B,Carrier B,cine_foto,missing,1,1,100.0,0,none
2018-06-11,WH_SOUTHEAST,Southeast FC,CAR_B,Carrier B,cine_foto,wrong,1,1,100.0,0,none
2018-06-11,WH_SOUTHEAST,Southeast FC,CAR_B,Carrier B,consoles_games,none,3,0,0.0,0,none
2018-06-11,WH_SOUTHEAST,Southeast FC,CAR_B,Carrier B,construcao_ferramentas_construcao,none,8,0,0.0,0,none
2018-06-11,WH_SOUTHEAST,Southeast FC,CAR_B,Carrier B,construcao_ferramentas_iluminacao,none,1,0,0.0,0,none
2018-06-11,WH_SOUTHEAST,Southeast FC,CAR_B,Carrier B,construcao_ferramentas_seguranca,none,1,0,0.0,0,none
2018-06-11,WH_SOUTHEAST,Southeast FC,CAR_B,Carrier B,cool_stuff,none,5,0,0.0,0,none
2018-06-11,WH_SOUTHEAST,Southeast FC,CAR_B,Carrier B,dvds_blu_ray,none,1,0,0.0,0,none
2018-06-11,WH_SOUTHEAST,Southeast FC,CAR_B,Carrier B,eletrodomesticos,none,5,0,0.0,0,none
2018-06-11,WH_SOUTHEAST,Southeast FC,CAR_B,Carrier B,eletronicos,damaged,1,1,100.0,0,none
2018-06-11,WH_SOUTHEAST,Southeast FC,CAR_B,Carrier B,eletronicos,none,11,0,0.0,0,none
2018-06-11,WH_SOUTHEAST,Southeast FC,CAR_B,Carrier B,eletronicos,refund,1,1,100.0,0,none
2018-06-11,WH_SOUTHEAST,Southeast FC,CAR_B,Carrier B,eletroportateis,none,2,0,0.0,0,none
2018-06-11,WH_SOUTHEAST,Southeast FC,CAR_B,Carrier B,esporte_lazer,damaged,1,1,100.0,0,none
2018-06-11,WH_SOUTHEAST,Southeast FC,CAR_B,Carrier B,esporte_lazer,none,28,0,0.0,0,none
2018-06-11,WH_SOUTHEAST,Southeast FC,CAR_B,Carrier B,fashion_bolsas_e_acessorios,none,7,0,0.0,0,none
2018-06-11,WH_SOUTHEAST,Southeast FC,CAR_B,Carrier B,fashion_calcados,none,1,0,0.0,0,none
2018-06-11,WH_SOUTHEAST,Southeast FC,CAR_B,Carrier B,ferramentas_jardim,none,8,0,0.0,0,none
2018-06-11,WH_SOUTHEAST,Southeast FC,CAR_B,Carrier B,industria_comercio_e_negocios,none,2,0,0.0,0,none
2018-06-11,WH_SOUTHEAST,Southeast FC,CAR_B,Carrier B,informatica_acessorios,missing,1,1,100.0,0,none
2018-06-11,WH_SOUTHEAST,Southeast FC,CAR_B,Carrier B,informatica_acessorios,none,12,0,0.0,0,none
2018-06-11,WH_SOUTHEAST,Southeast FC,CAR_B,Carrier B,instrumentos_musicais,none,4,0,0.0,0,none
2018-06-11,WH_SOUTHEAST,Southeast FC,CAR_B,Carrier B,livros_importados,none,1,0,0.0,0,none
2018-06-11,WH_SOUTHEAST,Southeast FC,CAR_B,Carrier B,livros_tecnicos,none,1,0,0.0,0,none
2018-06-11,WH_SOUTHEAST,Southeast FC,CAR_B,Carrier B,malas_acessorios,none,5,0,0.0,0,none
2018-06-11,WH_SOUTHEAST,Southeast FC,CAR_B,Carrier B,market_place,none,1,0,0.0,0,none
2018-06-11,WH_SOUTHEAST,Southeast FC,CAR_B,Carrier B,moveis_cozinha_area_de_servico_jantar_e_jardim,none,2,0,0.0,0,none
2018-06-11,WH_SOUTHEAST,Southeast FC,CAR_B,Carrier B,moveis_decoracao,missing,2,2,100.0,0,none
2018-06-11,WH_SOUTHEAST,Southeast FC,CAR_B,Carrier B,moveis_decoracao,none,18,0,0.0,0,none
2018-06-11,WH_SOUTHEAST,Southeast FC,CAR_B,Carrier B,moveis_escritorio,none,2,0,0.0,0,none
2018-06-11,WH_SOUTHEAST,Southeast FC,CAR_B,Carrier B,papelaria,none,2,0,0.0,0,none
2018-06-11,WH_SOUTHEAST,Southeast FC,CAR_B,Carrier B,pcs,none,2,0,0.0,0,none
2018-06-11,WH_SOUTHEAST,Southeast FC,CAR_B,Carrier B,perfumaria,missing,2,2,100.0,0,none
2018-06-11,WH_SOUTHEAST,Southeast FC,CAR_B,Carrier B,perfumaria,none,12,0,0.0,0,none
2018-06-11,WH_SOUTHEAST,Southeast FC,CAR_B,Carrier B,pet_shop,damaged,1,1,100.0,0,none
2018-06-11,WH_SOUTHEAST,Southeast FC,CAR_B,Carrier B,pet_shop,none,7,0,0.0,0,none
2018-06-11,WH_SOUTHEAST,Southeast FC,CAR_B,Carrier B,portateis_casa_forno_e_cafe,none,2,0,0.0,0,none
2018-06-11,WH_SOUTHEAST,Southeast FC,CAR_B,Carrier B,relogios_presentes,failed,1,1,100.0,0,none
2018-06-11,WH_SOUTHEAST,Southeast FC,CAR_B,Carrier B,relogios_presentes,none,25,0,0.0,0,none
2018-06-11,WH_SOUTHEAST,Southeast FC,CAR_B,Carrier B,relogios_presentes,refund,1,1,100.0,0,none
2018-06-11,WH_SOUTHEAST,Southeast FC,CAR_B,Carrier B,sinalizacao_e_seguranca,none,2,0,0.0,0,none
2018-06-11,WH_SOUTHEAST,Southeast FC,CAR_B,Carrier B,sinalizacao_e_seguranca,wrong,1,1,100.0,0,none
2018-06-11,WH_SOUTHEAST,Southeast FC,CAR_B,Carrier B,telefonia,none,11,0,0.0,0,none
2018-06-11,WH_SOUTHEAST,Southeast FC,CAR_B,Carrier B,unknown,none,1,0,0.0,0,none
2018-06-11,WH_SOUTHEAST,Southeast FC,CAR_B,Carrier B,utilidades_domesticas,failed,1,1,100.0,0,none
2018-06-11,WH_SOUTHEAST,Southeast FC,CAR_B,Carrier B,utilidades_domesticas,none,32,0,0.0,0,none
2018-06-11,WH_SOUTHEAST,Southeast FC,CAR_C,Carrier C,agro_industria_e_comercio,none,1,0,0.0,0,none
2018-06-11,WH_SOUTHEAST,Southeast FC,CAR_C,Carrier C,alimentos,none,1,0,0.0,0,none
2018-06-11,WH_SOUTHEAST,Southeast FC,CAR_C,Carrier C,audio,none,1,0,0.0,0,none
2018-06-11,WH_SOUTHEAST,Southeast FC,CAR_C,Carrier C,automotivo,none,7,0,0.0,0,none
2018-06-11,WH_SOUTHEAST,Southeast FC,CAR_C,Carrier C,automotivo,wrong,1,1,100.0,0,none
2018-06-11,WH_SOUTHEAST,Southeast FC,CAR_C,Carrier C,bebes,failed,1,1,100.0,0,none
2018-06-11,WH_SOUTHEAST,Southeast FC,CAR_C,Carrier C,bebes,none,6,0,0.0,0,none
2018-06-11,WH_SOUTHEAST,Southeast FC,CAR_C,Carrier C,bebidas,none,2,0,0.0,0,none
2018-06-11,WH_SOUTHEAST,Southeast FC,CAR_C,Carrier C,beleza_saude,damaged,3,3,100.0,0,none
2018-06-11,WH_SOUTHEAST,Southeast FC,CAR_C,Carrier C,beleza_saude,missing,2,2,100.0,0,none
2018-06-11,WH_SOUTHEAST,Southeast FC,CAR_C,Carrier C,beleza_saude,none,26,0,0.0,0,none
2018-06-11,WH_SOUTHEAST,Southeast FC,CAR_C,Carrier C,beleza_saude,wrong,1,1,100.0,0,none
2018-06-11,WH_SOUTHEAST,Southeast FC,CAR_C,Carrier C,brinquedos,missing,2,2,100.0,0,none
2018-06-11,WH_SOUTHEAST,Southeast FC,CAR_C,Carrier C,brinquedos,none,6,0,0.0,0,none
2018-06-11,WH_SOUTHEAST,Southeast FC,CAR_C,Carrier C,cama_mesa_banho,failed,1,1,100.0,0,none
2018-06-11,WH_SOUTHEAST,Southeast FC,CAR_C,Carrier C,cama_mesa_banho,missing,1,1,100.0,0,none
2018-06-11,WH_SOUTHEAST,Southeast FC,CAR_C,Carrier C,cama_mesa_banho,none,29,0,0.0,0,none
2018-06-11,WH_SOUTHEAST,Southeast FC,CAR_C,Carrier C,cama_mesa_banho,refund,3,3,100.0,0,none
2018-06-11,WH_SOUTHEAST,Southeast FC,CAR_C,Carrier C,cama_mesa_banho,wrong,1,1,100.0,0,none
2018-06-11,WH_SOUTHEAST,Southeast FC,CAR_C,Carrier C,casa_construcao,damaged,1,1,100.0,0,none
2018-06-11,WH_SOUTHEAST,Southeast FC,CAR_C,Carrier C,casa_construcao,none,1,0,0.0,0,none
2018-06-11,WH_SOUTHEAST,Southeast FC,CAR_C,Carrier C,casa_construcao,refund,1,1,100.0,0,none
2018-06-11,WH_SOUTHEAST,Southeast FC,CAR_C,Carrier C,climatizacao,none,1,0,0.0,0,none
2018-06-11,WH_SOUTHEAST,Southeast FC,CAR_C,Carrier C,consoles_games,none,3,0,0.0,0,none
2018-06-11,WH_SOUTHEAST,Southeast FC,CAR_C,Carrier C,construcao_ferramentas_construcao,none,4,0,0.0,0,none
2018-06-11,WH_SOUTHEAST,Southeast FC,CAR_C,Carrier C,construcao_ferramentas_iluminacao,none,1,0,0.0,0,none
2018-06-11,WH_SOUTHEAST,Southeast FC,CAR_C,Carrier C,construcao_ferramentas_jardim,none,1,0,0.0,0,none
2018-06-11,WH_SOUTHEAST,Southeast FC,CAR_C,Carrier C,construcao_ferramentas_seguranca,wrong,1,1,100.0,0,none
2018-06-11,WH_SOUTHEAST,Southeast FC,CAR_C,Carrier C,cool_stuff,none,1,0,0.0,0,none
2018-06-11,WH_SOUTHEAST,Southeast FC,CAR_C,Carrier C,cool_stuff,refund,1,1,100.0,0,none
2018-06-11,WH_SOUTHEAST,Southeast FC,CAR_C,Carrier C,dvds_blu_ray,none,1,0,0.0,0,none
2018-06-11,WH_SOUTHEAST,Southeast FC,CAR_C,Carrier C,eletrodomesticos,none,3,0,0.0,0,none
2018-06-11,WH_SOUTHEAST,Southeast FC,CAR_C,Carrier C,eletronicos,none,6,0,0.0,0,none
2018-06-11,WH_SOUTHEAST,Southeast FC,CAR_C,Carrier C,eletroportateis,none,3,0,0.0,0,none
2018-06-11,WH_SOUTHEAST,Southeast FC,CAR_C,Carrier C,esporte_lazer,failed,1,1,100.0,0,none
2018-06-11,WH_SOUTHEAST,Southeast FC,CAR_C,Carrier C,esporte_lazer,missing,2,2,100.0,0,none
2018-06-11,WH_SOUTHEAST,Southeast FC,CAR_C,Carrier C,esporte_lazer,none,13,0,0.0,0,none
2018-06-11,WH_SOUTHEAST,Southeast FC,CAR_C,Carrier C,fashion_bolsas_e_acessorios,none,1,0,0.0,0,none
2018-06-11,WH_SOUTHEAST,Southeast FC,CAR_C,Carrier C,ferramentas_jardim,none,9,0,0.0,0,none
2018-06-11,WH_SOUTHEAST,Southeast FC,CAR_C,Carrier C,ferramentas_jardim,refund,1,1,100.0,0,none
2018-06-11,WH_SOUTHEAST,Southeast FC,CAR_C,Carrier C,informatica_acessorios,damaged,2,2,100.0,0,none
2018-06-11,WH_SOUTHEAST,Southeast FC,CAR_C,Carrier C,informatica_acessorios,failed,1,1,100.0,0,none
2018-06-11,WH_SOUTHEAST,Southeast FC,CAR_C,Carrier C,informatica_acessorios,none,14,0,0.0,0,none
2018-06-11,WH_SOUTHEAST,Southeast FC,CAR_C,Carrier C,informatica_acessorios,refund,1,1,100.0,0,none
2018-06-11,WH_SOUTHEAST,Southeast FC,CAR_C,Carrier C,informatica_acessorios,wrong,1,1,100.0,0,none
2018-06-11,WH_SOUTHEAST,Southeast FC,CAR_C,Carrier C,instrumentos_musicais,none,1,0,0.0,0,none
2018-06-11,WH_SOUTHEAST,Southeast FC,CAR_C,Carrier C,livros_interesse_geral,none,2,0,0.0,0,none
2018-06-11,WH_SOUTHEAST,Southeast FC,CAR_C,Carrier C,livros_tecnicos,none,1,0,0.0,0,none
2018-06-11,WH_SOUTHEAST,Southeast FC,CAR_C,Carrier C,malas_acessorios,none,2,0,0.0,0,none
2018-06-11,WH_SOUTHEAST,Southeast FC,CAR_C,Carrier C,market_place,none,1,0,0.0,0,none
2018-06-11,WH_SOUTHEAST,Southeast FC,CAR_C,Carrier C,moveis_decoracao,none,7,0,0.0,0,none
2018-06-11,WH_SOUTHEAST,Southeast FC,CAR_C,Carrier C,moveis_escritorio,none,1,0,0.0,0,none
2018-06-11,WH_SOUTHEAST,Southeast FC,CAR_C,Carrier C,moveis_sala,none,1,0,0.0,0,none
2018-06-11,WH_SOUTHEAST,Southeast FC,CAR_C,Carrier C,papelaria,failed,1,1,100.0,0,none
2018-06-11,WH_SOUTHEAST,Southeast FC,CAR_C,Carrier C,papelaria,missing,1,1,100.0,0,none
2018-06-11,WH_SOUTHEAST,Southeast FC,CAR_C,Carrier C,papelaria,none,6,0,0.0,0,none
2018-06-11,WH_SOUTHEAST,Southeast FC,CAR_C,Carrier C,papelaria,refund,1,1,100.0,0,none
2018-06-11,WH_SOUTHEAST,Southeast FC,CAR_C,Carrier C,perfumaria,none,11,0,0.0,0,none
2018-06-11,WH_SOUTHEAST,Southeast FC,CAR_C,Carrier C,pet_shop,none,8,0,0.0,0,none
2018-06-11,WH_SOUTHEAST,Southeast FC,CAR_C,Carrier C,pet_shop,wrong,1,1,100.0,0,none
2018-06-11,WH_SOUTHEAST,Southeast FC,CAR_C,Carrier C,portateis_casa_forno_e_cafe,none,1,0,0.0,0,none
2018-06-11,WH_SOUTHEAST,Southeast FC,CAR_C,Carrier C,relogios_presentes,failed,2,2,100.0,0,none
2018-06-11,WH_SOUTHEAST,Southeast FC,CAR_C,Carrier C,relogios_presentes,none,27,0,0.0,0,none
2018-06-11,WH_SOUTHEAST,Southeast FC,CAR_C,Carrier C,relogios_presentes,refund,1,1,100.0,0,none
2018-06-11,WH_SOUTHEAST,Southeast FC,CAR_C,Carrier C,telefonia,missing,1,1,100.0,0,none
2018-06-11,WH_SOUTHEAST,Southeast FC,CAR_C,Carrier C,telefonia,none,10,0,0.0,0,none
2018-06-11,WH_SOUTHEAST,Southeast FC,CAR_C,Carrier C,telefonia_fixa,none,1,0,0.0,0,none
2018-06-11,WH_SOUTHEAST,Southeast FC,CAR_C,Carrier C,unknown,none,1,0,0.0,0,none
2018-06-11,WH_SOUTHEAST,Southeast FC,CAR_C,Carrier C,utilidades_domesticas,none,22,0,0.0,0,none
2018-06-11,WH_SOUTHEAST,Southeast FC,CAR_D,Carrier D,agro_industria_e_comercio,none,1,0,0.0,0,none
2018-06-11,WH_SOUTHEAST,Southeast FC,CAR_D,Carrier D,alimentos,none,2,0,0.0,0,none
2018-06-11,WH_SOUTHEAST,Southeast FC,CAR_D,Carrier D,automotivo,failed,1,1,100.0,0,none
2018-06-11,WH_SOUTHEAST,Southeast FC,CAR_D,Carrier D,automotivo,none,3,0,0.0,0,none
2018-06-11,WH_SOUTHEAST,Southeast FC,CAR_D,Carrier D,bebes,missing,1,1,100.0,0,none
2018-06-11,WH_SOUTHEAST,Southeast FC,CAR_D,Carrier D,bebes,none,2,0,0.0,0,none
2018-06-11,WH_SOUTHEAST,Southeast FC,CAR_D,Carrier D,bebidas,none,1,0,0.0,0,none
2018-06-11,WH_SOUTHEAST,Southeast FC,CAR_D,Carrier D,beleza_saude,failed,1,1,100.0,0,none
2018-06-11,WH_SOUTHEAST,Southeast FC,CAR_D,Carrier D,beleza_saude,none,24,0,0.0,0,none
2018-06-11,WH_SOUTHEAST,Southeast FC,CAR_D,Carrier D,brinquedos,none,7,0,0.0,0,none
2018-06-11,WH_SOUTHEAST,Southeast FC,CAR_D,Carrier D,cama_mesa_banho,missing,1,1,100.0,0,none
2018-06-11,WH_SOUTHEAST,Southeast FC,CAR_D,Carrier D,cama_mesa_banho,none,15,0,0.0,0,none
2018-06-11,WH_SOUTHEAST,Southeast FC,CAR_D,Carrier D,casa_construcao,none,1,0,0.0,0,none
2018-06-11,WH_SOUTHEAST,Southeast FC,CAR_D,Carrier D,climatizacao,none,1,0,0.0,0,none
2018-06-11,WH_SOUTHEAST,Southeast FC,CAR_D,Carrier D,construcao_ferramentas_construcao,none,3,0,0.0,0,none
2018-06-11,WH_SOUTHEAST,Southeast FC,CAR_D,Carrier D,construcao_ferramentas_iluminacao,none,1,0,0.0,0,none
2018-06-11,WH_SOUTHEAST,Southeast FC,CAR_D,Carrier D,construcao_ferramentas_seguranca,none,1,0,0.0,0,none
2018-06-11,WH_SOUTHEAST,Southeast FC,CAR_D,Carrier D,cool_stuff,none,2,0,0.0,0,none
2018-06-11,WH_SOUTHEAST,Southeast FC,CAR_D,Carrier D,dvds_blu_ray,none,1,0,0.0,0,none
2018-06-11,WH_SOUTHEAST,Southeast FC,CAR_D,Carrier D,eletrodomesticos,none,2,0,0.0,0,none
2018-06-11,WH_SOUTHEAST,Southeast FC,CAR_D,Carrier D,eletronicos,none,3,0,0.0,0,none
2018-06-11,WH_SOUTHEAST,Southeast FC,CAR_D,Carrier D,eletroportateis,damaged,1,1,100.0,0,none
2018-06-11,WH_SOUTHEAST,Southeast FC,CAR_D,Carrier D,esporte_lazer,missing,1,1,100.0,0,none
2018-06-11,WH_SOUTHEAST,Southeast FC,CAR_D,Carrier D,esporte_lazer,none,11,0,0.0,0,none
2018-06-11,WH_SOUTHEAST,Southeast FC,CAR_D,Carrier D,ferramentas_jardim,none,2,0,0.0,0,none
2018-06-11,WH_SOUTHEAST,Southeast FC,CAR_D,Carrier D,informatica_acessorios,failed,1,1,100.0,0,none
2018-06-11,WH_SOUTHEAST,Southeast FC,CAR_D,Carrier D,informatica_acessorios,none,6,0,0.0,0,none
2018-06-11,WH_SOUTHEAST,Southeast FC,CAR_D,Carrier D,instrumentos_musicais,none,1,0,0.0,0,none
2018-06-11,WH_SOUTHEAST,Southeast FC,CAR_D,Carrier D,livros_importados,none,1,0,0.0,0,none
2018-06-11,WH_SOUTHEAST,Southeast FC,CAR_D,Carrier D,livros_interesse_geral,none,1,0,0.0,0,none
2018-06-11,WH_SOUTHEAST,Southeast FC,CAR_D,Carrier D,malas_acessorios,none,1,0,0.0,0,none
2018-06-11,WH_SOUTHEAST,Southeast FC,CAR_D,Carrier D,moveis_decoracao,none,9,0,0.0,0,none
2018-06-11,WH_SOUTHEAST,Southeast FC,CAR_D,Carrier D,moveis_escritorio,none,1,0,0.0,0,none
2018-06-11,WH_SOUTHEAST,Southeast FC,CAR_D,Carrier D,moveis_escritorio,wrong,1,1,100.0,0,none
2018-06-11,WH_SOUTHEAST,Southeast FC,CAR_D,Carrier D,moveis_sala,none,1,0,0.0,0,none
2018-06-11,WH_SOUTHEAST,Southeast FC,CAR_D,Carrier D,papelaria,none,3,0,0.0,0,none
2018-06-11,WH_SOUTHEAST,Southeast FC,CAR_D,Carrier D,perfumaria,none,2,0,0.0,0,none
2018-06-11,WH_SOUTHEAST,Southeast FC,CAR_D,Carrier D,pet_shop,none,3,0,0.0,0,none
2018-06-11,WH_SOUTHEAST,Southeast FC,CAR_D,Carrier D,relogios_presentes,none,17,0,0.0,0,none
2018-06-11,WH_SOUTHEAST,Southeast FC,CAR_D,Carrier D,sinalizacao_e_seguranca,failed,1,1,100.0,0,none
2018-06-11,WH_SOUTHEAST,Southeast FC,CAR_D,Carrier D,telefonia,none,4,0,0.0,0,none
2018-06-11,WH_SOUTHEAST,Southeast FC,CAR_D,Carrier D,telefonia_fixa,none,1,0,0.0,0,none
2018-06-11,WH_SOUTHEAST,Southeast FC,CAR_D,Carrier D,unknown,none,1,0,0.0,0,none
2018-06-11,WH_SOUTHEAST,Southeast FC,CAR_D,Carrier D,utilidades_domesticas,none,4,0,0.0,0,none
2018-06-11,WH_SOUTHEAST,Southeast FC,CAR_D,Carrier D,utilidades_domesticas,wrong,1,1,100.0,0,none
2018-06-18,WH_CENTRAL_WEST,Central-West FC,CAR_A,Carrier A,automotivo,none,1,0,0.0,0,none
2018-06-18,WH_CENTRAL_WEST,Central-West FC,CAR_A,Carrier A,bebes,none,3,0,0.0,0,none
2018-06-18,WH_CENTRAL_WEST,Central-West FC,CAR_A,Carrier A,beleza_saude,none,1,0,0.0,0,none
2018-06-18,WH_CENTRAL_WEST,Central-West FC,CAR_A,Carrier A,cama_mesa_banho,none,2,0,0.0,0,none
2018-06-18,WH_CENTRAL_WEST,Central-West FC,CAR_A,Carrier A,cama_mesa_banho,refund,1,1,100.0,0,none
2018-06-18,WH_CENTRAL_WEST,Central-West FC,CAR_A,Carrier A,consoles_games,none,1,0,0.0,0,none
2018-06-18,WH_CENTRAL_WEST,Central-West FC,CAR_A,Carrier A,construcao_ferramentas_iluminacao,none,1,0,0.0,0,none
2018-06-18,WH_CENTRAL_WEST,Central-West FC,CAR_A,Carrier A,esporte_lazer,missing,1,1,100.0,0,none
2018-06-18,WH_CENTRAL_WEST,Central-West FC,CAR_A,Carrier A,esporte_lazer,none,1,0,0.0,0,none
2018-06-18,WH_CENTRAL_WEST,Central-West FC,CAR_A,Carrier A,informatica_acessorios,none,1,0,0.0,0,none
2018-06-18,WH_CENTRAL_WEST,Central-West FC,CAR_A,Carrier A,moveis_decoracao,none,1,0,0.0,0,none
2018-06-18,WH_CENTRAL_WEST,Central-West FC,CAR_A,Carrier A,perfumaria,none,1,0,0.0,0,none
2018-06-18,WH_CENTRAL_WEST,Central-West FC,CAR_A,Carrier A,pet_shop,none,1,0,0.0,0,none
2018-06-18,WH_CENTRAL_WEST,Central-West FC,CAR_A,Carrier A,relogios_presentes,none,2,0,0.0,0,none
2018-06-18,WH_CENTRAL_WEST,Central-West FC,CAR_A,Carrier A,telefonia,none,3,0,0.0,0,none
2018-06-18,WH_CENTRAL_WEST,Central-West FC,CAR_A,Carrier A,utilidades_domesticas,none,3,0,0.0,0,none
2018-06-18,WH_CENTRAL_WEST,Central-West FC,CAR_B,Carrier B,agro_industria_e_comercio,none,1,0,0.0,0,none
2018-06-18,WH_CENTRAL_WEST,Central-West FC,CAR_B,Carrier B,beleza_saude,none,4,0,0.0,0,none
2018-06-18,WH_CENTRAL_WEST,Central-West FC,CAR_B,Carrier B,cama_mesa_banho,none,1,0,0.0,0,none
2018-06-18,WH_CENTRAL_WEST,Central-West FC,CAR_B,Carrier B,construcao_ferramentas_construcao,none,1,0,0.0,0,none
2018-06-18,WH_CENTRAL_WEST,Central-West FC,CAR_B,Carrier B,cool_stuff,none,1,0,0.0,0,none
2018-06-18,WH_CENTRAL_WEST,Central-West FC,CAR_B,Carrier B,eletrodomesticos,none,1,0,0.0,0,none
2018-06-18,WH_CENTRAL_WEST,Central-West FC,CAR_B,Carrier B,eletronicos,damaged,1,1,100.0,0,none
2018-06-18,WH_CENTRAL_WEST,Central-West FC,CAR_B,Carrier B,esporte_lazer,none,3,0,0.0,0,none
2018-06-18,WH_CENTRAL_WEST,Central-West FC,CAR_B,Carrier B,informatica_acessorios,none,3,0,0.0,0,none
2018-06-18,WH_CENTRAL_WEST,Central-West FC,CAR_B,Carrier B,livros_interesse_geral,none,1,0,0.0,0,none
2018-06-18,WH_CENTRAL_WEST,Central-West FC,CAR_B,Carrier B,livros_tecnicos,none,1,0,0.0,0,none
2018-06-18,WH_CENTRAL_WEST,Central-West FC,CAR_B,Carrier B,moveis_decoracao,failed,1,1,100.0,0,none
2018-06-18,WH_CENTRAL_WEST,Central-West FC,CAR_B,Carrier B,moveis_decoracao,none,2,0,0.0,0,none
2018-06-18,WH_CENTRAL_WEST,Central-West FC,CAR_B,Carrier B,relogios_presentes,none,2,0,0.0,0,none
2018-06-18,WH_CENTRAL_WEST,Central-West FC,CAR_B,Carrier B,telefonia,none,6,0,0.0,0,none
2018-06-18,WH_CENTRAL_WEST,Central-West FC,CAR_B,Carrier B,utilidades_domesticas,none,2,0,0.0,0,none
2018-06-18,WH_CENTRAL_WEST,Central-West FC,CAR_C,Carrier C,automotivo,failed,1,1,100.0,0,none
2018-06-18,WH_CENTRAL_WEST,Central-West FC,CAR_C,Carrier C,beleza_saude,none,3,0,0.0,0,none
2018-06-18,WH_CENTRAL_WEST,Central-West FC,CAR_C,Carrier C,construcao_ferramentas_construcao,none,1,0,0.0,0,none
2018-06-18,WH_CENTRAL_WEST,Central-West FC,CAR_C,Carrier C,esporte_lazer,damaged,1,1,100.0,0,none
2018-06-18,WH_CENTRAL_WEST,Central-West FC,CAR_C,Carrier C,esporte_lazer,none,1,0,0.0,0,none
2018-06-18,WH_CENTRAL_WEST,Central-West FC,CAR_C,Carrier C,moveis_cozinha_area_de_servico_jantar_e_jardim,none,1,0,0.0,0,none
2018-06-18,WH_CENTRAL_WEST,Central-West FC,CAR_C,Carrier C,moveis_decoracao,damaged,1,1,100.0,0,none
2018-06-18,WH_CENTRAL_WEST,Central-West FC,CAR_C,Carrier C,sinalizacao_e_seguranca,none,1,0,0.0,0,none
2018-06-18,WH_CENTRAL_WEST,Central-West FC,CAR_C,Carrier C,telefonia,none,1,0,0.0,0,none
2018-06-18,WH_CENTRAL_WEST,Central-West FC,CAR_C,Carrier C,utilidades_domesticas,none,3,0,0.0,0,none
2018-06-18,WH_CENTRAL_WEST,Central-West FC,CAR_D,Carrier D,audio,none,1,0,0.0,0,none
2018-06-18,WH_CENTRAL_WEST,Central-West FC,CAR_D,Carrier D,automotivo,none,2,0,0.0,0,none
2018-06-18,WH_CENTRAL_WEST,Central-West FC,CAR_D,Carrier D,bebes,none,1,0,0.0,0,none
2018-06-18,WH_CENTRAL_WEST,Central-West FC,CAR_D,Carrier D,beleza_saude,none,2,0,0.0,0,none
2018-06-18,WH_CENTRAL_WEST,Central-West FC,CAR_D,Carrier D,brinquedos,none,1,0,0.0,0,none
2018-06-18,WH_CENTRAL_WEST,Central-West FC,CAR_D,Carrier D,cama_mesa_banho,none,2,0,0.0,0,none
2018-06-18,WH_CENTRAL_WEST,Central-West FC,CAR_D,Carrier D,eletroportateis,none,1,0,0.0,0,none
2018-06-18,WH_CENTRAL_WEST,Central-West FC,CAR_D,Carrier D,esporte_lazer,none,2,0,0.0,0,none
2018-06-18,WH_CENTRAL_WEST,Central-West FC,CAR_D,Carrier D,fashion_bolsas_e_acessorios,none,1,0,0.0,0,none
2018-06-18,WH_CENTRAL_WEST,Central-West FC,CAR_D,Carrier D,informatica_acessorios,none,2,0,0.0,0,none
2018-06-18,WH_CENTRAL_WEST,Central-West FC,CAR_D,Carrier D,relogios_presentes,damaged,1,1,100.0,0,none
2018-06-18,WH_CENTRAL_WEST,Central-West FC,CAR_D,Carrier D,relogios_presentes,none,1,0,0.0,0,none
2018-06-18,WH_CENTRAL_WEST,Central-West FC,CAR_D,Carrier D,telefonia,damaged,1,1,100.0,0,none
2018-06-18,WH_CENTRAL_WEST,Central-West FC,CAR_D,Carrier D,telefonia,none,4,0,0.0,0,none
2018-06-18,WH_CENTRAL_WEST,Central-West FC,CAR_D,Carrier D,utilidades_domesticas,none,1,0,0.0,0,none
2018-06-18,WH_NORTH,North FC,CAR_A,Carrier A,bebes,none,1,0,0.0,0,none
2018-06-18,WH_NORTH,North FC,CAR_A,Carrier A,cama_mesa_banho,none,1,0,0.0,0,none
2018-06-18,WH_NORTH,North FC,CAR_A,Carrier A,eletrodomesticos,none,1,0,0.0,0,none
2018-06-18,WH_NORTH,North FC,CAR_A,Carrier A,eletronicos,none,1,0,0.0,0,none
2018-06-18,WH_NORTH,North FC,CAR_B,Carrier B,bebes,damaged,1,1,100.0,0,none
2018-06-18,WH_NORTH,North FC,CAR_B,Carrier B,beleza_saude,none,3,0,0.0,0,none
2018-06-18,WH_NORTH,North FC,CAR_B,Carrier B,construcao_ferramentas_iluminacao,none,1,0,0.0,0,none
2018-06-18,WH_NORTH,North FC,CAR_B,Carrier B,esporte_lazer,none,1,0,0.0,0,none
2018-06-18,WH_NORTH,North FC,CAR_B,Carrier B,relogios_presentes,none,1,0,0.0,0,none
2018-06-18,WH_NORTH,North FC,CAR_C,Carrier C,beleza_saude,none,1,0,0.0,0,none
2018-06-18,WH_NORTH,North FC,CAR_C,Carrier C,utilidades_domesticas,missing,1,1,100.0,0,none
2018-06-18,WH_NORTH,North FC,CAR_C,Carrier C,utilidades_domesticas,none,1,0,0.0,0,none
2018-06-18,WH_NORTH,North FC,CAR_D,Carrier D,cool_stuff,damaged,1,1,100.0,0,none
2018-06-18,WH_NORTH,North FC,CAR_D,Carrier D,esporte_lazer,none,1,0,0.0,0,none
2018-06-18,WH_NORTH,North FC,CAR_D,Carrier D,relogios_presentes,damaged,1,1,100.0,0,none
2018-06-18,WH_SOUTH,South FC,CAR_A,Carrier A,agro_industria_e_comercio,none,1,0,0.0,0,none
2018-06-18,WH_SOUTH,South FC,CAR_A,Carrier A,audio,none,1,0,0.0,0,none
2018-06-18,WH_SOUTH,South FC,CAR_A,Carrier A,automotivo,none,3,0,0.0,0,none
2018-06-18,WH_SOUTH,South FC,CAR_A,Carrier A,automotivo,refund,1,1,100.0,0,none
2018-06-18,WH_SOUTH,South FC,CAR_A,Carrier A,bebes,none,4,0,0.0,0,none
2018-06-18,WH_SOUTH,South FC,CAR_A,Carrier A,beleza_saude,none,5,0,0.0,0,none
2018-06-18,WH_SOUTH,South FC,CAR_A,Carrier A,beleza_saude,wrong,1,1,100.0,0,none
2018-06-18,WH_SOUTH,South FC,CAR_A,Carrier A,brinquedos,missing,1,1,100.0,0,none
2018-06-18,WH_SOUTH,South FC,CAR_A,Carrier A,brinquedos,none,2,0,0.0,0,none
2018-06-18,WH_SOUTH,South FC,CAR_A,Carrier A,cama_mesa_banho,none,8,0,0.0,0,none
2018-06-18,WH_SOUTH,South FC,CAR_A,Carrier A,casa_construcao,none,1,0,0.0,0,none
2018-06-18,WH_SOUTH,South FC,CAR_A,Carrier A,consoles_games,none,1,0,0.0,0,none
2018-06-18,WH_SOUTH,South FC,CAR_A,Carrier A,construcao_ferramentas_construcao,none,3,0,0.0,0,none
2018-06-18,WH_SOUTH,South FC,CAR_A,Carrier A,construcao_ferramentas_jardim,none,1,0,0.0,0,none
2018-06-18,WH_SOUTH,South FC,CAR_A,Carrier A,construcao_ferramentas_seguranca,none,1,0,0.0,0,none
2018-06-18,WH_SOUTH,South FC,CAR_A,Carrier A,cool_stuff,none,1,0,0.0,0,none
2018-06-18,WH_SOUTH,South FC,CAR_A,Carrier A,eletrodomesticos_2,none,1,0,0.0,0,none
2018-06-18,WH_SOUTH,South FC,CAR_A,Carrier A,eletronicos,none,2,0,0.0,0,none
2018-06-18,WH_SOUTH,South FC,CAR_A,Carrier A,eletroportateis,none,1,0,0.0,0,none
2018-06-18,WH_SOUTH,South FC,CAR_A,Carrier A,esporte_lazer,none,1,0,0.0,0,none
2018-06-18,WH_SOUTH,South FC,CAR_A,Carrier A,ferramentas_jardim,none,2,0,0.0,0,none
2018-06-18,WH_SOUTH,South FC,CAR_A,Carrier A,informatica_acessorios,none,4,0,0.0,0,none
2018-06-18,WH_SOUTH,South FC,CAR_A,Carrier A,instrumentos_musicais,none,1,0,0.0,0,none
2018-06-18,WH_SOUTH,South FC,CAR_A,Carrier A,moveis_decoracao,none,4,0,0.0,0,none
2018-06-18,WH_SOUTH,South FC,CAR_A,Carrier A,perfumaria,none,2,0,0.0,0,none
2018-06-18,WH_SOUTH,South FC,CAR_A,Carrier A,pet_shop,none,1,0,0.0,0,none
2018-06-18,WH_SOUTH,South FC,CAR_A,Carrier A,relogios_presentes,none,4,0,0.0,0,none
2018-06-18,WH_SOUTH,South FC,CAR_A,Carrier A,telefonia,none,4,0,0.0,0,none
2018-06-18,WH_SOUTH,South FC,CAR_A,Carrier A,utilidades_domesticas,none,2,0,0.0,0,none
2018-06-18,WH_SOUTH,South FC,CAR_B,Carrier B,automotivo,damaged,1,1,100.0,0,none
2018-06-18,WH_SOUTH,South FC,CAR_B,Carrier B,automotivo,none,4,0,0.0,0,none
2018-06-18,WH_SOUTH,South FC,CAR_B,Carrier B,bebes,none,3,0,0.0,0,none
2018-06-18,WH_SOUTH,South FC,CAR_B,Carrier B,beleza_saude,none,6,0,0.0,0,none
2018-06-18,WH_SOUTH,South FC,CAR_B,Carrier B,cama_mesa_banho,none,9,0,0.0,0,none
2018-06-18,WH_SOUTH,South FC,CAR_B,Carrier B,casa_construcao,none,1,0,0.0,0,none
2018-06-18,WH_SOUTH,South FC,CAR_B,Carrier B,construcao_ferramentas_construcao,none,2,0,0.0,0,none
2018-06-18,WH_SOUTH,South FC,CAR_B,Carrier B,cool_stuff,none,1,0,0.0,0,none
2018-06-18,WH_SOUTH,South FC,CAR_B,Carrier B,eletrodomesticos,none,1,0,0.0,0,none
2018-06-18,WH_SOUTH,South FC,CAR_B,Carrier B,eletronicos,none,3,0,0.0,0,none
2018-06-18,WH_SOUTH,South FC,CAR_B,Carrier B,eletroportateis,none,1,0,0.0,0,none
2018-06-18,WH_SOUTH,South FC,CAR_B,Carrier B,esporte_lazer,none,5,0,0.0,0,none
2018-06-18,WH_SOUTH,South FC,CAR_B,Carrier B,informatica_acessorios,none,8,0,0.0,0,none
2018-06-18,WH_SOUTH,South FC,CAR_B,Carrier B,livros_tecnicos,none,1,0,0.0,0,none
2018-06-18,WH_SOUTH,South FC,CAR_B,Carrier B,malas_acessorios,none,1,0,0.0,0,none
2018-06-18,WH_SOUTH,South FC,CAR_B,Carrier B,moveis_cozinha_area_de_servico_jantar_e_jardim,none,1,0,0.0,0,none
2018-06-18,WH_SOUTH,South FC,CAR_B,Carrier B,moveis_decoracao,none,4,0,0.0,0,none
2018-06-18,WH_SOUTH,South FC,CAR_B,Carrier B,moveis_sala,none,1,0,0.0,0,none
2018-06-18,WH_SOUTH,South FC,CAR_B,Carrier B,papelaria,wrong,1,1,100.0,0,none
2018-06-18,WH_SOUTH,South FC,CAR_B,Carrier B,relogios_presentes,none,1,0,0.0,0,none
2018-06-18,WH_SOUTH,South FC,CAR_B,Carrier B,sinalizacao_e_seguranca,none,1,0,0.0,0,none
2018-06-18,WH_SOUTH,South FC,CAR_B,Carrier B,telefonia,none,3,0,0.0,0,none
2018-06-18,WH_SOUTH,South FC,CAR_B,Carrier B,utilidades_domesticas,none,5,0,0.0,0,none
2018-06-18,WH_SOUTH,South FC,CAR_C,Carrier C,automotivo,none,2,0,0.0,0,none
2018-06-18,WH_SOUTH,South FC,CAR_C,Carrier C,beleza_saude,missing,1,1,100.0,0,none
2018-06-18,WH_SOUTH,South FC,CAR_C,Carrier C,beleza_saude,none,4,0,0.0,0,none
2018-06-18,WH_SOUTH,South FC,CAR_C,Carrier C,brinquedos,none,2,0,0.0,0,none
2018-06-18,WH_SOUTH,South FC,CAR_C,Carrier C,cama_mesa_banho,none,7,0,0.0,0,none
2018-06-18,WH_SOUTH,South FC,CAR_C,Carrier C,cool_stuff,none,1,0,0.0,0,none
2018-06-18,WH_SOUTH,South FC,CAR_C,Carrier C,eletrodomesticos,none,1,0,0.0,0,none
2018-06-18,WH_SOUTH,South FC,CAR_C,Carrier C,eletrodomesticos_2,none,1,0,0.0,0,none
2018-06-18,WH_SOUTH,South FC,CAR_C,Carrier C,eletronicos,none,2,0,0.0,0,none
2018-06-18,WH_SOUTH,South FC,CAR_C,Carrier C,eletroportateis,none,1,0,0.0,0,none
2018-06-18,WH_SOUTH,South FC,CAR_C,Carrier C,esporte_lazer,none,5,0,0.0,0,none
2018-06-18,WH_SOUTH,South FC,CAR_C,Carrier C,ferramentas_jardim,none,1,0,0.0,0,none
2018-06-18,WH_SOUTH,South FC,CAR_C,Carrier C,informatica_acessorios,none,4,0,0.0,0,none
2018-06-18,WH_SOUTH,South FC,CAR_C,Carrier C,moveis_decoracao,none,5,0,0.0,0,none
2018-06-18,WH_SOUTH,South FC,CAR_C,Carrier C,papelaria,none,1,0,0.0,0,none
2018-06-18,WH_SOUTH,South FC,CAR_C,Carrier C,perfumaria,none,2,0,0.0,0,none
2018-06-18,WH_SOUTH,South FC,CAR_C,Carrier C,pet_shop,none,2,0,0.0,0,none
2018-06-18,WH_SOUTH,South FC,CAR_C,Carrier C,pet_shop,refund,1,1,100.0,0,none
2018-06-18,WH_SOUTH,South FC,CAR_C,Carrier C,relogios_presentes,missing,1,1,100.0,0,none
2018-06-18,WH_SOUTH,South FC,CAR_C,Carrier C,utilidades_domesticas,none,3,0,0.0,0,none
2018-06-18,WH_SOUTH,South FC,CAR_D,Carrier D,agro_industria_e_comercio,none,1,0,0.0,0,none
2018-06-18,WH_SOUTH,South FC,CAR_D,Carrier D,alimentos,none,1,0,0.0,0,none
2018-06-18,WH_SOUTH,South FC,CAR_D,Carrier D,beleza_saude,none,6,0,0.0,0,none
2018-06-18,WH_SOUTH,South FC,CAR_D,Carrier D,cama_mesa_banho,none,1,0,0.0,0,none
2018-06-18,WH_SOUTH,South FC,CAR_D,Carrier D,construcao_ferramentas_construcao,none,1,0,0.0,0,none
2018-06-18,WH_SOUTH,South FC,CAR_D,Carrier D,construcao_ferramentas_seguranca,none,1,0,0.0,0,none
2018-06-18,WH_SOUTH,South FC,CAR_D,Carrier D,cool_stuff,none,2,0,0.0,0,none
2018-06-18,WH_SOUTH,South FC,CAR_D,Carrier D,eletrodomesticos,none,1,0,0.0,0,none
2018-06-18,WH_SOUTH,South FC,CAR_D,Carrier D,moveis_decoracao,none,3,0,0.0,0,none
2018-06-18,WH_SOUTH,South FC,CAR_D,Carrier D,perfumaria,none,2,0,0.0,0,none
2018-06-18,WH_SOUTH,South FC,CAR_D,Carrier D,relogios_presentes,none,2,0,0.0,0,none
2018-06-18,WH_SOUTH,South FC,CAR_D,Carrier D,telefonia,none,2,0,0.0,0,none
2018-06-18,WH_SOUTH,South FC,CAR_D,Carrier D,utilidades_domesticas,none,1,0,0.0,0,none
2018-06-18,WH_SOUTHEAST,Southeast FC,CAR_A,Carrier A,alimentos_bebidas,none,1,0,0.0,0,none
2018-06-18,WH_SOUTHEAST,Southeast FC,CAR_A,Carrier A,artes,none,3,0,0.0,0,none
2018-06-18,WH_SOUTHEAST,Southeast FC,CAR_A,Carrier A,audio,none,2,0,0.0,0,none
2018-06-18,WH_SOUTHEAST,Southeast FC,CAR_A,Carrier A,audio,refund,1,1,100.0,0,none
2018-06-18,WH_SOUTHEAST,Southeast FC,CAR_A,Carrier A,automotivo,none,13,0,0.0,0,none
2018-06-18,WH_SOUTHEAST,Southeast FC,CAR_A,Carrier A,bebes,none,15,0,0.0,0,none
2018-06-18,WH_SOUTHEAST,Southeast FC,CAR_A,Carrier A,bebidas,none,2,0,0.0,0,none
2018-06-18,WH_SOUTHEAST,Southeast FC,CAR_A,Carrier A,beleza_saude,damaged,1,1,100.0,0,none
2018-06-18,WH_SOUTHEAST,Southeast FC,CAR_A,Carrier A,beleza_saude,failed,1,1,100.0,0,none
2018-06-18,WH_SOUTHEAST,Southeast FC,CAR_A,Carrier A,beleza_saude,missing,1,1,100.0,0,none
2018-06-18,WH_SOUTHEAST,Southeast FC,CAR_A,Carrier A,beleza_saude,none,50,0,0.0,0,none
2018-06-18,WH_SOUTHEAST,Southeast FC,CAR_A,Carrier A,beleza_saude,refund,1,1,100.0,0,none
2018-06-18,WH_SOUTHEAST,Southeast FC,CAR_A,Carrier A,beleza_saude,wrong,1,1,100.0,0,none
2018-06-18,WH_SOUTHEAST,Southeast FC,CAR_A,Carrier A,brinquedos,none,10,0,0.0,0,none
2018-06-18,WH_SOUTHEAST,Southeast FC,CAR_A,Carrier A,cama_mesa_banho,failed,2,2,100.0,0,none
2018-06-18,WH_SOUTHEAST,Southeast FC,CAR_A,Carrier A,cama_mesa_banho,none,25,0,0.0,0,none
2018-06-18,WH_SOUTHEAST,Southeast FC,CAR_A,Carrier A,cama_mesa_banho,wrong,1,1,100.0,0,none
2018-06-18,WH_SOUTHEAST,Southeast FC,CAR_A,Carrier A,casa_conforto,none,2,0,0.0,0,none
2018-06-18,WH_SOUTHEAST,Southeast FC,CAR_A,Carrier A,casa_construcao,none,3,0,0.0,0,none
2018-06-18,WH_SOUTHEAST,Southeast FC,CAR_A,Carrier A,cine_foto,none,1,0,0.0,0,none
2018-06-18,WH_SOUTHEAST,Southeast FC,CAR_A,Carrier A,consoles_games,none,2,0,0.0,0,none
2018-06-18,WH_SOUTHEAST,Southeast FC,CAR_A,Carrier A,construcao_ferramentas_construcao,none,5,0,0.0,0,none
2018-06-18,WH_SOUTHEAST,Southeast FC,CAR_A,Carrier A,construcao_ferramentas_iluminacao,none,3,0,0.0,0,none
2018-06-18,WH_SOUTHEAST,Southeast FC,CAR_A,Carrier A,construcao_ferramentas_jardim,none,1,0,0.0,0,none
2018-06-18,WH_SOUTHEAST,Southeast FC,CAR_A,Carrier A,cool_stuff,none,6,0,0.0,0,none
2018-06-18,WH_SOUTHEAST,Southeast FC,CAR_A,Carrier A,eletrodomesticos,none,1,0,0.0,0,none
2018-06-18,WH_SOUTHEAST,Southeast FC,CAR_A,Carrier A,eletronicos,damaged,1,1,100.0,0,none
2018-06-18,WH_SOUTHEAST,Southeast FC,CAR_A,Carrier A,eletronicos,none,14,0,0.0,0,none
2018-06-18,WH_SOUTHEAST,Southeast FC,CAR_A,Carrier A,eletroportateis,none,3,0,0.0,0,none
2018-06-18,WH_SOUTHEAST,Southeast FC,CAR_A,Carrier A,esporte_lazer,failed,1,1,100.0,0,none
2018-06-18,WH_SOUTHEAST,Southeast FC,CAR_A,Carrier A,esporte_lazer,missing,1,1,100.0,0,none
2018-06-18,WH_SOUTHEAST,Southeast FC,CAR_A,Carrier A,esporte_lazer,none,20,0,0.0,0,none
2018-06-18,WH_SOUTHEAST,Southeast FC,CAR_A,Carrier A,fashion_bolsas_e_acessorios,none,4,0,0.0,0,none
2018-06-18,WH_SOUTHEAST,Southeast FC,CAR_A,Carrier A,fashion_calcados,none,1,0,0.0,0,none
2018-06-18,WH_SOUTHEAST,Southeast FC,CAR_A,Carrier A,ferramentas_jardim,none,5,0,0.0,0,none
2018-06-18,WH_SOUTHEAST,Southeast FC,CAR_A,Carrier A,ferramentas_jardim,wrong,1,1,100.0,0,none
2018-06-18,WH_SOUTHEAST,Southeast FC,CAR_A,Carrier A,fraldas_higiene,none,1,0,0.0,0,none
2018-06-18,WH_SOUTHEAST,Southeast FC,CAR_A,Carrier A,industria_comercio_e_negocios,failed,1,1,100.0,0,none
2018-06-18,WH_SOUTHEAST,Southeast FC,CAR_A,Carrier A,industria_comercio_e_negocios,none,1,0,0.0,0,none
2018-06-18,WH_SOUTHEAST,Southeast FC,CAR_A,Carrier A,informatica_acessorios,none,29,0,0.0,0,none
2018-06-18,WH_SOUTHEAST,Southeast FC,CAR_A,Carrier A,instrumentos_musicais,none,2,0,0.0,0,none
2018-06-18,WH_SOUTHEAST,Southeast FC,CAR_A,Carrier A,livros_importados,none,1,0,0.0,0,none
2018-06-18,WH_SOUTHEAST,Southeast FC,CAR_A,Carrier A,livros_interesse_geral,none,1,0,0.0,0,none
2018-06-18,WH_SOUTHEAST,Southeast FC,CAR_A,Carrier A,livros_tecnicos,none,2,0,0.0,0,none
2018-06-18,WH_SOUTHEAST,Southeast FC,CAR_A,Carrier A,malas_acessorios,none,3,0,0.0,0,none
2018-06-18,WH_SOUTHEAST,Southeast FC,CAR_A,Carrier A,moveis_cozinha_area_de_servico_jantar_e_jardim,none,1,0,0.0,0,none
2018-06-18,WH_SOUTHEAST,Southeast FC,CAR_A,Carrier A,moveis_decoracao,missing,1,1,100.0,0,none
2018-06-18,WH_SOUTHEAST,Southeast FC,CAR_A,Carrier A,moveis_decoracao,none,16,0,0.0,0,none
2018-06-18,WH_SOUTHEAST,Southeast FC,CAR_A,Carrier A,moveis_escritorio,none,6,0,0.0,0,none
2018-06-18,WH_SOUTHEAST,Southeast FC,CAR_A,Carrier A,moveis_quarto,none,1,0,0.0,0,none
2018-06-18,WH_SOUTHEAST,Southeast FC,CAR_A,Carrier A,moveis_sala,none,2,0,0.0,0,none
2018-06-18,WH_SOUTHEAST,Southeast FC,CAR_A,Carrier A,musica,none,1,0,0.0,0,none
2018-06-18,WH_SOUTHEAST,Southeast FC,CAR_A,Carrier A,papelaria,none,9,0,0.0,0,none
2018-06-18,WH_SOUTHEAST,Southeast FC,CAR_A,Carrier A,pcs,none,1,0,0.0,0,none
2018-06-18,WH_SOUTHEAST,Southeast FC,CAR_A,Carrier A,perfumaria,none,4,0,0.0,0,none
2018-06-18,WH_SOUTHEAST,Southeast FC,CAR_A,Carrier A,pet_shop,none,10,0,0.0,0,none
2018-06-18,WH_SOUTHEAST,Southeast FC,CAR_A,Carrier A,relogios_presentes,none,28,0,0.0,0,none
2018-06-18,WH_SOUTHEAST,Southeast FC,CAR_A,Carrier A,sinalizacao_e_seguranca,none,2,0,0.0,0,none
2018-06-18,WH_SOUTHEAST,Southeast FC,CAR_A,Carrier A,telefonia,none,6,0,0.0,0,none
2018-06-18,WH_SOUTHEAST,Southeast FC,CAR_A,Carrier A,telefonia_fixa,none,1,0,0.0,0,none
2018-06-18,WH_SOUTHEAST,Southeast FC,CAR_A,Carrier A,unknown,none,2,0,0.0,0,none
2018-06-18,WH_SOUTHEAST,Southeast FC,CAR_A,Carrier A,unknown,refund,1,1,100.0,0,none
2018-06-18,WH_SOUTHEAST,Southeast FC,CAR_A,Carrier A,utilidades_domesticas,none,30,0,0.0,0,none
2018-06-18,WH_SOUTHEAST,Southeast FC,CAR_A,Carrier A,utilidades_domesticas,refund,1,1,100.0,0,none
2018-06-18,WH_SOUTHEAST,Southeast FC,CAR_B,Carrier B,alimentos,none,2,0,0.0,0,none
2018-06-18,WH_SOUTHEAST,Southeast FC,CAR_B,Carrier B,artes,none,1,0,0.0,0,none
2018-06-18,WH_SOUTHEAST,Southeast FC,CAR_B,Carrier B,artigos_de_natal,none,1,0,0.0,0,none
2018-06-18,WH_SOUTHEAST,Southeast FC,CAR_B,Carrier B,automotivo,none,19,0,0.0,0,none
2018-06-18,WH_SOUTHEAST,Southeast FC,CAR_B,Carrier B,bebes,none,14,0,0.0,0,none
2018-06-18,WH_SOUTHEAST,Southeast FC,CAR_B,Carrier B,bebidas,none,4,0,0.0,0,none
2018-06-18,WH_SOUTHEAST,Southeast FC,CAR_B,Carrier B,beleza_saude,failed,1,1,100.0,0,none
2018-06-18,WH_SOUTHEAST,Southeast FC,CAR_B,Carrier B,beleza_saude,none,53,0,0.0,0,none
2018-06-18,WH_SOUTHEAST,Southeast FC,CAR_B,Carrier B,brinquedos,none,6,0,0.0,0,none
2018-06-18,WH_SOUTHEAST,Southeast FC,CAR_B,Carrier B,cama_mesa_banho,failed,1,1,100.0,0,none
2018-06-18,WH_SOUTHEAST,Southeast FC,CAR_B,Carrier B,cama_mesa_banho,none,51,0,0.0,0,none
2018-06-18,WH_SOUTHEAST,Southeast FC,CAR_B,Carrier B,casa_conforto,none,1,0,0.0,0,none
2018-06-18,WH_SOUTHEAST,Southeast FC,CAR_B,Carrier B,casa_construcao,none,4,0,0.0,0,none
2018-06-18,WH_SOUTHEAST,Southeast FC,CAR_B,Carrier B,climatizacao,none,1,0,0.0,0,none
2018-06-18,WH_SOUTHEAST,Southeast FC,CAR_B,Carrier B,consoles_games,none,3,0,0.0,0,none
2018-06-18,WH_SOUTHEAST,Southeast FC,CAR_B,Carrier B,construcao_ferramentas_construcao,none,5,0,0.0,0,none
2018-06-18,WH_SOUTHEAST,Southeast FC,CAR_B,Carrier B,construcao_ferramentas_construcao,refund,1,1,100.0,0,none
2018-06-18,WH_SOUTHEAST,Southeast FC,CAR_B,Carrier B,construcao_ferramentas_iluminacao,none,2,0,0.0,0,none
2018-06-18,WH_SOUTHEAST,Southeast FC,CAR_B,Carrier B,cool_stuff,none,4,0,0.0,0,none
2018-06-18,WH_SOUTHEAST,Southeast FC,CAR_B,Carrier B,cool_stuff,wrong,1,1,100.0,0,none
2018-06-18,WH_SOUTHEAST,Southeast FC,CAR_B,Carrier B,eletrodomesticos,none,2,0,0.0,0,none
2018-06-18,WH_SOUTHEAST,Southeast FC,CAR_B,Carrier B,eletrodomesticos_2,none,3,0,0.0,0,none
2018-06-18,WH_SOUTHEAST,Southeast FC,CAR_B,Carrier B,eletronicos,none,13,0,0.0,0,none
2018-06-18,WH_SOUTHEAST,Southeast FC,CAR_B,Carrier B,eletroportateis,none,3,0,0.0,0,none
2018-06-18,WH_SOUTHEAST,Southeast FC,CAR_B,Carrier B,esporte_lazer,none,21,0,0.0,0,none
2018-06-18,WH_SOUTHEAST,Southeast FC,CAR_B,Carrier B,fashion_bolsas_e_acessorios,none,4,0,0.0,0,none
2018-06-18,WH_SOUTHEAST,Southeast FC,CAR_B,Carrier B,fashion_calcados,failed,1,1,100.0,0,none
2018-06-18,WH_SOUTHEAST,Southeast FC,CAR_B,Carrier B,fashion_roupa_masculina,none,1,0,0.0,0,none
2018-06-18,WH_SOUTHEAST,Southeast FC,CAR_B,Carrier B,ferramentas_jardim,none,5,0,0.0,0,none
2018-06-18,WH_SOUTHEAST,Southeast FC,CAR_B,Carrier B,informatica_acessorios,none,15,0,0.0,0,none
2018-06-18,WH_SOUTHEAST,Southeast FC,CAR_B,Carrier B,informatica_acessorios,refund,1,1,100.0,0,none
2018-06-18,WH_SOUTHEAST,Southeast FC,CAR_B,Carrier B,instrumentos_musicais,none,2,0,0.0,0,none
2018-06-18,WH_SOUTHEAST,Southeast FC,CAR_B,Carrier B,livros_interesse_geral,none,3,0,0.0,0,none
2018-06-18,WH_SOUTHEAST,Southeast FC,CAR_B,Carrier B,livros_tecnicos,none,3,0,0.0,0,none
2018-06-18,WH_SOUTHEAST,Southeast FC,CAR_B,Carrier B,malas_acessorios,missing,1,1,100.0,0,none
2018-06-18,WH_SOUTHEAST,Southeast FC,CAR_B,Carrier B,malas_acessorios,none,1,0,0.0,0,none
2018-06-18,WH_SOUTHEAST,Southeast FC,CAR_B,Carrier B,moveis_cozinha_area_de_servico_jantar_e_jardim,none,1,0,0.0,0,none
2018-06-18,WH_SOUTHEAST,Southeast FC,CAR_B,Carrier B,moveis_cozinha_area_de_servico_jantar_e_jardim,wrong,1,1,100.0,0,none
2018-06-18,WH_SOUTHEAST,Southeast FC,CAR_B,Carrier B,moveis_decoracao,none,18,0,0.0,0,none
2018-06-18,WH_SOUTHEAST,Southeast FC,CAR_B,Carrier B,moveis_escritorio,none,8,0,0.0,0,none
2018-06-18,WH_SOUTHEAST,Southeast FC,CAR_B,Carrier B,moveis_quarto,none,1,0,0.0,0,none
2018-06-18,WH_SOUTHEAST,Southeast FC,CAR_B,Carrier B,moveis_sala,none,1,0,0.0,0,none
2018-06-18,WH_SOUTHEAST,Southeast FC,CAR_B,Carrier B,papelaria,failed,1,1,100.0,0,none
2018-06-18,WH_SOUTHEAST,Southeast FC,CAR_B,Carrier B,papelaria,none,10,0,0.0,0,none
2018-06-18,WH_SOUTHEAST,Southeast FC,CAR_B,Carrier B,pcs,none,1,0,0.0,0,none
2018-06-18,WH_SOUTHEAST,Southeast FC,CAR_B,Carrier B,perfumaria,none,11,0,0.0,0,none
2018-06-18,WH_SOUTHEAST,Southeast FC,CAR_B,Carrier B,pet_shop,none,6,0,0.0,0,none
2018-06-18,WH_SOUTHEAST,Southeast FC,CAR_B,Carrier B,relogios_presentes,missing,1,1,100.0,0,none
2018-06-18,WH_SOUTHEAST,Southeast FC,CAR_B,Carrier B,relogios_presentes,none,24,0,0.0,0,none
2018-06-18,WH_SOUTHEAST,Southeast FC,CAR_B,Carrier B,relogios_presentes,refund,1,1,100.0,0,none
2018-06-18,WH_SOUTHEAST,Southeast FC,CAR_B,Carrier B,relogios_presentes,wrong,1,1,100.0,0,none
2018-06-18,WH_SOUTHEAST,Southeast FC,CAR_B,Carrier B,sinalizacao_e_seguranca,none,1,0,0.0,0,none
2018-06-18,WH_SOUTHEAST,Southeast FC,CAR_B,Carrier B,telefonia,none,17,0,0.0,0,none
2018-06-18,WH_SOUTHEAST,Southeast FC,CAR_B,Carrier B,telefonia_fixa,none,1,0,0.0,0,none
2018-06-18,WH_SOUTHEAST,Southeast FC,CAR_B,Carrier B,unknown,none,1,0,0.0,0,none
2018-06-18,WH_SOUTHEAST,Southeast FC,CAR_B,Carrier B,utilidades_domesticas,none,17,0,0.0,0,none
2018-06-18,WH_SOUTHEAST,Southeast FC,CAR_C,Carrier C,alimentos_bebidas,none,2,0,0.0,0,none
2018-06-18,WH_SOUTHEAST,Southeast FC,CAR_C,Carrier C,artes,none,1,0,0.0,0,none
2018-06-18,WH_SOUTHEAST,Southeast FC,CAR_C,Carrier C,artigos_de_natal,none,1,0,0.0,0,none
2018-06-18,WH_SOUTHEAST,Southeast FC,CAR_C,Carrier C,audio,none,2,0,0.0,0,none
2018-06-18,WH_SOUTHEAST,Southeast FC,CAR_C,Carrier C,automotivo,missing,1,1,100.0,0,none
2018-06-18,WH_SOUTHEAST,Southeast FC,CAR_C,Carrier C,automotivo,none,15,0,0.0,0,none
2018-06-18,WH_SOUTHEAST,Southeast FC,CAR_C,Carrier C,bebes,damaged,1,1,100.0,0,none
2018-06-18,WH_SOUTHEAST,Southeast FC,CAR_C,Carrier C,bebes,none,5,0,0.0,0,none
2018-06-18,WH_SOUTHEAST,Southeast FC,CAR_C,Carrier C,bebidas,none,1,0,0.0,0,none
2018-06-18,WH_SOUTHEAST,Southeast FC,CAR_C,Carrier C,beleza_saude,damaged,1,1,100.0,0,none
2018-06-18,WH_SOUTHEAST,Southeast FC,CAR_C,Carrier C,beleza_saude,failed,2,2,100.0,0,none
2018-06-18,WH_SOUTHEAST,Southeast FC,CAR_C,Carrier C,beleza_saude,missing,1,1,100.0,0,none
2018-06-18,WH_SOUTHEAST,Southeast FC,CAR_C,Carrier C,beleza_saude,none,30,0,0.0,0,none
2018-06-18,WH_SOUTHEAST,Southeast FC,CAR_C,Carrier C,brinquedos,failed,1,1,100.0,0,none
2018-06-18,WH_SOUTHEAST,Southeast FC,CAR_C,Carrier C,brinquedos,none,5,0,0.0,0,none
2018-06-18,WH_SOUTHEAST,Southeast FC,CAR_C,Carrier C,cama_mesa_banho,failed,1,1,100.0,0,none
2018-06-18,WH_SOUTHEAST,Southeast FC,CAR_C,Carrier C,cama_mesa_banho,missing,3,3,100.0,0,none
2018-06-18,WH_SOUTHEAST,Southeast FC,CAR_C,Carrier C,cama_mesa_banho,none,31,0,0.0,0,none
2018-06-18,WH_SOUTHEAST,Southeast FC,CAR_C,Carrier C,cama_mesa_banho,refund,1,1,100.0,0,none
2018-06-18,WH_SOUTHEAST,Southeast FC,CAR_C,Carrier C,cama_mesa_banho,wrong,1,1,100.0,0,none
2018-06-18,WH_SOUTHEAST,Southeast FC,CAR_C,Carrier C,casa_construcao,failed,1,1,100.0,0,none
2018-06-18,WH_SOUTHEAST,Southeast FC,CAR_C,Carrier C,casa_construcao,none,3,0,0.0,0,none
2018-06-18,WH_SOUTHEAST,Southeast FC,CAR_C,Carrier C,cine_foto,none,1,0,0.0,0,none
2018-06-18,WH_SOUTHEAST,Southeast FC,CAR_C,Carrier C,consoles_games,none,1,0,0.0,0,none
2018-06-18,WH_SOUTHEAST,Southeast FC,CAR_C,Carrier C,construcao_ferramentas_construcao,none,4,0,0.0,0,none
2018-06-18,WH_SOUTHEAST,Southeast FC,CAR_C,Carrier C,construcao_ferramentas_seguranca,none,1,0,0.0,0,none
2018-06-18,WH_SOUTHEAST,Southeast FC,CAR_C,Carrier C,cool_stuff,none,4,0,0.0,0,none
2018-06-18,WH_SOUTHEAST,Southeast FC,CAR_C,Carrier C,eletrodomesticos,none,3,0,0.0,0,none
2018-06-18,WH_SOUTHEAST,Southeast FC,CAR_C,Carrier C,eletrodomesticos_2,none,1,0,0.0,0,none
2018-06-18,WH_SOUTHEAST,Southeast FC,CAR_C,Carrier C,eletronicos,failed,1,1,100.0,0,none
2018-06-18,WH_SOUTHEAST,Southeast FC,CAR_C,Carrier C,eletronicos,none,2,0,0.0,0,none
2018-06-18,WH_SOUTHEAST,Southeast FC,CAR_C,Carrier C,esporte_lazer,damaged,1,1,100.0,0,none
2018-06-18,WH_SOUTHEAST,Southeast FC,CAR_C,Carrier C,esporte_lazer,none,13,0,0.0,0,none
2018-06-18,WH_SOUTHEAST,Southeast FC,CAR_C,Carrier C,esporte_lazer,refund,1,1,100.0,0,none
2018-06-18,WH_SOUTHEAST,Southeast FC,CAR_C,Carrier C,fashion_bolsas_e_acessorios,damaged,1,1,100.0,0,none
2018-06-18,WH_SOUTHEAST,Southeast FC,CAR_C,Carrier C,fashion_bolsas_e_acessorios,none,4,0,0.0,0,none
2018-06-18,WH_SOUTHEAST,Southeast FC,CAR_C,Carrier C,ferramentas_jardim,damaged,1,1,100.0,0,none
2018-06-18,WH_SOUTHEAST,Southeast FC,CAR_C,Carrier C,ferramentas_jardim,missing,2,2,100.0,0,none
2018-06-18,WH_SOUTHEAST,Southeast FC,CAR_C,Carrier C,ferramentas_jardim,none,4,0,0.0,0,none
2018-06-18,WH_SOUTHEAST,Southeast FC,CAR_C,Carrier C,fraldas_higiene,damaged,1,1,100.0,0,none
2018-06-18,WH_SOUTHEAST,Southeast FC,CAR_C,Carrier C,industria_comercio_e_negocios,none,1,0,0.0,0,none
2018-06-18,WH_SOUTHEAST,Southeast FC,CAR_C,Carrier C,informatica_acessorios,none,12,0,0.0,0,none
2018-06-18,WH_SOUTHEAST,Southeast FC,CAR_C,Carrier C,informatica_acessorios,wrong,1,1,100.0,0,none
2018-06-18,WH_SOUTHEAST,Southeast FC,CAR_C,Carrier C,livros_interesse_geral,none,3,0,0.0,0,none
2018-06-18,WH_SOUTHEAST,Southeast FC,CAR_C,Carrier C,livros_tecnicos,none,2,0,0.0,0,none
2018-06-18,WH_SOUTHEAST,Southeast FC,CAR_C,Carrier C,malas_acessorios,none,2,0,0.0,0,none
2018-06-18,WH_SOUTHEAST,Southeast FC,CAR_C,Carrier C,market_place,none,1,0,0.0,0,none
2018-06-18,WH_SOUTHEAST,Southeast FC,CAR_C,Carrier C,moveis_cozinha_area_de_servico_jantar_e_jardim,none,1,0,0.0,0,none
2018-06-18,WH_SOUTHEAST,Southeast FC,CAR_C,Carrier C,moveis_decoracao,missing,1,1,100.0,0,none
2018-06-18,WH_SOUTHEAST,Southeast FC,CAR_C,Carrier C,moveis_decoracao,none,12,0,0.0,0,none
2018-06-18,WH_SOUTHEAST,Southeast FC,CAR_C,Carrier C,moveis_escritorio,none,2,0,0.0,0,none
2018-06-18,WH_SOUTHEAST,Southeast FC,CAR_C,Carrier C,moveis_sala,none,2,0,0.0,0,none
2018-06-18,WH_SOUTHEAST,Southeast FC,CAR_C,Carrier C,papelaria,none,6,0,0.0,0,none
2018-06-18,WH_SOUTHEAST,Southeast FC,CAR_C,Carrier C,perfumaria,none,5,0,0.0,0,none
2018-06-18,WH_SOUTHEAST,Southeast FC,CAR_C,Carrier C,pet_shop,none,5,0,0.0,0,none
2018-06-18,WH_SOUTHEAST,Southeast FC,CAR_C,Carrier C,relogios_presentes,failed,1,1,100.0,0,none
2018-06-18,WH_SOUTHEAST,Southeast FC,CAR_C,Carrier C,relogios_presentes,none,17,0,0.0,0,none
2018-06-18,WH_SOUTHEAST,Southeast FC,CAR_C,Carrier C,relogios_presentes,wrong,1,1,100.0,0,none
2018-06-18,WH_SOUTHEAST,Southeast FC,CAR_C,Carrier C,telefonia,failed,1,1,100.0,0,none
2018-06-18,WH_SOUTHEAST,Southeast FC,CAR_C,Carrier C,telefonia,none,2,0,0.0,0,none
2018-06-18,WH_SOUTHEAST,Southeast FC,CAR_C,Carrier C,telefonia_fixa,missing,1,1,100.0,0,none
2018-06-18,WH_SOUTHEAST,Southeast FC,CAR_C,Carrier C,unknown,none,1,0,0.0,0,none
2018-06-18,WH_SOUTHEAST,Southeast FC,CAR_C,Carrier C,utilidades_domesticas,missing,1,1,100.0,0,none
2018-06-18,WH_SOUTHEAST,Southeast FC,CAR_C,Carrier C,utilidades_domesticas,none,13,0,0.0,0,none
2018-06-18,WH_SOUTHEAST,Southeast FC,CAR_D,Carrier D,audio,none,1,0,0.0,0,none
2018-06-18,WH_SOUTHEAST,Southeast FC,CAR_D,Carrier D,automotivo,none,5,0,0.0,0,none
2018-06-18,WH_SOUTHEAST,Southeast FC,CAR_D,Carrier D,bebes,none,2,0,0.0,0,none
2018-06-18,WH_SOUTHEAST,Southeast FC,CAR_D,Carrier D,bebidas,none,1,0,0.0,0,none
2018-06-18,WH_SOUTHEAST,Southeast FC,CAR_D,Carrier D,beleza_saude,none,21,0,0.0,0,none
2018-06-18,WH_SOUTHEAST,Southeast FC,CAR_D,Carrier D,brinquedos,none,6,0,0.0,0,none
2018-06-18,WH_SOUTHEAST,Southeast FC,CAR_D,Carrier D,cama_mesa_banho,failed,1,1,100.0,0,none
2018-06-18,WH_SOUTHEAST,Southeast FC,CAR_D,Carrier D,cama_mesa_banho,none,18,0,0.0,0,none
2018-06-18,WH_SOUTHEAST,Southeast FC,CAR_D,Carrier D,construcao_ferramentas_construcao,none,3,0,0.0,0,none
2018-06-18,WH_SOUTHEAST,Southeast FC,CAR_D,Carrier D,construcao_ferramentas_iluminacao,none,1,0,0.0,0,none
2018-06-18,WH_SOUTHEAST,Southeast FC,CAR_D,Carrier D,cool_stuff,none,2,0,0.0,0,none
2018-06-18,WH_SOUTHEAST,Southeast FC,CAR_D,Carrier D,eletrodomesticos,none,1,0,0.0,0,none
2018-06-18,WH_SOUTHEAST,Southeast FC,CAR_D,Carrier D,eletronicos,none,2,0,0.0,0,none
2018-06-18,WH_SOUTHEAST,Southeast FC,CAR_D,Carrier D,esporte_lazer,none,12,0,0.0,0,none
2018-06-18,WH_SOUTHEAST,Southeast FC,CAR_D,Carrier D,fashion_bolsas_e_acessorios,none,1,0,0.0,0,none
2018-06-18,WH_SOUTHEAST,Southeast FC,CAR_D,Carrier D,ferramentas_jardim,none,2,0,0.0,0,none
2018-06-18,WH_SOUTHEAST,Southeast FC,CAR_D,Carrier D,informatica_acessorios,none,11,0,0.0,0,none
2018-06-18,WH_SOUTHEAST,Southeast FC,CAR_D,Carrier D,livros_interesse_geral,none,1,0,0.0,0,none
2018-06-18,WH_SOUTHEAST,Southeast FC,CAR_D,Carrier D,livros_tecnicos,none,2,0,0.0,0,none
2018-06-18,WH_SOUTHEAST,Southeast FC,CAR_D,Carrier D,malas_acessorios,none,1,0,0.0,0,none
2018-06-18,WH_SOUTHEAST,Southeast FC,CAR_D,Carrier D,moveis_cozinha_area_de_servico_jantar_e_jardim,none,1,0,0.0,0,none
2018-06-18,WH_SOUTHEAST,Southeast FC,CAR_D,Carrier D,moveis_decoracao,none,4,0,0.0,0,none
2018-06-18,WH_SOUTHEAST,Southeast FC,CAR_D,Carrier D,moveis_escritorio,none,2,0,0.0,0,none
2018-06-18,WH_SOUTHEAST,Southeast FC,CAR_D,Carrier D,papelaria,missing,1,1,100.0,0,none
2018-06-18,WH_SOUTHEAST,Southeast FC,CAR_D,Carrier D,papelaria,none,1,0,0.0,0,none
2018-06-18,WH_SOUTHEAST,Southeast FC,CAR_D,Carrier D,perfumaria,none,3,0,0.0,0,none
2018-06-18,WH_SOUTHEAST,Southeast FC,CAR_D,Carrier D,pet_shop,none,2,0,0.0,0,none
2018-06-18,WH_SOUTHEAST,Southeast FC,CAR_D,Carrier D,pet_shop,refund,1,1,100.0,0,none
2018-06-18,WH_SOUTHEAST,Southeast FC,CAR_D,Carrier D,relogios_presentes,missing,1,1,100.0,0,none
2018-06-18,WH_SOUTHEAST,Southeast FC,CAR_D,Carrier D,relogios_presentes,none,10,0,0.0,0,none
2018-06-18,WH_SOUTHEAST,Southeast FC,CAR_D,Carrier D,relogios_presentes,wrong,1,1,100.0,0,none
2018-06-18,WH_SOUTHEAST,Southeast FC,CAR_D,Carrier D,telefonia,none,6,0,0.0,0,none
2018-06-18,WH_SOUTHEAST,Southeast FC,CAR_D,Carrier D,unknown,none,1,0,0.0,0,none
2018-06-18,WH_SOUTHEAST,Southeast FC,CAR_D,Carrier D,utilidades_domesticas,none,10,0,0.0,0,none
2018-06-25,WH_CENTRAL_WEST,Central-West FC,CAR_A,Carrier A,agro_industria_e_comercio,none,1,0,0.0,0,none
2018-06-25,WH_CENTRAL_WEST,Central-West FC,CAR_A,Carrier A,alimentos,none,1,0,0.0,0,none
2018-06-25,WH_CENTRAL_WEST,Central-West FC,CAR_A,Carrier A,artigos_de_natal,none,1,0,0.0,0,none
2018-06-25,WH_CENTRAL_WEST,Central-West FC,CAR_A,Carrier A,automotivo,none,2,0,0.0,0,none
2018-06-25,WH_CENTRAL_WEST,Central-West FC,CAR_A,Carrier A,beleza_saude,none,2,0,0.0,0,none
2018-06-25,WH_CENTRAL_WEST,Central-West FC,CAR_A,Carrier A,eletronicos,none,2,0,0.0,0,none
2018-06-25,WH_CENTRAL_WEST,Central-West FC,CAR_A,Carrier A,esporte_lazer,none,1,0,0.0,0,none
2018-06-25,WH_CENTRAL_WEST,Central-West FC,CAR_A,Carrier A,fashion_bolsas_e_acessorios,none,1,0,0.0,0,none
2018-06-25,WH_CENTRAL_WEST,Central-West FC,CAR_A,Carrier A,fashion_underwear_e_moda_praia,none,1,0,0.0,0,none
2018-06-25,WH_CENTRAL_WEST,Central-West FC,CAR_A,Carrier A,ferramentas_jardim,none,1,0,0.0,0,none
2018-06-25,WH_CENTRAL_WEST,Central-West FC,CAR_A,Carrier A,papelaria,none,1,0,0.0,0,none
2018-06-25,WH_CENTRAL_WEST,Central-West FC,CAR_A,Carrier A,perfumaria,none,1,0,0.0,0,none
2018-06-25,WH_CENTRAL_WEST,Central-West FC,CAR_A,Carrier A,relogios_presentes,none,2,0,0.0,1,ANOM_DRIFT_001
2018-06-25,WH_CENTRAL_WEST,Central-West FC,CAR_A,Carrier A,telefonia,none,1,0,0.0,0,none
2018-06-25,WH_CENTRAL_WEST,Central-West FC,CAR_A,Carrier A,telefonia_fixa,none,1,0,0.0,0,none
2018-06-25,WH_CENTRAL_WEST,Central-West FC,CAR_A,Carrier A,utilidades_domesticas,none,2,0,0.0,0,none
2018-06-25,WH_CENTRAL_WEST,Central-West FC,CAR_B,Carrier B,automotivo,none,1,0,0.0,0,none
2018-06-25,WH_CENTRAL_WEST,Central-West FC,CAR_B,Carrier B,bebes,none,3,0,0.0,0,none
2018-06-25,WH_CENTRAL_WEST,Central-West FC,CAR_B,Carrier B,brinquedos,refund,1,1,100.0,0,none
2018-06-25,WH_CENTRAL_WEST,Central-West FC,CAR_B,Carrier B,cama_mesa_banho,none,1,0,0.0,0,none
2018-06-25,WH_CENTRAL_WEST,Central-West FC,CAR_B,Carrier B,consoles_games,none,1,0,0.0,0,none
2018-06-25,WH_CENTRAL_WEST,Central-West FC,CAR_B,Carrier B,cool_stuff,none,1,0,0.0,0,none
2018-06-25,WH_CENTRAL_WEST,Central-West FC,CAR_B,Carrier B,esporte_lazer,none,2,0,0.0,0,none
2018-06-25,WH_CENTRAL_WEST,Central-West FC,CAR_B,Carrier B,fashion_bolsas_e_acessorios,none,1,0,0.0,0,none
2018-06-25,WH_CENTRAL_WEST,Central-West FC,CAR_B,Carrier B,ferramentas_jardim,none,1,0,0.0,0,none
2018-06-25,WH_CENTRAL_WEST,Central-West FC,CAR_B,Carrier B,industria_comercio_e_negocios,none,1,0,0.0,0,none
2018-06-25,WH_CENTRAL_WEST,Central-West FC,CAR_B,Carrier B,informatica_acessorios,none,1,0,0.0,0,none
2018-06-25,WH_CENTRAL_WEST,Central-West FC,CAR_B,Carrier B,instrumentos_musicais,none,1,0,0.0,1,ANOM_DRIFT_001
2018-06-25,WH_CENTRAL_WEST,Central-West FC,CAR_B,Carrier B,livros_interesse_geral,none,1,0,0.0,0,none
2018-06-25,WH_CENTRAL_WEST,Central-West FC,CAR_B,Carrier B,perfumaria,none,1,0,0.0,0,none
2018-06-25,WH_CENTRAL_WEST,Central-West FC,CAR_B,Carrier B,relogios_presentes,none,2,0,0.0,0,none
2018-06-25,WH_CENTRAL_WEST,Central-West FC,CAR_B,Carrier B,utilidades_domesticas,damaged,1,1,100.0,0,none
2018-06-25,WH_CENTRAL_WEST,Central-West FC,CAR_B,Carrier B,utilidades_domesticas,none,2,0,0.0,0,none
2018-06-25,WH_CENTRAL_WEST,Central-West FC,CAR_B,Carrier B,utilidades_domesticas,refund,1,1,100.0,0,none
2018-06-25,WH_CENTRAL_WEST,Central-West FC,CAR_C,Carrier C,automotivo,none,1,0,0.0,0,none
2018-06-25,WH_CENTRAL_WEST,Central-West FC,CAR_C,Carrier C,bebes,none,1,0,0.0,0,none
2018-06-25,WH_CENTRAL_WEST,Central-West FC,CAR_C,Carrier C,consoles_games,none,1,0,0.0,0,none
2018-06-25,WH_CENTRAL_WEST,Central-West FC,CAR_C,Carrier C,construcao_ferramentas_iluminacao,none,1,0,0.0,0,none
2018-06-25,WH_CENTRAL_WEST,Central-West FC,CAR_C,Carrier C,construcao_ferramentas_seguranca,wrong,1,1,100.0,0,none
2018-06-25,WH_CENTRAL_WEST,Central-West FC,CAR_C,Carrier C,eletrodomesticos,none,1,0,0.0,0,none
2018-06-25,WH_CENTRAL_WEST,Central-West FC,CAR_C,Carrier C,esporte_lazer,refund,1,1,100.0,0,none
2018-06-25,WH_CENTRAL_WEST,Central-West FC,CAR_C,Carrier C,relogios_presentes,none,1,0,0.0,0,none
2018-06-25,WH_CENTRAL_WEST,Central-West FC,CAR_C,Carrier C,telefonia,none,1,0,0.0,0,none
2018-06-25,WH_CENTRAL_WEST,Central-West FC,CAR_D,Carrier D,automotivo,none,1,0,0.0,0,none
2018-06-25,WH_CENTRAL_WEST,Central-West FC,CAR_D,Carrier D,beleza_saude,none,5,0,0.0,0,none
2018-06-25,WH_CENTRAL_WEST,Central-West FC,CAR_D,Carrier D,brinquedos,none,2,0,0.0,0,none
2018-06-25,WH_CENTRAL_WEST,Central-West FC,CAR_D,Carrier D,cama_mesa_banho,none,2,0,0.0,0,none
2018-06-25,WH_CENTRAL_WEST,Central-West FC,CAR_D,Carrier D,cama_mesa_banho,refund,1,1,100.0,0,none
2018-06-25,WH_CENTRAL_WEST,Central-West FC,CAR_D,Carrier D,casa_construcao,missing,1,1,100.0,0,none
2018-06-25,WH_CENTRAL_WEST,Central-West FC,CAR_D,Carrier D,consoles_games,none,1,0,0.0,1,ANOM_DRIFT_001
2018-06-25,WH_CENTRAL_WEST,Central-West FC,CAR_D,Carrier D,construcao_ferramentas_construcao,missing,1,1,100.0,0,none
2018-06-25,WH_CENTRAL_WEST,Central-West FC,CAR_D,Carrier D,cool_stuff,none,1,0,0.0,0,none
2018-06-25,WH_CENTRAL_WEST,Central-West FC,CAR_D,Carrier D,esporte_lazer,none,1,0,0.0,1,ANOM_DRIFT_001
2018-06-25,WH_CENTRAL_WEST,Central-West FC,CAR_D,Carrier D,ferramentas_jardim,none,1,0,0.0,0,none
2018-06-25,WH_CENTRAL_WEST,Central-West FC,CAR_D,Carrier D,informatica_acessorios,none,1,0,0.0,0,none
2018-06-25,WH_CENTRAL_WEST,Central-West FC,CAR_D,Carrier D,livros_interesse_geral,none,1,0,0.0,0,none
2018-06-25,WH_CENTRAL_WEST,Central-West FC,CAR_D,Carrier D,moveis_decoracao,none,1,0,0.0,0,none
2018-06-25,WH_CENTRAL_WEST,Central-West FC,CAR_D,Carrier D,pet_shop,none,2,0,0.0,0,none
2018-06-25,WH_CENTRAL_WEST,Central-West FC,CAR_D,Carrier D,relogios_presentes,none,4,0,0.0,1,ANOM_DRIFT_001
2018-06-25,WH_CENTRAL_WEST,Central-West FC,CAR_D,Carrier D,relogios_presentes,wrong,1,1,100.0,0,none
2018-06-25,WH_CENTRAL_WEST,Central-West FC,CAR_D,Carrier D,telefonia,none,2,0,0.0,0,none
2018-06-25,WH_CENTRAL_WEST,Central-West FC,CAR_D,Carrier D,utilidades_domesticas,missing,1,1,100.0,0,none
2018-06-25,WH_CENTRAL_WEST,Central-West FC,CAR_D,Carrier D,utilidades_domesticas,none,1,0,0.0,1,ANOM_DRIFT_001
2018-06-25,WH_NORTH,North FC,CAR_A,Carrier A,beleza_saude,none,1,0,0.0,0,none
2018-06-25,WH_NORTH,North FC,CAR_A,Carrier A,cool_stuff,none,1,0,0.0,0,none
2018-06-25,WH_NORTH,North FC,CAR_A,Carrier A,eletrodomesticos,none,1,0,0.0,0,none
2018-06-25,WH_NORTH,North FC,CAR_A,Carrier A,perfumaria,none,1,0,0.0,0,none
2018-06-25,WH_NORTH,North FC,CAR_A,Carrier A,relogios_presentes,none,1,0,0.0,0,none
2018-06-25,WH_NORTH,North FC,CAR_B,Carrier B,automotivo,none,1,0,0.0,0,none
2018-06-25,WH_NORTH,North FC,CAR_B,Carrier B,beleza_saude,none,1,0,0.0,0,none
2018-06-25,WH_NORTH,North FC,CAR_B,Carrier B,cool_stuff,none,1,0,0.0,0,none
2018-06-25,WH_NORTH,North FC,CAR_B,Carrier B,moveis_decoracao,none,1,0,0.0,0,none
2018-06-25,WH_NORTH,North FC,CAR_B,Carrier B,telefonia,none,1,0,0.0,0,none
2018-06-25,WH_NORTH,North FC,CAR_C,Carrier C,artes,wrong,1,1,100.0,0,none
2018-06-25,WH_NORTH,North FC,CAR_C,Carrier C,eletrodomesticos_2,none,1,0,0.0,0,none
2018-06-25,WH_NORTH,North FC,CAR_C,Carrier C,eletronicos,none,1,0,0.0,0,none
2018-06-25,WH_NORTH,North FC,CAR_C,Carrier C,ferramentas_jardim,none,1,0,0.0,0,none
2018-06-25,WH_NORTH,North FC,CAR_C,Carrier C,papelaria,none,1,0,0.0,0,none
2018-06-25,WH_NORTH,North FC,CAR_C,Carrier C,relogios_presentes,none,2,0,0.0,0,none
2018-06-25,WH_NORTH,North FC,CAR_D,Carrier D,fashion_bolsas_e_acessorios,none,1,0,0.0,0,none
2018-06-25,WH_NORTH,North FC,CAR_D,Carrier D,pet_shop,none,1,0,0.0,0,none
2018-06-25,WH_NORTH,North FC,CAR_D,Carrier D,utilidades_domesticas,none,1,0,0.0,0,none
2018-06-25,WH_SOUTH,South FC,CAR_A,Carrier A,audio,none,1,0,0.0,0,none
2018-06-25,WH_SOUTH,South FC,CAR_A,Carrier A,automotivo,damaged,1,1,100.0,0,none
2018-06-25,WH_SOUTH,South FC,CAR_A,Carrier A,automotivo,none,1,0,0.0,0,none
2018-06-25,WH_SOUTH,South FC,CAR_A,Carrier A,automotivo,wrong,1,1,100.0,0,none
2018-06-25,WH_SOUTH,South FC,CAR_A,Carrier A,bebes,none,4,0,0.0,0,none
2018-06-25,WH_SOUTH,South FC,CAR_A,Carrier A,beleza_saude,none,9,0,0.0,0,none
2018-06-25,WH_SOUTH,South FC,CAR_A,Carrier A,brinquedos,none,1,0,0.0,0,none
2018-06-25,WH_SOUTH,South FC,CAR_A,Carrier A,cama_mesa_banho,none,8,0,0.0,0,none
2018-06-25,WH_SOUTH,South FC,CAR_A,Carrier A,climatizacao,none,1,0,0.0,0,none
2018-06-25,WH_SOUTH,South FC,CAR_A,Carrier A,consoles_games,none,1,0,0.0,0,none
2018-06-25,WH_SOUTH,South FC,CAR_A,Carrier A,construcao_ferramentas_construcao,none,1,0,0.0,0,none
2018-06-25,WH_SOUTH,South FC,CAR_A,Carrier A,construcao_ferramentas_seguranca,none,1,0,0.0,0,none
2018-06-25,WH_SOUTH,South FC,CAR_A,Carrier A,cool_stuff,none,3,0,0.0,0,none
2018-06-25,WH_SOUTH,South FC,CAR_A,Carrier A,eletrodomesticos,none,1,0,0.0,0,none
2018-06-25,WH_SOUTH,South FC,CAR_A,Carrier A,eletronicos,none,2,0,0.0,0,none
2018-06-25,WH_SOUTH,South FC,CAR_A,Carrier A,esporte_lazer,none,4,0,0.0,0,none
2018-06-25,WH_SOUTH,South FC,CAR_A,Carrier A,ferramentas_jardim,none,3,0,0.0,0,none
2018-06-25,WH_SOUTH,South FC,CAR_A,Carrier A,informatica_acessorios,none,4,0,0.0,0,none
2018-06-25,WH_SOUTH,South FC,CAR_A,Carrier A,livros_interesse_geral,none,1,0,0.0,0,none
2018-06-25,WH_SOUTH,South FC,CAR_A,Carrier A,livros_tecnicos,none,1,0,0.0,0,none
2018-06-25,WH_SOUTH,South FC,CAR_A,Carrier A,moveis_decoracao,none,4,0,0.0,0,none
2018-06-25,WH_SOUTH,South FC,CAR_A,Carrier A,moveis_escritorio,none,1,0,0.0,0,none
2018-06-25,WH_SOUTH,South FC,CAR_A,Carrier A,moveis_sala,none,1,0,0.0,0,none
2018-06-25,WH_SOUTH,South FC,CAR_A,Carrier A,pet_shop,none,4,0,0.0,0,none
2018-06-25,WH_SOUTH,South FC,CAR_A,Carrier A,relogios_presentes,none,3,0,0.0,0,none
2018-06-25,WH_SOUTH,South FC,CAR_A,Carrier A,telefonia,none,1,0,0.0,0,none
2018-06-25,WH_SOUTH,South FC,CAR_A,Carrier A,utilidades_domesticas,none,6,0,0.0,0,none
2018-06-25,WH_SOUTH,South FC,CAR_B,Carrier B,alimentos,wrong,1,1,100.0,0,none
2018-06-25,WH_SOUTH,South FC,CAR_B,Carrier B,automotivo,none,4,0,0.0,0,none
2018-06-25,WH_SOUTH,South FC,CAR_B,Carrier B,bebes,none,2,0,0.0,0,none
2018-06-25,WH_SOUTH,South FC,CAR_B,Carrier B,beleza_saude,none,5,0,0.0,0,none
2018-06-25,WH_SOUTH,South FC,CAR_B,Carrier B,brinquedos,none,4,0,0.0,0,none
2018-06-25,WH_SOUTH,South FC,CAR_B,Carrier B,cama_mesa_banho,none,5,0,0.0,0,none
2018-06-25,WH_SOUTH,South FC,CAR_B,Carrier B,casa_construcao,none,1,0,0.0,0,none
2018-06-25,WH_SOUTH,South FC,CAR_B,Carrier B,cine_foto,none,1,0,0.0,0,none
2018-06-25,WH_SOUTH,South FC,CAR_B,Carrier B,consoles_games,none,1,0,0.0,0,none
2018-06-25,WH_SOUTH,South FC,CAR_B,Carrier B,construcao_ferramentas_construcao,none,1,0,0.0,0,none
2018-06-25,WH_SOUTH,South FC,CAR_B,Carrier B,cool_stuff,none,2,0,0.0,0,none
2018-06-25,WH_SOUTH,South FC,CAR_B,Carrier B,eletrodomesticos,none,1,0,0.0,0,none
2018-06-25,WH_SOUTH,South FC,CAR_B,Carrier B,esporte_lazer,none,5,0,0.0,0,none
2018-06-25,WH_SOUTH,South FC,CAR_B,Carrier B,fashion_roupa_masculina,none,1,0,0.0,0,none
2018-06-25,WH_SOUTH,South FC,CAR_B,Carrier B,ferramentas_jardim,none,3,0,0.0,0,none
2018-06-25,WH_SOUTH,South FC,CAR_B,Carrier B,informatica_acessorios,none,5,0,0.0,0,none
2018-06-25,WH_SOUTH,South FC,CAR_B,Carrier B,instrumentos_musicais,none,1,0,0.0,0,none
2018-06-25,WH_SOUTH,South FC,CAR_B,Carrier B,moveis_decoracao,none,3,0,0.0,0,none
2018-06-25,WH_SOUTH,South FC,CAR_B,Carrier B,moveis_quarto,none,1,0,0.0,0,none
2018-06-25,WH_SOUTH,South FC,CAR_B,Carrier B,moveis_sala,none,1,0,0.0,0,none
2018-06-25,WH_SOUTH,South FC,CAR_B,Carrier B,papelaria,none,1,0,0.0,0,none
2018-06-25,WH_SOUTH,South FC,CAR_B,Carrier B,perfumaria,none,1,0,0.0,0,none
2018-06-25,WH_SOUTH,South FC,CAR_B,Carrier B,pet_shop,none,1,0,0.0,0,none
2018-06-25,WH_SOUTH,South FC,CAR_B,Carrier B,telefonia,none,5,0,0.0,0,none
2018-06-25,WH_SOUTH,South FC,CAR_B,Carrier B,utilidades_domesticas,none,7,0,0.0,0,none
2018-06-25,WH_SOUTH,South FC,CAR_C,Carrier C,automotivo,none,1,0,0.0,0,none
2018-06-25,WH_SOUTH,South FC,CAR_C,Carrier C,bebes,none,2,0,0.0,0,none
2018-06-25,WH_SOUTH,South FC,CAR_C,Carrier C,beleza_saude,none,5,0,0.0,0,none
2018-06-25,WH_SOUTH,South FC,CAR_C,Carrier C,brinquedos,none,1,0,0.0,0,none
2018-06-25,WH_SOUTH,South FC,CAR_C,Carrier C,brinquedos,refund,1,1,100.0,0,none
2018-06-25,WH_SOUTH,South FC,CAR_C,Carrier C,cama_mesa_banho,none,2,0,0.0,0,none
2018-06-25,WH_SOUTH,South FC,CAR_C,Carrier C,cama_mesa_banho,refund,1,1,100.0,0,none
2018-06-25,WH_SOUTH,South FC,CAR_C,Carrier C,construcao_ferramentas_construcao,none,1,0,0.0,0,none
2018-06-25,WH_SOUTH,South FC,CAR_C,Carrier C,eletrodomesticos,none,1,0,0.0,0,none
2018-06-25,WH_SOUTH,South FC,CAR_C,Carrier C,eletronicos,none,2,0,0.0,0,none
2018-06-25,WH_SOUTH,South FC,CAR_C,Carrier C,eletroportateis,none,1,0,0.0,0,none
2018-06-25,WH_SOUTH,South FC,CAR_C,Carrier C,esporte_lazer,none,1,0,0.0,0,none
2018-06-25,WH_SOUTH,South FC,CAR_C,Carrier C,ferramentas_jardim,none,2,0,0.0,0,none
2018-06-25,WH_SOUTH,South FC,CAR_C,Carrier C,industria_comercio_e_negocios,none,2,0,0.0,0,none
2018-06-25,WH_SOUTH,South FC,CAR_C,Carrier C,informatica_acessorios,none,5,0,0.0,0,none
2018-06-25,WH_SOUTH,South FC,CAR_C,Carrier C,livros_importados,missing,1,1,100.0,0,none
2018-06-25,WH_SOUTH,South FC,CAR_C,Carrier C,moveis_cozinha_area_de_servico_jantar_e_jardim,refund,1,1,100.0,0,none
2018-06-25,WH_SOUTH,South FC,CAR_C,Carrier C,moveis_decoracao,none,6,0,0.0,0,none
2018-06-25,WH_SOUTH,South FC,CAR_C,Carrier C,moveis_escritorio,none,1,0,0.0,0,none
2018-06-25,WH_SOUTH,South FC,CAR_C,Carrier C,perfumaria,none,1,0,0.0,0,none
2018-06-25,WH_SOUTH,South FC,CAR_C,Carrier C,relogios_presentes,none,5,0,0.0,0,none
2018-06-25,WH_SOUTH,South FC,CAR_C,Carrier C,relogios_presentes,refund,1,1,100.0,0,none
2018-06-25,WH_SOUTH,South FC,CAR_C,Carrier C,telefonia,none,1,0,0.0,0,none
2018-06-25,WH_SOUTH,South FC,CAR_C,Carrier C,utilidades_domesticas,none,2,0,0.0,0,none
2018-06-25,WH_SOUTH,South FC,CAR_D,Carrier D,automotivo,none,1,0,0.0,0,none
2018-06-25,WH_SOUTH,South FC,CAR_D,Carrier D,bebes,none,1,0,0.0,0,none
2018-06-25,WH_SOUTH,South FC,CAR_D,Carrier D,beleza_saude,none,3,0,0.0,0,none
2018-06-25,WH_SOUTH,South FC,CAR_D,Carrier D,brinquedos,none,1,0,0.0,0,none
2018-06-25,WH_SOUTH,South FC,CAR_D,Carrier D,cama_mesa_banho,none,2,0,0.0,0,none
2018-06-25,WH_SOUTH,South FC,CAR_D,Carrier D,construcao_ferramentas_iluminacao,none,1,0,0.0,0,none
2018-06-25,WH_SOUTH,South FC,CAR_D,Carrier D,cool_stuff,none,1,0,0.0,0,none
2018-06-25,WH_SOUTH,South FC,CAR_D,Carrier D,eletrodomesticos_2,none,1,0,0.0,0,none
2018-06-25,WH_SOUTH,South FC,CAR_D,Carrier D,eletroportateis,none,1,0,0.0,0,none
2018-06-25,WH_SOUTH,South FC,CAR_D,Carrier D,esporte_lazer,none,1,0,0.0,0,none
2018-06-25,WH_SOUTH,South FC,CAR_D,Carrier D,fashion_bolsas_e_acessorios,none,2,0,0.0,0,none
2018-06-25,WH_SOUTH,South FC,CAR_D,Carrier D,ferramentas_jardim,none,1,0,0.0,0,none
2018-06-25,WH_SOUTH,South FC,CAR_D,Carrier D,fraldas_higiene,none,1,0,0.0,0,none
2018-06-25,WH_SOUTH,South FC,CAR_D,Carrier D,informatica_acessorios,missing,1,1,100.0,0,none
2018-06-25,WH_SOUTH,South FC,CAR_D,Carrier D,informatica_acessorios,none,1,0,0.0,0,none
2018-06-25,WH_SOUTH,South FC,CAR_D,Carrier D,informatica_acessorios,refund,1,1,100.0,0,none
2018-06-25,WH_SOUTH,South FC,CAR_D,Carrier D,moveis_decoracao,none,2,0,0.0,0,none
2018-06-25,WH_SOUTH,South FC,CAR_D,Carrier D,moveis_decoracao,refund,1,1,100.0,0,none
2018-06-25,WH_SOUTH,South FC,CAR_D,Carrier D,relogios_presentes,none,3,0,0.0,0,none
2018-06-25,WH_SOUTH,South FC,CAR_D,Carrier D,utilidades_domesticas,none,1,0,0.0,0,none
2018-06-25,WH_SOUTHEAST,Southeast FC,CAR_A,Carrier A,agro_industria_e_comercio,none,1,0,0.0,0,none
2018-06-25,WH_SOUTHEAST,Southeast FC,CAR_A,Carrier A,agro_industria_e_comercio,wrong,1,1,100.0,0,none
2018-06-25,WH_SOUTHEAST,Southeast FC,CAR_A,Carrier A,alimentos,none,2,0,0.0,0,none
2018-06-25,WH_SOUTHEAST,Southeast FC,CAR_A,Carrier A,artes,none,3,0,0.0,0,none
2018-06-25,WH_SOUTHEAST,Southeast FC,CAR_A,Carrier A,artigos_de_natal,none,1,0,0.0,0,none
2018-06-25,WH_SOUTHEAST,Southeast FC,CAR_A,Carrier A,audio,none,1,0,0.0,0,none
2018-06-25,WH_SOUTHEAST,Southeast FC,CAR_A,Carrier A,automotivo,damaged,1,1,100.0,0,none
2018-06-25,WH_SOUTHEAST,Southeast FC,CAR_A,Carrier A,automotivo,none,14,0,0.0,0,none
2018-06-25,WH_SOUTHEAST,Southeast FC,CAR_A,Carrier A,automotivo,refund,1,1,100.0,0,none
2018-06-25,WH_SOUTHEAST,Southeast FC,CAR_A,Carrier A,bebes,none,8,0,0.0,0,none
2018-06-25,WH_SOUTHEAST,Southeast FC,CAR_A,Carrier A,beleza_saude,none,38,0,0.0,0,none
2018-06-25,WH_SOUTHEAST,Southeast FC,CAR_A,Carrier A,brinquedos,none,9,0,0.0,0,none
2018-06-25,WH_SOUTHEAST,Southeast FC,CAR_A,Carrier A,cama_mesa_banho,none,25,0,0.0,0,none
2018-06-25,WH_SOUTHEAST,Southeast FC,CAR_A,Carrier A,cama_mesa_banho,refund,1,1,100.0,0,none
2018-06-25,WH_SOUTHEAST,Southeast FC,CAR_A,Carrier A,cama_mesa_banho,wrong,1,1,100.0,0,none
2018-06-25,WH_SOUTHEAST,Southeast FC,CAR_A,Carrier A,casa_conforto,none,2,0,0.0,0,none
2018-06-25,WH_SOUTHEAST,Southeast FC,CAR_A,Carrier A,casa_construcao,none,2,0,0.0,0,none
2018-06-25,WH_SOUTHEAST,Southeast FC,CAR_A,Carrier A,cine_foto,none,1,0,0.0,0,none
2018-06-25,WH_SOUTHEAST,Southeast FC,CAR_A,Carrier A,climatizacao,none,1,0,0.0,0,none
2018-06-25,WH_SOUTHEAST,Southeast FC,CAR_A,Carrier A,consoles_games,none,7,0,0.0,0,none
2018-06-25,WH_SOUTHEAST,Southeast FC,CAR_A,Carrier A,construcao_ferramentas_construcao,none,7,0,0.0,0,none
2018-06-25,WH_SOUTHEAST,Southeast FC,CAR_A,Carrier A,construcao_ferramentas_iluminacao,damaged,1,1,100.0,0,none
2018-06-25,WH_SOUTHEAST,Southeast FC,CAR_A,Carrier A,construcao_ferramentas_iluminacao,none,2,0,0.0,0,none
2018-06-25,WH_SOUTHEAST,Southeast FC,CAR_A,Carrier A,cool_stuff,none,11,0,0.0,0,none
2018-06-25,WH_SOUTHEAST,Southeast FC,CAR_A,Carrier A,eletrodomesticos,none,5,0,0.0,0,none
2018-06-25,WH_SOUTHEAST,Southeast FC,CAR_A,Carrier A,eletrodomesticos_2,none,1,0,0.0,0,none
2018-06-25,WH_SOUTHEAST,Southeast FC,CAR_A,Carrier A,eletronicos,failed,1,1,100.0,0,none
2018-06-25,WH_SOUTHEAST,Southeast FC,CAR_A,Carrier A,eletronicos,none,15,0,0.0,0,none
2018-06-25,WH_SOUTHEAST,Southeast FC,CAR_A,Carrier A,eletroportateis,none,1,0,0.0,0,none
2018-06-25,WH_SOUTHEAST,Southeast FC,CAR_A,Carrier A,esporte_lazer,none,29,0,0.0,0,none
2018-06-25,WH_SOUTHEAST,Southeast FC,CAR_A,Carrier A,esporte_lazer,refund,1,1,100.0,0,none
2018-06-25,WH_SOUTHEAST,Southeast FC,CAR_A,Carrier A,fashion_bolsas_e_acessorios,none,5,0,0.0,0,none
2018-06-25,WH_SOUTHEAST,Southeast FC,CAR_A,Carrier A,ferramentas_jardim,none,13,0,0.0,0,none
2018-06-25,WH_SOUTHEAST,Southeast FC,CAR_A,Carrier A,informatica_acessorios,damaged,1,1,100.0,0,none
2018-06-25,WH_SOUTHEAST,Southeast FC,CAR_A,Carrier A,informatica_acessorios,none,21,0,0.0,0,none
2018-06-25,WH_SOUTHEAST,Southeast FC,CAR_A,Carrier A,instrumentos_musicais,none,4,0,0.0,0,none
2018-06-25,WH_SOUTHEAST,Southeast FC,CAR_A,Carrier A,livros_interesse_geral,none,1,0,0.0,0,none
2018-06-25,WH_SOUTHEAST,Southeast FC,CAR_A,Carrier A,malas_acessorios,none,1,0,0.0,0,none
2018-06-25,WH_SOUTHEAST,Southeast FC,CAR_A,Carrier A,moveis_cozinha_area_de_servico_jantar_e_jardim,none,1,0,0.0,0,none
2018-06-25,WH_SOUTHEAST,Southeast FC,CAR_A,Carrier A,moveis_decoracao,none,27,0,0.0,0,none
2018-06-25,WH_SOUTHEAST,Southeast FC,CAR_A,Carrier A,moveis_escritorio,none,2,0,0.0,0,none
2018-06-25,WH_SOUTHEAST,Southeast FC,CAR_A,Carrier A,moveis_quarto,none,1,0,0.0,0,none
2018-06-25,WH_SOUTHEAST,Southeast FC,CAR_A,Carrier A,moveis_sala,none,3,0,0.0,0,none
2018-06-25,WH_SOUTHEAST,Southeast FC,CAR_A,Carrier A,papelaria,none,10,0,0.0,0,none
2018-06-25,WH_SOUTHEAST,Southeast FC,CAR_A,Carrier A,pcs,none,2,0,0.0,0,none
2018-06-25,WH_SOUTHEAST,Southeast FC,CAR_A,Carrier A,perfumaria,none,4,0,0.0,0,none
2018-06-25,WH_SOUTHEAST,Southeast FC,CAR_A,Carrier A,pet_shop,none,12,0,0.0,0,none
2018-06-25,WH_SOUTHEAST,Southeast FC,CAR_A,Carrier A,pet_shop,refund,1,1,100.0,0,none
2018-06-25,WH_SOUTHEAST,Southeast FC,CAR_A,Carrier A,relogios_presentes,damaged,1,1,100.0,0,none
2018-06-25,WH_SOUTHEAST,Southeast FC,CAR_A,Carrier A,relogios_presentes,missing,1,1,100.0,0,none
2018-06-25,WH_SOUTHEAST,Southeast FC,CAR_A,Carrier A,relogios_presentes,none,22,0,0.0,0,none
2018-06-25,WH_SOUTHEAST,Southeast FC,CAR_A,Carrier A,telefonia,none,10,0,0.0,0,none
2018-06-25,WH_SOUTHEAST,Southeast FC,CAR_A,Carrier A,telefonia_fixa,none,2,0,0.0,0,none
2018-06-25,WH_SOUTHEAST,Southeast FC,CAR_A,Carrier A,unknown,none,1,0,0.0,0,none
2018-06-25,WH_SOUTHEAST,Southeast FC,CAR_A,Carrier A,utilidades_domesticas,missing,2,2,100.0,0,none
2018-06-25,WH_SOUTHEAST,Southeast FC,CAR_A,Carrier A,utilidades_domesticas,none,26,0,0.0,0,none
2018-06-25,WH_SOUTHEAST,Southeast FC,CAR_A,Carrier A,utilidades_domesticas,refund,1,1,100.0,0,none
2018-06-25,WH_SOUTHEAST,Southeast FC,CAR_B,Carrier B,alimentos,none,1,0,0.0,0,none
2018-06-25,WH_SOUTHEAST,Southeast FC,CAR_B,Carrier B,alimentos_bebidas,none,1,0,0.0,0,none
2018-06-25,WH_SOUTHEAST,Southeast FC,CAR_B,Carrier B,artes,none,3,0,0.0,0,none
2018-06-25,WH_SOUTHEAST,Southeast FC,CAR_B,Carrier B,automotivo,none,16,0,0.0,0,none
2018-06-25,WH_SOUTHEAST,Southeast FC,CAR_B,Carrier B,bebes,none,7,0,0.0,0,none
2018-06-25,WH_SOUTHEAST,Southeast FC,CAR_B,Carrier B,bebes,wrong,1,1,100.0,0,none
2018-06-25,WH_SOUTHEAST,Southeast FC,CAR_B,Carrier B,beleza_saude,missing,1,1,100.0,0,none
2018-06-25,WH_SOUTHEAST,Southeast FC,CAR_B,Carrier B,beleza_saude,none,44,0,0.0,0,none
2018-06-25,WH_SOUTHEAST,Southeast FC,CAR_B,Carrier B,beleza_saude,wrong,1,1,100.0,0,none
2018-06-25,WH_SOUTHEAST,Southeast FC,CAR_B,Carrier B,brinquedos,missing,1,1,100.0,0,none
2018-06-25,WH_SOUTHEAST,Southeast FC,CAR_B,Carrier B,brinquedos,none,11,0,0.0,0,none
2018-06-25,WH_SOUTHEAST,Southeast FC,CAR_B,Carrier B,brinquedos,wrong,1,1,100.0,0,none
2018-06-25,WH_SOUTHEAST,Southeast FC,CAR_B,Carrier B,cama_mesa_banho,none,38,0,0.0,0,none
2018-06-25,WH_SOUTHEAST,Southeast FC,CAR_B,Carrier B,cama_mesa_banho,refund,1,1,100.0,0,none
2018-06-25,WH_SOUTHEAST,Southeast FC,CAR_B,Carrier B,casa_construcao,none,1,0,0.0,0,none
2018-06-25,WH_SOUTHEAST,Southeast FC,CAR_B,Carrier B,consoles_games,none,3,0,0.0,0,none
2018-06-25,WH_SOUTHEAST,Southeast FC,CAR_B,Carrier B,construcao_ferramentas_construcao,failed,1,1,100.0,0,none
2018-06-25,WH_SOUTHEAST,Southeast FC,CAR_B,Carrier B,construcao_ferramentas_construcao,none,6,0,0.0,0,none
2018-06-25,WH_SOUTHEAST,Southeast FC,CAR_B,Carrier B,construcao_ferramentas_iluminacao,damaged,1,1,100.0,0,none
2018-06-25,WH_SOUTHEAST,Southeast FC,CAR_B,Carrier B,construcao_ferramentas_iluminacao,none,3,0,0.0,0,none
2018-06-25,WH_SOUTHEAST,Southeast FC,CAR_B,Carrier B,construcao_ferramentas_jardim,none,3,0,0.0,0,none
2018-06-25,WH_SOUTHEAST,Southeast FC,CAR_B,Carrier B,cool_stuff,none,3,0,0.0,0,none
2018-06-25,WH_SOUTHEAST,Southeast FC,CAR_B,Carrier B,dvds_blu_ray,none,1,0,0.0,0,none
2018-06-25,WH_SOUTHEAST,Southeast FC,CAR_B,Carrier B,eletrodomesticos,none,3,0,0.0,0,none
2018-06-25,WH_SOUTHEAST,Southeast FC,CAR_B,Carrier B,eletronicos,none,13,0,0.0,0,none
2018-06-25,WH_SOUTHEAST,Southeast FC,CAR_B,Carrier B,eletroportateis,damaged,1,1,100.0,0,none
2018-06-25,WH_SOUTHEAST,Southeast FC,CAR_B,Carrier B,eletroportateis,none,2,0,0.0,0,none
2018-06-25,WH_SOUTHEAST,Southeast FC,CAR_B,Carrier B,esporte_lazer,missing,1,1,100.0,0,none
2018-06-25,WH_SOUTHEAST,Southeast FC,CAR_B,Carrier B,esporte_lazer,none,18,0,0.0,0,none
2018-06-25,WH_SOUTHEAST,Southeast FC,CAR_B,Carrier B,fashion_bolsas_e_acessorios,none,6,0,0.0,0,none
2018-06-25,WH_SOUTHEAST,Southeast FC,CAR_B,Carrier B,fashion_roupa_masculina,none,1,0,0.0,0,none
2018-06-25,WH_SOUTHEAST,Southeast FC,CAR_B,Carrier B,ferramentas_jardim,none,12,0,0.0,0,none
2018-06-25,WH_SOUTHEAST,Southeast FC,CAR_B,Carrier B,industria_comercio_e_negocios,none,2,0,0.0,0,none
2018-06-25,WH_SOUTHEAST,Southeast FC,CAR_B,Carrier B,informatica_acessorios,none,20,0,0.0,0,none
2018-06-25,WH_SOUTHEAST,Southeast FC,CAR_B,Carrier B,instrumentos_musicais,none,5,0,0.0,0,none
2018-06-25,WH_SOUTHEAST,Southeast FC,CAR_B,Carrier B,livros_importados,none,1,0,0.0,0,none
2018-06-25,WH_SOUTHEAST,Southeast FC,CAR_B,Carrier B,livros_interesse_geral,none,1,0,0.0,0,none
2018-06-25,WH_SOUTHEAST,Southeast FC,CAR_B,Carrier B,malas_acessorios,none,2,0,0.0,0,none
2018-06-25,WH_SOUTHEAST,Southeast FC,CAR_B,Carrier B,market_place,none,1,0,0.0,0,none
2018-06-25,WH_SOUTHEAST,Southeast FC,CAR_B,Carrier B,moveis_cozinha_area_de_servico_jantar_e_jardim,none,1,0,0.0,0,none
2018-06-25,WH_SOUTHEAST,Southeast FC,CAR_B,Carrier B,moveis_decoracao,damaged,1,1,100.0,0,none
2018-06-25,WH_SOUTHEAST,Southeast FC,CAR_B,Carrier B,moveis_decoracao,none,20,0,0.0,0,none
2018-06-25,WH_SOUTHEAST,Southeast FC,CAR_B,Carrier B,moveis_escritorio,missing,1,1,100.0,0,none
2018-06-25,WH_SOUTHEAST,Southeast FC,CAR_B,Carrier B,moveis_escritorio,none,7,0,0.0,0,none
2018-06-25,WH_SOUTHEAST,Southeast FC,CAR_B,Carrier B,moveis_sala,none,4,0,0.0,0,none
2018-06-25,WH_SOUTHEAST,Southeast FC,CAR_B,Carrier B,papelaria,none,5,0,0.0,0,none
2018-06-25,WH_SOUTHEAST,Southeast FC,CAR_B,Carrier B,perfumaria,missing,1,1,100.0,0,none
2018-06-25,WH_SOUTHEAST,Southeast FC,CAR_B,Carrier B,perfumaria,none,2,0,0.0,0,none
2018-06-25,WH_SOUTHEAST,Southeast FC,CAR_B,Carrier B,pet_shop,none,8,0,0.0,0,none
2018-06-25,WH_SOUTHEAST,Southeast FC,CAR_B,Carrier B,relogios_presentes,none,21,0,0.0,0,none
2018-06-25,WH_SOUTHEAST,Southeast FC,CAR_B,Carrier B,sinalizacao_e_seguranca,none,1,0,0.0,0,none
2018-06-25,WH_SOUTHEAST,Southeast FC,CAR_B,Carrier B,telefonia,none,8,0,0.0,0,none
2018-06-25,WH_SOUTHEAST,Southeast FC,CAR_B,Carrier B,telefonia_fixa,none,1,0,0.0,0,none
2018-06-25,WH_SOUTHEAST,Southeast FC,CAR_B,Carrier B,utilidades_domesticas,none,31,0,0.0,0,none
2018-06-25,WH_SOUTHEAST,Southeast FC,CAR_C,Carrier C,audio,none,3,0,0.0,0,none
2018-06-25,WH_SOUTHEAST,Southeast FC,CAR_C,Carrier C,automotivo,none,9,0,0.0,0,none
2018-06-25,WH_SOUTHEAST,Southeast FC,CAR_C,Carrier C,automotivo,wrong,2,2,100.0,0,none
2018-06-25,WH_SOUTHEAST,Southeast FC,CAR_C,Carrier C,bebes,none,7,0,0.0,0,none
2018-06-25,WH_SOUTHEAST,Southeast FC,CAR_C,Carrier C,bebidas,none,2,0,0.0,0,none
2018-06-25,WH_SOUTHEAST,Southeast FC,CAR_C,Carrier C,beleza_saude,damaged,1,1,100.0,0,none
2018-06-25,WH_SOUTHEAST,Southeast FC,CAR_C,Carrier C,beleza_saude,missing,2,2,100.0,0,none
2018-06-25,WH_SOUTHEAST,Southeast FC,CAR_C,Carrier C,beleza_saude,none,21,0,0.0,0,none
2018-06-25,WH_SOUTHEAST,Southeast FC,CAR_C,Carrier C,beleza_saude,wrong,2,2,100.0,0,none
2018-06-25,WH_SOUTHEAST,Southeast FC,CAR_C,Carrier C,brinquedos,none,5,0,0.0,0,none
2018-06-25,WH_SOUTHEAST,Southeast FC,CAR_C,Carrier C,cama_mesa_banho,damaged,1,1,100.0,0,none
2018-06-25,WH_SOUTHEAST,Southeast FC,CAR_C,Carrier C,cama_mesa_banho,failed,1,1,100.0,0,none
2018-06-25,WH_SOUTHEAST,Southeast FC,CAR_C,Carrier C,cama_mesa_banho,none,24,0,0.0,0,none
2018-06-25,WH_SOUTHEAST,Southeast FC,CAR_C,Carrier C,cama_mesa_banho,refund,3,3,100.0,0,none
2018-06-25,WH_SOUTHEAST,Southeast FC,CAR_C,Carrier C,cama_mesa_banho,wrong,1,1,100.0,0,none
2018-06-25,WH_SOUTHEAST,Southeast FC,CAR_C,Carrier C,casa_conforto,none,1,0,0.0,0,none
2018-06-25,WH_SOUTHEAST,Southeast FC,CAR_C,Carrier C,casa_construcao,none,3,0,0.0,0,none
2018-06-25,WH_SOUTHEAST,Southeast FC,CAR_C,Carrier C,consoles_games,none,3,0,0.0,0,none
2018-06-25,WH_SOUTHEAST,Southeast FC,CAR_C,Carrier C,construcao_ferramentas_construcao,none,3,0,0.0,0,none
2018-06-25,WH_SOUTHEAST,Southeast FC,CAR_C,Carrier C,construcao_ferramentas_iluminacao,missing,1,1,100.0,0,none
2018-06-25,WH_SOUTHEAST,Southeast FC,CAR_C,Carrier C,cool_stuff,missing,1,1,100.0,0,none
2018-06-25,WH_SOUTHEAST,Southeast FC,CAR_C,Carrier C,cool_stuff,none,5,0,0.0,0,none
2018-06-25,WH_SOUTHEAST,Southeast FC,CAR_C,Carrier C,eletrodomesticos,missing,1,1,100.0,0,none
2018-06-25,WH_SOUTHEAST,Southeast FC,CAR_C,Carrier C,eletrodomesticos,none,1,0,0.0,0,none
2018-06-25,WH_SOUTHEAST,Southeast FC,CAR_C,Carrier C,eletrodomesticos_2,none,2,0,0.0,0,none
2018-06-25,WH_SOUTHEAST,Southeast FC,CAR_C,Carrier C,eletronicos,damaged,1,1,100.0,0,none
2018-06-25,WH_SOUTHEAST,Southeast FC,CAR_C,Carrier C,eletronicos,none,6,0,0.0,0,none
2018-06-25,WH_SOUTHEAST,Southeast FC,CAR_C,Carrier C,eletroportateis,none,1,0,0.0,0,none
2018-06-25,WH_SOUTHEAST,Southeast FC,CAR_C,Carrier C,esporte_lazer,damaged,1,1,100.0,0,none
2018-06-25,WH_SOUTHEAST,Southeast FC,CAR_C,Carrier C,esporte_lazer,none,15,0,0.0,0,none
2018-06-25,WH_SOUTHEAST,Southeast FC,CAR_C,Carrier C,fashion_bolsas_e_acessorios,none,4,0,0.0,0,none
2018-06-25,WH_SOUTHEAST,Southeast FC,CAR_C,Carrier C,fashion_roupa_masculina,none,1,0,0.0,0,none
2018-06-25,WH_SOUTHEAST,Southeast FC,CAR_C,Carrier C,ferramentas_jardim,none,5,0,0.0,0,none
2018-06-25,WH_SOUTHEAST,Southeast FC,CAR_C,Carrier C,ferramentas_jardim,wrong,1,1,100.0,0,none
2018-06-25,WH_SOUTHEAST,Southeast FC,CAR_C,Carrier C,informatica_acessorios,failed,1,1,100.0,0,none
2018-06-25,WH_SOUTHEAST,Southeast FC,CAR_C,Carrier C,informatica_acessorios,missing,1,1,100.0,0,none
2018-06-25,WH_SOUTHEAST,Southeast FC,CAR_C,Carrier C,informatica_acessorios,none,9,0,0.0,0,none
2018-06-25,WH_SOUTHEAST,Southeast FC,CAR_C,Carrier C,informatica_acessorios,refund,1,1,100.0,0,none
2018-06-25,WH_SOUTHEAST,Southeast FC,CAR_C,Carrier C,instrumentos_musicais,none,1,0,0.0,0,none
2018-06-25,WH_SOUTHEAST,Southeast FC,CAR_C,Carrier C,moveis_cozinha_area_de_servico_jantar_e_jardim,none,1,0,0.0,0,none
2018-06-25,WH_SOUTHEAST,Southeast FC,CAR_C,Carrier C,moveis_decoracao,damaged,1,1,100.0,0,none
2018-06-25,WH_SOUTHEAST,Southeast FC,CAR_C,Carrier C,moveis_decoracao,none,12,0,0.0,0,none
2018-06-25,WH_SOUTHEAST,Southeast FC,CAR_C,Carrier C,moveis_decoracao,refund,1,1,100.0,0,none
2018-06-25,WH_SOUTHEAST,Southeast FC,CAR_C,Carrier C,moveis_decoracao,wrong,1,1,100.0,0,none
2018-06-25,WH_SOUTHEAST,Southeast FC,CAR_C,Carrier C,moveis_quarto,none,1,0,0.0,0,none
2018-06-25,WH_SOUTHEAST,Southeast FC,CAR_C,Carrier C,papelaria,none,2,0,0.0,0,none
2018-06-25,WH_SOUTHEAST,Southeast FC,CAR_C,Carrier C,perfumaria,none,3,0,0.0,0,none
2018-06-25,WH_SOUTHEAST,Southeast FC,CAR_C,Carrier C,pet_shop,none,5,0,0.0,0,none
2018-06-25,WH_SOUTHEAST,Southeast FC,CAR_C,Carrier C,pet_shop,refund,1,1,100.0,0,none
2018-06-25,WH_SOUTHEAST,Southeast FC,CAR_C,Carrier C,relogios_presentes,none,18,0,0.0,0,none
2018-06-25,WH_SOUTHEAST,Southeast FC,CAR_C,Carrier C,telefonia,none,4,0,0.0,0,none
2018-06-25,WH_SOUTHEAST,Southeast FC,CAR_C,Carrier C,unknown,none,1,0,0.0,0,none
2018-06-25,WH_SOUTHEAST,Southeast FC,CAR_C,Carrier C,utilidades_domesticas,failed,1,1,100.0,0,none
2018-06-25,WH_SOUTHEAST,Southeast FC,CAR_C,Carrier C,utilidades_domesticas,none,13,0,0.0,0,none
2018-06-25,WH_SOUTHEAST,Southeast FC,CAR_C,Carrier C,utilidades_domesticas,refund,1,1,100.0,0,none
2018-06-25,WH_SOUTHEAST,Southeast FC,CAR_C,Carrier C,utilidades_domesticas,wrong,1,1,100.0,0,none
2018-06-25,WH_SOUTHEAST,Southeast FC,CAR_D,Carrier D,artes,none,1,0,0.0,0,none
2018-06-25,WH_SOUTHEAST,Southeast FC,CAR_D,Carrier D,automotivo,missing,1,1,100.0,0,none
2018-06-25,WH_SOUTHEAST,Southeast FC,CAR_D,Carrier D,automotivo,none,6,0,0.0,0,none
2018-06-25,WH_SOUTHEAST,Southeast FC,CAR_D,Carrier D,bebes,none,5,0,0.0,0,none
2018-06-25,WH_SOUTHEAST,Southeast FC,CAR_D,Carrier D,beleza_saude,none,23,0,0.0,0,none
2018-06-25,WH_SOUTHEAST,Southeast FC,CAR_D,Carrier D,beleza_saude,wrong,1,1,100.0,0,none
2018-06-25,WH_SOUTHEAST,Southeast FC,CAR_D,Carrier D,brinquedos,none,2,0,0.0,0,none
2018-06-25,WH_SOUTHEAST,Southeast FC,CAR_D,Carrier D,cama_mesa_banho,damaged,1,1,100.0,0,none
2018-06-25,WH_SOUTHEAST,Southeast FC,CAR_D,Carrier D,cama_mesa_banho,failed,1,1,100.0,0,none
2018-06-25,WH_SOUTHEAST,Southeast FC,CAR_D,Carrier D,cama_mesa_banho,none,8,0,0.0,0,none
2018-06-25,WH_SOUTHEAST,Southeast FC,CAR_D,Carrier D,casa_construcao,none,2,0,0.0,0,none
2018-06-25,WH_SOUTHEAST,Southeast FC,CAR_D,Carrier D,construcao_ferramentas_construcao,missing,1,1,100.0,0,none
2018-06-25,WH_SOUTHEAST,Southeast FC,CAR_D,Carrier D,construcao_ferramentas_construcao,none,5,0,0.0,0,none
2018-06-25,WH_SOUTHEAST,Southeast FC,CAR_D,Carrier D,construcao_ferramentas_seguranca,none,1,0,0.0,0,none
2018-06-25,WH_SOUTHEAST,Southeast FC,CAR_D,Carrier D,cool_stuff,failed,1,1,100.0,0,none
2018-06-25,WH_SOUTHEAST,Southeast FC,CAR_D,Carrier D,cool_stuff,none,1,0,0.0,0,none
2018-06-25,WH_SOUTHEAST,Southeast FC,CAR_D,Carrier D,eletrodomesticos,none,2,0,0.0,0,none
2018-06-25,WH_SOUTHEAST,Southeast FC,CAR_D,Carrier D,esporte_lazer,none,8,0,0.0,0,none
2018-06-25,WH_SOUTHEAST,Southeast FC,CAR_D,Carrier D,ferramentas_jardim,none,3,0,0.0,0,none
2018-06-25,WH_SOUTHEAST,Southeast FC,CAR_D,Carrier D,informatica_acessorios,none,13,0,0.0,0,none
2018-06-25,WH_SOUTHEAST,Southeast FC,CAR_D,Carrier D,instrumentos_musicais,none,1,0,0.0,0,none
2018-06-25,WH_SOUTHEAST,Southeast FC,CAR_D,Carrier D,moveis_decoracao,none,7,0,0.0,0,none
2018-06-25,WH_SOUTHEAST,Southeast FC,CAR_D,Carrier D,papelaria,none,4,0,0.0,0,none
2018-06-25,WH_SOUTHEAST,Southeast FC,CAR_D,Carrier D,perfumaria,none,5,0,0.0,0,none
2018-06-25,WH_SOUTHEAST,Southeast FC,CAR_D,Carrier D,pet_shop,none,4,0,0.0,0,none
2018-06-25,WH_SOUTHEAST,Southeast FC,CAR_D,Carrier D,relogios_presentes,damaged,1,1,100.0,0,none
2018-06-25,WH_SOUTHEAST,Southeast FC,CAR_D,Carrier D,relogios_presentes,none,10,0,0.0,0,none
2018-06-25,WH_SOUTHEAST,Southeast FC,CAR_D,Carrier D,sinalizacao_e_seguranca,none,1,0,0.0,0,none
2018-06-25,WH_SOUTHEAST,Southeast FC,CAR_D,Carrier D,telefonia,none,2,0,0.0,0,none
2018-06-25,WH_SOUTHEAST,Southeast FC,CAR_D,Carrier D,utilidades_domesticas,none,8,0,0.0,0,none
2018-07-02,WH_CENTRAL_WEST,Central-West FC,CAR_A,Carrier A,alimentos,none,1,0,0.0,1,ANOM_DRIFT_001
2018-07-02,WH_CENTRAL_WEST,Central-West FC,CAR_A,Carrier A,beleza_saude,none,4,0,0.0,4,ANOM_DRIFT_001
2018-07-02,WH_CENTRAL_WEST,Central-West FC,CAR_A,Carrier A,cama_mesa_banho,none,1,0,0.0,1,ANOM_DRIFT_001
2018-07-02,WH_CENTRAL_WEST,Central-West FC,CAR_A,Carrier A,casa_construcao,none,1,0,0.0,1,ANOM_DRIFT_001
2018-07-02,WH_CENTRAL_WEST,Central-West FC,CAR_A,Carrier A,esporte_lazer,none,3,0,0.0,3,ANOM_DRIFT_001
2018-07-02,WH_CENTRAL_WEST,Central-West FC,CAR_A,Carrier A,fashion_underwear_e_moda_praia,none,1,0,0.0,1,ANOM_DRIFT_001
2018-07-02,WH_CENTRAL_WEST,Central-West FC,CAR_A,Carrier A,informatica_acessorios,none,1,0,0.0,1,ANOM_DRIFT_001
2018-07-02,WH_CENTRAL_WEST,Central-West FC,CAR_A,Carrier A,moveis_decoracao,none,1,0,0.0,1,ANOM_DRIFT_001
2018-07-02,WH_CENTRAL_WEST,Central-West FC,CAR_A,Carrier A,moveis_escritorio,none,1,0,0.0,1,ANOM_DRIFT_001
2018-07-02,WH_CENTRAL_WEST,Central-West FC,CAR_A,Carrier A,perfumaria,none,1,0,0.0,1,ANOM_DRIFT_001
2018-07-02,WH_CENTRAL_WEST,Central-West FC,CAR_A,Carrier A,pet_shop,missing,1,1,100.0,1,ANOM_DRIFT_001
2018-07-02,WH_CENTRAL_WEST,Central-West FC,CAR_A,Carrier A,pet_shop,none,1,0,0.0,1,ANOM_DRIFT_001
2018-07-02,WH_CENTRAL_WEST,Central-West FC,CAR_A,Carrier A,relogios_presentes,none,2,0,0.0,2,ANOM_DRIFT_001
2018-07-02,WH_CENTRAL_WEST,Central-West FC,CAR_A,Carrier A,utilidades_domesticas,failed,1,1,100.0,1,ANOM_DRIFT_001
2018-07-02,WH_CENTRAL_WEST,Central-West FC,CAR_A,Carrier A,utilidades_domesticas,none,1,0,0.0,1,ANOM_DRIFT_001
2018-07-02,WH_CENTRAL_WEST,Central-West FC,CAR_B,Carrier B,agro_industria_e_comercio,none,1,0,0.0,1,ANOM_DRIFT_001
2018-07-02,WH_CENTRAL_WEST,Central-West FC,CAR_B,Carrier B,beleza_saude,none,1,0,0.0,1,ANOM_DRIFT_001
2018-07-02,WH_CENTRAL_WEST,Central-West FC,CAR_B,Carrier B,brinquedos,refund,1,1,100.0,1,ANOM_DRIFT_001
2018-07-02,WH_CENTRAL_WEST,Central-West FC,CAR_B,Carrier B,cama_mesa_banho,failed,1,1,100.0,1,ANOM_DRIFT_001
2018-07-02,WH_CENTRAL_WEST,Central-West FC,CAR_B,Carrier B,cama_mesa_banho,none,3,0,0.0,3,ANOM_DRIFT_001
2018-07-02,WH_CENTRAL_WEST,Central-West FC,CAR_B,Carrier B,consoles_games,failed,1,1,100.0,1,ANOM_DRIFT_001
2018-07-02,WH_CENTRAL_WEST,Central-West FC,CAR_B,Carrier B,construcao_ferramentas_jardim,none,1,0,0.0,1,ANOM_DRIFT_001
2018-07-02,WH_CENTRAL_WEST,Central-West FC,CAR_B,Carrier B,informatica_acessorios,none,1,0,0.0,1,ANOM_DRIFT_001
2018-07-02,WH_CENTRAL_WEST,Central-West FC,CAR_B,Carrier B,moveis_cozinha_area_de_servico_jantar_e_jardim,none,1,0,0.0,1,ANOM_DRIFT_001
2018-07-02,WH_CENTRAL_WEST,Central-West FC,CAR_B,Carrier B,relogios_presentes,none,1,0,0.0,1,ANOM_DRIFT_001
2018-07-02,WH_CENTRAL_WEST,Central-West FC,CAR_B,Carrier B,telefonia_fixa,none,1,0,0.0,1,ANOM_DRIFT_001
2018-07-02,WH_CENTRAL_WEST,Central-West FC,CAR_C,Carrier C,bebes,none,2,0,0.0,2,ANOM_DRIFT_001
2018-07-02,WH_CENTRAL_WEST,Central-West FC,CAR_C,Carrier C,cama_mesa_banho,none,2,0,0.0,2,ANOM_DRIFT_001
2018-07-02,WH_CENTRAL_WEST,Central-West FC,CAR_C,Carrier C,eletroportateis,none,1,0,0.0,1,ANOM_DRIFT_001
2018-07-02,WH_CENTRAL_WEST,Central-West FC,CAR_C,Carrier C,esporte_lazer,none,2,0,0.0,2,ANOM_DRIFT_001
2018-07-02,WH_CENTRAL_WEST,Central-West FC,CAR_C,Carrier C,informatica_acessorios,none,1,0,0.0,1,ANOM_DRIFT_001
2018-07-02,WH_CENTRAL_WEST,Central-West FC,CAR_C,Carrier C,papelaria,none,1,0,0.0,1,ANOM_DRIFT_001
2018-07-02,WH_CENTRAL_WEST,Central-West FC,CAR_C,Carrier C,perfumaria,none,1,0,0.0,1,ANOM_DRIFT_001
2018-07-02,WH_CENTRAL_WEST,Central-West FC,CAR_C,Carrier C,relogios_presentes,none,1,0,0.0,1,ANOM_DRIFT_001
2018-07-02,WH_CENTRAL_WEST,Central-West FC,CAR_C,Carrier C,telefonia,none,1,0,0.0,1,ANOM_DRIFT_001
2018-07-02,WH_CENTRAL_WEST,Central-West FC,CAR_C,Carrier C,utilidades_domesticas,none,1,0,0.0,1,ANOM_DRIFT_001
2018-07-02,WH_CENTRAL_WEST,Central-West FC,CAR_D,Carrier D,bebes,failed,1,1,100.0,1,ANOM_DRIFT_001
2018-07-02,WH_CENTRAL_WEST,Central-West FC,CAR_D,Carrier D,beleza_saude,none,1,0,0.0,1,ANOM_DRIFT_001
2018-07-02,WH_CENTRAL_WEST,Central-West FC,CAR_D,Carrier D,casa_construcao,none,1,0,0.0,1,ANOM_DRIFT_001
2018-07-02,WH_CENTRAL_WEST,Central-West FC,CAR_D,Carrier D,consoles_games,failed,1,1,100.0,1,ANOM_DRIFT_001
2018-07-02,WH_CENTRAL_WEST,Central-West FC,CAR_D,Carrier D,eletronicos,failed,1,1,100.0,1,ANOM_DRIFT_001
2018-07-02,WH_CENTRAL_WEST,Central-West FC,CAR_D,Carrier D,eletroportateis,failed,1,1,100.0,1,ANOM_DRIFT_001
2018-07-02,WH_CENTRAL_WEST,Central-West FC,CAR_D,Carrier D,esporte_lazer,none,2,0,0.0,2,ANOM_DRIFT_001
2018-07-02,WH_CENTRAL_WEST,Central-West FC,CAR_D,Carrier D,malas_acessorios,none,1,0,0.0,1,ANOM_DRIFT_001
2018-07-02,WH_CENTRAL_WEST,Central-West FC,CAR_D,Carrier D,moveis_cozinha_area_de_servico_jantar_e_jardim,none,1,0,0.0,1,ANOM_DRIFT_001
2018-07-02,WH_CENTRAL_WEST,Central-West FC,CAR_D,Carrier D,moveis_decoracao,none,1,0,0.0,1,ANOM_DRIFT_001
2018-07-02,WH_CENTRAL_WEST,Central-West FC,CAR_D,Carrier D,pet_shop,none,1,0,0.0,1,ANOM_DRIFT_001
2018-07-02,WH_CENTRAL_WEST,Central-West FC,CAR_D,Carrier D,relogios_presentes,none,1,0,0.0,1,ANOM_DRIFT_001
2018-07-02,WH_NORTH,North FC,CAR_A,Carrier A,beleza_saude,none,3,0,0.0,0,none
2018-07-02,WH_NORTH,North FC,CAR_A,Carrier A,beleza_saude,refund,1,1,100.0,0,none
2018-07-02,WH_NORTH,North FC,CAR_B,Carrier B,automotivo,none,2,0,0.0,0,none
2018-07-02,WH_NORTH,North FC,CAR_B,Carrier B,beleza_saude,none,1,0,0.0,0,none
2018-07-02,WH_NORTH,North FC,CAR_B,Carrier B,livros_importados,none,1,0,0.0,0,none
2018-07-02,WH_NORTH,North FC,CAR_B,Carrier B,relogios_presentes,none,2,0,0.0,0,none
2018-07-02,WH_NORTH,North FC,CAR_C,Carrier C,bebes,none,1,0,0.0,0,none
2018-07-02,WH_NORTH,North FC,CAR_C,Carrier C,cama_mesa_banho,none,2,0,0.0,0,none
2018-07-02,WH_NORTH,North FC,CAR_C,Carrier C,cool_stuff,none,1,0,0.0,0,none
2018-07-02,WH_NORTH,North FC,CAR_C,Carrier C,esporte_lazer,refund,1,1,100.0,0,none
2018-07-02,WH_NORTH,North FC,CAR_C,Carrier C,moveis_decoracao,none,1,0,0.0,0,none
2018-07-02,WH_NORTH,North FC,CAR_C,Carrier C,utilidades_domesticas,none,1,0,0.0,0,none
2018-07-02,WH_SOUTH,South FC,CAR_A,Carrier A,automotivo,none,4,0,0.0,0,none
2018-07-02,WH_SOUTH,South FC,CAR_A,Carrier A,bebes,none,2,0,0.0,0,none
2018-07-02,WH_SOUTH,South FC,CAR_A,Carrier A,beleza_saude,none,4,0,0.0,0,none
2018-07-02,WH_SOUTH,South FC,CAR_A,Carrier A,brinquedos,none,3,0,0.0,0,none
2018-07-02,WH_SOUTH,South FC,CAR_A,Carrier A,cama_mesa_banho,none,3,0,0.0,0,none
2018-07-02,WH_SOUTH,South FC,CAR_A,Carrier A,consoles_games,none,1,0,0.0,0,none
2018-07-02,WH_SOUTH,South FC,CAR_A,Carrier A,construcao_ferramentas_construcao,none,1,0,0.0,0,none
2018-07-02,WH_SOUTH,South FC,CAR_A,Carrier A,eletrodomesticos,none,1,0,0.0,0,none
2018-07-02,WH_SOUTH,South FC,CAR_A,Carrier A,eletronicos,none,2,0,0.0,0,none
2018-07-02,WH_SOUTH,South FC,CAR_A,Carrier A,esporte_lazer,none,6,0,0.0,0,none
2018-07-02,WH_SOUTH,South FC,CAR_A,Carrier A,fashion_bolsas_e_acessorios,none,2,0,0.0,0,none
2018-07-02,WH_SOUTH,South FC,CAR_A,Carrier A,ferramentas_jardim,none,2,0,0.0,0,none
2018-07-02,WH_SOUTH,South FC,CAR_A,Carrier A,ferramentas_jardim,wrong,1,1,100.0,0,none
2018-07-02,WH_SOUTH,South FC,CAR_A,Carrier A,informatica_acessorios,none,3,0,0.0,0,none
2018-07-02,WH_SOUTH,South FC,CAR_A,Carrier A,livros_importados,none,1,0,0.0,0,none
2018-07-02,WH_SOUTH,South FC,CAR_A,Carrier A,malas_acessorios,none,1,0,0.0,0,none
2018-07-02,WH_SOUTH,South FC,CAR_A,Carrier A,moveis_decoracao,none,5,0,0.0,0,none
2018-07-02,WH_SOUTH,South FC,CAR_A,Carrier A,papelaria,none,1,0,0.0,0,none
2018-07-02,WH_SOUTH,South FC,CAR_A,Carrier A,perfumaria,none,1,0,0.0,0,none
2018-07-02,WH_SOUTH,South FC,CAR_A,Carrier A,relogios_presentes,none,3,0,0.0,0,none
2018-07-02,WH_SOUTH,South FC,CAR_A,Carrier A,telefonia,none,2,0,0.0,0,none
2018-07-02,WH_SOUTH,South FC,CAR_A,Carrier A,utilidades_domesticas,none,1,0,0.0,0,none
2018-07-02,WH_SOUTH,South FC,CAR_B,Carrier B,alimentos,none,1,0,0.0,0,none
2018-07-02,WH_SOUTH,South FC,CAR_B,Carrier B,automotivo,none,1,0,0.0,0,none
2018-07-02,WH_SOUTH,South FC,CAR_B,Carrier B,bebes,none,3,0,0.0,0,none
2018-07-02,WH_SOUTH,South FC,CAR_B,Carrier B,beleza_saude,none,4,0,0.0,0,none
2018-07-02,WH_SOUTH,South FC,CAR_B,Carrier B,brinquedos,none,1,0,0.0,0,none
2018-07-02,WH_SOUTH,South FC,CAR_B,Carrier B,cama_mesa_banho,none,4,0,0.0,0,none
2018-07-02,WH_SOUTH,South FC,CAR_B,Carrier B,casa_construcao,wrong,1,1,100.0,0,none
2018-07-02,WH_SOUTH,South FC,CAR_B,Carrier B,construcao_ferramentas_construcao,damaged,1,1,100.0,0,none
2018-07-02,WH_SOUTH,South FC,CAR_B,Carrier B,construcao_ferramentas_jardim,none,1,0,0.0,0,none
2018-07-02,WH_SOUTH,South FC,CAR_B,Carrier B,cool_stuff,none,2,0,0.0,0,none
2018-07-02,WH_SOUTH,South FC,CAR_B,Carrier B,eletrodomesticos_2,none,1,0,0.0,0,none
2018-07-02,WH_SOUTH,South FC,CAR_B,Carrier B,eletroportateis,none,3,0,0.0,0,none
2018-07-02,WH_SOUTH,South FC,CAR_B,Carrier B,esporte_lazer,none,5,0,0.0,0,none
2018-07-02,WH_SOUTH,South FC,CAR_B,Carrier B,ferramentas_jardim,none,2,0,0.0,0,none
2018-07-02,WH_SOUTH,South FC,CAR_B,Carrier B,informatica_acessorios,none,2,0,0.0,0,none
2018-07-02,WH_SOUTH,South FC,CAR_B,Carrier B,malas_acessorios,none,1,0,0.0,0,none
2018-07-02,WH_SOUTH,South FC,CAR_B,Carrier B,moveis_cozinha_area_de_servico_jantar_e_jardim,wrong,1,1,100.0,0,none
2018-07-02,WH_SOUTH,South FC,CAR_B,Carrier B,moveis_decoracao,none,4,0,0.0,0,none
2018-07-02,WH_SOUTH,South FC,CAR_B,Carrier B,perfumaria,none,2,0,0.0,0,none
2018-07-02,WH_SOUTH,South FC,CAR_B,Carrier B,pet_shop,none,1,0,0.0,0,none
2018-07-02,WH_SOUTH,South FC,CAR_B,Carrier B,relogios_presentes,none,5,0,0.0,0,none
2018-07-02,WH_SOUTH,South FC,CAR_B,Carrier B,telefonia,none,3,0,0.0,0,none
2018-07-02,WH_SOUTH,South FC,CAR_B,Carrier B,utilidades_domesticas,none,4,0,0.0,0,none
2018-07-02,WH_SOUTH,South FC,CAR_C,Carrier C,automotivo,none,2,0,0.0,0,none
2018-07-02,WH_SOUTH,South FC,CAR_C,Carrier C,beleza_saude,none,2,0,0.0,0,none
2018-07-02,WH_SOUTH,South FC,CAR_C,Carrier C,consoles_games,none,1,0,0.0,0,none
2018-07-02,WH_SOUTH,South FC,CAR_C,Carrier C,construcao_ferramentas_iluminacao,none,1,0,0.0,0,none
2018-07-02,WH_SOUTH,South FC,CAR_C,Carrier C,eletrodomesticos,none,1,0,0.0,0,none
2018-07-02,WH_SOUTH,South FC,CAR_C,Carrier C,esporte_lazer,none,3,0,0.0,0,none
2018-07-02,WH_SOUTH,South FC,CAR_C,Carrier C,informatica_acessorios,none,3,0,0.0,0,none
2018-07-02,WH_SOUTH,South FC,CAR_C,Carrier C,livros_interesse_geral,none,1,0,0.0,0,none
2018-07-02,WH_SOUTH,South FC,CAR_C,Carrier C,moveis_decoracao,none,1,0,0.0,0,none
2018-07-02,WH_SOUTH,South FC,CAR_C,Carrier C,papelaria,none,2,0,0.0,0,none
2018-07-02,WH_SOUTH,South FC,CAR_C,Carrier C,pcs,none,1,0,0.0,0,none
2018-07-02,WH_SOUTH,South FC,CAR_C,Carrier C,pet_shop,wrong,1,1,100.0,0,none
2018-07-02,WH_SOUTH,South FC,CAR_C,Carrier C,relogios_presentes,none,1,0,0.0,0,none
2018-07-02,WH_SOUTH,South FC,CAR_C,Carrier C,telefonia,none,3,0,0.0,0,none
2018-07-02,WH_SOUTH,South FC,CAR_D,Carrier D,automotivo,none,2,0,0.0,0,none
2018-07-02,WH_SOUTH,South FC,CAR_D,Carrier D,beleza_saude,none,2,0,0.0,0,none
2018-07-02,WH_SOUTH,South FC,CAR_D,Carrier D,cama_mesa_banho,none,2,0,0.0,0,none
2018-07-02,WH_SOUTH,South FC,CAR_D,Carrier D,consoles_games,none,1,0,0.0,0,none
2018-07-02,WH_SOUTH,South FC,CAR_D,Carrier D,construcao_ferramentas_seguranca,none,1,0,0.0,0,none
2018-07-02,WH_SOUTH,South FC,CAR_D,Carrier D,eletrodomesticos_2,none,1,0,0.0,0,none
2018-07-02,WH_SOUTH,South FC,CAR_D,Carrier D,eletronicos,none,1,0,0.0,0,none
2018-07-02,WH_SOUTH,South FC,CAR_D,Carrier D,esporte_lazer,none,2,0,0.0,0,none
2018-07-02,WH_SOUTH,South FC,CAR_D,Carrier D,informatica_acessorios,none,2,0,0.0,0,none
2018-07-02,WH_SOUTH,South FC,CAR_D,Carrier D,moveis_decoracao,none,1,0,0.0,0,none
2018-07-02,WH_SOUTH,South FC,CAR_D,Carrier D,papelaria,none,2,0,0.0,0,none
2018-07-02,WH_SOUTH,South FC,CAR_D,Carrier D,relogios_presentes,none,2,0,0.0,0,none
2018-07-02,WH_SOUTH,South FC,CAR_D,Carrier D,utilidades_domesticas,none,5,0,0.0,0,none
2018-07-02,WH_SOUTHEAST,Southeast FC,CAR_A,Carrier A,agro_industria_e_comercio,none,1,0,0.0,0,none
2018-07-02,WH_SOUTHEAST,Southeast FC,CAR_A,Carrier A,alimentos,none,4,0,0.0,0,none
2018-07-02,WH_SOUTHEAST,Southeast FC,CAR_A,Carrier A,alimentos_bebidas,none,1,0,0.0,0,none
2018-07-02,WH_SOUTHEAST,Southeast FC,CAR_A,Carrier A,artes,none,1,0,0.0,0,none
2018-07-02,WH_SOUTHEAST,Southeast FC,CAR_A,Carrier A,automotivo,none,13,0,0.0,0,none
2018-07-02,WH_SOUTHEAST,Southeast FC,CAR_A,Carrier A,bebes,none,9,0,0.0,0,none
2018-07-02,WH_SOUTHEAST,Southeast FC,CAR_A,Carrier A,beleza_saude,damaged,3,3,100.0,0,none
2018-07-02,WH_SOUTHEAST,Southeast FC,CAR_A,Carrier A,beleza_saude,none,47,0,0.0,0,none
2018-07-02,WH_SOUTHEAST,Southeast FC,CAR_A,Carrier A,brinquedos,failed,1,1,100.0,0,none
2018-07-02,WH_SOUTHEAST,Southeast FC,CAR_A,Carrier A,brinquedos,none,10,0,0.0,0,none
2018-07-02,WH_SOUTHEAST,Southeast FC,CAR_A,Carrier A,cama_mesa_banho,damaged,1,1,100.0,0,none
2018-07-02,WH_SOUTHEAST,Southeast FC,CAR_A,Carrier A,cama_mesa_banho,none,29,0,0.0,0,none
2018-07-02,WH_SOUTHEAST,Southeast FC,CAR_A,Carrier A,cama_mesa_banho,refund,1,1,100.0,0,none
2018-07-02,WH_SOUTHEAST,Southeast FC,CAR_A,Carrier A,casa_conforto,failed,1,1,100.0,0,none
2018-07-02,WH_SOUTHEAST,Southeast FC,CAR_A,Carrier A,casa_construcao,none,2,0,0.0,0,none
2018-07-02,WH_SOUTHEAST,Southeast FC,CAR_A,Carrier A,climatizacao,none,1,0,0.0,0,none
2018-07-02,WH_SOUTHEAST,Southeast FC,CAR_A,Carrier A,consoles_games,damaged,1,1,100.0,0,none
2018-07-02,WH_SOUTHEAST,Southeast FC,CAR_A,Carrier A,consoles_games,none,1,0,0.0,0,none
2018-07-02,WH_SOUTHEAST,Southeast FC,CAR_A,Carrier A,construcao_ferramentas_construcao,none,2,0,0.0,0,none
2018-07-02,WH_SOUTHEAST,Southeast FC,CAR_A,Carrier A,construcao_ferramentas_seguranca,none,1,0,0.0,0,none
2018-07-02,WH_SOUTHEAST,Southeast FC,CAR_A,Carrier A,cool_stuff,none,4,0,0.0,0,none
2018-07-02,WH_SOUTHEAST,Southeast FC,CAR_A,Carrier A,cool_stuff,refund,1,1,100.0,0,none
2018-07-02,WH_SOUTHEAST,Southeast FC,CAR_A,Carrier A,eletrodomesticos,damaged,1,1,100.0,0,none
2018-07-02,WH_SOUTHEAST,Southeast FC,CAR_A,Carrier A,eletrodomesticos,none,2,0,0.0,0,none
2018-07-02,WH_SOUTHEAST,Southeast FC,CAR_A,Carrier A,eletronicos,none,5,0,0.0,0,none
2018-07-02,WH_SOUTHEAST,Southeast FC,CAR_A,Carrier A,eletroportateis,none,1,0,0.0,0,none
2018-07-02,WH_SOUTHEAST,Southeast FC,CAR_A,Carrier A,esporte_lazer,none,30,0,0.0,0,none
2018-07-02,WH_SOUTHEAST,Southeast FC,CAR_A,Carrier A,fashion_bolsas_e_acessorios,none,2,0,0.0,0,none
2018-07-02,WH_SOUTHEAST,Southeast FC,CAR_A,Carrier A,ferramentas_jardim,none,10,0,0.0,0,none
2018-07-02,WH_SOUTHEAST,Southeast FC,CAR_A,Carrier A,informatica_acessorios,damaged,1,1,100.0,0,none
2018-07-02,WH_SOUTHEAST,Southeast FC,CAR_A,Carrier A,informatica_acessorios,none,22,0,0.0,0,none
2018-07-02,WH_SOUTHEAST,Southeast FC,CAR_A,Carrier A,livros_interesse_geral,none,2,0,0.0,0,none
2018-07-02,WH_SOUTHEAST,Southeast FC,CAR_A,Carrier A,livros_tecnicos,none,2,0,0.0,0,none
2018-07-02,WH_SOUTHEAST,Southeast FC,CAR_A,Carrier A,malas_acessorios,none,3,0,0.0,0,none
2018-07-02,WH_SOUTHEAST,Southeast FC,CAR_A,Carrier A,moveis_colchao_e_estofado,none,1,0,0.0,0,none
2018-07-02,WH_SOUTHEAST,Southeast FC,CAR_A,Carrier A,moveis_cozinha_area_de_servico_jantar_e_jardim,none,1,0,0.0,0,none
2018-07-02,WH_SOUTHEAST,Southeast FC,CAR_A,Carrier A,moveis_decoracao,missing,1,1,100.0,0,none
2018-07-02,WH_SOUTHEAST,Southeast FC,CAR_A,Carrier A,moveis_decoracao,none,22,0,0.0,0,none
2018-07-02,WH_SOUTHEAST,Southeast FC,CAR_A,Carrier A,moveis_escritorio,none,2,0,0.0,0,none
2018-07-02,WH_SOUTHEAST,Southeast FC,CAR_A,Carrier A,moveis_sala,none,2,0,0.0,0,none
2018-07-02,WH_SOUTHEAST,Southeast FC,CAR_A,Carrier A,papelaria,none,6,0,0.0,0,none
2018-07-02,WH_SOUTHEAST,Southeast FC,CAR_A,Carrier A,perfumaria,none,3,0,0.0,0,none
2018-07-02,WH_SOUTHEAST,Southeast FC,CAR_A,Carrier A,pet_shop,none,6,0,0.0,0,none
2018-07-02,WH_SOUTHEAST,Southeast FC,CAR_A,Carrier A,portateis_casa_forno_e_cafe,none,1,0,0.0,0,none
2018-07-02,WH_SOUTHEAST,Southeast FC,CAR_A,Carrier A,portateis_casa_forno_e_cafe,wrong,1,1,100.0,0,none
2018-07-02,WH_SOUTHEAST,Southeast FC,CAR_A,Carrier A,relogios_presentes,failed,1,1,100.0,0,none
2018-07-02,WH_SOUTHEAST,Southeast FC,CAR_A,Carrier A,relogios_presentes,none,19,0,0.0,0,none
2018-07-02,WH_SOUTHEAST,Southeast FC,CAR_A,Carrier A,relogios_presentes,refund,1,1,100.0,0,none
2018-07-02,WH_SOUTHEAST,Southeast FC,CAR_A,Carrier A,sinalizacao_e_seguranca,none,1,0,0.0,0,none
2018-07-02,WH_SOUTHEAST,Southeast FC,CAR_A,Carrier A,telefonia,none,12,0,0.0,0,none
2018-07-02,WH_SOUTHEAST,Southeast FC,CAR_A,Carrier A,unknown,none,1,0,0.0,0,none
2018-07-02,WH_SOUTHEAST,Southeast FC,CAR_A,Carrier A,utilidades_domesticas,missing,1,1,100.0,0,none
2018-07-02,WH_SOUTHEAST,Southeast FC,CAR_A,Carrier A,utilidades_domesticas,none,26,0,0.0,0,none
2018-07-02,WH_SOUTHEAST,Southeast FC,CAR_B,Carrier B,alimentos,none,2,0,0.0,0,none
2018-07-02,WH_SOUTHEAST,Southeast FC,CAR_B,Carrier B,artes,none,1,0,0.0,0,none
2018-07-02,WH_SOUTHEAST,Southeast FC,CAR_B,Carrier B,artes,refund,1,1,100.0,0,none
2018-07-02,WH_SOUTHEAST,Southeast FC,CAR_B,Carrier B,artigos_de_natal,none,1,0,0.0,0,none
2018-07-02,WH_SOUTHEAST,Southeast FC,CAR_B,Carrier B,audio,damaged,1,1,100.0,0,none
2018-07-02,WH_SOUTHEAST,Southeast FC,CAR_B,Carrier B,automotivo,none,21,0,0.0,0,none
2018-07-02,WH_SOUTHEAST,Southeast FC,CAR_B,Carrier B,bebes,none,8,0,0.0,0,none
2018-07-02,WH_SOUTHEAST,Southeast FC,CAR_B,Carrier B,bebidas,none,1,0,0.0,0,none
2018-07-02,WH_SOUTHEAST,Southeast FC,CAR_B,Carrier B,beleza_saude,missing,1,1,100.0,0,none
2018-07-02,WH_SOUTHEAST,Southeast FC,CAR_B,Carrier B,beleza_saude,none,32,0,0.0,0,none
2018-07-02,WH_SOUTHEAST,Southeast FC,CAR_B,Carrier B,brinquedos,damaged,1,1,100.0,0,none
2018-07-02,WH_SOUTHEAST,Southeast FC,CAR_B,Carrier B,brinquedos,none,9,0,0.0,0,none
2018-07-02,WH_SOUTHEAST,Southeast FC,CAR_B,Carrier B,cama_mesa_banho,none,28,0,0.0,0,none
2018-07-02,WH_SOUTHEAST,Southeast FC,CAR_B,Carrier B,casa_construcao,none,4,0,0.0,0,none
2018-07-02,WH_SOUTHEAST,Southeast FC,CAR_B,Carrier B,cine_foto,none,1,0,0.0,0,none
2018-07-02,WH_SOUTHEAST,Southeast FC,CAR_B,Carrier B,consoles_games,failed,1,1,100.0,0,none
2018-07-02,WH_SOUTHEAST,Southeast FC,CAR_B,Carrier B,consoles_games,none,1,0,0.0,0,none
2018-07-02,WH_SOUTHEAST,Southeast FC,CAR_B,Carrier B,construcao_ferramentas_construcao,none,9,0,0.0,0,none
2018-07-02,WH_SOUTHEAST,Southeast FC,CAR_B,Carrier B,construcao_ferramentas_ferramentas,none,1,0,0.0,0,none
2018-07-02,WH_SOUTHEAST,Southeast FC,CAR_B,Carrier B,construcao_ferramentas_iluminacao,none,3,0,0.0,0,none
2018-07-02,WH_SOUTHEAST,Southeast FC,CAR_B,Carrier B,construcao_ferramentas_jardim,none,1,0,0.0,0,none
2018-07-02,WH_SOUTHEAST,Southeast FC,CAR_B,Carrier B,cool_stuff,none,5,0,0.0,0,none
2018-07-02,WH_SOUTHEAST,Southeast FC,CAR_B,Carrier B,eletrodomesticos,none,2,0,0.0,0,none
2018-07-02,WH_SOUTHEAST,Southeast FC,CAR_B,Carrier B,eletrodomesticos,refund,1,1,100.0,0,none
2018-07-02,WH_SOUTHEAST,Southeast FC,CAR_B,Carrier B,eletronicos,none,7,0,0.0,0,none
2018-07-02,WH_SOUTHEAST,Southeast FC,CAR_B,Carrier B,eletroportateis,none,3,0,0.0,0,none
2018-07-02,WH_SOUTHEAST,Southeast FC,CAR_B,Carrier B,esporte_lazer,failed,1,1,100.0,0,none
2018-07-02,WH_SOUTHEAST,Southeast FC,CAR_B,Carrier B,esporte_lazer,none,19,0,0.0,0,none
2018-07-02,WH_SOUTHEAST,Southeast FC,CAR_B,Carrier B,esporte_lazer,refund,1,1,100.0,0,none
2018-07-02,WH_SOUTHEAST,Southeast FC,CAR_B,Carrier B,fashion_bolsas_e_acessorios,none,1,0,0.0,0,none
2018-07-02,WH_SOUTHEAST,Southeast FC,CAR_B,Carrier B,fashion_bolsas_e_acessorios,refund,1,1,100.0,0,none
2018-07-02,WH_SOUTHEAST,Southeast FC,CAR_B,Carrier B,ferramentas_jardim,none,9,0,0.0,0,none
2018-07-02,WH_SOUTHEAST,Southeast FC,CAR_B,Carrier B,industria_comercio_e_negocios,wrong,1,1,100.0,0,none
2018-07-02,WH_SOUTHEAST,Southeast FC,CAR_B,Carrier B,informatica_acessorios,failed,2,2,100.0,0,none
2018-07-02,WH_SOUTHEAST,Southeast FC,CAR_B,Carrier B,informatica_acessorios,none,18,0,0.0,0,none
2018-07-02,WH_SOUTHEAST,Southeast FC,CAR_B,Carrier B,livros_interesse_geral,none,2,0,0.0,0,none
2018-07-02,WH_SOUTHEAST,Southeast FC,CAR_B,Carrier B,livros_tecnicos,none,2,0,0.0,0,none
2018-07-02,WH_SOUTHEAST,Southeast FC,CAR_B,Carrier B,moveis_cozinha_area_de_servico_jantar_e_jardim,none,1,0,0.0,0,none
2018-07-02,WH_SOUTHEAST,Southeast FC,CAR_B,Carrier B,moveis_decoracao,none,19,0,0.0,0,none
2018-07-02,WH_SOUTHEAST,Southeast FC,CAR_B,Carrier B,moveis_escritorio,none,2,0,0.0,0,none
2018-07-02,WH_SOUTHEAST,Southeast FC,CAR_B,Carrier B,moveis_sala,none,2,0,0.0,0,none
2018-07-02,WH_SOUTHEAST,Southeast FC,CAR_B,Carrier B,papelaria,none,6,0,0.0,0,none
2018-07-02,WH_SOUTHEAST,Southeast FC,CAR_B,Carrier B,perfumaria,none,14,0,0.0,0,none
2018-07-02,WH_SOUTHEAST,Southeast FC,CAR_B,Carrier B,pet_shop,none,7,0,0.0,0,none
2018-07-02,WH_SOUTHEAST,Southeast FC,CAR_B,Carrier B,relogios_presentes,none,24,0,0.0,0,none
2018-07-02,WH_SOUTHEAST,Southeast FC,CAR_B,Carrier B,sinalizacao_e_seguranca,missing,1,1,100.0,0,none
2018-07-02,WH_SOUTHEAST,Southeast FC,CAR_B,Carrier B,telefonia,none,9,0,0.0,0,none
2018-07-02,WH_SOUTHEAST,Southeast FC,CAR_B,Carrier B,utilidades_domesticas,none,22,0,0.0,0,none
2018-07-02,WH_SOUTHEAST,Southeast FC,CAR_C,Carrier C,alimentos,damaged,1,1,100.0,0,none
2018-07-02,WH_SOUTHEAST,Southeast FC,CAR_C,Carrier C,alimentos,none,1,0,0.0,0,none
2018-07-02,WH_SOUTHEAST,Southeast FC,CAR_C,Carrier C,artes,none,1,0,0.0,0,none
2018-07-02,WH_SOUTHEAST,Southeast FC,CAR_C,Carrier C,automotivo,failed,1,1,100.0,0,none
2018-07-02,WH_SOUTHEAST,Southeast FC,CAR_C,Carrier C,automotivo,none,8,0,0.0,0,none
2018-07-02,WH_SOUTHEAST,Southeast FC,CAR_C,Carrier C,bebes,none,5,0,0.0,0,none
2018-07-02,WH_SOUTHEAST,Southeast FC,CAR_C,Carrier C,bebes,wrong,1,1,100.0,0,none
2018-07-02,WH_SOUTHEAST,Southeast FC,CAR_C,Carrier C,bebidas,none,1,0,0.0,0,none
2018-07-02,WH_SOUTHEAST,Southeast FC,CAR_C,Carrier C,beleza_saude,damaged,1,1,100.0,0,none
2018-07-02,WH_SOUTHEAST,Southeast FC,CAR_C,Carrier C,beleza_saude,none,31,0,0.0,0,none
2018-07-02,WH_SOUTHEAST,Southeast FC,CAR_C,Carrier C,beleza_saude,refund,1,1,100.0,0,none
2018-07-02,WH_SOUTHEAST,Southeast FC,CAR_C,Carrier C,brinquedos,damaged,1,1,100.0,0,none
2018-07-02,WH_SOUTHEAST,Southeast FC,CAR_C,Carrier C,brinquedos,none,4,0,0.0,0,none
2018-07-02,WH_SOUTHEAST,Southeast FC,CAR_C,Carrier C,cama_mesa_banho,damaged,1,1,100.0,0,none
2018-07-02,WH_SOUTHEAST,Southeast FC,CAR_C,Carrier C,cama_mesa_banho,none,10,0,0.0,0,none
2018-07-02,WH_SOUTHEAST,Southeast FC,CAR_C,Carrier C,casa_construcao,none,3,0,0.0,0,none
2018-07-02,WH_SOUTHEAST,Southeast FC,CAR_C,Carrier C,consoles_games,none,1,0,0.0,0,none
2018-07-02,WH_SOUTHEAST,Southeast FC,CAR_C,Carrier C,construcao_ferramentas_construcao,none,2,0,0.0,0,none
2018-07-02,WH_SOUTHEAST,Southeast FC,CAR_C,Carrier C,construcao_ferramentas_iluminacao,none,1,0,0.0,0,none
2018-07-02,WH_SOUTHEAST,Southeast FC,CAR_C,Carrier C,construcao_ferramentas_jardim,none,1,0,0.0,0,none
2018-07-02,WH_SOUTHEAST,Southeast FC,CAR_C,Carrier C,cool_stuff,none,3,0,0.0,0,none
2018-07-02,WH_SOUTHEAST,Southeast FC,CAR_C,Carrier C,eletrodomesticos,none,4,0,0.0,0,none
2018-07-02,WH_SOUTHEAST,Southeast FC,CAR_C,Carrier C,eletrodomesticos_2,none,1,0,0.0,0,none
2018-07-02,WH_SOUTHEAST,Southeast FC,CAR_C,Carrier C,eletronicos,none,2,0,0.0,0,none
2018-07-02,WH_SOUTHEAST,Southeast FC,CAR_C,Carrier C,esporte_lazer,damaged,1,1,100.0,0,none
2018-07-02,WH_SOUTHEAST,Southeast FC,CAR_C,Carrier C,esporte_lazer,missing,1,1,100.0,0,none
2018-07-02,WH_SOUTHEAST,Southeast FC,CAR_C,Carrier C,esporte_lazer,none,14,0,0.0,0,none
2018-07-02,WH_SOUTHEAST,Southeast FC,CAR_C,Carrier C,esporte_lazer,refund,1,1,100.0,0,none
2018-07-02,WH_SOUTHEAST,Southeast FC,CAR_C,Carrier C,esporte_lazer,wrong,1,1,100.0,0,none
2018-07-02,WH_SOUTHEAST,Southeast FC,CAR_C,Carrier C,fashion_bolsas_e_acessorios,none,2,0,0.0,0,none
2018-07-02,WH_SOUTHEAST,Southeast FC,CAR_C,Carrier C,ferramentas_jardim,none,6,0,0.0,0,none
2018-07-02,WH_SOUTHEAST,Southeast FC,CAR_C,Carrier C,industria_comercio_e_negocios,none,2,0,0.0,0,none
2018-07-02,WH_SOUTHEAST,Southeast FC,CAR_C,Carrier C,informatica_acessorios,damaged,1,1,100.0,0,none
2018-07-02,WH_SOUTHEAST,Southeast FC,CAR_C,Carrier C,informatica_acessorios,none,9,0,0.0,0,none
2018-07-02,WH_SOUTHEAST,Southeast FC,CAR_C,Carrier C,livros_importados,none,1,0,0.0,0,none
2018-07-02,WH_SOUTHEAST,Southeast FC,CAR_C,Carrier C,livros_interesse_geral,none,1,0,0.0,0,none
2018-07-02,WH_SOUTHEAST,Southeast FC,CAR_C,Carrier C,livros_tecnicos,none,1,0,0.0,0,none
2018-07-02,WH_SOUTHEAST,Southeast FC,CAR_C,Carrier C,malas_acessorios,none,1,0,0.0,0,none
2018-07-02,WH_SOUTHEAST,Southeast FC,CAR_C,Carrier C,moveis_decoracao,failed,1,1,100.0,0,none
2018-07-02,WH_SOUTHEAST,Southeast FC,CAR_C,Carrier C,moveis_decoracao,none,9,0,0.0,0,none
2018-07-02,WH_SOUTHEAST,Southeast FC,CAR_C,Carrier C,moveis_escritorio,none,4,0,0.0,0,none
2018-07-02,WH_SOUTHEAST,Southeast FC,CAR_C,Carrier C,moveis_sala,none,3,0,0.0,0,none
2018-07-02,WH_SOUTHEAST,Southeast FC,CAR_C,Carrier C,papelaria,none,7,0,0.0,0,none
2018-07-02,WH_SOUTHEAST,Southeast FC,CAR_C,Carrier C,perfumaria,none,7,0,0.0,0,none
2018-07-02,WH_SOUTHEAST,Southeast FC,CAR_C,Carrier C,pet_shop,damaged,1,1,100.0,0,none
2018-07-02,WH_SOUTHEAST,Southeast FC,CAR_C,Carrier C,pet_shop,none,1,0,0.0,0,none
2018-07-02,WH_SOUTHEAST,Southeast FC,CAR_C,Carrier C,relogios_presentes,none,12,0,0.0,0,none
2018-07-02,WH_SOUTHEAST,Southeast FC,CAR_C,Carrier C,telefonia,none,3,0,0.0,0,none
2018-07-02,WH_SOUTHEAST,Southeast FC,CAR_C,Carrier C,unknown,none,1,0,0.0,0,none
2018-07-02,WH_SOUTHEAST,Southeast FC,CAR_C,Carrier C,unknown,wrong,1,1,100.0,0,none
2018-07-02,WH_SOUTHEAST,Southeast FC,CAR_C,Carrier C,utilidades_domesticas,none,10,0,0.0,0,none
2018-07-02,WH_SOUTHEAST,Southeast FC,CAR_D,Carrier D,alimentos,none,1,0,0.0,0,none
2018-07-02,WH_SOUTHEAST,Southeast FC,CAR_D,Carrier D,alimentos_bebidas,none,1,0,0.0,0,none
2018-07-02,WH_SOUTHEAST,Southeast FC,CAR_D,Carrier D,artes,none,1,0,0.0,0,none
2018-07-02,WH_SOUTHEAST,Southeast FC,CAR_D,Carrier D,automotivo,none,3,0,0.0,0,none
2018-07-02,WH_SOUTHEAST,Southeast FC,CAR_D,Carrier D,bebes,none,5,0,0.0,0,none
2018-07-02,WH_SOUTHEAST,Southeast FC,CAR_D,Carrier D,beleza_saude,failed,1,1,100.0,0,none
2018-07-02,WH_SOUTHEAST,Southeast FC,CAR_D,Carrier D,beleza_saude,none,21,0,0.0,0,none
2018-07-02,WH_SOUTHEAST,Southeast FC,CAR_D,Carrier D,beleza_saude,wrong,1,1,100.0,0,none
2018-07-02,WH_SOUTHEAST,Southeast FC,CAR_D,Carrier D,brinquedos,none,3,0,0.0,0,none
2018-07-02,WH_SOUTHEAST,Southeast FC,CAR_D,Carrier D,cama_mesa_banho,none,14,0,0.0,0,none
2018-07-02,WH_SOUTHEAST,Southeast FC,CAR_D,Carrier D,casa_construcao,none,1,0,0.0,0,none
2018-07-02,WH_SOUTHEAST,Southeast FC,CAR_D,Carrier D,climatizacao,none,1,0,0.0,0,none
2018-07-02,WH_SOUTHEAST,Southeast FC,CAR_D,Carrier D,consoles_games,none,1,0,0.0,0,none
2018-07-02,WH_SOUTHEAST,Southeast FC,CAR_D,Carrier D,construcao_ferramentas_construcao,none,3,0,0.0,0,none
2018-07-02,WH_SOUTHEAST,Southeast FC,CAR_D,Carrier D,construcao_ferramentas_jardim,none,1,0,0.0,0,none
2018-07-02,WH_SOUTHEAST,Southeast FC,CAR_D,Carrier D,cool_stuff,damaged,1,1,100.0,0,none
2018-07-02,WH_SOUTHEAST,Southeast FC,CAR_D,Carrier D,cool_stuff,none,3,0,0.0,0,none
2018-07-02,WH_SOUTHEAST,Southeast FC,CAR_D,Carrier D,eletrodomesticos,none,2,0,0.0,0,none
2018-07-02,WH_SOUTHEAST,Southeast FC,CAR_D,Carrier D,eletronicos,none,4,0,0.0,0,none
2018-07-02,WH_SOUTHEAST,Southeast FC,CAR_D,Carrier D,esporte_lazer,failed,1,1,100.0,0,none
2018-07-02,WH_SOUTHEAST,Southeast FC,CAR_D,Carrier D,esporte_lazer,none,6,0,0.0,0,none
2018-07-02,WH_SOUTHEAST,Southeast FC,CAR_D,Carrier D,fashion_bolsas_e_acessorios,none,2,0,0.0,0,none
2018-07-02,WH_SOUTHEAST,Southeast FC,CAR_D,Carrier D,ferramentas_jardim,none,3,0,0.0,0,none
2018-07-02,WH_SOUTHEAST,Southeast FC,CAR_D,Carrier D,informatica_acessorios,none,8,0,0.0,0,none
2018-07-02,WH_SOUTHEAST,Southeast FC,CAR_D,Carrier D,livros_interesse_geral,none,1,0,0.0,0,none
2018-07-02,WH_SOUTHEAST,Southeast FC,CAR_D,Carrier D,livros_tecnicos,none,1,0,0.0,0,none
2018-07-02,WH_SOUTHEAST,Southeast FC,CAR_D,Carrier D,malas_acessorios,none,1,0,0.0,0,none
2018-07-02,WH_SOUTHEAST,Southeast FC,CAR_D,Carrier D,moveis_cozinha_area_de_servico_jantar_e_jardim,none,2,0,0.0,0,none
2018-07-02,WH_SOUTHEAST,Southeast FC,CAR_D,Carrier D,moveis_decoracao,none,5,0,0.0,0,none
2018-07-02,WH_SOUTHEAST,Southeast FC,CAR_D,Carrier D,moveis_escritorio,none,1,0,0.0,0,none
2018-07-02,WH_SOUTHEAST,Southeast FC,CAR_D,Carrier D,musica,none,1,0,0.0,0,none
2018-07-02,WH_SOUTHEAST,Southeast FC,CAR_D,Carrier D,papelaria,none,1,0,0.0,0,none
2018-07-02,WH_SOUTHEAST,Southeast FC,CAR_D,Carrier D,perfumaria,none,2,0,0.0,0,none
2018-07-02,WH_SOUTHEAST,Southeast FC,CAR_D,Carrier D,pet_shop,none,5,0,0.0,0,none
2018-07-02,WH_SOUTHEAST,Southeast FC,CAR_D,Carrier D,relogios_presentes,none,9,0,0.0,0,none
2018-07-02,WH_SOUTHEAST,Southeast FC,CAR_D,Carrier D,sinalizacao_e_seguranca,none,2,0,0.0,0,none
2018-07-02,WH_SOUTHEAST,Southeast FC,CAR_D,Carrier D,utilidades_domesticas,none,10,0,0.0,0,none
2018-07-09,WH_CENTRAL_WEST,Central-West FC,CAR_A,Carrier A,artes,none,2,0,0.0,2,ANOM_DRIFT_001
2018-07-09,WH_CENTRAL_WEST,Central-West FC,CAR_A,Carrier A,bebes,failed,1,1,100.0,1,ANOM_DRIFT_001
2018-07-09,WH_CENTRAL_WEST,Central-West FC,CAR_A,Carrier A,beleza_saude,failed,1,1,100.0,1,ANOM_DRIFT_001
2018-07-09,WH_CENTRAL_WEST,Central-West FC,CAR_A,Carrier A,beleza_saude,none,3,0,0.0,3,ANOM_DRIFT_001
2018-07-09,WH_CENTRAL_WEST,Central-West FC,CAR_A,Carrier A,brinquedos,none,1,0,0.0,1,ANOM_DRIFT_001
2018-07-09,WH_CENTRAL_WEST,Central-West FC,CAR_A,Carrier A,casa_conforto,none,1,0,0.0,1,ANOM_DRIFT_001
2018-07-09,WH_CENTRAL_WEST,Central-West FC,CAR_A,Carrier A,climatizacao,missing,1,1,100.0,1,ANOM_DRIFT_001
2018-07-09,WH_CENTRAL_WEST,Central-West FC,CAR_A,Carrier A,esporte_lazer,failed,1,1,100.0,1,ANOM_DRIFT_001
2018-07-09,WH_CENTRAL_WEST,Central-West FC,CAR_A,Carrier A,ferramentas_jardim,none,1,0,0.0,1,ANOM_DRIFT_001
2018-07-09,WH_CENTRAL_WEST,Central-West FC,CAR_A,Carrier A,perfumaria,none,1,0,0.0,1,ANOM_DRIFT_001
2018-07-09,WH_CENTRAL_WEST,Central-West FC,CAR_A,Carrier A,relogios_presentes,none,1,0,0.0,1,ANOM_DRIFT_001
2018-07-09,WH_CENTRAL_WEST,Central-West FC,CAR_A,Carrier A,sinalizacao_e_seguranca,missing,1,1,100.0,1,ANOM_DRIFT_001
2018-07-09,WH_CENTRAL_WEST,Central-West FC,CAR_A,Carrier A,unknown,none,1,0,0.0,1,ANOM_DRIFT_001
2018-07-09,WH_CENTRAL_WEST,Central-West FC,CAR_A,Carrier A,utilidades_domesticas,none,1,0,0.0,1,ANOM_DRIFT_001
2018-07-09,WH_CENTRAL_WEST,Central-West FC,CAR_B,Carrier B,alimentos,none,1,0,0.0,1,ANOM_DRIFT_001
2018-07-09,WH_CENTRAL_WEST,Central-West FC,CAR_B,Carrier B,bebes,missing,1,1,100.0,1,ANOM_DRIFT_001
2018-07-09,WH_CENTRAL_WEST,Central-West FC,CAR_B,Carrier B,beleza_saude,failed,1,1,100.0,1,ANOM_DRIFT_001
2018-07-09,WH_CENTRAL_WEST,Central-West FC,CAR_B,Carrier B,beleza_saude,missing,1,1,100.0,1,ANOM_DRIFT_001
2018-07-09,WH_CENTRAL_WEST,Central-West FC,CAR_B,Carrier B,beleza_saude,none,3,0,0.0,3,ANOM_DRIFT_001
2018-07-09,WH_CENTRAL_WEST,Central-West FC,CAR_B,Carrier B,beleza_saude,refund,1,1,100.0,1,ANOM_DRIFT_001
2018-07-09,WH_CENTRAL_WEST,Central-West FC,CAR_B,Carrier B,cama_mesa_banho,failed,1,1,100.0,1,ANOM_DRIFT_001
2018-07-09,WH_CENTRAL_WEST,Central-West FC,CAR_B,Carrier B,cama_mesa_banho,none,1,0,0.0,1,ANOM_DRIFT_001
2018-07-09,WH_CENTRAL_WEST,Central-West FC,CAR_B,Carrier B,construcao_ferramentas_construcao,none,2,0,0.0,2,ANOM_DRIFT_001
2018-07-09,WH_CENTRAL_WEST,Central-West FC,CAR_B,Carrier B,cool_stuff,none,1,0,0.0,1,ANOM_DRIFT_001
2018-07-09,WH_CENTRAL_WEST,Central-West FC,CAR_B,Carrier B,esporte_lazer,none,1,0,0.0,1,ANOM_DRIFT_001
2018-07-09,WH_CENTRAL_WEST,Central-West FC,CAR_B,Carrier B,livros_tecnicos,none,1,0,0.0,1,ANOM_DRIFT_001
2018-07-09,WH_CENTRAL_WEST,Central-West FC,CAR_B,Carrier B,moveis_decoracao,none,1,0,0.0,1,ANOM_DRIFT_001
2018-07-09,WH_CENTRAL_WEST,Central-West FC,CAR_B,Carrier B,relogios_presentes,none,2,0,0.0,2,ANOM_DRIFT_001
2018-07-09,WH_CENTRAL_WEST,Central-West FC,CAR_B,Carrier B,utilidades_domesticas,none,1,0,0.0,1,ANOM_DRIFT_001
2018-07-09,WH_CENTRAL_WEST,Central-West FC,CAR_C,Carrier C,automotivo,none,1,0,0.0,1,ANOM_DRIFT_001
2018-07-09,WH_CENTRAL_WEST,Central-West FC,CAR_C,Carrier C,beleza_saude,none,2,0,0.0,2,ANOM_DRIFT_001
2018-07-09,WH_CENTRAL_WEST,Central-West FC,CAR_C,Carrier C,cama_mesa_banho,missing,1,1,100.0,1,ANOM_DRIFT_001
2018-07-09,WH_CENTRAL_WEST,Central-West FC,CAR_C,Carrier C,cama_mesa_banho,none,1,0,0.0,1,ANOM_DRIFT_001
2018-07-09,WH_CENTRAL_WEST,Central-West FC,CAR_C,Carrier C,cool_stuff,none,1,0,0.0,1,ANOM_DRIFT_001
2018-07-09,WH_CENTRAL_WEST,Central-West FC,CAR_C,Carrier C,eletrodomesticos,none,1,0,0.0,1,ANOM_DRIFT_001
2018-07-09,WH_CENTRAL_WEST,Central-West FC,CAR_C,Carrier C,eletrodomesticos_2,none,1,0,0.0,1,ANOM_DRIFT_001
2018-07-09,WH_CENTRAL_WEST,Central-West FC,CAR_C,Carrier C,eletronicos,none,1,0,0.0,1,ANOM_DRIFT_001
2018-07-09,WH_CENTRAL_WEST,Central-West FC,CAR_C,Carrier C,esporte_lazer,none,1,0,0.0,1,ANOM_DRIFT_001
2018-07-09,WH_CENTRAL_WEST,Central-West FC,CAR_C,Carrier C,instrumentos_musicais,none,1,0,0.0,1,ANOM_DRIFT_001
2018-07-09,WH_CENTRAL_WEST,Central-West FC,CAR_C,Carrier C,moveis_decoracao,failed,1,1,100.0,1,ANOM_DRIFT_001
2018-07-09,WH_CENTRAL_WEST,Central-West FC,CAR_C,Carrier C,papelaria,missing,1,1,100.0,1,ANOM_DRIFT_001
2018-07-09,WH_CENTRAL_WEST,Central-West FC,CAR_C,Carrier C,papelaria,refund,1,1,100.0,1,ANOM_DRIFT_001
2018-07-09,WH_CENTRAL_WEST,Central-West FC,CAR_C,Carrier C,perfumaria,none,1,0,0.0,1,ANOM_DRIFT_001
2018-07-09,WH_CENTRAL_WEST,Central-West FC,CAR_C,Carrier C,relogios_presentes,none,1,0,0.0,1,ANOM_DRIFT_001
2018-07-09,WH_CENTRAL_WEST,Central-West FC,CAR_C,Carrier C,utilidades_domesticas,failed,1,1,100.0,1,ANOM_DRIFT_001
2018-07-09,WH_CENTRAL_WEST,Central-West FC,CAR_C,Carrier C,utilidades_domesticas,none,1,0,0.0,1,ANOM_DRIFT_001
2018-07-09,WH_CENTRAL_WEST,Central-West FC,CAR_D,Carrier D,automotivo,none,2,0,0.0,2,ANOM_DRIFT_001
2018-07-09,WH_CENTRAL_WEST,Central-West FC,CAR_D,Carrier D,bebes,none,1,0,0.0,1,ANOM_DRIFT_001
2018-07-09,WH_CENTRAL_WEST,Central-West FC,CAR_D,Carrier D,beleza_saude,failed,3,3,100.0,3,ANOM_DRIFT_001
2018-07-09,WH_CENTRAL_WEST,Central-West FC,CAR_D,Carrier D,cama_mesa_banho,failed,1,1,100.0,1,ANOM_DRIFT_001
2018-07-09,WH_CENTRAL_WEST,Central-West FC,CAR_D,Carrier D,cama_mesa_banho,none,1,0,0.0,1,ANOM_DRIFT_001
2018-07-09,WH_CENTRAL_WEST,Central-West FC,CAR_D,Carrier D,cine_foto,none,1,0,0.0,1,ANOM_DRIFT_001
2018-07-09,WH_CENTRAL_WEST,Central-West FC,CAR_D,Carrier D,esporte_lazer,none,1,0,0.0,1,ANOM_DRIFT_001
2018-07-09,WH_CENTRAL_WEST,Central-West FC,CAR_D,Carrier D,informatica_acessorios,none,1,0,0.0,1,ANOM_DRIFT_001
2018-07-09,WH_CENTRAL_WEST,Central-West FC,CAR_D,Carrier D,pet_shop,none,1,0,0.0,1,ANOM_DRIFT_001
2018-07-09,WH_CENTRAL_WEST,Central-West FC,CAR_D,Carrier D,relogios_presentes,none,3,0,0.0,3,ANOM_DRIFT_001
2018-07-09,WH_CENTRAL_WEST,Central-West FC,CAR_D,Carrier D,sinalizacao_e_seguranca,missing,1,1,100.0,1,ANOM_DRIFT_001
2018-07-09,WH_CENTRAL_WEST,Central-West FC,CAR_D,Carrier D,telefonia,none,1,0,0.0,1,ANOM_DRIFT_001
2018-07-09,WH_CENTRAL_WEST,Central-West FC,CAR_D,Carrier D,utilidades_domesticas,none,1,0,0.0,1,ANOM_DRIFT_001
2018-07-09,WH_NORTH,North FC,CAR_A,Carrier A,automotivo,none,1,0,0.0,0,none
2018-07-09,WH_NORTH,North FC,CAR_A,Carrier A,bebes,none,1,0,0.0,0,none
2018-07-09,WH_NORTH,North FC,CAR_A,Carrier A,beleza_saude,none,2,0,0.0,0,none
2018-07-09,WH_NORTH,North FC,CAR_A,Carrier A,esporte_lazer,none,1,0,0.0,0,none
2018-07-09,WH_NORTH,North FC,CAR_A,Carrier A,ferramentas_jardim,none,1,0,0.0,0,none
2018-07-09,WH_NORTH,North FC,CAR_A,Carrier A,malas_acessorios,none,1,0,0.0,0,none
2018-07-09,WH_NORTH,North FC,CAR_A,Carrier A,relogios_presentes,none,3,0,0.0,0,none
2018-07-09,WH_NORTH,North FC,CAR_B,Carrier B,beleza_saude,none,1,0,0.0,0,none
2018-07-09,WH_NORTH,North FC,CAR_B,Carrier B,consoles_games,none,1,0,0.0,0,none
2018-07-09,WH_NORTH,North FC,CAR_B,Carrier B,eletronicos,none,1,0,0.0,0,none
2018-07-09,WH_NORTH,North FC,CAR_B,Carrier B,fashion_calcados,none,1,0,0.0,0,none
2018-07-09,WH_NORTH,North FC,CAR_B,Carrier B,informatica_acessorios,none,1,0,0.0,0,none
2018-07-09,WH_NORTH,North FC,CAR_B,Carrier B,perfumaria,none,1,0,0.0,0,none
2018-07-09,WH_NORTH,North FC,CAR_B,Carrier B,relogios_presentes,none,1,0,0.0,0,none
2018-07-09,WH_NORTH,North FC,CAR_C,Carrier C,automotivo,none,1,0,0.0,0,none
2018-07-09,WH_NORTH,North FC,CAR_C,Carrier C,beleza_saude,none,1,0,0.0,0,none
2018-07-09,WH_NORTH,North FC,CAR_C,Carrier C,consoles_games,none,1,0,0.0,0,none
2018-07-09,WH_NORTH,North FC,CAR_C,Carrier C,industria_comercio_e_negocios,none,1,0,0.0,0,none
2018-07-09,WH_NORTH,North FC,CAR_C,Carrier C,moveis_decoracao,none,1,0,0.0,0,none
2018-07-09,WH_NORTH,North FC,CAR_C,Carrier C,sinalizacao_e_seguranca,none,1,0,0.0,0,none
2018-07-09,WH_NORTH,North FC,CAR_C,Carrier C,telefonia,none,1,0,0.0,0,none
2018-07-09,WH_NORTH,North FC,CAR_D,Carrier D,beleza_saude,none,2,0,0.0,0,none
2018-07-09,WH_NORTH,North FC,CAR_D,Carrier D,esporte_lazer,none,1,0,0.0,0,none
2018-07-09,WH_SOUTH,South FC,CAR_A,Carrier A,automotivo,failed,1,1,100.0,0,none
2018-07-09,WH_SOUTH,South FC,CAR_A,Carrier A,automotivo,none,4,0,0.0,0,none
2018-07-09,WH_SOUTH,South FC,CAR_A,Carrier A,bebes,none,3,0,0.0,0,none
2018-07-09,WH_SOUTH,South FC,CAR_A,Carrier A,beleza_saude,none,6,0,0.0,0,none
2018-07-09,WH_SOUTH,South FC,CAR_A,Carrier A,cama_mesa_banho,none,3,0,0.0,0,none
2018-07-09,WH_SOUTH,South FC,CAR_A,Carrier A,casa_construcao,none,1,0,0.0,0,none
2018-07-09,WH_SOUTH,South FC,CAR_A,Carrier A,construcao_ferramentas_iluminacao,none,1,0,0.0,0,none
2018-07-09,WH_SOUTH,South FC,CAR_A,Carrier A,cool_stuff,none,1,0,0.0,0,none
2018-07-09,WH_SOUTH,South FC,CAR_A,Carrier A,eletrodomesticos,none,1,0,0.0,0,none
2018-07-09,WH_SOUTH,South FC,CAR_A,Carrier A,eletronicos,none,1,0,0.0,0,none
2018-07-09,WH_SOUTH,South FC,CAR_A,Carrier A,esporte_lazer,none,2,0,0.0,0,none
2018-07-09,WH_SOUTH,South FC,CAR_A,Carrier A,fashion_bolsas_e_acessorios,none,1,0,0.0,0,none
2018-07-09,WH_SOUTH,South FC,CAR_A,Carrier A,ferramentas_jardim,none,1,0,0.0,0,none
2018-07-09,WH_SOUTH,South FC,CAR_A,Carrier A,informatica_acessorios,none,5,0,0.0,0,none
2018-07-09,WH_SOUTH,South FC,CAR_A,Carrier A,instrumentos_musicais,none,1,0,0.0,0,none
2018-07-09,WH_SOUTH,South FC,CAR_A,Carrier A,livros_tecnicos,none,1,0,0.0,0,none
2018-07-09,WH_SOUTH,South FC,CAR_A,Carrier A,malas_acessorios,none,3,0,0.0,0,none
2018-07-09,WH_SOUTH,South FC,CAR_A,Carrier A,moveis_decoracao,none,4,0,0.0,0,none
2018-07-09,WH_SOUTH,South FC,CAR_A,Carrier A,papelaria,none,1,0,0.0,0,none
2018-07-09,WH_SOUTH,South FC,CAR_A,Carrier A,perfumaria,none,1,0,0.0,0,none
2018-07-09,WH_SOUTH,South FC,CAR_A,Carrier A,relogios_presentes,none,4,0,0.0,0,none
2018-07-09,WH_SOUTH,South FC,CAR_A,Carrier A,sinalizacao_e_seguranca,none,1,0,0.0,0,none
2018-07-09,WH_SOUTH,South FC,CAR_A,Carrier A,telefonia,none,3,0,0.0,0,none
2018-07-09,WH_SOUTH,South FC,CAR_A,Carrier A,unknown,none,1,0,0.0,0,none
2018-07-09,WH_SOUTH,South FC,CAR_A,Carrier A,utilidades_domesticas,none,3,0,0.0,0,none
2018-07-09,WH_SOUTH,South FC,CAR_B,Carrier B,alimentos,none,1,0,0.0,0,none
2018-07-09,WH_SOUTH,South FC,CAR_B,Carrier B,automotivo,none,3,0,0.0,0,none
2018-07-09,WH_SOUTH,South FC,CAR_B,Carrier B,bebes,none,1,0,0.0,0,none
2018-07-09,WH_SOUTH,South FC,CAR_B,Carrier B,beleza_saude,none,2,0,0.0,0,none
2018-07-09,WH_SOUTH,South FC,CAR_B,Carrier B,cama_mesa_banho,none,5,0,0.0,0,none
2018-07-09,WH_SOUTH,South FC,CAR_B,Carrier B,consoles_games,missing,1,1,100.0,0,none
2018-07-09,WH_SOUTH,South FC,CAR_B,Carrier B,cool_stuff,none,2,0,0.0,0,none
2018-07-09,WH_SOUTH,South FC,CAR_B,Carrier B,eletronicos,none,1,0,0.0,0,none
2018-07-09,WH_SOUTH,South FC,CAR_B,Carrier B,eletroportateis,none,3,0,0.0,0,none
2018-07-09,WH_SOUTH,South FC,CAR_B,Carrier B,esporte_lazer,none,1,0,0.0,0,none
2018-07-09,WH_SOUTH,South FC,CAR_B,Carrier B,informatica_acessorios,damaged,1,1,100.0,0,none
2018-07-09,WH_SOUTH,South FC,CAR_B,Carrier B,informatica_acessorios,none,4,0,0.0,0,none
2018-07-09,WH_SOUTH,South FC,CAR_B,Carrier B,instrumentos_musicais,none,1,0,0.0,0,none
2018-07-09,WH_SOUTH,South FC,CAR_B,Carrier B,moveis_decoracao,none,1,0,0.0,0,none
2018-07-09,WH_SOUTH,South FC,CAR_B,Carrier B,musica,none,1,0,0.0,0,none
2018-07-09,WH_SOUTH,South FC,CAR_B,Carrier B,papelaria,none,1,0,0.0,0,none
2018-07-09,WH_SOUTH,South FC,CAR_B,Carrier B,perfumaria,none,2,0,0.0,0,none
2018-07-09,WH_SOUTH,South FC,CAR_B,Carrier B,pet_shop,none,1,0,0.0,0,none
2018-07-09,WH_SOUTH,South FC,CAR_B,Carrier B,relogios_presentes,none,7,0,0.0,0,none
2018-07-09,WH_SOUTH,South FC,CAR_B,Carrier B,unknown,none,1,0,0.0,0,none
2018-07-09,WH_SOUTH,South FC,CAR_B,Carrier B,utilidades_domesticas,none,2,0,0.0,0,none
2018-07-09,WH_SOUTH,South FC,CAR_C,Carrier C,alimentos,none,1,0,0.0,0,none
2018-07-09,WH_SOUTH,South FC,CAR_C,Carrier C,alimentos,refund,1,1,100.0,0,none
2018-07-09,WH_SOUTH,South FC,CAR_C,Carrier C,automotivo,none,3,0,0.0,0,none
2018-07-09,WH_SOUTH,South FC,CAR_C,Carrier C,bebes,none,1,0,0.0,0,none
2018-07-09,WH_SOUTH,South FC,CAR_C,Carrier C,bebidas,none,1,0,0.0,0,none
2018-07-09,WH_SOUTH,South FC,CAR_C,Carrier C,beleza_saude,none,2,0,0.0,0,none
2018-07-09,WH_SOUTH,South FC,CAR_C,Carrier C,beleza_saude,wrong,1,1,100.0,0,none
2018-07-09,WH_SOUTH,South FC,CAR_C,Carrier C,cama_mesa_banho,none,3,0,0.0,0,none
2018-07-09,WH_SOUTH,South FC,CAR_C,Carrier C,casa_construcao,none,1,0,0.0,0,none
2018-07-09,WH_SOUTH,South FC,CAR_C,Carrier C,construcao_ferramentas_seguranca,none,1,0,0.0,0,none
2018-07-09,WH_SOUTH,South FC,CAR_C,Carrier C,cool_stuff,none,1,0,0.0,0,none
2018-07-09,WH_SOUTH,South FC,CAR_C,Carrier C,eletrodomesticos,none,1,0,0.0,0,none
2018-07-09,WH_SOUTH,South FC,CAR_C,Carrier C,eletronicos,none,3,0,0.0,0,none
2018-07-09,WH_SOUTH,South FC,CAR_C,Carrier C,esporte_lazer,missing,1,1,100.0,0,none
2018-07-09,WH_SOUTH,South FC,CAR_C,Carrier C,esporte_lazer,none,2,0,0.0,0,none
2018-07-09,WH_SOUTH,South FC,CAR_C,Carrier C,informatica_acessorios,missing,1,1,100.0,0,none
2018-07-09,WH_SOUTH,South FC,CAR_C,Carrier C,informatica_acessorios,none,2,0,0.0,0,none
2018-07-09,WH_SOUTH,South FC,CAR_C,Carrier C,moveis_decoracao,none,2,0,0.0,0,none
2018-07-09,WH_SOUTH,South FC,CAR_C,Carrier C,moveis_sala,none,1,0,0.0,0,none
2018-07-09,WH_SOUTH,South FC,CAR_C,Carrier C,moveis_sala,refund,1,1,100.0,0,none
2018-07-09,WH_SOUTH,South FC,CAR_C,Carrier C,papelaria,none,1,0,0.0,0,none
2018-07-09,WH_SOUTH,South FC,CAR_C,Carrier C,perfumaria,none,1,0,0.0,0,none
2018-07-09,WH_SOUTH,South FC,CAR_C,Carrier C,perfumaria,wrong,1,1,100.0,0,none
2018-07-09,WH_SOUTH,South FC,CAR_C,Carrier C,relogios_presentes,none,2,0,0.0,0,none
2018-07-09,WH_SOUTH,South FC,CAR_C,Carrier C,relogios_presentes,wrong,1,1,100.0,0,none
2018-07-09,WH_SOUTH,South FC,CAR_C,Carrier C,sinalizacao_e_seguranca,none,1,0,0.0,0,none
2018-07-09,WH_SOUTH,South FC,CAR_C,Carrier C,telefonia,failed,1,1,100.0,0,none
2018-07-09,WH_SOUTH,South FC,CAR_C,Carrier C,telefonia,none,3,0,0.0,0,none
2018-07-09,WH_SOUTH,South FC,CAR_C,Carrier C,utilidades_domesticas,failed,1,1,100.0,0,none
2018-07-09,WH_SOUTH,South FC,CAR_C,Carrier C,utilidades_domesticas,none,2,0,0.0,0,none
2018-07-09,WH_SOUTH,South FC,CAR_D,Carrier D,automotivo,none,1,0,0.0,0,none
2018-07-09,WH_SOUTH,South FC,CAR_D,Carrier D,beleza_saude,none,1,0,0.0,0,none
2018-07-09,WH_SOUTH,South FC,CAR_D,Carrier D,brinquedos,none,1,0,0.0,0,none
2018-07-09,WH_SOUTH,South FC,CAR_D,Carrier D,eletronicos,none,1,0,0.0,0,none
2018-07-09,WH_SOUTH,South FC,CAR_D,Carrier D,eletroportateis,none,1,0,0.0,0,none
2018-07-09,WH_SOUTH,South FC,CAR_D,Carrier D,ferramentas_jardim,none,1,0,0.0,0,none
2018-07-09,WH_SOUTH,South FC,CAR_D,Carrier D,informatica_acessorios,refund,1,1,100.0,0,none
2018-07-09,WH_SOUTH,South FC,CAR_D,Carrier D,moveis_decoracao,none,1,0,0.0,0,none
2018-07-09,WH_SOUTH,South FC,CAR_D,Carrier D,papelaria,none,1,0,0.0,0,none
2018-07-09,WH_SOUTH,South FC,CAR_D,Carrier D,pet_shop,none,1,0,0.0,0,none
2018-07-09,WH_SOUTH,South FC,CAR_D,Carrier D,relogios_presentes,none,2,0,0.0,0,none
2018-07-09,WH_SOUTH,South FC,CAR_D,Carrier D,telefonia,none,1,0,0.0,0,none
2018-07-09,WH_SOUTHEAST,Southeast FC,CAR_A,Carrier A,alimentos,none,1,0,0.0,0,none
2018-07-09,WH_SOUTHEAST,Southeast FC,CAR_A,Carrier A,alimentos,refund,1,1,100.0,0,none
2018-07-09,WH_SOUTHEAST,Southeast FC,CAR_A,Carrier A,artes,none,2,0,0.0,0,none
2018-07-09,WH_SOUTHEAST,Southeast FC,CAR_A,Carrier A,audio,wrong,1,1,100.0,0,none
2018-07-09,WH_SOUTHEAST,Southeast FC,CAR_A,Carrier A,automotivo,none,8,0,0.0,0,none
2018-07-09,WH_SOUTHEAST,Southeast FC,CAR_A,Carrier A,bebes,none,4,0,0.0,0,none
2018-07-09,WH_SOUTHEAST,Southeast FC,CAR_A,Carrier A,bebidas,none,1,0,0.0,0,none
2018-07-09,WH_SOUTHEAST,Southeast FC,CAR_A,Carrier A,beleza_saude,damaged,1,1,100.0,0,none
2018-07-09,WH_SOUTHEAST,Southeast FC,CAR_A,Carrier A,beleza_saude,failed,1,1,100.0,0,none
2018-07-09,WH_SOUTHEAST,Southeast FC,CAR_A,Carrier A,beleza_saude,missing,2,2,100.0,0,none
2018-07-09,WH_SOUTHEAST,Southeast FC,CAR_A,Carrier A,beleza_saude,none,23,0,0.0,0,none
2018-07-09,WH_SOUTHEAST,Southeast FC,CAR_A,Carrier A,beleza_saude,wrong,1,1,100.0,0,none
2018-07-09,WH_SOUTHEAST,Southeast FC,CAR_A,Carrier A,brinquedos,none,6,0,0.0,0,none
2018-07-09,WH_SOUTHEAST,Southeast FC,CAR_A,Carrier A,cama_mesa_banho,missing,1,1,100.0,0,none
2018-07-09,WH_SOUTHEAST,Southeast FC,CAR_A,Carrier A,cama_mesa_banho,none,14,0,0.0,0,none
2018-07-09,WH_SOUTHEAST,Southeast FC,CAR_A,Carrier A,cama_mesa_banho,wrong,1,1,100.0,0,none
2018-07-09,WH_SOUTHEAST,Southeast FC,CAR_A,Carrier A,casa_conforto,none,2,0,0.0,0,none
2018-07-09,WH_SOUTHEAST,Southeast FC,CAR_A,Carrier A,casa_conforto_2,none,1,0,0.0,0,none
2018-07-09,WH_SOUTHEAST,Southeast FC,CAR_A,Carrier A,casa_construcao,none,4,0,0.0,0,none
2018-07-09,WH_SOUTHEAST,Southeast FC,CAR_A,Carrier A,consoles_games,none,1,0,0.0,0,none
2018-07-09,WH_SOUTHEAST,Southeast FC,CAR_A,Carrier A,construcao_ferramentas_construcao,none,7,0,0.0,0,none
2018-07-09,WH_SOUTHEAST,Southeast FC,CAR_A,Carrier A,construcao_ferramentas_ferramentas,none,2,0,0.0,0,none
2018-07-09,WH_SOUTHEAST,Southeast FC,CAR_A,Carrier A,construcao_ferramentas_iluminacao,none,2,0,0.0,0,none
2018-07-09,WH_SOUTHEAST,Southeast FC,CAR_A,Carrier A,cool_stuff,none,5,0,0.0,0,none
2018-07-09,WH_SOUTHEAST,Southeast FC,CAR_A,Carrier A,dvds_blu_ray,none,1,0,0.0,0,none
2018-07-09,WH_SOUTHEAST,Southeast FC,CAR_A,Carrier A,eletrodomesticos,none,1,0,0.0,0,none
2018-07-09,WH_SOUTHEAST,Southeast FC,CAR_A,Carrier A,eletrodomesticos_2,none,2,0,0.0,0,none
2018-07-09,WH_SOUTHEAST,Southeast FC,CAR_A,Carrier A,eletronicos,none,5,0,0.0,0,none
2018-07-09,WH_SOUTHEAST,Southeast FC,CAR_A,Carrier A,eletroportateis,none,1,0,0.0,0,none
2018-07-09,WH_SOUTHEAST,Southeast FC,CAR_A,Carrier A,esporte_lazer,failed,1,1,100.0,0,none
2018-07-09,WH_SOUTHEAST,Southeast FC,CAR_A,Carrier A,esporte_lazer,none,9,0,0.0,0,none
2018-07-09,WH_SOUTHEAST,Southeast FC,CAR_A,Carrier A,fashion_bolsas_e_acessorios,none,1,0,0.0,0,none
2018-07-09,WH_SOUTHEAST,Southeast FC,CAR_A,Carrier A,fraldas_higiene,none,1,0,0.0,0,none
2018-07-09,WH_SOUTHEAST,Southeast FC,CAR_A,Carrier A,informatica_acessorios,none,12,0,0.0,0,none
2018-07-09,WH_SOUTHEAST,Southeast FC,CAR_A,Carrier A,malas_acessorios,none,4,0,0.0,0,none
2018-07-09,WH_SOUTHEAST,Southeast FC,CAR_A,Carrier A,market_place,none,1,0,0.0,0,none
2018-07-09,WH_SOUTHEAST,Southeast FC,CAR_A,Carrier A,moveis_cozinha_area_de_servico_jantar_e_jardim,none,1,0,0.0,0,none
2018-07-09,WH_SOUTHEAST,Southeast FC,CAR_A,Carrier A,moveis_decoracao,none,13,0,0.0,0,none
2018-07-09,WH_SOUTHEAST,Southeast FC,CAR_A,Carrier A,moveis_escritorio,missing,2,2,100.0,0,none
2018-07-09,WH_SOUTHEAST,Southeast FC,CAR_A,Carrier A,moveis_escritorio,none,3,0,0.0,0,none
2018-07-09,WH_SOUTHEAST,Southeast FC,CAR_A,Carrier A,moveis_sala,missing,1,1,100.0,0,none
2018-07-09,WH_SOUTHEAST,Southeast FC,CAR_A,Carrier A,moveis_sala,wrong,1,1,100.0,0,none
2018-07-09,WH_SOUTHEAST,Southeast FC,CAR_A,Carrier A,papelaria,none,8,0,0.0,0,none
2018-07-09,WH_SOUTHEAST,Southeast FC,CAR_A,Carrier A,pcs,none,2,0,0.0,0,none
2018-07-09,WH_SOUTHEAST,Southeast FC,CAR_A,Carrier A,perfumaria,none,4,0,0.0,0,none
2018-07-09,WH_SOUTHEAST,Southeast FC,CAR_A,Carrier A,pet_shop,none,4,0,0.0,0,none
2018-07-09,WH_SOUTHEAST,Southeast FC,CAR_A,Carrier A,relogios_presentes,missing,1,1,100.0,0,none
2018-07-09,WH_SOUTHEAST,Southeast FC,CAR_A,Carrier A,relogios_presentes,none,31,0,0.0,0,none
2018-07-09,WH_SOUTHEAST,Southeast FC,CAR_A,Carrier A,relogios_presentes,wrong,1,1,100.0,0,none
2018-07-09,WH_SOUTHEAST,Southeast FC,CAR_A,Carrier A,telefonia,none,3,0,0.0,0,none
2018-07-09,WH_SOUTHEAST,Southeast FC,CAR_A,Carrier A,unknown,none,1,0,0.0,0,none
2018-07-09,WH_SOUTHEAST,Southeast FC,CAR_A,Carrier A,utilidades_domesticas,none,17,0,0.0,0,none
2018-07-09,WH_SOUTHEAST,Southeast FC,CAR_B,Carrier B,alimentos,none,3,0,0.0,0,none
2018-07-09,WH_SOUTHEAST,Southeast FC,CAR_B,Carrier B,alimentos_bebidas,none,2,0,0.0,0,none
2018-07-09,WH_SOUTHEAST,Southeast FC,CAR_B,Carrier B,artes,none,1,0,0.0,0,none
2018-07-09,WH_SOUTHEAST,Southeast FC,CAR_B,Carrier B,audio,none,1,0,0.0,0,none
2018-07-09,WH_SOUTHEAST,Southeast FC,CAR_B,Carrier B,automotivo,damaged,1,1,100.0,0,none
2018-07-09,WH_SOUTHEAST,Southeast FC,CAR_B,Carrier B,automotivo,missing,1,1,100.0,0,none
2018-07-09,WH_SOUTHEAST,Southeast FC,CAR_B,Carrier B,automotivo,none,13,0,0.0,0,none
2018-07-09,WH_SOUTHEAST,Southeast FC,CAR_B,Carrier B,automotivo,refund,1,1,100.0,0,none
2018-07-09,WH_SOUTHEAST,Southeast FC,CAR_B,Carrier B,bebes,none,8,0,0.0,0,none
2018-07-09,WH_SOUTHEAST,Southeast FC,CAR_B,Carrier B,bebes,wrong,1,1,100.0,0,none
2018-07-09,WH_SOUTHEAST,Southeast FC,CAR_B,Carrier B,beleza_saude,damaged,3,3,100.0,0,none
2018-07-09,WH_SOUTHEAST,Southeast FC,CAR_B,Carrier B,beleza_saude,none,34,0,0.0,0,none
2018-07-09,WH_SOUTHEAST,Southeast FC,CAR_B,Carrier B,brinquedos,none,6,0,0.0,0,none
2018-07-09,WH_SOUTHEAST,Southeast FC,CAR_B,Carrier B,cama_mesa_banho,none,18,0,0.0,0,none
2018-07-09,WH_SOUTHEAST,Southeast FC,CAR_B,Carrier B,casa_construcao,none,1,0,0.0,0,none
2018-07-09,WH_SOUTHEAST,Southeast FC,CAR_B,Carrier B,cine_foto,failed,1,1,100.0,0,none
2018-07-09,WH_SOUTHEAST,Southeast FC,CAR_B,Carrier B,consoles_games,none,2,0,0.0,0,none
2018-07-09,WH_SOUTHEAST,Southeast FC,CAR_B,Carrier B,construcao_ferramentas_construcao,none,4,0,0.0,0,none
2018-07-09,WH_SOUTHEAST,Southeast FC,CAR_B,Carrier B,construcao_ferramentas_jardim,none,1,0,0.0,0,none
2018-07-09,WH_SOUTHEAST,Southeast FC,CAR_B,Carrier B,cool_stuff,none,7,0,0.0,0,none
2018-07-09,WH_SOUTHEAST,Southeast FC,CAR_B,Carrier B,eletrodomesticos,failed,1,1,100.0,0,none
2018-07-09,WH_SOUTHEAST,Southeast FC,CAR_B,Carrier B,eletrodomesticos,none,2,0,0.0,0,none
2018-07-09,WH_SOUTHEAST,Southeast FC,CAR_B,Carrier B,eletrodomesticos_2,none,2,0,0.0,0,none
2018-07-09,WH_SOUTHEAST,Southeast FC,CAR_B,Carrier B,eletronicos,none,5,0,0.0,0,none
2018-07-09,WH_SOUTHEAST,Southeast FC,CAR_B,Carrier B,esporte_lazer,none,15,0,0.0,0,none
2018-07-09,WH_SOUTHEAST,Southeast FC,CAR_B,Carrier B,fashion_bolsas_e_acessorios,none,1,0,0.0,0,none
2018-07-09,WH_SOUTHEAST,Southeast FC,CAR_B,Carrier B,ferramentas_jardim,none,5,0,0.0,0,none
2018-07-09,WH_SOUTHEAST,Southeast FC,CAR_B,Carrier B,ferramentas_jardim,refund,1,1,100.0,0,none
2018-07-09,WH_SOUTHEAST,Southeast FC,CAR_B,Carrier B,informatica_acessorios,none,17,0,0.0,0,none
2018-07-09,WH_SOUTHEAST,Southeast FC,CAR_B,Carrier B,instrumentos_musicais,none,4,0,0.0,0,none
2018-07-09,WH_SOUTHEAST,Southeast FC,CAR_B,Carrier B,livros_importados,wrong,1,1,100.0,0,none
2018-07-09,WH_SOUTHEAST,Southeast FC,CAR_B,Carrier B,livros_interesse_geral,none,2,0,0.0,0,none
2018-07-09,WH_SOUTHEAST,Southeast FC,CAR_B,Carrier B,livros_tecnicos,none,1,0,0.0,0,none
2018-07-09,WH_SOUTHEAST,Southeast FC,CAR_B,Carrier B,moveis_cozinha_area_de_servico_jantar_e_jardim,none,1,0,0.0,0,none
2018-07-09,WH_SOUTHEAST,Southeast FC,CAR_B,Carrier B,moveis_decoracao,none,6,0,0.0,0,none
2018-07-09,WH_SOUTHEAST,Southeast FC,CAR_B,Carrier B,moveis_escritorio,none,2,0,0.0,0,none
2018-07-09,WH_SOUTHEAST,Southeast FC,CAR_B,Carrier B,moveis_sala,none,1,0,0.0,0,none
2018-07-09,WH_SOUTHEAST,Southeast FC,CAR_B,Carrier B,papelaria,damaged,1,1,100.0,0,none
2018-07-09,WH_SOUTHEAST,Southeast FC,CAR_B,Carrier B,papelaria,none,4,0,0.0,0,none
2018-07-09,WH_SOUTHEAST,Southeast FC,CAR_B,Carrier B,perfumaria,none,5,0,0.0,0,none
2018-07-09,WH_SOUTHEAST,Southeast FC,CAR_B,Carrier B,pet_shop,none,7,0,0.0,0,none
2018-07-09,WH_SOUTHEAST,Southeast FC,CAR_B,Carrier B,relogios_presentes,missing,2,2,100.0,0,none
2018-07-09,WH_SOUTHEAST,Southeast FC,CAR_B,Carrier B,relogios_presentes,none,28,0,0.0,0,none
2018-07-09,WH_SOUTHEAST,Southeast FC,CAR_B,Carrier B,relogios_presentes,wrong,1,1,100.0,0,none
2018-07-09,WH_SOUTHEAST,Southeast FC,CAR_B,Carrier B,sinalizacao_e_seguranca,none,2,0,0.0,0,none
2018-07-09,WH_SOUTHEAST,Southeast FC,CAR_B,Carrier B,telefonia,none,6,0,0.0,0,none
2018-07-09,WH_SOUTHEAST,Southeast FC,CAR_B,Carrier B,unknown,none,1,0,0.0,0,none
2018-07-09,WH_SOUTHEAST,Southeast FC,CAR_B,Carrier B,utilidades_domesticas,none,11,0,0.0,0,none
2018-07-09,WH_SOUTHEAST,Southeast FC,CAR_C,Carrier C,alimentos,none,2,0,0.0,0,none
2018-07-09,WH_SOUTHEAST,Southeast FC,CAR_C,Carrier C,artes,none,2,0,0.0,0,none
2018-07-09,WH_SOUTHEAST,Southeast FC,CAR_C,Carrier C,artigos_de_festas,none,1,0,0.0,0,none
2018-07-09,WH_SOUTHEAST,Southeast FC,CAR_C,Carrier C,automotivo,none,7,0,0.0,0,none
2018-07-09,WH_SOUTHEAST,Southeast FC,CAR_C,Carrier C,bebes,none,9,0,0.0,0,none
2018-07-09,WH_SOUTHEAST,Southeast FC,CAR_C,Carrier C,bebes,refund,1,1,100.0,0,none
2018-07-09,WH_SOUTHEAST,Southeast FC,CAR_C,Carrier C,beleza_saude,failed,2,2,100.0,0,none
2018-07-09,WH_SOUTHEAST,Southeast FC,CAR_C,Carrier C,beleza_saude,missing,1,1,100.0,0,none
2018-07-09,WH_SOUTHEAST,Southeast FC,CAR_C,Carrier C,beleza_saude,none,18,0,0.0,0,none
2018-07-09,WH_SOUTHEAST,Southeast FC,CAR_C,Carrier C,beleza_saude,refund,1,1,100.0,0,none
2018-07-09,WH_SOUTHEAST,Southeast FC,CAR_C,Carrier C,brinquedos,missing,1,1,100.0,0,none
2018-07-09,WH_SOUTHEAST,Southeast FC,CAR_C,Carrier C,brinquedos,none,5,0,0.0,0,none
2018-07-09,WH_SOUTHEAST,Southeast FC,CAR_C,Carrier C,cama_mesa_banho,none,8,0,0.0,0,none
2018-07-09,WH_SOUTHEAST,Southeast FC,CAR_C,Carrier C,casa_construcao,none,2,0,0.0,0,none
2018-07-09,WH_SOUTHEAST,Southeast FC,CAR_C,Carrier C,consoles_games,none,1,0,0.0,0,none
2018-07-09,WH_SOUTHEAST,Southeast FC,CAR_C,Carrier C,construcao_ferramentas_construcao,none,2,0,0.0,0,none
2018-07-09,WH_SOUTHEAST,Southeast FC,CAR_C,Carrier C,construcao_ferramentas_iluminacao,none,1,0,0.0,0,none
2018-07-09,WH_SOUTHEAST,Southeast FC,CAR_C,Carrier C,construcao_ferramentas_iluminacao,refund,1,1,100.0,0,none
2018-07-09,WH_SOUTHEAST,Southeast FC,CAR_C,Carrier C,cool_stuff,none,4,0,0.0,0,none
2018-07-09,WH_SOUTHEAST,Southeast FC,CAR_C,Carrier C,eletrodomesticos,none,2,0,0.0,0,none
2018-07-09,WH_SOUTHEAST,Southeast FC,CAR_C,Carrier C,eletrodomesticos_2,none,1,0,0.0,0,none
2018-07-09,WH_SOUTHEAST,Southeast FC,CAR_C,Carrier C,eletronicos,none,5,0,0.0,0,none
2018-07-09,WH_SOUTHEAST,Southeast FC,CAR_C,Carrier C,eletronicos,wrong,1,1,100.0,0,none
2018-07-09,WH_SOUTHEAST,Southeast FC,CAR_C,Carrier C,esporte_lazer,failed,1,1,100.0,0,none
2018-07-09,WH_SOUTHEAST,Southeast FC,CAR_C,Carrier C,esporte_lazer,none,13,0,0.0,0,none
2018-07-09,WH_SOUTHEAST,Southeast FC,CAR_C,Carrier C,fashion_bolsas_e_acessorios,none,1,0,0.0,0,none
2018-07-09,WH_SOUTHEAST,Southeast FC,CAR_C,Carrier C,ferramentas_jardim,none,3,0,0.0,0,none
2018-07-09,WH_SOUTHEAST,Southeast FC,CAR_C,Carrier C,ferramentas_jardim,refund,1,1,100.0,0,none
2018-07-09,WH_SOUTHEAST,Southeast FC,CAR_C,Carrier C,industria_comercio_e_negocios,none,1,0,0.0,0,none
2018-07-09,WH_SOUTHEAST,Southeast FC,CAR_C,Carrier C,informatica_acessorios,damaged,1,1,100.0,0,none
2018-07-09,WH_SOUTHEAST,Southeast FC,CAR_C,Carrier C,informatica_acessorios,none,9,0,0.0,0,none
2018-07-09,WH_SOUTHEAST,Southeast FC,CAR_C,Carrier C,instrumentos_musicais,none,3,0,0.0,0,none
2018-07-09,WH_SOUTHEAST,Southeast FC,CAR_C,Carrier C,livros_tecnicos,none,1,0,0.0,0,none
2018-07-09,WH_SOUTHEAST,Southeast FC,CAR_C,Carrier C,malas_acessorios,none,1,0,0.0,0,none
2018-07-09,WH_SOUTHEAST,Southeast FC,CAR_C,Carrier C,moveis_decoracao,none,6,0,0.0,0,none
2018-07-09,WH_SOUTHEAST,Southeast FC,CAR_C,Carrier C,moveis_escritorio,none,1,0,0.0,0,none
2018-07-09,WH_SOUTHEAST,Southeast FC,CAR_C,Carrier C,moveis_sala,none,3,0,0.0,0,none
2018-07-09,WH_SOUTHEAST,Southeast FC,CAR_C,Carrier C,moveis_sala,refund,1,1,100.0,0,none
2018-07-09,WH_SOUTHEAST,Southeast FC,CAR_C,Carrier C,papelaria,damaged,1,1,100.0,0,none
2018-07-09,WH_SOUTHEAST,Southeast FC,CAR_C,Carrier C,papelaria,none,4,0,0.0,0,none
2018-07-09,WH_SOUTHEAST,Southeast FC,CAR_C,Carrier C,perfumaria,none,4,0,0.0,0,none
2018-07-09,WH_SOUTHEAST,Southeast FC,CAR_C,Carrier C,perfumaria,refund,1,1,100.0,0,none
2018-07-09,WH_SOUTHEAST,Southeast FC,CAR_C,Carrier C,pet_shop,none,2,0,0.0,0,none
2018-07-09,WH_SOUTHEAST,Southeast FC,CAR_C,Carrier C,relogios_presentes,missing,1,1,100.0,0,none
2018-07-09,WH_SOUTHEAST,Southeast FC,CAR_C,Carrier C,relogios_presentes,none,15,0,0.0,0,none
2018-07-09,WH_SOUTHEAST,Southeast FC,CAR_C,Carrier C,sinalizacao_e_seguranca,none,1,0,0.0,0,none
2018-07-09,WH_SOUTHEAST,Southeast FC,CAR_C,Carrier C,telefonia,none,2,0,0.0,0,none
2018-07-09,WH_SOUTHEAST,Southeast FC,CAR_C,Carrier C,unknown,none,2,0,0.0,0,none
2018-07-09,WH_SOUTHEAST,Southeast FC,CAR_C,Carrier C,unknown,refund,1,1,100.0,0,none
2018-07-09,WH_SOUTHEAST,Southeast FC,CAR_C,Carrier C,utilidades_domesticas,none,9,0,0.0,0,none
2018-07-09,WH_SOUTHEAST,Southeast FC,CAR_C,Carrier C,utilidades_domesticas,wrong,1,1,100.0,0,none
2018-07-09,WH_SOUTHEAST,Southeast FC,CAR_D,Carrier D,alimentos,none,1,0,0.0,0,none
2018-07-09,WH_SOUTHEAST,Southeast FC,CAR_D,Carrier D,artes,none,1,0,0.0,0,none
2018-07-09,WH_SOUTHEAST,Southeast FC,CAR_D,Carrier D,automotivo,none,2,0,0.0,0,none
2018-07-09,WH_SOUTHEAST,Southeast FC,CAR_D,Carrier D,bebes,none,1,0,0.0,0,none
2018-07-09,WH_SOUTHEAST,Southeast FC,CAR_D,Carrier D,beleza_saude,none,7,0,0.0,0,none
2018-07-09,WH_SOUTHEAST,Southeast FC,CAR_D,Carrier D,beleza_saude,refund,1,1,100.0,0,none
2018-07-09,WH_SOUTHEAST,Southeast FC,CAR_D,Carrier D,brinquedos,none,1,0,0.0,0,none
2018-07-09,WH_SOUTHEAST,Southeast FC,CAR_D,Carrier D,cama_mesa_banho,damaged,1,1,100.0,0,none
2018-07-09,WH_SOUTHEAST,Southeast FC,CAR_D,Carrier D,cama_mesa_banho,none,6,0,0.0,0,none
2018-07-09,WH_SOUTHEAST,Southeast FC,CAR_D,Carrier D,casa_construcao,none,2,0,0.0,0,none
2018-07-09,WH_SOUTHEAST,Southeast FC,CAR_D,Carrier D,cine_foto,none,1,0,0.0,0,none
2018-07-09,WH_SOUTHEAST,Southeast FC,CAR_D,Carrier D,construcao_ferramentas_jardim,none,2,0,0.0,0,none
2018-07-09,WH_SOUTHEAST,Southeast FC,CAR_D,Carrier D,cool_stuff,none,4,0,0.0,0,none
2018-07-09,WH_SOUTHEAST,Southeast FC,CAR_D,Carrier D,eletrodomesticos,none,1,0,0.0,0,none
2018-07-09,WH_SOUTHEAST,Southeast FC,CAR_D,Carrier D,eletronicos,none,3,0,0.0,0,none
2018-07-09,WH_SOUTHEAST,Southeast FC,CAR_D,Carrier D,eletroportateis,none,1,0,0.0,0,none
2018-07-09,WH_SOUTHEAST,Southeast FC,CAR_D,Carrier D,esporte_lazer,none,2,0,0.0,0,none
2018-07-09,WH_SOUTHEAST,Southeast FC,CAR_D,Carrier D,esporte_lazer,wrong,1,1,100.0,0,none
2018-07-09,WH_SOUTHEAST,Southeast FC,CAR_D,Carrier D,fashion_bolsas_e_acessorios,none,3,0,0.0,0,none
2018-07-09,WH_SOUTHEAST,Southeast FC,CAR_D,Carrier D,ferramentas_jardim,none,4,0,0.0,0,none
2018-07-09,WH_SOUTHEAST,Southeast FC,CAR_D,Carrier D,ferramentas_jardim,refund,1,1,100.0,0,none
2018-07-09,WH_SOUTHEAST,Southeast FC,CAR_D,Carrier D,informatica_acessorios,none,6,0,0.0,0,none
2018-07-09,WH_SOUTHEAST,Southeast FC,CAR_D,Carrier D,malas_acessorios,none,1,0,0.0,0,none
2018-07-09,WH_SOUTHEAST,Southeast FC,CAR_D,Carrier D,moveis_decoracao,none,3,0,0.0,0,none
2018-07-09,WH_SOUTHEAST,Southeast FC,CAR_D,Carrier D,moveis_escritorio,none,3,0,0.0,0,none
2018-07-09,WH_SOUTHEAST,Southeast FC,CAR_D,Carrier D,moveis_sala,none,1,0,0.0,0,none
2018-07-09,WH_SOUTHEAST,Southeast FC,CAR_D,Carrier D,papelaria,failed,1,1,100.0,0,none
2018-07-09,WH_SOUTHEAST,Southeast FC,CAR_D,Carrier D,perfumaria,none,2,0,0.0,0,none
2018-07-09,WH_SOUTHEAST,Southeast FC,CAR_D,Carrier D,pet_shop,none,2,0,0.0,0,none
2018-07-09,WH_SOUTHEAST,Southeast FC,CAR_D,Carrier D,relogios_presentes,none,8,0,0.0,0,none
2018-07-09,WH_SOUTHEAST,Southeast FC,CAR_D,Carrier D,relogios_presentes,wrong,1,1,100.0,0,none
2018-07-09,WH_SOUTHEAST,Southeast FC,CAR_D,Carrier D,telefonia,none,4,0,0.0,0,none
2018-07-09,WH_SOUTHEAST,Southeast FC,CAR_D,Carrier D,telefonia_fixa,none,1,0,0.0,0,none
2018-07-09,WH_SOUTHEAST,Southeast FC,CAR_D,Carrier D,utilidades_domesticas,damaged,1,1,100.0,0,none
2018-07-09,WH_SOUTHEAST,Southeast FC,CAR_D,Carrier D,utilidades_domesticas,none,4,0,0.0,0,none
2018-07-16,WH_CENTRAL_WEST,Central-West FC,CAR_A,Carrier A,artes_e_artesanato,none,1,0,0.0,1,ANOM_DRIFT_001
2018-07-16,WH_CENTRAL_WEST,Central-West FC,CAR_A,Carrier A,automotivo,missing,1,1,100.0,1,ANOM_DRIFT_001
2018-07-16,WH_CENTRAL_WEST,Central-West FC,CAR_A,Carrier A,beleza_saude,none,5,0,0.0,5,ANOM_DRIFT_001
2018-07-16,WH_CENTRAL_WEST,Central-West FC,CAR_A,Carrier A,cama_mesa_banho,none,3,0,0.0,3,ANOM_DRIFT_001
2018-07-16,WH_CENTRAL_WEST,Central-West FC,CAR_A,Carrier A,cool_stuff,none,1,0,0.0,1,ANOM_DRIFT_001
2018-07-16,WH_CENTRAL_WEST,Central-West FC,CAR_A,Carrier A,esporte_lazer,none,2,0,0.0,2,ANOM_DRIFT_001
2018-07-16,WH_CENTRAL_WEST,Central-West FC,CAR_A,Carrier A,fashion_bolsas_e_acessorios,none,1,0,0.0,1,ANOM_DRIFT_001
2018-07-16,WH_CENTRAL_WEST,Central-West FC,CAR_A,Carrier A,ferramentas_jardim,none,2,0,0.0,2,ANOM_DRIFT_001
2018-07-16,WH_CENTRAL_WEST,Central-West FC,CAR_A,Carrier A,informatica_acessorios,none,1,0,0.0,1,ANOM_DRIFT_001
2018-07-16,WH_CENTRAL_WEST,Central-West FC,CAR_A,Carrier A,malas_acessorios,none,1,0,0.0,1,ANOM_DRIFT_001
2018-07-16,WH_CENTRAL_WEST,Central-West FC,CAR_A,Carrier A,relogios_presentes,none,1,0,0.0,1,ANOM_DRIFT_001
2018-07-16,WH_CENTRAL_WEST,Central-West FC,CAR_A,Carrier A,telefonia,none,2,0,0.0,2,ANOM_DRIFT_001
2018-07-16,WH_CENTRAL_WEST,Central-West FC,CAR_A,Carrier A,utilidades_domesticas,failed,1,1,100.0,1,ANOM_DRIFT_001
2018-07-16,WH_CENTRAL_WEST,Central-West FC,CAR_A,Carrier A,utilidades_domesticas,none,4,0,0.0,4,ANOM_DRIFT_001
2018-07-16,WH_CENTRAL_WEST,Central-West FC,CAR_B,Carrier B,audio,none,1,0,0.0,1,ANOM_DRIFT_001
2018-07-16,WH_CENTRAL_WEST,Central-West FC,CAR_B,Carrier B,automotivo,none,1,0,0.0,1,ANOM_DRIFT_001
2018-07-16,WH_CENTRAL_WEST,Central-West FC,CAR_B,Carrier B,bebes,none,1,0,0.0,1,ANOM_DRIFT_001
2018-07-16,WH_CENTRAL_WEST,Central-West FC,CAR_B,Carrier B,beleza_saude,failed,1,1,100.0,1,ANOM_DRIFT_001
2018-07-16,WH_CENTRAL_WEST,Central-West FC,CAR_B,Carrier B,beleza_saude,none,2,0,0.0,2,ANOM_DRIFT_001
2018-07-16,WH_CENTRAL_WEST,Central-West FC,CAR_B,Carrier B,brinquedos,none,1,0,0.0,1,ANOM_DRIFT_001
2018-07-16,WH_CENTRAL_WEST,Central-West FC,CAR_B,Carrier B,cama_mesa_banho,none,1,0,0.0,1,ANOM_DRIFT_001
2018-07-16,WH_CENTRAL_WEST,Central-West FC,CAR_B,Carrier B,casa_construcao,none,1,0,0.0,1,ANOM_DRIFT_001
2018-07-16,WH_CENTRAL_WEST,Central-West FC,CAR_B,Carrier B,construcao_ferramentas_ferramentas,none,1,0,0.0,1,ANOM_DRIFT_001
2018-07-16,WH_CENTRAL_WEST,Central-West FC,CAR_B,Carrier B,construcao_ferramentas_iluminacao,none,1,0,0.0,1,ANOM_DRIFT_001
2018-07-16,WH_CENTRAL_WEST,Central-West FC,CAR_B,Carrier B,cool_stuff,none,1,0,0.0,1,ANOM_DRIFT_001
2018-07-16,WH_CENTRAL_WEST,Central-West FC,CAR_B,Carrier B,eletrodomesticos,none,1,0,0.0,1,ANOM_DRIFT_001
2018-07-16,WH_CENTRAL_WEST,Central-West FC,CAR_B,Carrier B,esporte_lazer,none,2,0,0.0,2,ANOM_DRIFT_001
2018-07-16,WH_CENTRAL_WEST,Central-West FC,CAR_B,Carrier B,fashion_bolsas_e_acessorios,none,1,0,0.0,1,ANOM_DRIFT_001
2018-07-16,WH_CENTRAL_WEST,Central-West FC,CAR_B,Carrier B,ferramentas_jardim,none,1,0,0.0,1,ANOM_DRIFT_001
2018-07-16,WH_CENTRAL_WEST,Central-West FC,CAR_B,Carrier B,informatica_acessorios,none,3,0,0.0,3,ANOM_DRIFT_001
2018-07-16,WH_CENTRAL_WEST,Central-West FC,CAR_B,Carrier B,moveis_decoracao,none,1,0,0.0,1,ANOM_DRIFT_001
2018-07-16,WH_CENTRAL_WEST,Central-West FC,CAR_B,Carrier B,moveis_quarto,none,1,0,0.0,1,ANOM_DRIFT_001
2018-07-16,WH_CENTRAL_WEST,Central-West FC,CAR_B,Carrier B,perfumaria,failed,1,1,100.0,1,ANOM_DRIFT_001
2018-07-16,WH_CENTRAL_WEST,Central-West FC,CAR_B,Carrier B,perfumaria,none,2,0,0.0,2,ANOM_DRIFT_001
2018-07-16,WH_CENTRAL_WEST,Central-West FC,CAR_B,Carrier B,pet_shop,none,1,0,0.0,1,ANOM_DRIFT_001
2018-07-16,WH_CENTRAL_WEST,Central-West FC,CAR_B,Carrier B,relogios_presentes,none,2,0,0.0,2,ANOM_DRIFT_001
2018-07-16,WH_CENTRAL_WEST,Central-West FC,CAR_B,Carrier B,telefonia,none,1,0,0.0,1,ANOM_DRIFT_001
2018-07-16,WH_CENTRAL_WEST,Central-West FC,CAR_B,Carrier B,utilidades_domesticas,none,2,0,0.0,2,ANOM_DRIFT_001
2018-07-16,WH_CENTRAL_WEST,Central-West FC,CAR_C,Carrier C,automotivo,none,2,0,0.0,2,ANOM_DRIFT_001
2018-07-16,WH_CENTRAL_WEST,Central-West FC,CAR_C,Carrier C,bebes,failed,1,1,100.0,1,ANOM_DRIFT_001
2018-07-16,WH_CENTRAL_WEST,Central-West FC,CAR_C,Carrier C,bebes,none,1,0,0.0,1,ANOM_DRIFT_001
2018-07-16,WH_CENTRAL_WEST,Central-West FC,CAR_C,Carrier C,beleza_saude,none,1,0,0.0,1,ANOM_DRIFT_001
2018-07-16,WH_CENTRAL_WEST,Central-West FC,CAR_C,Carrier C,beleza_saude,refund,1,1,100.0,1,ANOM_DRIFT_001
2018-07-16,WH_CENTRAL_WEST,Central-West FC,CAR_C,Carrier C,cama_mesa_banho,none,1,0,0.0,1,ANOM_DRIFT_001
2018-07-16,WH_CENTRAL_WEST,Central-West FC,CAR_C,Carrier C,eletroportateis,failed,1,1,100.0,1,ANOM_DRIFT_001
2018-07-16,WH_CENTRAL_WEST,Central-West FC,CAR_C,Carrier C,informatica_acessorios,none,1,0,0.0,1,ANOM_DRIFT_001
2018-07-16,WH_CENTRAL_WEST,Central-West FC,CAR_C,Carrier C,perfumaria,failed,1,1,100.0,1,ANOM_DRIFT_001
2018-07-16,WH_CENTRAL_WEST,Central-West FC,CAR_C,Carrier C,perfumaria,missing,1,1,100.0,1,ANOM_DRIFT_001
2018-07-16,WH_CENTRAL_WEST,Central-West FC,CAR_C,Carrier C,relogios_presentes,missing,1,1,100.0,1,ANOM_DRIFT_001
2018-07-16,WH_CENTRAL_WEST,Central-West FC,CAR_C,Carrier C,relogios_presentes,none,3,0,0.0,3,ANOM_DRIFT_001
2018-07-16,WH_CENTRAL_WEST,Central-West FC,CAR_C,Carrier C,telefonia,none,2,0,0.0,2,ANOM_DRIFT_001
2018-07-16,WH_CENTRAL_WEST,Central-West FC,CAR_D,Carrier D,alimentos,refund,1,1,100.0,1,ANOM_DRIFT_001
2018-07-16,WH_CENTRAL_WEST,Central-West FC,CAR_D,Carrier D,automotivo,none,1,0,0.0,1,ANOM_DRIFT_001
2018-07-16,WH_CENTRAL_WEST,Central-West FC,CAR_D,Carrier D,automotivo,refund,1,1,100.0,1,ANOM_DRIFT_001
2018-07-16,WH_CENTRAL_WEST,Central-West FC,CAR_D,Carrier D,bebes,failed,1,1,100.0,1,ANOM_DRIFT_001
2018-07-16,WH_CENTRAL_WEST,Central-West FC,CAR_D,Carrier D,beleza_saude,failed,1,1,100.0,1,ANOM_DRIFT_001
2018-07-16,WH_CENTRAL_WEST,Central-West FC,CAR_D,Carrier D,beleza_saude,none,3,0,0.0,3,ANOM_DRIFT_001
2018-07-16,WH_CENTRAL_WEST,Central-West FC,CAR_D,Carrier D,brinquedos,none,1,0,0.0,1,ANOM_DRIFT_001
2018-07-16,WH_CENTRAL_WEST,Central-West FC,CAR_D,Carrier D,cama_mesa_banho,failed,1,1,100.0,1,ANOM_DRIFT_001
2018-07-16,WH_CENTRAL_WEST,Central-West FC,CAR_D,Carrier D,casa_construcao,none,1,0,0.0,1,ANOM_DRIFT_001
2018-07-16,WH_CENTRAL_WEST,Central-West FC,CAR_D,Carrier D,construcao_ferramentas_construcao,failed,1,1,100.0,1,ANOM_DRIFT_001
2018-07-16,WH_CENTRAL_WEST,Central-West FC,CAR_D,Carrier D,construcao_ferramentas_jardim,failed,1,1,100.0,1,ANOM_DRIFT_001
2018-07-16,WH_CENTRAL_WEST,Central-West FC,CAR_D,Carrier D,informatica_acessorios,refund,1,1,100.0,1,ANOM_DRIFT_001
2018-07-16,WH_CENTRAL_WEST,Central-West FC,CAR_D,Carrier D,instrumentos_musicais,refund,1,1,100.0,1,ANOM_DRIFT_001
2018-07-16,WH_CENTRAL_WEST,Central-West FC,CAR_D,Carrier D,livros_interesse_geral,failed,1,1,100.0,1,ANOM_DRIFT_001
2018-07-16,WH_CENTRAL_WEST,Central-West FC,CAR_D,Carrier D,livros_interesse_geral,refund,1,1,100.0,1,ANOM_DRIFT_001
2018-07-16,WH_CENTRAL_WEST,Central-West FC,CAR_D,Carrier D,moveis_decoracao,failed,1,1,100.0,1,ANOM_DRIFT_001
2018-07-16,WH_CENTRAL_WEST,Central-West FC,CAR_D,Carrier D,moveis_decoracao,none,1,0,0.0,1,ANOM_DRIFT_001
2018-07-16,WH_CENTRAL_WEST,Central-West FC,CAR_D,Carrier D,moveis_escritorio,none,1,0,0.0,1,ANOM_DRIFT_001
2018-07-16,WH_CENTRAL_WEST,Central-West FC,CAR_D,Carrier D,relogios_presentes,none,1,0,0.0,1,ANOM_DRIFT_001
2018-07-16,WH_CENTRAL_WEST,Central-West FC,CAR_D,Carrier D,telefonia,none,1,0,0.0,1,ANOM_DRIFT_001
2018-07-16,WH_CENTRAL_WEST,Central-West FC,CAR_D,Carrier D,utilidades_domesticas,failed,1,1,100.0,1,ANOM_DRIFT_001
2018-07-16,WH_CENTRAL_WEST,Central-West FC,CAR_D,Carrier D,utilidades_domesticas,missing,1,1,100.0,1,ANOM_DRIFT_001
2018-07-16,WH_CENTRAL_WEST,Central-West FC,CAR_D,Carrier D,utilidades_domesticas,none,2,0,0.0,2,ANOM_DRIFT_001
2018-07-16,WH_NORTH,North FC,CAR_A,Carrier A,automotivo,none,1,0,0.0,0,none
2018-07-16,WH_NORTH,North FC,CAR_A,Carrier A,beleza_saude,none,1,0,0.0,0,none
2018-07-16,WH_NORTH,North FC,CAR_A,Carrier A,esporte_lazer,none,1,0,0.0,0,none
2018-07-16,WH_NORTH,North FC,CAR_A,Carrier A,fashion_bolsas_e_acessorios,none,1,0,0.0,0,none
2018-07-16,WH_NORTH,North FC,CAR_A,Carrier A,ferramentas_jardim,none,1,0,0.0,0,none
2018-07-16,WH_NORTH,North FC,CAR_A,Carrier A,informatica_acessorios,none,1,0,0.0,0,none
2018-07-16,WH_NORTH,North FC,CAR_A,Carrier A,telefonia,none,2,0,0.0,0,none
2018-07-16,WH_NORTH,North FC,CAR_B,Carrier B,artes,none,1,0,0.0,0,none
2018-07-16,WH_NORTH,North FC,CAR_B,Carrier B,automotivo,none,2,0,0.0,0,none
2018-07-16,WH_NORTH,North FC,CAR_B,Carrier B,bebes,none,2,0,0.0,0,none
2018-07-16,WH_NORTH,North FC,CAR_B,Carrier B,beleza_saude,none,1,0,0.0,0,none
2018-07-16,WH_NORTH,North FC,CAR_B,Carrier B,construcao_ferramentas_iluminacao,none,1,0,0.0,0,none
2018-07-16,WH_NORTH,North FC,CAR_B,Carrier B,esporte_lazer,none,1,0,0.0,0,none
2018-07-16,WH_NORTH,North FC,CAR_B,Carrier B,informatica_acessorios,none,2,0,0.0,0,none
2018-07-16,WH_NORTH,North FC,CAR_B,Carrier B,moveis_decoracao,none,1,0,0.0,0,none
2018-07-16,WH_NORTH,North FC,CAR_B,Carrier B,moveis_escritorio,none,1,0,0.0,0,none
2018-07-16,WH_NORTH,North FC,CAR_B,Carrier B,papelaria,none,2,0,0.0,0,none
2018-07-16,WH_NORTH,North FC,CAR_B,Carrier B,relogios_presentes,none,1,0,0.0,0,none
2018-07-16,WH_NORTH,North FC,CAR_C,Carrier C,bebes,none,1,0,0.0,0,none
2018-07-16,WH_NORTH,North FC,CAR_C,Carrier C,informatica_acessorios,refund,1,1,100.0,0,none
2018-07-16,WH_NORTH,North FC,CAR_C,Carrier C,moveis_decoracao,none,2,0,0.0,0,none
2018-07-16,WH_NORTH,North FC,CAR_C,Carrier C,papelaria,none,1,0,0.0,0,none
2018-07-16,WH_NORTH,North FC,CAR_C,Carrier C,perfumaria,none,1,0,0.0,0,none
2018-07-16,WH_NORTH,North FC,CAR_C,Carrier C,relogios_presentes,none,2,0,0.0,0,none
2018-07-16,WH_NORTH,North FC,CAR_C,Carrier C,telefonia,missing,1,1,100.0,0,none
2018-07-16,WH_NORTH,North FC,CAR_C,Carrier C,utilidades_domesticas,none,1,0,0.0,0,none
2018-07-16,WH_NORTH,North FC,CAR_D,Carrier D,cama_mesa_banho,none,1,0,0.0,0,none
2018-07-16,WH_SOUTH,South FC,CAR_A,Carrier A,alimentos,none,1,0,0.0,0,none
2018-07-16,WH_SOUTH,South FC,CAR_A,Carrier A,alimentos_bebidas,none,1,0,0.0,0,none
2018-07-16,WH_SOUTH,South FC,CAR_A,Carrier A,artes,none,1,0,0.0,0,none
2018-07-16,WH_SOUTH,South FC,CAR_A,Carrier A,audio,none,1,0,0.0,0,none
2018-07-16,WH_SOUTH,South FC,CAR_A,Carrier A,automotivo,none,5,0,0.0,0,none
2018-07-16,WH_SOUTH,South FC,CAR_A,Carrier A,bebes,none,1,0,0.0,0,none
2018-07-16,WH_SOUTH,South FC,CAR_A,Carrier A,beleza_saude,none,8,0,0.0,0,none
2018-07-16,WH_SOUTH,South FC,CAR_A,Carrier A,brinquedos,none,2,0,0.0,0,none
2018-07-16,WH_SOUTH,South FC,CAR_A,Carrier A,cama_mesa_banho,none,6,0,0.0,0,none
2018-07-16,WH_SOUTH,South FC,CAR_A,Carrier A,casa_construcao,none,2,0,0.0,0,none
2018-07-16,WH_SOUTH,South FC,CAR_A,Carrier A,consoles_games,none,1,0,0.0,0,none
2018-07-16,WH_SOUTH,South FC,CAR_A,Carrier A,construcao_ferramentas_construcao,none,3,0,0.0,0,none
2018-07-16,WH_SOUTH,South FC,CAR_A,Carrier A,construcao_ferramentas_iluminacao,none,1,0,0.0,0,none
2018-07-16,WH_SOUTH,South FC,CAR_A,Carrier A,cool_stuff,none,1,0,0.0,0,none
2018-07-16,WH_SOUTH,South FC,CAR_A,Carrier A,eletrodomesticos,none,1,0,0.0,0,none
2018-07-16,WH_SOUTH,South FC,CAR_A,Carrier A,eletronicos,none,2,0,0.0,0,none
2018-07-16,WH_SOUTH,South FC,CAR_A,Carrier A,esporte_lazer,damaged,1,1,100.0,0,none
2018-07-16,WH_SOUTH,South FC,CAR_A,Carrier A,esporte_lazer,none,4,0,0.0,0,none
2018-07-16,WH_SOUTH,South FC,CAR_A,Carrier A,ferramentas_jardim,none,1,0,0.0,0,none
2018-07-16,WH_SOUTH,South FC,CAR_A,Carrier A,informatica_acessorios,damaged,1,1,100.0,0,none
2018-07-16,WH_SOUTH,South FC,CAR_A,Carrier A,informatica_acessorios,none,3,0,0.0,0,none
2018-07-16,WH_SOUTH,South FC,CAR_A,Carrier A,moveis_decoracao,none,3,0,0.0,0,none
2018-07-16,WH_SOUTH,South FC,CAR_A,Carrier A,moveis_sala,none,1,0,0.0,0,none
2018-07-16,WH_SOUTH,South FC,CAR_A,Carrier A,papelaria,none,2,0,0.0,0,none
2018-07-16,WH_SOUTH,South FC,CAR_A,Carrier A,perfumaria,none,4,0,0.0,0,none
2018-07-16,WH_SOUTH,South FC,CAR_A,Carrier A,pet_shop,none,1,0,0.0,0,none
2018-07-16,WH_SOUTH,South FC,CAR_A,Carrier A,relogios_presentes,none,5,0,0.0,0,none
2018-07-16,WH_SOUTH,South FC,CAR_A,Carrier A,telefonia,none,1,0,0.0,0,none
2018-07-16,WH_SOUTH,South FC,CAR_A,Carrier A,utilidades_domesticas,damaged,1,1,100.0,0,none
2018-07-16,WH_SOUTH,South FC,CAR_A,Carrier A,utilidades_domesticas,none,3,0,0.0,0,none
2018-07-16,WH_SOUTH,South FC,CAR_B,Carrier B,agro_industria_e_comercio,none,1,0,0.0,0,none
2018-07-16,WH_SOUTH,South FC,CAR_B,Carrier B,alimentos,none,1,0,0.0,0,none
2018-07-16,WH_SOUTH,South FC,CAR_B,Carrier B,audio,none,1,0,0.0,0,none
2018-07-16,WH_SOUTH,South FC,CAR_B,Carrier B,automotivo,none,4,0,0.0,0,none
2018-07-16,WH_SOUTH,South FC,CAR_B,Carrier B,beleza_saude,none,9,0,0.0,0,none
2018-07-16,WH_SOUTH,South FC,CAR_B,Carrier B,brinquedos,none,3,0,0.0,0,none
2018-07-16,WH_SOUTH,South FC,CAR_B,Carrier B,cama_mesa_banho,none,9,0,0.0,0,none
2018-07-16,WH_SOUTH,South FC,CAR_B,Carrier B,construcao_ferramentas_iluminacao,none,3,0,0.0,0,none
2018-07-16,WH_SOUTH,South FC,CAR_B,Carrier B,construcao_ferramentas_jardim,none,1,0,0.0,0,none
2018-07-16,WH_SOUTH,South FC,CAR_B,Carrier B,construcao_ferramentas_seguranca,none,1,0,0.0,0,none
2018-07-16,WH_SOUTH,South FC,CAR_B,Carrier B,eletrodomesticos,none,1,0,0.0,0,none
2018-07-16,WH_SOUTH,South FC,CAR_B,Carrier B,eletrodomesticos_2,none,2,0,0.0,0,none
2018-07-16,WH_SOUTH,South FC,CAR_B,Carrier B,eletronicos,none,6,0,0.0,0,none
2018-07-16,WH_SOUTH,South FC,CAR_B,Carrier B,esporte_lazer,none,5,0,0.0,0,none
2018-07-16,WH_SOUTH,South FC,CAR_B,Carrier B,fashion_bolsas_e_acessorios,none,1,0,0.0,0,none
2018-07-16,WH_SOUTH,South FC,CAR_B,Carrier B,ferramentas_jardim,none,1,0,0.0,0,none
2018-07-16,WH_SOUTH,South FC,CAR_B,Carrier B,informatica_acessorios,none,2,0,0.0,0,none
2018-07-16,WH_SOUTH,South FC,CAR_B,Carrier B,instrumentos_musicais,none,1,0,0.0,0,none
2018-07-16,WH_SOUTH,South FC,CAR_B,Carrier B,malas_acessorios,none,1,0,0.0,0,none
2018-07-16,WH_SOUTH,South FC,CAR_B,Carrier B,moveis_decoracao,none,7,0,0.0,0,none
2018-07-16,WH_SOUTH,South FC,CAR_B,Carrier B,papelaria,missing,1,1,100.0,0,none
2018-07-16,WH_SOUTH,South FC,CAR_B,Carrier B,papelaria,none,2,0,0.0,0,none
2018-07-16,WH_SOUTH,South FC,CAR_B,Carrier B,perfumaria,none,1,0,0.0,0,none
2018-07-16,WH_SOUTH,South FC,CAR_B,Carrier B,pet_shop,none,1,0,0.0,0,none
2018-07-16,WH_SOUTH,South FC,CAR_B,Carrier B,relogios_presentes,none,8,0,0.0,0,none
2018-07-16,WH_SOUTH,South FC,CAR_B,Carrier B,telefonia,missing,1,1,100.0,0,none
2018-07-16,WH_SOUTH,South FC,CAR_B,Carrier B,telefonia,none,1,0,0.0,0,none
2018-07-16,WH_SOUTH,South FC,CAR_B,Carrier B,utilidades_domesticas,none,8,0,0.0,0,none
2018-07-16,WH_SOUTH,South FC,CAR_C,Carrier C,agro_industria_e_comercio,none,1,0,0.0,0,none
2018-07-16,WH_SOUTH,South FC,CAR_C,Carrier C,alimentos,none,1,0,0.0,0,none
2018-07-16,WH_SOUTH,South FC,CAR_C,Carrier C,automotivo,none,5,0,0.0,0,none
2018-07-16,WH_SOUTH,South FC,CAR_C,Carrier C,automotivo,refund,1,1,100.0,0,none
2018-07-16,WH_SOUTH,South FC,CAR_C,Carrier C,bebes,none,3,0,0.0,0,none
2018-07-16,WH_SOUTH,South FC,CAR_C,Carrier C,beleza_saude,none,2,0,0.0,0,none
2018-07-16,WH_SOUTH,South FC,CAR_C,Carrier C,brinquedos,none,1,0,0.0,0,none
2018-07-16,WH_SOUTH,South FC,CAR_C,Carrier C,cama_mesa_banho,none,3,0,0.0,0,none
2018-07-16,WH_SOUTH,South FC,CAR_C,Carrier C,casa_construcao,none,1,0,0.0,0,none
2018-07-16,WH_SOUTH,South FC,CAR_C,Carrier C,consoles_games,none,1,0,0.0,0,none
2018-07-16,WH_SOUTH,South FC,CAR_C,Carrier C,construcao_ferramentas_iluminacao,none,1,0,0.0,0,none
2018-07-16,WH_SOUTH,South FC,CAR_C,Carrier C,cool_stuff,none,1,0,0.0,0,none
2018-07-16,WH_SOUTH,South FC,CAR_C,Carrier C,eletrodomesticos_2,none,1,0,0.0,0,none
2018-07-16,WH_SOUTH,South FC,CAR_C,Carrier C,eletronicos,none,1,0,0.0,0,none
2018-07-16,WH_SOUTH,South FC,CAR_C,Carrier C,esporte_lazer,none,3,0,0.0,0,none
2018-07-16,WH_SOUTH,South FC,CAR_C,Carrier C,ferramentas_jardim,none,1,0,0.0,0,none
2018-07-16,WH_SOUTH,South FC,CAR_C,Carrier C,informatica_acessorios,none,8,0,0.0,0,none
2018-07-16,WH_SOUTH,South FC,CAR_C,Carrier C,malas_acessorios,none,1,0,0.0,0,none
2018-07-16,WH_SOUTH,South FC,CAR_C,Carrier C,moveis_decoracao,none,6,0,0.0,0,none
2018-07-16,WH_SOUTH,South FC,CAR_C,Carrier C,moveis_escritorio,none,1,0,0.0,0,none
2018-07-16,WH_SOUTH,South FC,CAR_C,Carrier C,papelaria,none,2,0,0.0,0,none
2018-07-16,WH_SOUTH,South FC,CAR_C,Carrier C,perfumaria,none,1,0,0.0,0,none
2018-07-16,WH_SOUTH,South FC,CAR_C,Carrier C,relogios_presentes,missing,1,1,100.0,0,none
2018-07-16,WH_SOUTH,South FC,CAR_C,Carrier C,relogios_presentes,none,2,0,0.0,0,none
2018-07-16,WH_SOUTH,South FC,CAR_C,Carrier C,relogios_presentes,wrong,1,1,100.0,0,none
2018-07-16,WH_SOUTH,South FC,CAR_C,Carrier C,telefonia,none,3,0,0.0,0,none
2018-07-16,WH_SOUTH,South FC,CAR_C,Carrier C,telefonia,wrong,1,1,100.0,0,none
2018-07-16,WH_SOUTH,South FC,CAR_C,Carrier C,utilidades_domesticas,none,5,0,0.0,0,none
2018-07-16,WH_SOUTH,South FC,CAR_C,Carrier C,utilidades_domesticas,refund,1,1,100.0,0,none
2018-07-16,WH_SOUTH,South FC,CAR_D,Carrier D,automotivo,none,1,0,0.0,0,none
2018-07-16,WH_SOUTH,South FC,CAR_D,Carrier D,bebidas,none,1,0,0.0,0,none
2018-07-16,WH_SOUTH,South FC,CAR_D,Carrier D,beleza_saude,none,2,0,0.0,0,none
2018-07-16,WH_SOUTH,South FC,CAR_D,Carrier D,cama_mesa_banho,none,1,0,0.0,0,none
2018-07-16,WH_SOUTH,South FC,CAR_D,Carrier D,eletronicos,none,2,0,0.0,0,none
2018-07-16,WH_SOUTH,South FC,CAR_D,Carrier D,flores,none,1,0,0.0,0,none
2018-07-16,WH_SOUTH,South FC,CAR_D,Carrier D,informatica_acessorios,none,1,0,0.0,0,none
2018-07-16,WH_SOUTH,South FC,CAR_D,Carrier D,moveis_cozinha_area_de_servico_jantar_e_jardim,none,1,0,0.0,0,none
2018-07-16,WH_SOUTH,South FC,CAR_D,Carrier D,moveis_decoracao,none,1,0,0.0,0,none
2018-07-16,WH_SOUTH,South FC,CAR_D,Carrier D,relogios_presentes,none,1,0,0.0,0,none
2018-07-16,WH_SOUTH,South FC,CAR_D,Carrier D,relogios_presentes,refund,1,1,100.0,0,none
2018-07-16,WH_SOUTH,South FC,CAR_D,Carrier D,telefonia,none,1,0,0.0,0,none
2018-07-16,WH_SOUTH,South FC,CAR_D,Carrier D,utilidades_domesticas,none,4,0,0.0,0,none
2018-07-16,WH_SOUTHEAST,Southeast FC,CAR_A,Carrier A,agro_industria_e_comercio,none,1,0,0.0,0,none
2018-07-16,WH_SOUTHEAST,Southeast FC,CAR_A,Carrier A,alimentos,none,2,0,0.0,0,none
2018-07-16,WH_SOUTHEAST,Southeast FC,CAR_A,Carrier A,alimentos_bebidas,none,3,0,0.0,0,none
2018-07-16,WH_SOUTHEAST,Southeast FC,CAR_A,Carrier A,audio,damaged,1,1,100.0,0,none
2018-07-16,WH_SOUTHEAST,Southeast FC,CAR_A,Carrier A,audio,none,4,0,0.0,0,none
2018-07-16,WH_SOUTHEAST,Southeast FC,CAR_A,Carrier A,automotivo,damaged,1,1,100.0,0,none
2018-07-16,WH_SOUTHEAST,Southeast FC,CAR_A,Carrier A,automotivo,none,23,0,0.0,0,none
2018-07-16,WH_SOUTHEAST,Southeast FC,CAR_A,Carrier A,automotivo,wrong,1,1,100.0,0,none
2018-07-16,WH_SOUTHEAST,Southeast FC,CAR_A,Carrier A,bebes,none,9,0,0.0,0,none
2018-07-16,WH_SOUTHEAST,Southeast FC,CAR_A,Carrier A,bebidas,none,2,0,0.0,0,none
2018-07-16,WH_SOUTHEAST,Southeast FC,CAR_A,Carrier A,beleza_saude,none,55,0,0.0,0,none
2018-07-16,WH_SOUTHEAST,Southeast FC,CAR_A,Carrier A,beleza_saude,wrong,3,3,100.0,0,none
2018-07-16,WH_SOUTHEAST,Southeast FC,CAR_A,Carrier A,brinquedos,none,11,0,0.0,0,none
2018-07-16,WH_SOUTHEAST,Southeast FC,CAR_A,Carrier A,cama_mesa_banho,none,47,0,0.0,0,none
2018-07-16,WH_SOUTHEAST,Southeast FC,CAR_A,Carrier A,cama_mesa_banho,refund,1,1,100.0,0,none
2018-07-16,WH_SOUTHEAST,Southeast FC,CAR_A,Carrier A,casa_conforto,none,2,0,0.0,0,none
2018-07-16,WH_SOUTHEAST,Southeast FC,CAR_A,Carrier A,casa_construcao,none,1,0,0.0,0,none
2018-07-16,WH_SOUTHEAST,Southeast FC,CAR_A,Carrier A,consoles_games,none,2,0,0.0,0,none
2018-07-16,WH_SOUTHEAST,Southeast FC,CAR_A,Carrier A,construcao_ferramentas_construcao,none,5,0,0.0,0,none
2018-07-16,WH_SOUTHEAST,Southeast FC,CAR_A,Carrier A,construcao_ferramentas_ferramentas,none,1,0,0.0,0,none
2018-07-16,WH_SOUTHEAST,Southeast FC,CAR_A,Carrier A,construcao_ferramentas_iluminacao,none,4,0,0.0,0,none
2018-07-16,WH_SOUTHEAST,Southeast FC,CAR_A,Carrier A,construcao_ferramentas_seguranca,none,2,0,0.0,0,none
2018-07-16,WH_SOUTHEAST,Southeast FC,CAR_A,Carrier A,cool_stuff,none,10,0,0.0,0,none
2018-07-16,WH_SOUTHEAST,Southeast FC,CAR_A,Carrier A,eletrodomesticos,failed,1,1,100.0,0,none
2018-07-16,WH_SOUTHEAST,Southeast FC,CAR_A,Carrier A,eletrodomesticos,none,3,0,0.0,0,none
2018-07-16,WH_SOUTHEAST,Southeast FC,CAR_A,Carrier A,eletrodomesticos,refund,1,1,100.0,0,none
2018-07-16,WH_SOUTHEAST,Southeast FC,CAR_A,Carrier A,eletrodomesticos_2,failed,1,1,100.0,0,none
2018-07-16,WH_SOUTHEAST,Southeast FC,CAR_A,Carrier A,eletrodomesticos_2,none,1,0,0.0,0,none
2018-07-16,WH_SOUTHEAST,Southeast FC,CAR_A,Carrier A,eletronicos,none,7,0,0.0,0,none
2018-07-16,WH_SOUTHEAST,Southeast FC,CAR_A,Carrier A,eletroportateis,none,1,0,0.0,0,none
2018-07-16,WH_SOUTHEAST,Southeast FC,CAR_A,Carrier A,esporte_lazer,none,23,0,0.0,0,none
2018-07-16,WH_SOUTHEAST,Southeast FC,CAR_A,Carrier A,fashion_bolsas_e_acessorios,none,4,0,0.0,0,none
2018-07-16,WH_SOUTHEAST,Southeast FC,CAR_A,Carrier A,fashion_calcados,none,2,0,0.0,0,none
2018-07-16,WH_SOUTHEAST,Southeast FC,CAR_A,Carrier A,fashion_roupa_masculina,none,1,0,0.0,0,none
2018-07-16,WH_SOUTHEAST,Southeast FC,CAR_A,Carrier A,ferramentas_jardim,none,9,0,0.0,0,none
2018-07-16,WH_SOUTHEAST,Southeast FC,CAR_A,Carrier A,ferramentas_jardim,refund,1,1,100.0,0,none
2018-07-16,WH_SOUTHEAST,Southeast FC,CAR_A,Carrier A,informatica_acessorios,damaged,1,1,100.0,0,none
2018-07-16,WH_SOUTHEAST,Southeast FC,CAR_A,Carrier A,informatica_acessorios,failed,1,1,100.0,0,none
2018-07-16,WH_SOUTHEAST,Southeast FC,CAR_A,Carrier A,informatica_acessorios,none,22,0,0.0,0,none
2018-07-16,WH_SOUTHEAST,Southeast FC,CAR_A,Carrier A,instrumentos_musicais,none,3,0,0.0,0,none
2018-07-16,WH_SOUTHEAST,Southeast FC,CAR_A,Carrier A,livros_interesse_geral,none,2,0,0.0,0,none
2018-07-16,WH_SOUTHEAST,Southeast FC,CAR_A,Carrier A,livros_tecnicos,none,2,0,0.0,0,none
2018-07-16,WH_SOUTHEAST,Southeast FC,CAR_A,Carrier A,malas_acessorios,failed,1,1,100.0,0,none
2018-07-16,WH_SOUTHEAST,Southeast FC,CAR_A,Carrier A,malas_acessorios,none,3,0,0.0,0,none
2018-07-16,WH_SOUTHEAST,Southeast FC,CAR_A,Carrier A,moveis_cozinha_area_de_servico_jantar_e_jardim,none,1,0,0.0,0,none
2018-07-16,WH_SOUTHEAST,Southeast FC,CAR_A,Carrier A,moveis_decoracao,missing,1,1,100.0,0,none
2018-07-16,WH_SOUTHEAST,Southeast FC,CAR_A,Carrier A,moveis_decoracao,none,17,0,0.0,0,none
2018-07-16,WH_SOUTHEAST,Southeast FC,CAR_A,Carrier A,moveis_escritorio,none,6,0,0.0,0,none
2018-07-16,WH_SOUTHEAST,Southeast FC,CAR_A,Carrier A,moveis_sala,none,4,0,0.0,0,none
2018-07-16,WH_SOUTHEAST,Southeast FC,CAR_A,Carrier A,musica,none,1,0,0.0,0,none
2018-07-16,WH_SOUTHEAST,Southeast FC,CAR_A,Carrier A,papelaria,none,10,0,0.0,0,none
2018-07-16,WH_SOUTHEAST,Southeast FC,CAR_A,Carrier A,perfumaria,none,14,0,0.0,0,none
2018-07-16,WH_SOUTHEAST,Southeast FC,CAR_A,Carrier A,pet_shop,none,8,0,0.0,0,none
2018-07-16,WH_SOUTHEAST,Southeast FC,CAR_A,Carrier A,portateis_casa_forno_e_cafe,none,1,0,0.0,0,none
2018-07-16,WH_SOUTHEAST,Southeast FC,CAR_A,Carrier A,portateis_cozinha_e_preparadores_de_alimentos,none,2,0,0.0,0,none
2018-07-16,WH_SOUTHEAST,Southeast FC,CAR_A,Carrier A,relogios_presentes,failed,1,1,100.0,0,none
2018-07-16,WH_SOUTHEAST,Southeast FC,CAR_A,Carrier A,relogios_presentes,missing,1,1,100.0,0,none
2018-07-16,WH_SOUTHEAST,Southeast FC,CAR_A,Carrier A,relogios_presentes,none,34,0,0.0,0,none
2018-07-16,WH_SOUTHEAST,Southeast FC,CAR_A,Carrier A,relogios_presentes,refund,1,1,100.0,0,none
2018-07-16,WH_SOUTHEAST,Southeast FC,CAR_A,Carrier A,telefonia,none,16,0,0.0,0,none
2018-07-16,WH_SOUTHEAST,Southeast FC,CAR_A,Carrier A,telefonia_fixa,none,1,0,0.0,0,none
2018-07-16,WH_SOUTHEAST,Southeast FC,CAR_A,Carrier A,unknown,none,3,0,0.0,0,none
2018-07-16,WH_SOUTHEAST,Southeast FC,CAR_A,Carrier A,unknown,wrong,1,1,100.0,0,none
2018-07-16,WH_SOUTHEAST,Southeast FC,CAR_A,Carrier A,utilidades_domesticas,none,27,0,0.0,0,none
2018-07-16,WH_SOUTHEAST,Southeast FC,CAR_B,Carrier B,agro_industria_e_comercio,none,3,0,0.0,0,none
2018-07-16,WH_SOUTHEAST,Southeast FC,CAR_B,Carrier B,alimentos,none,4,0,0.0,0,none
2018-07-16,WH_SOUTHEAST,Southeast FC,CAR_B,Carrier B,alimentos_bebidas,none,1,0,0.0,0,none
2018-07-16,WH_SOUTHEAST,Southeast FC,CAR_B,Carrier B,artes,none,1,0,0.0,0,none
2018-07-16,WH_SOUTHEAST,Southeast FC,CAR_B,Carrier B,artes_e_artesanato,none,2,0,0.0,0,none
2018-07-16,WH_SOUTHEAST,Southeast FC,CAR_B,Carrier B,artigos_de_natal,none,1,0,0.0,0,none
2018-07-16,WH_SOUTHEAST,Southeast FC,CAR_B,Carrier B,audio,missing,1,1,100.0,0,none
2018-07-16,WH_SOUTHEAST,Southeast FC,CAR_B,Carrier B,audio,none,2,0,0.0,0,none
2018-07-16,WH_SOUTHEAST,Southeast FC,CAR_B,Carrier B,automotivo,none,14,0,0.0,0,none
2018-07-16,WH_SOUTHEAST,Southeast FC,CAR_B,Carrier B,automotivo,wrong,1,1,100.0,0,none
2018-07-16,WH_SOUTHEAST,Southeast FC,CAR_B,Carrier B,bebes,none,10,0,0.0,0,none
2018-07-16,WH_SOUTHEAST,Southeast FC,CAR_B,Carrier B,bebidas,none,2,0,0.0,0,none
2018-07-16,WH_SOUTHEAST,Southeast FC,CAR_B,Carrier B,beleza_saude,none,50,0,0.0,0,none
2018-07-16,WH_SOUTHEAST,Southeast FC,CAR_B,Carrier B,beleza_saude,wrong,1,1,100.0,0,none
2018-07-16,WH_SOUTHEAST,Southeast FC,CAR_B,Carrier B,brinquedos,none,10,0,0.0,0,none
2018-07-16,WH_SOUTHEAST,Southeast FC,CAR_B,Carrier B,cama_mesa_banho,damaged,1,1,100.0,0,none
2018-07-16,WH_SOUTHEAST,Southeast FC,CAR_B,Carrier B,cama_mesa_banho,missing,2,2,100.0,0,none
2018-07-16,WH_SOUTHEAST,Southeast FC,CAR_B,Carrier B,cama_mesa_banho,none,33,0,0.0,0,none
2018-07-16,WH_SOUTHEAST,Southeast FC,CAR_B,Carrier B,casa_conforto,none,4,0,0.0,0,none
2018-07-16,WH_SOUTHEAST,Southeast FC,CAR_B,Carrier B,casa_construcao,none,5,0,0.0,0,none
2018-07-16,WH_SOUTHEAST,Southeast FC,CAR_B,Carrier B,cine_foto,none,1,0,0.0,0,none
2018-07-16,WH_SOUTHEAST,Southeast FC,CAR_B,Carrier B,climatizacao,none,1,0,0.0,0,none
2018-07-16,WH_SOUTHEAST,Southeast FC,CAR_B,Carrier B,consoles_games,none,3,0,0.0,0,none
2018-07-16,WH_SOUTHEAST,Southeast FC,CAR_B,Carrier B,construcao_ferramentas_construcao,none,7,0,0.0,0,none
2018-07-16,WH_SOUTHEAST,Southeast FC,CAR_B,Carrier B,construcao_ferramentas_ferramentas,missing,1,1,100.0,0,none
2018-07-16,WH_SOUTHEAST,Southeast FC,CAR_B,Carrier B,construcao_ferramentas_ferramentas,none,1,0,0.0,0,none
2018-07-16,WH_SOUTHEAST,Southeast FC,CAR_B,Carrier B,construcao_ferramentas_iluminacao,none,3,0,0.0,0,none
2018-07-16,WH_SOUTHEAST,Southeast FC,CAR_B,Carrier B,construcao_ferramentas_seguranca,none,4,0,0.0,0,none
2018-07-16,WH_SOUTHEAST,Southeast FC,CAR_B,Carrier B,cool_stuff,none,3,0,0.0,0,none
2018-07-16,WH_SOUTHEAST,Southeast FC,CAR_B,Carrier B,eletrodomesticos,none,5,0,0.0,0,none
2018-07-16,WH_SOUTHEAST,Southeast FC,CAR_B,Carrier B,eletrodomesticos_2,none,2,0,0.0,0,none
2018-07-16,WH_SOUTHEAST,Southeast FC,CAR_B,Carrier B,eletronicos,none,11,0,0.0,0,none
2018-07-16,WH_SOUTHEAST,Southeast FC,CAR_B,Carrier B,eletroportateis,none,6,0,0.0,0,none
2018-07-16,WH_SOUTHEAST,Southeast FC,CAR_B,Carrier B,esporte_lazer,none,23,0,0.0,0,none
2018-07-16,WH_SOUTHEAST,Southeast FC,CAR_B,Carrier B,esporte_lazer,refund,1,1,100.0,0,none
2018-07-16,WH_SOUTHEAST,Southeast FC,CAR_B,Carrier B,esporte_lazer,wrong,1,1,100.0,0,none
2018-07-16,WH_SOUTHEAST,Southeast FC,CAR_B,Carrier B,fashion_bolsas_e_acessorios,none,4,0,0.0,0,none
2018-07-16,WH_SOUTHEAST,Southeast FC,CAR_B,Carrier B,ferramentas_jardim,none,17,0,0.0,0,none
2018-07-16,WH_SOUTHEAST,Southeast FC,CAR_B,Carrier B,flores,none,1,0,0.0,0,none
2018-07-16,WH_SOUTHEAST,Southeast FC,CAR_B,Carrier B,fraldas_higiene,none,1,0,0.0,0,none
2018-07-16,WH_SOUTHEAST,Southeast FC,CAR_B,Carrier B,industria_comercio_e_negocios,none,7,0,0.0,0,none
2018-07-16,WH_SOUTHEAST,Southeast FC,CAR_B,Carrier B,informatica_acessorios,missing,1,1,100.0,0,none
2018-07-16,WH_SOUTHEAST,Southeast FC,CAR_B,Carrier B,informatica_acessorios,none,25,0,0.0,0,none
2018-07-16,WH_SOUTHEAST,Southeast FC,CAR_B,Carrier B,instrumentos_musicais,none,1,0,0.0,0,none
2018-07-16,WH_SOUTHEAST,Southeast FC,CAR_B,Carrier B,livros_interesse_geral,none,1,0,0.0,0,none
2018-07-16,WH_SOUTHEAST,Southeast FC,CAR_B,Carrier B,livros_tecnicos,none,3,0,0.0,0,none
2018-07-16,WH_SOUTHEAST,Southeast FC,CAR_B,Carrier B,malas_acessorios,none,2,0,0.0,0,none
2018-07-16,WH_SOUTHEAST,Southeast FC,CAR_B,Carrier B,moveis_cozinha_area_de_servico_jantar_e_jardim,none,1,0,0.0,0,none
2018-07-16,WH_SOUTHEAST,Southeast FC,CAR_B,Carrier B,moveis_decoracao,none,25,0,0.0,0,none
2018-07-16,WH_SOUTHEAST,Southeast FC,CAR_B,Carrier B,moveis_escritorio,failed,1,1,100.0,0,none
2018-07-16,WH_SOUTHEAST,Southeast FC,CAR_B,Carrier B,moveis_escritorio,none,5,0,0.0,0,none
2018-07-16,WH_SOUTHEAST,Southeast FC,CAR_B,Carrier B,moveis_sala,none,7,0,0.0,0,none
2018-07-16,WH_SOUTHEAST,Southeast FC,CAR_B,Carrier B,papelaria,none,13,0,0.0,0,none
2018-07-16,WH_SOUTHEAST,Southeast FC,CAR_B,Carrier B,perfumaria,none,9,0,0.0,0,none
2018-07-16,WH_SOUTHEAST,Southeast FC,CAR_B,Carrier B,pet_shop,none,15,0,0.0,0,none
2018-07-16,WH_SOUTHEAST,Southeast FC,CAR_B,Carrier B,portateis_casa_forno_e_cafe,none,2,0,0.0,0,none
2018-07-16,WH_SOUTHEAST,Southeast FC,CAR_B,Carrier B,portateis_cozinha_e_preparadores_de_alimentos,failed,1,1,100.0,0,none
2018-07-16,WH_SOUTHEAST,Southeast FC,CAR_B,Carrier B,relogios_presentes,none,31,0,0.0,0,none
2018-07-16,WH_SOUTHEAST,Southeast FC,CAR_B,Carrier B,sinalizacao_e_seguranca,none,1,0,0.0,0,none
2018-07-16,WH_SOUTHEAST,Southeast FC,CAR_B,Carrier B,telefonia,none,14,0,0.0,0,none
2018-07-16,WH_SOUTHEAST,Southeast FC,CAR_B,Carrier B,unknown,none,2,0,0.0,0,none
2018-07-16,WH_SOUTHEAST,Southeast FC,CAR_B,Carrier B,utilidades_domesticas,none,24,0,0.0,0,none
2018-07-16,WH_SOUTHEAST,Southeast FC,CAR_B,Carrier B,utilidades_domesticas,refund,1,1,100.0,0,none
2018-07-16,WH_SOUTHEAST,Southeast FC,CAR_C,Carrier C,agro_industria_e_comercio,none,3,0,0.0,0,none
2018-07-16,WH_SOUTHEAST,Southeast FC,CAR_C,Carrier C,agro_industria_e_comercio,refund,1,1,100.0,0,none
2018-07-16,WH_SOUTHEAST,Southeast FC,CAR_C,Carrier C,alimentos,none,3,0,0.0,0,none
2018-07-16,WH_SOUTHEAST,Southeast FC,CAR_C,Carrier C,artigos_de_festas,none,1,0,0.0,0,none
2018-07-16,WH_SOUTHEAST,Southeast FC,CAR_C,Carrier C,audio,none,1,0,0.0,0,none
2018-07-16,WH_SOUTHEAST,Southeast FC,CAR_C,Carrier C,automotivo,none,14,0,0.0,0,none
2018-07-16,WH_SOUTHEAST,Southeast FC,CAR_C,Carrier C,bebes,damaged,1,1,100.0,0,none
2018-07-16,WH_SOUTHEAST,Southeast FC,CAR_C,Carrier C,bebes,failed,2,2,100.0,0,none
2018-07-16,WH_SOUTHEAST,Southeast FC,CAR_C,Carrier C,bebes,none,8,0,0.0,0,none
2018-07-16,WH_SOUTHEAST,Southeast FC,CAR_C,Carrier C,bebes,wrong,1,1,100.0,0,none
2018-07-16,WH_SOUTHEAST,Southeast FC,CAR_C,Carrier C,bebidas,none,1,0,0.0,0,none
2018-07-16,WH_SOUTHEAST,Southeast FC,CAR_C,Carrier C,beleza_saude,failed,1,1,100.0,0,none
2018-07-16,WH_SOUTHEAST,Southeast FC,CAR_C,Carrier C,beleza_saude,missing,1,1,100.0,0,none
2018-07-16,WH_SOUTHEAST,Southeast FC,CAR_C,Carrier C,beleza_saude,none,39,0,0.0,0,none
2018-07-16,WH_SOUTHEAST,Southeast FC,CAR_C,Carrier C,beleza_saude,refund,1,1,100.0,0,none
2018-07-16,WH_SOUTHEAST,Southeast FC,CAR_C,Carrier C,brinquedos,none,5,0,0.0,0,none
2018-07-16,WH_SOUTHEAST,Southeast FC,CAR_C,Carrier C,brinquedos,refund,1,1,100.0,0,none
2018-07-16,WH_SOUTHEAST,Southeast FC,CAR_C,Carrier C,cama_mesa_banho,none,25,0,0.0,0,none
2018-07-16,WH_SOUTHEAST,Southeast FC,CAR_C,Carrier C,cama_mesa_banho,refund,1,1,100.0,0,none
2018-07-16,WH_SOUTHEAST,Southeast FC,CAR_C,Carrier C,cama_mesa_banho,wrong,1,1,100.0,0,none
2018-07-16,WH_SOUTHEAST,Southeast FC,CAR_C,Carrier C,casa_conforto,none,3,0,0.0,0,none
2018-07-16,WH_SOUTHEAST,Southeast FC,CAR_C,Carrier C,casa_construcao,none,1,0,0.0,0,none
2018-07-16,WH_SOUTHEAST,Southeast FC,CAR_C,Carrier C,climatizacao,none,2,0,0.0,0,none
2018-07-16,WH_SOUTHEAST,Southeast FC,CAR_C,Carrier C,consoles_games,none,2,0,0.0,0,none
2018-07-16,WH_SOUTHEAST,Southeast FC,CAR_C,Carrier C,construcao_ferramentas_construcao,none,3,0,0.0,0,none
2018-07-16,WH_SOUTHEAST,Southeast FC,CAR_C,Carrier C,construcao_ferramentas_iluminacao,none,1,0,0.0,0,none
2018-07-16,WH_SOUTHEAST,Southeast FC,CAR_C,Carrier C,cool_stuff,damaged,1,1,100.0,0,none
2018-07-16,WH_SOUTHEAST,Southeast FC,CAR_C,Carrier C,cool_stuff,none,5,0,0.0,0,none
2018-07-16,WH_SOUTHEAST,Southeast FC,CAR_C,Carrier C,eletrodomesticos,none,3,0,0.0,0,none
2018-07-16,WH_SOUTHEAST,Southeast FC,CAR_C,Carrier C,eletrodomesticos_2,none,2,0,0.0,0,none
2018-07-16,WH_SOUTHEAST,Southeast FC,CAR_C,Carrier C,eletronicos,failed,1,1,100.0,0,none
2018-07-16,WH_SOUTHEAST,Southeast FC,CAR_C,Carrier C,eletronicos,missing,1,1,100.0,0,none
2018-07-16,WH_SOUTHEAST,Southeast FC,CAR_C,Carrier C,eletronicos,none,4,0,0.0,0,none
2018-07-16,WH_SOUTHEAST,Southeast FC,CAR_C,Carrier C,eletronicos,wrong,1,1,100.0,0,none
2018-07-16,WH_SOUTHEAST,Southeast FC,CAR_C,Carrier C,esporte_lazer,none,16,0,0.0,0,none
2018-07-16,WH_SOUTHEAST,Southeast FC,CAR_C,Carrier C,esporte_lazer,refund,1,1,100.0,0,none
2018-07-16,WH_SOUTHEAST,Southeast FC,CAR_C,Carrier C,fashion_bolsas_e_acessorios,none,3,0,0.0,0,none
2018-07-16,WH_SOUTHEAST,Southeast FC,CAR_C,Carrier C,ferramentas_jardim,failed,1,1,100.0,0,none
2018-07-16,WH_SOUTHEAST,Southeast FC,CAR_C,Carrier C,ferramentas_jardim,none,3,0,0.0,0,none
2018-07-16,WH_SOUTHEAST,Southeast FC,CAR_C,Carrier C,informatica_acessorios,damaged,2,2,100.0,0,none
2018-07-16,WH_SOUTHEAST,Southeast FC,CAR_C,Carrier C,informatica_acessorios,none,13,0,0.0,0,none
2018-07-16,WH_SOUTHEAST,Southeast FC,CAR_C,Carrier C,instrumentos_musicais,none,2,0,0.0,0,none
2018-07-16,WH_SOUTHEAST,Southeast FC,CAR_C,Carrier C,livros_tecnicos,none,1,0,0.0,0,none
2018-07-16,WH_SOUTHEAST,Southeast FC,CAR_C,Carrier C,malas_acessorios,none,2,0,0.0,0,none
2018-07-16,WH_SOUTHEAST,Southeast FC,CAR_C,Carrier C,moveis_cozinha_area_de_servico_jantar_e_jardim,none,1,0,0.0,0,none
2018-07-16,WH_SOUTHEAST,Southeast FC,CAR_C,Carrier C,moveis_decoracao,damaged,1,1,100.0,0,none
2018-07-16,WH_SOUTHEAST,Southeast FC,CAR_C,Carrier C,moveis_decoracao,missing,1,1,100.0,0,none
2018-07-16,WH_SOUTHEAST,Southeast FC,CAR_C,Carrier C,moveis_decoracao,none,14,0,0.0,0,none
2018-07-16,WH_SOUTHEAST,Southeast FC,CAR_C,Carrier C,moveis_decoracao,refund,1,1,100.0,0,none
2018-07-16,WH_SOUTHEAST,Southeast FC,CAR_C,Carrier C,moveis_decoracao,wrong,1,1,100.0,0,none
2018-07-16,WH_SOUTHEAST,Southeast FC,CAR_C,Carrier C,moveis_escritorio,none,2,0,0.0,0,none
2018-07-16,WH_SOUTHEAST,Southeast FC,CAR_C,Carrier C,moveis_escritorio,refund,1,1,100.0,0,none
2018-07-16,WH_SOUTHEAST,Southeast FC,CAR_C,Carrier C,moveis_sala,wrong,1,1,100.0,0,none
2018-07-16,WH_SOUTHEAST,Southeast FC,CAR_C,Carrier C,papelaria,none,6,0,0.0,0,none
2018-07-16,WH_SOUTHEAST,Southeast FC,CAR_C,Carrier C,papelaria,refund,1,1,100.0,0,none
2018-07-16,WH_SOUTHEAST,Southeast FC,CAR_C,Carrier C,perfumaria,failed,1,1,100.0,0,none
2018-07-16,WH_SOUTHEAST,Southeast FC,CAR_C,Carrier C,perfumaria,missing,1,1,100.0,0,none
2018-07-16,WH_SOUTHEAST,Southeast FC,CAR_C,Carrier C,perfumaria,none,4,0,0.0,0,none
2018-07-16,WH_SOUTHEAST,Southeast FC,CAR_C,Carrier C,pet_shop,none,6,0,0.0,0,none
2018-07-16,WH_SOUTHEAST,Southeast FC,CAR_C,Carrier C,portateis_casa_forno_e_cafe,none,1,0,0.0,0,none
2018-07-16,WH_SOUTHEAST,Southeast FC,CAR_C,Carrier C,relogios_presentes,missing,1,1,100.0,0,none
2018-07-16,WH_SOUTHEAST,Southeast FC,CAR_C,Carrier C,relogios_presentes,none,24,0,0.0,0,none
2018-07-16,WH_SOUTHEAST,Southeast FC,CAR_C,Carrier C,sinalizacao_e_seguranca,none,1,0,0.0,0,none
2018-07-16,WH_SOUTHEAST,Southeast FC,CAR_C,Carrier C,telefonia,none,8,0,0.0,0,none
2018-07-16,WH_SOUTHEAST,Southeast FC,CAR_C,Carrier C,telefonia,refund,1,1,100.0,0,none
2018-07-16,WH_SOUTHEAST,Southeast FC,CAR_C,Carrier C,telefonia_fixa,none,1,0,0.0,0,none
2018-07-16,WH_SOUTHEAST,Southeast FC,CAR_C,Carrier C,unknown,none,1,0,0.0,0,none
2018-07-16,WH_SOUTHEAST,Southeast FC,CAR_C,Carrier C,utilidades_domesticas,none,20,0,0.0,0,none
2018-07-16,WH_SOUTHEAST,Southeast FC,CAR_C,Carrier C,utilidades_domesticas,refund,1,1,100.0,0,none
2018-07-16,WH_SOUTHEAST,Southeast FC,CAR_D,Carrier D,agro_industria_e_comercio,none,2,0,0.0,0,none
2018-07-16,WH_SOUTHEAST,Southeast FC,CAR_D,Carrier D,audio,none,1,0,0.0,0,none
2018-07-16,WH_SOUTHEAST,Southeast FC,CAR_D,Carrier D,automotivo,none,10,0,0.0,0,none
2018-07-16,WH_SOUTHEAST,Southeast FC,CAR_D,Carrier D,bebes,none,4,0,0.0,0,none
2018-07-16,WH_SOUTHEAST,Southeast FC,CAR_D,Carrier D,bebidas,none,1,0,0.0,0,none
2018-07-16,WH_SOUTHEAST,Southeast FC,CAR_D,Carrier D,beleza_saude,damaged,1,1,100.0,0,none
2018-07-16,WH_SOUTHEAST,Southeast FC,CAR_D,Carrier D,beleza_saude,none,11,0,0.0,0,none
2018-07-16,WH_SOUTHEAST,Southeast FC,CAR_D,Carrier D,brinquedos,none,6,0,0.0,0,none
2018-07-16,WH_SOUTHEAST,Southeast FC,CAR_D,Carrier D,cama_mesa_banho,none,16,0,0.0,0,none
2018-07-16,WH_SOUTHEAST,Southeast FC,CAR_D,Carrier D,consoles_games,none,1,0,0.0,0,none
2018-07-16,WH_SOUTHEAST,Southeast FC,CAR_D,Carrier D,construcao_ferramentas_construcao,none,2,0,0.0,0,none
2018-07-16,WH_SOUTHEAST,Southeast FC,CAR_D,Carrier D,construcao_ferramentas_iluminacao,none,1,0,0.0,0,none
2018-07-16,WH_SOUTHEAST,Southeast FC,CAR_D,Carrier D,construcao_ferramentas_jardim,none,1,0,0.0,0,none
2018-07-16,WH_SOUTHEAST,Southeast FC,CAR_D,Carrier D,cool_stuff,none,2,0,0.0,0,none
2018-07-16,WH_SOUTHEAST,Southeast FC,CAR_D,Carrier D,eletrodomesticos,failed,2,2,100.0,0,none
2018-07-16,WH_SOUTHEAST,Southeast FC,CAR_D,Carrier D,eletrodomesticos,none,2,0,0.0,0,none
2018-07-16,WH_SOUTHEAST,Southeast FC,CAR_D,Carrier D,eletronicos,none,3,0,0.0,0,none
2018-07-16,WH_SOUTHEAST,Southeast FC,CAR_D,Carrier D,eletroportateis,none,1,0,0.0,0,none
2018-07-16,WH_SOUTHEAST,Southeast FC,CAR_D,Carrier D,esporte_lazer,none,6,0,0.0,0,none
2018-07-16,WH_SOUTHEAST,Southeast FC,CAR_D,Carrier D,fashion_bolsas_e_acessorios,none,1,0,0.0,0,none
2018-07-16,WH_SOUTHEAST,Southeast FC,CAR_D,Carrier D,fashion_calcados,none,1,0,0.0,0,none
2018-07-16,WH_SOUTHEAST,Southeast FC,CAR_D,Carrier D,ferramentas_jardim,none,1,0,0.0,0,none
2018-07-16,WH_SOUTHEAST,Southeast FC,CAR_D,Carrier D,informatica_acessorios,failed,1,1,100.0,0,none
2018-07-16,WH_SOUTHEAST,Southeast FC,CAR_D,Carrier D,informatica_acessorios,none,4,0,0.0,0,none
2018-07-16,WH_SOUTHEAST,Southeast FC,CAR_D,Carrier D,instrumentos_musicais,none,1,0,0.0,0,none
2018-07-16,WH_SOUTHEAST,Southeast FC,CAR_D,Carrier D,malas_acessorios,none,2,0,0.0,0,none
2018-07-16,WH_SOUTHEAST,Southeast FC,CAR_D,Carrier D,moveis_decoracao,none,6,0,0.0,0,none
2018-07-16,WH_SOUTHEAST,Southeast FC,CAR_D,Carrier D,moveis_escritorio,none,4,0,0.0,0,none
2018-07-16,WH_SOUTHEAST,Southeast FC,CAR_D,Carrier D,moveis_sala,none,2,0,0.0,0,none
2018-07-16,WH_SOUTHEAST,Southeast FC,CAR_D,Carrier D,papelaria,none,3,0,0.0,0,none
2018-07-16,WH_SOUTHEAST,Southeast FC,CAR_D,Carrier D,perfumaria,none,1,0,0.0,0,none
2018-07-16,WH_SOUTHEAST,Southeast FC,CAR_D,Carrier D,pet_shop,none,6,0,0.0,0,none
2018-07-16,WH_SOUTHEAST,Southeast FC,CAR_D,Carrier D,portateis_casa_forno_e_cafe,none,1,0,0.0,0,none
2018-07-16,WH_SOUTHEAST,Southeast FC,CAR_D,Carrier D,relogios_presentes,missing,1,1,100.0,0,none
2018-07-16,WH_SOUTHEAST,Southeast FC,CAR_D,Carrier D,relogios_presentes,none,15,0,0.0,0,none
2018-07-16,WH_SOUTHEAST,Southeast FC,CAR_D,Carrier D,telefonia,none,1,0,0.0,0,none
2018-07-16,WH_SOUTHEAST,Southeast FC,CAR_D,Carrier D,telefonia_fixa,none,1,0,0.0,0,none
2018-07-16,WH_SOUTHEAST,Southeast FC,CAR_D,Carrier D,utilidades_domesticas,failed,1,1,100.0,0,none
2018-07-16,WH_SOUTHEAST,Southeast FC,CAR_D,Carrier D,utilidades_domesticas,none,7,0,0.0,0,none
2018-07-23,WH_CENTRAL_WEST,Central-West FC,CAR_A,Carrier A,automotivo,none,1,0,0.0,1,ANOM_DRIFT_001
2018-07-23,WH_CENTRAL_WEST,Central-West FC,CAR_A,Carrier A,beleza_saude,none,2,0,0.0,2,ANOM_DRIFT_001
2018-07-23,WH_CENTRAL_WEST,Central-West FC,CAR_A,Carrier A,brinquedos,none,2,0,0.0,2,ANOM_DRIFT_001
2018-07-23,WH_CENTRAL_WEST,Central-West FC,CAR_A,Carrier A,casa_conforto_2,refund,1,1,100.0,1,ANOM_DRIFT_001
2018-07-23,WH_CENTRAL_WEST,Central-West FC,CAR_A,Carrier A,construcao_ferramentas_iluminacao,none,1,0,0.0,1,ANOM_DRIFT_001
2018-07-23,WH_CENTRAL_WEST,Central-West FC,CAR_A,Carrier A,eletrodomesticos,none,1,0,0.0,1,ANOM_DRIFT_001
2018-07-23,WH_CENTRAL_WEST,Central-West FC,CAR_A,Carrier A,eletronicos,failed,1,1,100.0,1,ANOM_DRIFT_001
2018-07-23,WH_CENTRAL_WEST,Central-West FC,CAR_A,Carrier A,eletroportateis,missing,1,1,100.0,1,ANOM_DRIFT_001
2018-07-23,WH_CENTRAL_WEST,Central-West FC,CAR_A,Carrier A,esporte_lazer,none,2,0,0.0,0,none
2018-07-23,WH_CENTRAL_WEST,Central-West FC,CAR_A,Carrier A,fashion_bolsas_e_acessorios,none,1,0,0.0,1,ANOM_DRIFT_001
2018-07-23,WH_CENTRAL_WEST,Central-West FC,CAR_A,Carrier A,informatica_acessorios,none,3,0,0.0,3,ANOM_DRIFT_001
2018-07-23,WH_CENTRAL_WEST,Central-West FC,CAR_A,Carrier A,market_place,none,1,0,0.0,1,ANOM_DRIFT_001
2018-07-23,WH_CENTRAL_WEST,Central-West FC,CAR_A,Carrier A,moveis_decoracao,none,1,0,0.0,1,ANOM_DRIFT_001
2018-07-23,WH_CENTRAL_WEST,Central-West FC,CAR_A,Carrier A,moveis_decoracao,refund,1,1,100.0,1,ANOM_DRIFT_001
2018-07-23,WH_CENTRAL_WEST,Central-West FC,CAR_A,Carrier A,moveis_escritorio,none,1,0,0.0,1,ANOM_DRIFT_001
2018-07-23,WH_CENTRAL_WEST,Central-West FC,CAR_A,Carrier A,perfumaria,none,2,0,0.0,2,ANOM_DRIFT_001
2018-07-23,WH_CENTRAL_WEST,Central-West FC,CAR_A,Carrier A,pet_shop,failed,1,1,100.0,1,ANOM_DRIFT_001
2018-07-23,WH_CENTRAL_WEST,Central-West FC,CAR_A,Carrier A,pet_shop,none,1,0,0.0,1,ANOM_DRIFT_001
2018-07-23,WH_CENTRAL_WEST,Central-West FC,CAR_A,Carrier A,relogios_presentes,none,3,0,0.0,3,ANOM_DRIFT_001
2018-07-23,WH_CENTRAL_WEST,Central-West FC,CAR_A,Carrier A,telefonia,none,1,0,0.0,1,ANOM_DRIFT_001
2018-07-23,WH_CENTRAL_WEST,Central-West FC,CAR_A,Carrier A,telefonia,refund,1,1,100.0,1,ANOM_DRIFT_001
2018-07-23,WH_CENTRAL_WEST,Central-West FC,CAR_A,Carrier A,utilidades_domesticas,failed,2,2,100.0,2,ANOM_DRIFT_001
2018-07-23,WH_CENTRAL_WEST,Central-West FC,CAR_A,Carrier A,utilidades_domesticas,none,2,0,0.0,2,ANOM_DRIFT_001
2018-07-23,WH_CENTRAL_WEST,Central-West FC,CAR_B,Carrier B,alimentos,refund,1,1,100.0,1,ANOM_DRIFT_001
2018-07-23,WH_CENTRAL_WEST,Central-West FC,CAR_B,Carrier B,beleza_saude,missing,1,1,100.0,1,ANOM_DRIFT_001
2018-07-23,WH_CENTRAL_WEST,Central-West FC,CAR_B,Carrier B,beleza_saude,none,1,0,0.0,1,ANOM_DRIFT_001
2018-07-23,WH_CENTRAL_WEST,Central-West FC,CAR_B,Carrier B,brinquedos,none,1,0,0.0,1,ANOM_DRIFT_001
2018-07-23,WH_CENTRAL_WEST,Central-West FC,CAR_B,Carrier B,cama_mesa_banho,missing,1,1,100.0,1,ANOM_DRIFT_001
2018-07-23,WH_CENTRAL_WEST,Central-West FC,CAR_B,Carrier B,cama_mesa_banho,none,2,0,0.0,2,ANOM_DRIFT_001
2018-07-23,WH_CENTRAL_WEST,Central-West FC,CAR_B,Carrier B,construcao_ferramentas_construcao,none,1,0,0.0,1,ANOM_DRIFT_001
2018-07-23,WH_CENTRAL_WEST,Central-West FC,CAR_B,Carrier B,construcao_ferramentas_iluminacao,none,1,0,0.0,1,ANOM_DRIFT_001
2018-07-23,WH_CENTRAL_WEST,Central-West FC,CAR_B,Carrier B,cool_stuff,failed,1,1,100.0,1,ANOM_DRIFT_001
2018-07-23,WH_CENTRAL_WEST,Central-West FC,CAR_B,Carrier B,esporte_lazer,none,2,0,0.0,2,ANOM_DRIFT_001
2018-07-23,WH_CENTRAL_WEST,Central-West FC,CAR_B,Carrier B,fashion_bolsas_e_acessorios,missing,1,1,100.0,1,ANOM_DRIFT_001
2018-07-23,WH_CENTRAL_WEST,Central-West FC,CAR_B,Carrier B,informatica_acessorios,none,1,0,0.0,1,ANOM_DRIFT_001
2018-07-23,WH_CENTRAL_WEST,Central-West FC,CAR_B,Carrier B,moveis_decoracao,none,1,0,0.0,1,ANOM_DRIFT_001
2018-07-23,WH_CENTRAL_WEST,Central-West FC,CAR_B,Carrier B,perfumaria,none,1,0,0.0,1,ANOM_DRIFT_001
2018-07-23,WH_CENTRAL_WEST,Central-West FC,CAR_B,Carrier B,relogios_presentes,failed,2,2,100.0,2,ANOM_DRIFT_001
2018-07-23,WH_CENTRAL_WEST,Central-West FC,CAR_B,Carrier B,relogios_presentes,none,2,0,0.0,2,ANOM_DRIFT_001
2018-07-23,WH_CENTRAL_WEST,Central-West FC,CAR_B,Carrier B,utilidades_domesticas,none,1,0,0.0,1,ANOM_DRIFT_001
2018-07-23,WH_CENTRAL_WEST,Central-West FC,CAR_C,Carrier C,automotivo,refund,1,1,100.0,1,ANOM_DRIFT_001
2018-07-23,WH_CENTRAL_WEST,Central-West FC,CAR_C,Carrier C,cama_mesa_banho,none,1,0,0.0,1,ANOM_DRIFT_001
2018-07-23,WH_CENTRAL_WEST,Central-West FC,CAR_C,Carrier C,eletronicos,none,1,0,0.0,0,none
2018-07-23,WH_CENTRAL_WEST,Central-West FC,CAR_C,Carrier C,eletroportateis,none,1,0,0.0,1,ANOM_DRIFT_001
2018-07-23,WH_CENTRAL_WEST,Central-West FC,CAR_C,Carrier C,esporte_lazer,none,1,0,0.0,1,ANOM_DRIFT_001
2018-07-23,WH_CENTRAL_WEST,Central-West FC,CAR_C,Carrier C,ferramentas_jardim,none,1,0,0.0,1,ANOM_DRIFT_001
2018-07-23,WH_CENTRAL_WEST,Central-West FC,CAR_C,Carrier C,moveis_decoracao,none,1,0,0.0,1,ANOM_DRIFT_001
2018-07-23,WH_CENTRAL_WEST,Central-West FC,CAR_C,Carrier C,papelaria,none,1,0,0.0,1,ANOM_DRIFT_001
2018-07-23,WH_CENTRAL_WEST,Central-West FC,CAR_C,Carrier C,perfumaria,none,1,0,0.0,1,ANOM_DRIFT_001
2018-07-23,WH_CENTRAL_WEST,Central-West FC,CAR_C,Carrier C,relogios_presentes,none,1,0,0.0,1,ANOM_DRIFT_001
2018-07-23,WH_CENTRAL_WEST,Central-West FC,CAR_C,Carrier C,telefonia,failed,1,1,100.0,1,ANOM_DRIFT_001
2018-07-23,WH_CENTRAL_WEST,Central-West FC,CAR_C,Carrier C,telefonia,none,1,0,0.0,1,ANOM_DRIFT_001
2018-07-23,WH_CENTRAL_WEST,Central-West FC,CAR_C,Carrier C,unknown,missing,1,1,100.0,1,ANOM_DRIFT_001
2018-07-23,WH_CENTRAL_WEST,Central-West FC,CAR_C,Carrier C,utilidades_domesticas,failed,1,1,100.0,1,ANOM_DRIFT_001
2018-07-23,WH_CENTRAL_WEST,Central-West FC,CAR_D,Carrier D,audio,none,1,0,0.0,1,ANOM_DRIFT_001
2018-07-23,WH_CENTRAL_WEST,Central-West FC,CAR_D,Carrier D,automotivo,failed,2,2,100.0,2,ANOM_DRIFT_001
2018-07-23,WH_CENTRAL_WEST,Central-West FC,CAR_D,Carrier D,automotivo,none,2,0,0.0,2,ANOM_DRIFT_001
2018-07-23,WH_CENTRAL_WEST,Central-West FC,CAR_D,Carrier D,automotivo,refund,1,1,100.0,1,ANOM_DRIFT_001
2018-07-23,WH_CENTRAL_WEST,Central-West FC,CAR_D,Carrier D,bebes,failed,1,1,100.0,1,ANOM_DRIFT_001
2018-07-23,WH_CENTRAL_WEST,Central-West FC,CAR_D,Carrier D,bebes,none,1,0,0.0,1,ANOM_DRIFT_001
2018-07-23,WH_CENTRAL_WEST,Central-West FC,CAR_D,Carrier D,beleza_saude,none,1,0,0.0,1,ANOM_DRIFT_001
2018-07-23,WH_CENTRAL_WEST,Central-West FC,CAR_D,Carrier D,cama_mesa_banho,none,2,0,0.0,2,ANOM_DRIFT_001
2018-07-23,WH_CENTRAL_WEST,Central-West FC,CAR_D,Carrier D,casa_construcao,none,1,0,0.0,1,ANOM_DRIFT_001
2018-07-23,WH_CENTRAL_WEST,Central-West FC,CAR_D,Carrier D,cine_foto,none,1,0,0.0,1,ANOM_DRIFT_001
2018-07-23,WH_CENTRAL_WEST,Central-West FC,CAR_D,Carrier D,construcao_ferramentas_construcao,none,1,0,0.0,1,ANOM_DRIFT_001
2018-07-23,WH_CENTRAL_WEST,Central-West FC,CAR_D,Carrier D,construcao_ferramentas_iluminacao,none,1,0,0.0,1,ANOM_DRIFT_001
2018-07-23,WH_CENTRAL_WEST,Central-West FC,CAR_D,Carrier D,cool_stuff,refund,1,1,100.0,1,ANOM_DRIFT_001
2018-07-23,WH_CENTRAL_WEST,Central-West FC,CAR_D,Carrier D,eletronicos,none,2,0,0.0,1,ANOM_DRIFT_001
2018-07-23,WH_CENTRAL_WEST,Central-West FC,CAR_D,Carrier D,esporte_lazer,none,4,0,0.0,3,ANOM_DRIFT_001
2018-07-23,WH_CENTRAL_WEST,Central-West FC,CAR_D,Carrier D,fashion_bolsas_e_acessorios,missing,1,1,100.0,1,ANOM_DRIFT_001
2018-07-23,WH_CENTRAL_WEST,Central-West FC,CAR_D,Carrier D,informatica_acessorios,failed,1,1,100.0,1,ANOM_DRIFT_001
2018-07-23,WH_CENTRAL_WEST,Central-West FC,CAR_D,Carrier D,papelaria,none,1,0,0.0,0,none
2018-07-23,WH_CENTRAL_WEST,Central-West FC,CAR_D,Carrier D,perfumaria,failed,1,1,100.0,1,ANOM_DRIFT_001
2018-07-23,WH_CENTRAL_WEST,Central-West FC,CAR_D,Carrier D,perfumaria,none,3,0,0.0,1,ANOM_DRIFT_001
2018-07-23,WH_CENTRAL_WEST,Central-West FC,CAR_D,Carrier D,pet_shop,none,1,0,0.0,1,ANOM_DRIFT_001
2018-07-23,WH_CENTRAL_WEST,Central-West FC,CAR_D,Carrier D,pet_shop,refund,1,1,100.0,1,ANOM_DRIFT_001
2018-07-23,WH_CENTRAL_WEST,Central-West FC,CAR_D,Carrier D,relogios_presentes,failed,1,1,100.0,1,ANOM_DRIFT_001
2018-07-23,WH_CENTRAL_WEST,Central-West FC,CAR_D,Carrier D,relogios_presentes,none,1,0,0.0,1,ANOM_DRIFT_001
2018-07-23,WH_CENTRAL_WEST,Central-West FC,CAR_D,Carrier D,unknown,missing,1,1,100.0,1,ANOM_DRIFT_001
2018-07-23,WH_CENTRAL_WEST,Central-West FC,CAR_D,Carrier D,utilidades_domesticas,none,1,0,0.0,1,ANOM_DRIFT_001
2018-07-23,WH_CENTRAL_WEST,Central-West FC,CAR_D,Carrier D,utilidades_domesticas,wrong,1,1,100.0,0,none
2018-07-23,WH_NORTH,North FC,CAR_A,Carrier A,agro_industria_e_comercio,none,1,0,0.0,0,none
2018-07-23,WH_NORTH,North FC,CAR_A,Carrier A,automotivo,none,1,0,0.0,0,none
2018-07-23,WH_NORTH,North FC,CAR_A,Carrier A,bebes,none,1,0,0.0,0,none
2018-07-23,WH_NORTH,North FC,CAR_A,Carrier A,beleza_saude,none,2,0,0.0,0,none
2018-07-23,WH_NORTH,North FC,CAR_A,Carrier A,casa_construcao,none,1,0,0.0,0,none
2018-07-23,WH_NORTH,North FC,CAR_A,Carrier A,informatica_acessorios,damaged,1,1,100.0,0,none
2018-07-23,WH_NORTH,North FC,CAR_A,Carrier A,informatica_acessorios,none,1,0,0.0,0,none
2018-07-23,WH_NORTH,North FC,CAR_A,Carrier A,malas_acessorios,none,1,0,0.0,0,none
2018-07-23,WH_NORTH,North FC,CAR_A,Carrier A,moveis_decoracao,none,1,0,0.0,0,none
2018-07-23,WH_NORTH,North FC,CAR_A,Carrier A,relogios_presentes,none,1,0,0.0,0,none
2018-07-23,WH_NORTH,North FC,CAR_B,Carrier B,beleza_saude,none,2,0,0.0,0,none
2018-07-23,WH_NORTH,North FC,CAR_B,Carrier B,esporte_lazer,none,4,0,0.0,0,none
2018-07-23,WH_NORTH,North FC,CAR_B,Carrier B,informatica_acessorios,none,2,0,0.0,0,none
2018-07-23,WH_NORTH,North FC,CAR_B,Carrier B,papelaria,none,1,0,0.0,0,none
2018-07-23,WH_NORTH,North FC,CAR_B,Carrier B,relogios_presentes,none,2,0,0.0,0,none
2018-07-23,WH_NORTH,North FC,CAR_C,Carrier C,automotivo,none,1,0,0.0,0,none
2018-07-23,WH_NORTH,North FC,CAR_C,Carrier C,beleza_saude,none,2,0,0.0,0,none
2018-07-23,WH_NORTH,North FC,CAR_C,Carrier C,brinquedos,none,1,0,0.0,0,none
2018-07-23,WH_NORTH,North FC,CAR_C,Carrier C,cama_mesa_banho,none,1,0,0.0,0,none
2018-07-23,WH_NORTH,North FC,CAR_C,Carrier C,casa_construcao,none,1,0,0.0,0,none
2018-07-23,WH_NORTH,North FC,CAR_C,Carrier C,eletroportateis,none,1,0,0.0,0,none
2018-07-23,WH_NORTH,North FC,CAR_C,Carrier C,informatica_acessorios,none,2,0,0.0,0,none
2018-07-23,WH_NORTH,North FC,CAR_C,Carrier C,papelaria,none,1,0,0.0,0,none
2018-07-23,WH_NORTH,North FC,CAR_C,Carrier C,relogios_presentes,none,2,0,0.0,0,none
2018-07-23,WH_NORTH,North FC,CAR_C,Carrier C,unknown,none,1,0,0.0,0,none
2018-07-23,WH_NORTH,North FC,CAR_D,Carrier D,construcao_ferramentas_construcao,none,1,0,0.0,0,none
2018-07-23,WH_NORTH,North FC,CAR_D,Carrier D,esporte_lazer,none,1,0,0.0,0,none
2018-07-23,WH_SOUTH,South FC,CAR_A,Carrier A,automotivo,none,6,0,0.0,0,none
2018-07-23,WH_SOUTH,South FC,CAR_A,Carrier A,bebidas,none,1,0,0.0,0,none
2018-07-23,WH_SOUTH,South FC,CAR_A,Carrier A,beleza_saude,none,8,0,0.0,0,none
2018-07-23,WH_SOUTH,South FC,CAR_A,Carrier A,cama_mesa_banho,none,6,0,0.0,0,none
2018-07-23,WH_SOUTH,South FC,CAR_A,Carrier A,casa_construcao,none,1,0,0.0,0,none
2018-07-23,WH_SOUTH,South FC,CAR_A,Carrier A,construcao_ferramentas_construcao,refund,1,1,100.0,0,none
2018-07-23,WH_SOUTH,South FC,CAR_A,Carrier A,construcao_ferramentas_iluminacao,none,1,0,0.0,0,none
2018-07-23,WH_SOUTH,South FC,CAR_A,Carrier A,cool_stuff,none,5,0,0.0,0,none
2018-07-23,WH_SOUTH,South FC,CAR_A,Carrier A,eletrodomesticos,none,1,0,0.0,0,none
2018-07-23,WH_SOUTH,South FC,CAR_A,Carrier A,eletronicos,none,3,0,0.0,0,none
2018-07-23,WH_SOUTH,South FC,CAR_A,Carrier A,eletroportateis,none,1,0,0.0,0,none
2018-07-23,WH_SOUTH,South FC,CAR_A,Carrier A,esporte_lazer,none,7,0,0.0,0,none
2018-07-23,WH_SOUTH,South FC,CAR_A,Carrier A,informatica_acessorios,none,2,0,0.0,0,none
2018-07-23,WH_SOUTH,South FC,CAR_A,Carrier A,instrumentos_musicais,none,1,0,0.0,0,none
2018-07-23,WH_SOUTH,South FC,CAR_A,Carrier A,malas_acessorios,none,1,0,0.0,0,none
2018-07-23,WH_SOUTH,South FC,CAR_A,Carrier A,moveis_decoracao,none,6,0,0.0,0,none
2018-07-23,WH_SOUTH,South FC,CAR_A,Carrier A,moveis_escritorio,none,1,0,0.0,0,none
2018-07-23,WH_SOUTH,South FC,CAR_A,Carrier A,papelaria,none,2,0,0.0,0,none
2018-07-23,WH_SOUTH,South FC,CAR_A,Carrier A,perfumaria,none,5,0,0.0,0,none
2018-07-23,WH_SOUTH,South FC,CAR_A,Carrier A,pet_shop,none,2,0,0.0,0,none
2018-07-23,WH_SOUTH,South FC,CAR_A,Carrier A,relogios_presentes,none,5,0,0.0,0,none
2018-07-23,WH_SOUTH,South FC,CAR_A,Carrier A,telefonia,none,3,0,0.0,0,none
2018-07-23,WH_SOUTH,South FC,CAR_A,Carrier A,unknown,none,1,0,0.0,0,none
2018-07-23,WH_SOUTH,South FC,CAR_A,Carrier A,utilidades_domesticas,none,7,0,0.0,0,none
2018-07-23,WH_SOUTH,South FC,CAR_B,Carrier B,agro_industria_e_comercio,none,1,0,0.0,0,none
2018-07-23,WH_SOUTH,South FC,CAR_B,Carrier B,alimentos,none,4,0,0.0,0,none
2018-07-23,WH_SOUTH,South FC,CAR_B,Carrier B,artigos_de_natal,none,1,0,0.0,0,none
2018-07-23,WH_SOUTH,South FC,CAR_B,Carrier B,automotivo,none,1,0,0.0,0,none
2018-07-23,WH_SOUTH,South FC,CAR_B,Carrier B,bebes,none,4,0,0.0,0,none
2018-07-23,WH_SOUTH,South FC,CAR_B,Carrier B,beleza_saude,none,7,0,0.0,0,none
2018-07-23,WH_SOUTH,South FC,CAR_B,Carrier B,cama_mesa_banho,none,4,0,0.0,0,none
2018-07-23,WH_SOUTH,South FC,CAR_B,Carrier B,casa_construcao,none,1,0,0.0,0,none
2018-07-23,WH_SOUTH,South FC,CAR_B,Carrier B,consoles_games,none,2,0,0.0,0,none
2018-07-23,WH_SOUTH,South FC,CAR_B,Carrier B,construcao_ferramentas_construcao,none,2,0,0.0,0,none
2018-07-23,WH_SOUTH,South FC,CAR_B,Carrier B,construcao_ferramentas_seguranca,none,1,0,0.0,0,none
2018-07-23,WH_SOUTH,South FC,CAR_B,Carrier B,eletrodomesticos,none,3,0,0.0,0,none
2018-07-23,WH_SOUTH,South FC,CAR_B,Carrier B,eletronicos,none,5,0,0.0,0,none
2018-07-23,WH_SOUTH,South FC,CAR_B,Carrier B,esporte_lazer,none,5,0,0.0,0,none
2018-07-23,WH_SOUTH,South FC,CAR_B,Carrier B,fashion_bolsas_e_acessorios,none,1,0,0.0,0,none
2018-07-23,WH_SOUTH,South FC,CAR_B,Carrier B,ferramentas_jardim,none,2,0,0.0,0,none
2018-07-23,WH_SOUTH,South FC,CAR_B,Carrier B,informatica_acessorios,missing,1,1,100.0,0,none
2018-07-23,WH_SOUTH,South FC,CAR_B,Carrier B,informatica_acessorios,none,5,0,0.0,0,none
2018-07-23,WH_SOUTH,South FC,CAR_B,Carrier B,instrumentos_musicais,none,1,0,0.0,0,none
2018-07-23,WH_SOUTH,South FC,CAR_B,Carrier B,livros_tecnicos,none,2,0,0.0,0,none
2018-07-23,WH_SOUTH,South FC,CAR_B,Carrier B,malas_acessorios,none,1,0,0.0,0,none
2018-07-23,WH_SOUTH,South FC,CAR_B,Carrier B,moveis_decoracao,none,7,0,0.0,0,none
2018-07-23,WH_SOUTH,South FC,CAR_B,Carrier B,moveis_sala,none,1,0,0.0,0,none
2018-07-23,WH_SOUTH,South FC,CAR_B,Carrier B,papelaria,none,1,0,0.0,0,none
2018-07-23,WH_SOUTH,South FC,CAR_B,Carrier B,perfumaria,none,2,0,0.0,0,none
2018-07-23,WH_SOUTH,South FC,CAR_B,Carrier B,pet_shop,none,1,0,0.0,0,none
2018-07-23,WH_SOUTH,South FC,CAR_B,Carrier B,pet_shop,refund,1,1,100.0,0,none
2018-07-23,WH_SOUTH,South FC,CAR_B,Carrier B,relogios_presentes,none,1,0,0.0,0,none
2018-07-23,WH_SOUTH,South FC,CAR_B,Carrier B,sinalizacao_e_seguranca,none,1,0,0.0,0,none
2018-07-23,WH_SOUTH,South FC,CAR_B,Carrier B,telefonia,none,2,0,0.0,0,none
2018-07-23,WH_SOUTH,South FC,CAR_B,Carrier B,utilidades_domesticas,none,6,0,0.0,0,none
2018-07-23,WH_SOUTH,South FC,CAR_C,Carrier C,agro_industria_e_comercio,none,1,0,0.0,0,none
2018-07-23,WH_SOUTH,South FC,CAR_C,Carrier C,automotivo,failed,1,1,100.0,0,none
2018-07-23,WH_SOUTH,South FC,CAR_C,Carrier C,automotivo,none,2,0,0.0,0,none
2018-07-23,WH_SOUTH,South FC,CAR_C,Carrier C,bebes,damaged,1,1,100.0,0,none
2018-07-23,WH_SOUTH,South FC,CAR_C,Carrier C,bebes,none,2,0,0.0,0,none
2018-07-23,WH_SOUTH,South FC,CAR_C,Carrier C,bebes,refund,1,1,100.0,0,none
2018-07-23,WH_SOUTH,South FC,CAR_C,Carrier C,beleza_saude,none,1,0,0.0,0,none
2018-07-23,WH_SOUTH,South FC,CAR_C,Carrier C,brinquedos,none,3,0,0.0,0,none
2018-07-23,WH_SOUTH,South FC,CAR_C,Carrier C,cama_mesa_banho,none,1,0,0.0,0,none
2018-07-23,WH_SOUTH,South FC,CAR_C,Carrier C,cama_mesa_banho,refund,1,1,100.0,0,none
2018-07-23,WH_SOUTH,South FC,CAR_C,Carrier C,eletronicos,damaged,1,1,100.0,0,none
2018-07-23,WH_SOUTH,South FC,CAR_C,Carrier C,esporte_lazer,none,2,0,0.0,0,none
2018-07-23,WH_SOUTH,South FC,CAR_C,Carrier C,informatica_acessorios,none,1,0,0.0,0,none
2018-07-23,WH_SOUTH,South FC,CAR_C,Carrier C,moveis_cozinha_area_de_servico_jantar_e_jardim,none,1,0,0.0,0,none
2018-07-23,WH_SOUTH,South FC,CAR_C,Carrier C,moveis_decoracao,none,5,0,0.0,0,none
2018-07-23,WH_SOUTH,South FC,CAR_C,Carrier C,perfumaria,none,1,0,0.0,0,none
2018-07-23,WH_SOUTH,South FC,CAR_C,Carrier C,pet_shop,none,1,0,0.0,0,none
2018-07-23,WH_SOUTH,South FC,CAR_C,Carrier C,relogios_presentes,none,3,0,0.0,0,none
2018-07-23,WH_SOUTH,South FC,CAR_C,Carrier C,telefonia,none,1,0,0.0,0,none
2018-07-23,WH_SOUTH,South FC,CAR_C,Carrier C,utilidades_domesticas,none,4,0,0.0,0,none
2018-07-23,WH_SOUTH,South FC,CAR_C,Carrier C,utilidades_domesticas,refund,1,1,100.0,0,none
2018-07-23,WH_SOUTH,South FC,CAR_D,Carrier D,automotivo,none,1,0,0.0,0,none
2018-07-23,WH_SOUTH,South FC,CAR_D,Carrier D,beleza_saude,none,1,0,0.0,0,none
2018-07-23,WH_SOUTH,South FC,CAR_D,Carrier D,brinquedos,none,2,0,0.0,0,none
2018-07-23,WH_SOUTH,South FC,CAR_D,Carrier D,cool_stuff,none,1,0,0.0,0,none
2018-07-23,WH_SOUTH,South FC,CAR_D,Carrier D,eletrodomesticos,none,1,0,0.0,0,none
2018-07-23,WH_SOUTH,South FC,CAR_D,Carrier D,esporte_lazer,missing,1,1,100.0,0,none
2018-07-23,WH_SOUTH,South FC,CAR_D,Carrier D,esporte_lazer,none,3,0,0.0,0,none
2018-07-23,WH_SOUTH,South FC,CAR_D,Carrier D,fashion_bolsas_e_acessorios,none,1,0,0.0,0,none
2018-07-23,WH_SOUTH,South FC,CAR_D,Carrier D,ferramentas_jardim,none,2,0,0.0,0,none
2018-07-23,WH_SOUTH,South FC,CAR_D,Carrier D,informatica_acessorios,none,2,0,0.0,0,none
2018-07-23,WH_SOUTH,South FC,CAR_D,Carrier D,market_place,none,1,0,0.0,0,none
2018-07-23,WH_SOUTH,South FC,CAR_D,Carrier D,moveis_decoracao,none,2,0,0.0,0,none
2018-07-23,WH_SOUTH,South FC,CAR_D,Carrier D,utilidades_domesticas,none,3,0,0.0,0,none
2018-07-23,WH_SOUTHEAST,Southeast FC,CAR_A,Carrier A,agro_industria_e_comercio,none,2,0,0.0,0,none
2018-07-23,WH_SOUTHEAST,Southeast FC,CAR_A,Carrier A,alimentos,none,5,0,0.0,0,none
2018-07-23,WH_SOUTHEAST,Southeast FC,CAR_A,Carrier A,alimentos_bebidas,none,1,0,0.0,0,none
2018-07-23,WH_SOUTHEAST,Southeast FC,CAR_A,Carrier A,artes,none,1,0,0.0,0,none
2018-07-23,WH_SOUTHEAST,Southeast FC,CAR_A,Carrier A,artes_e_artesanato,none,4,0,0.0,0,none
2018-07-23,WH_SOUTHEAST,Southeast FC,CAR_A,Carrier A,artigos_de_natal,none,1,0,0.0,0,none
2018-07-23,WH_SOUTHEAST,Southeast FC,CAR_A,Carrier A,audio,none,1,0,0.0,0,none
2018-07-23,WH_SOUTHEAST,Southeast FC,CAR_A,Carrier A,automotivo,damaged,2,2,100.0,0,none
2018-07-23,WH_SOUTHEAST,Southeast FC,CAR_A,Carrier A,automotivo,none,24,0,0.0,0,none
2018-07-23,WH_SOUTHEAST,Southeast FC,CAR_A,Carrier A,automotivo,wrong,1,1,100.0,0,none
2018-07-23,WH_SOUTHEAST,Southeast FC,CAR_A,Carrier A,bebes,failed,1,1,100.0,0,none
2018-07-23,WH_SOUTHEAST,Southeast FC,CAR_A,Carrier A,bebes,none,16,0,0.0,0,none
2018-07-23,WH_SOUTHEAST,Southeast FC,CAR_A,Carrier A,bebidas,none,1,0,0.0,0,none
2018-07-23,WH_SOUTHEAST,Southeast FC,CAR_A,Carrier A,beleza_saude,failed,1,1,100.0,0,none
2018-07-23,WH_SOUTHEAST,Southeast FC,CAR_A,Carrier A,beleza_saude,missing,1,1,100.0,0,none
2018-07-23,WH_SOUTHEAST,Southeast FC,CAR_A,Carrier A,beleza_saude,none,35,0,0.0,0,none
2018-07-23,WH_SOUTHEAST,Southeast FC,CAR_A,Carrier A,beleza_saude,refund,1,1,100.0,0,none
2018-07-23,WH_SOUTHEAST,Southeast FC,CAR_A,Carrier A,brinquedos,failed,1,1,100.0,0,none
2018-07-23,WH_SOUTHEAST,Southeast FC,CAR_A,Carrier A,brinquedos,none,9,0,0.0,0,none
2018-07-23,WH_SOUTHEAST,Southeast FC,CAR_A,Carrier A,cama_mesa_banho,failed,1,1,100.0,0,none
2018-07-23,WH_SOUTHEAST,Southeast FC,CAR_A,Carrier A,cama_mesa_banho,missing,1,1,100.0,0,none
2018-07-23,WH_SOUTHEAST,Southeast FC,CAR_A,Carrier A,cama_mesa_banho,none,27,0,0.0,0,none
2018-07-23,WH_SOUTHEAST,Southeast FC,CAR_A,Carrier A,casa_construcao,none,4,0,0.0,0,none
2018-07-23,WH_SOUTHEAST,Southeast FC,CAR_A,Carrier A,cine_foto,none,1,0,0.0,0,none
2018-07-23,WH_SOUTHEAST,Southeast FC,CAR_A,Carrier A,climatizacao,none,2,0,0.0,0,none
2018-07-23,WH_SOUTHEAST,Southeast FC,CAR_A,Carrier A,consoles_games,none,4,0,0.0,0,none
2018-07-23,WH_SOUTHEAST,Southeast FC,CAR_A,Carrier A,construcao_ferramentas_construcao,none,8,0,0.0,0,none
2018-07-23,WH_SOUTHEAST,Southeast FC,CAR_A,Carrier A,construcao_ferramentas_construcao,wrong,1,1,100.0,0,none
2018-07-23,WH_SOUTHEAST,Southeast FC,CAR_A,Carrier A,construcao_ferramentas_iluminacao,none,2,0,0.0,0,none
2018-07-23,WH_SOUTHEAST,Southeast FC,CAR_A,Carrier A,construcao_ferramentas_jardim,none,1,0,0.0,0,none
2018-07-23,WH_SOUTHEAST,Southeast FC,CAR_A,Carrier A,cool_stuff,none,2,0,0.0,0,none
2018-07-23,WH_SOUTHEAST,Southeast FC,CAR_A,Carrier A,cool_stuff,wrong,1,1,100.0,0,none
2018-07-23,WH_SOUTHEAST,Southeast FC,CAR_A,Carrier A,eletrodomesticos,none,4,0,0.0,0,none
2018-07-23,WH_SOUTHEAST,Southeast FC,CAR_A,Carrier A,eletrodomesticos_2,missing,1,1,100.0,0,none
2018-07-23,WH_SOUTHEAST,Southeast FC,CAR_A,Carrier A,eletrodomesticos_2,none,1,0,0.0,0,none
2018-07-23,WH_SOUTHEAST,Southeast FC,CAR_A,Carrier A,eletronicos,none,10,0,0.0,0,none
2018-07-23,WH_SOUTHEAST,Southeast FC,CAR_A,Carrier A,esporte_lazer,missing,1,1,100.0,0,none
2018-07-23,WH_SOUTHEAST,Southeast FC,CAR_A,Carrier A,esporte_lazer,none,36,0,0.0,0,none
2018-07-23,WH_SOUTHEAST,Southeast FC,CAR_A,Carrier A,esporte_lazer,wrong,1,1,100.0,0,none
2018-07-23,WH_SOUTHEAST,Southeast FC,CAR_A,Carrier A,fashion_bolsas_e_acessorios,none,7,0,0.0,0,none
2018-07-23,WH_SOUTHEAST,Southeast FC,CAR_A,Carrier A,fashion_underwear_e_moda_praia,none,1,0,0.0,0,none
2018-07-23,WH_SOUTHEAST,Southeast FC,CAR_A,Carrier A,ferramentas_jardim,none,12,0,0.0,0,none
2018-07-23,WH_SOUTHEAST,Southeast FC,CAR_A,Carrier A,ferramentas_jardim,wrong,1,1,100.0,0,none
2018-07-23,WH_SOUTHEAST,Southeast FC,CAR_A,Carrier A,informatica_acessorios,none,31,0,0.0,0,none
2018-07-23,WH_SOUTHEAST,Southeast FC,CAR_A,Carrier A,instrumentos_musicais,none,2,0,0.0,0,none
2018-07-23,WH_SOUTHEAST,Southeast FC,CAR_A,Carrier A,livros_interesse_geral,none,2,0,0.0,0,none
2018-07-23,WH_SOUTHEAST,Southeast FC,CAR_A,Carrier A,livros_tecnicos,none,3,0,0.0,0,none
2018-07-23,WH_SOUTHEAST,Southeast FC,CAR_A,Carrier A,malas_acessorios,none,1,0,0.0,0,none
2018-07-23,WH_SOUTHEAST,Southeast FC,CAR_A,Carrier A,moveis_cozinha_area_de_servico_jantar_e_jardim,none,2,0,0.0,0,none
2018-07-23,WH_SOUTHEAST,Southeast FC,CAR_A,Carrier A,moveis_decoracao,damaged,1,1,100.0,0,none
2018-07-23,WH_SOUTHEAST,Southeast FC,CAR_A,Carrier A,moveis_decoracao,none,22,0,0.0,0,none
2018-07-23,WH_SOUTHEAST,Southeast FC,CAR_A,Carrier A,moveis_escritorio,none,3,0,0.0,0,none
2018-07-23,WH_SOUTHEAST,Southeast FC,CAR_A,Carrier A,moveis_quarto,none,2,0,0.0,0,none
2018-07-23,WH_SOUTHEAST,Southeast FC,CAR_A,Carrier A,moveis_sala,none,2,0,0.0,0,none
2018-07-23,WH_SOUTHEAST,Southeast FC,CAR_A,Carrier A,papelaria,none,12,0,0.0,0,none
2018-07-23,WH_SOUTHEAST,Southeast FC,CAR_A,Carrier A,pcs,none,1,0,0.0,0,none
2018-07-23,WH_SOUTHEAST,Southeast FC,CAR_A,Carrier A,perfumaria,none,8,0,0.0,0,none
2018-07-23,WH_SOUTHEAST,Southeast FC,CAR_A,Carrier A,pet_shop,none,9,0,0.0,0,none
2018-07-23,WH_SOUTHEAST,Southeast FC,CAR_A,Carrier A,portateis_casa_forno_e_cafe,none,1,0,0.0,0,none
2018-07-23,WH_SOUTHEAST,Southeast FC,CAR_A,Carrier A,portateis_cozinha_e_preparadores_de_alimentos,failed,1,1,100.0,0,none
2018-07-23,WH_SOUTHEAST,Southeast FC,CAR_A,Carrier A,portateis_cozinha_e_preparadores_de_alimentos,none,1,0,0.0,0,none
2018-07-23,WH_SOUTHEAST,Southeast FC,CAR_A,Carrier A,relogios_presentes,none,27,0,0.0,0,none
2018-07-23,WH_SOUTHEAST,Southeast FC,CAR_A,Carrier A,sinalizacao_e_seguranca,none,1,0,0.0,0,none
2018-07-23,WH_SOUTHEAST,Southeast FC,CAR_A,Carrier A,telefonia,none,14,0,0.0,0,none
2018-07-23,WH_SOUTHEAST,Southeast FC,CAR_A,Carrier A,telefonia_fixa,none,1,0,0.0,0,none
2018-07-23,WH_SOUTHEAST,Southeast FC,CAR_A,Carrier A,unknown,none,2,0,0.0,0,none
2018-07-23,WH_SOUTHEAST,Southeast FC,CAR_A,Carrier A,utilidades_domesticas,none,34,0,0.0,0,none
2018-07-23,WH_SOUTHEAST,Southeast FC,CAR_B,Carrier B,agro_industria_e_comercio,none,2,0,0.0,0,none
2018-07-23,WH_SOUTHEAST,Southeast FC,CAR_B,Carrier B,alimentos,none,4,0,0.0,0,none
2018-07-23,WH_SOUTHEAST,Southeast FC,CAR_B,Carrier B,alimentos_bebidas,none,1,0,0.0,0,none
2018-07-23,WH_SOUTHEAST,Southeast FC,CAR_B,Carrier B,artes,none,1,0,0.0,0,none
2018-07-23,WH_SOUTHEAST,Southeast FC,CAR_B,Carrier B,artes_e_artesanato,none,1,0,0.0,0,none
2018-07-23,WH_SOUTHEAST,Southeast FC,CAR_B,Carrier B,artigos_de_natal,none,2,0,0.0,0,none
2018-07-23,WH_SOUTHEAST,Southeast FC,CAR_B,Carrier B,automotivo,none,16,0,0.0,0,none
2018-07-23,WH_SOUTHEAST,Southeast FC,CAR_B,Carrier B,bebes,none,17,0,0.0,0,none
2018-07-23,WH_SOUTHEAST,Southeast FC,CAR_B,Carrier B,beleza_saude,none,33,0,0.0,0,none
2018-07-23,WH_SOUTHEAST,Southeast FC,CAR_B,Carrier B,brinquedos,none,8,0,0.0,0,none
2018-07-23,WH_SOUTHEAST,Southeast FC,CAR_B,Carrier B,cama_mesa_banho,none,40,0,0.0,0,none
2018-07-23,WH_SOUTHEAST,Southeast FC,CAR_B,Carrier B,casa_conforto,damaged,1,1,100.0,0,none
2018-07-23,WH_SOUTHEAST,Southeast FC,CAR_B,Carrier B,casa_conforto,none,2,0,0.0,0,none
2018-07-23,WH_SOUTHEAST,Southeast FC,CAR_B,Carrier B,casa_construcao,none,3,0,0.0,0,none
2018-07-23,WH_SOUTHEAST,Southeast FC,CAR_B,Carrier B,climatizacao,none,2,0,0.0,0,none
2018-07-23,WH_SOUTHEAST,Southeast FC,CAR_B,Carrier B,consoles_games,none,3,0,0.0,0,none
2018-07-23,WH_SOUTHEAST,Southeast FC,CAR_B,Carrier B,construcao_ferramentas_construcao,none,8,0,0.0,0,none
2018-07-23,WH_SOUTHEAST,Southeast FC,CAR_B,Carrier B,construcao_ferramentas_ferramentas,none,2,0,0.0,0,none
2018-07-23,WH_SOUTHEAST,Southeast FC,CAR_B,Carrier B,construcao_ferramentas_jardim,none,3,0,0.0,0,none
2018-07-23,WH_SOUTHEAST,Southeast FC,CAR_B,Carrier B,cool_stuff,none,8,0,0.0,0,none
2018-07-23,WH_SOUTHEAST,Southeast FC,CAR_B,Carrier B,eletrodomesticos,failed,1,1,100.0,0,none
2018-07-23,WH_SOUTHEAST,Southeast FC,CAR_B,Carrier B,eletrodomesticos,none,3,0,0.0,0,none
2018-07-23,WH_SOUTHEAST,Southeast FC,CAR_B,Carrier B,eletrodomesticos,refund,1,1,100.0,0,none
2018-07-23,WH_SOUTHEAST,Southeast FC,CAR_B,Carrier B,eletronicos,none,3,0,0.0,0,none
2018-07-23,WH_SOUTHEAST,Southeast FC,CAR_B,Carrier B,esporte_lazer,none,21,0,0.0,0,none
2018-07-23,WH_SOUTHEAST,Southeast FC,CAR_B,Carrier B,fashion_bolsas_e_acessorios,none,6,0,0.0,0,none
2018-07-23,WH_SOUTHEAST,Southeast FC,CAR_B,Carrier B,fashion_roupa_masculina,none,2,0,0.0,0,none
2018-07-23,WH_SOUTHEAST,Southeast FC,CAR_B,Carrier B,ferramentas_jardim,failed,1,1,100.0,0,none
2018-07-23,WH_SOUTHEAST,Southeast FC,CAR_B,Carrier B,ferramentas_jardim,missing,1,1,100.0,0,none
2018-07-23,WH_SOUTHEAST,Southeast FC,CAR_B,Carrier B,ferramentas_jardim,none,14,0,0.0,0,none
2018-07-23,WH_SOUTHEAST,Southeast FC,CAR_B,Carrier B,informatica_acessorios,missing,1,1,100.0,0,none
2018-07-23,WH_SOUTHEAST,Southeast FC,CAR_B,Carrier B,informatica_acessorios,none,23,0,0.0,0,none
2018-07-23,WH_SOUTHEAST,Southeast FC,CAR_B,Carrier B,informatica_acessorios,refund,1,1,100.0,0,none
2018-07-23,WH_SOUTHEAST,Southeast FC,CAR_B,Carrier B,instrumentos_musicais,none,3,0,0.0,0,none
2018-07-23,WH_SOUTHEAST,Southeast FC,CAR_B,Carrier B,livros_interesse_geral,none,5,0,0.0,0,none
2018-07-23,WH_SOUTHEAST,Southeast FC,CAR_B,Carrier B,livros_tecnicos,missing,1,1,100.0,0,none
2018-07-23,WH_SOUTHEAST,Southeast FC,CAR_B,Carrier B,malas_acessorios,none,5,0,0.0,0,none
2018-07-23,WH_SOUTHEAST,Southeast FC,CAR_B,Carrier B,moveis_cozinha_area_de_servico_jantar_e_jardim,none,1,0,0.0,0,none
2018-07-23,WH_SOUTHEAST,Southeast FC,CAR_B,Carrier B,moveis_decoracao,none,15,0,0.0,0,none
2018-07-23,WH_SOUTHEAST,Southeast FC,CAR_B,Carrier B,moveis_escritorio,none,4,0,0.0,0,none
2018-07-23,WH_SOUTHEAST,Southeast FC,CAR_B,Carrier B,moveis_quarto,none,2,0,0.0,0,none
2018-07-23,WH_SOUTHEAST,Southeast FC,CAR_B,Carrier B,moveis_sala,none,5,0,0.0,0,none
2018-07-23,WH_SOUTHEAST,Southeast FC,CAR_B,Carrier B,papelaria,none,11,0,0.0,0,none
2018-07-23,WH_SOUTHEAST,Southeast FC,CAR_B,Carrier B,papelaria,wrong,1,1,100.0,0,none
2018-07-23,WH_SOUTHEAST,Southeast FC,CAR_B,Carrier B,pcs,none,1,0,0.0,0,none
2018-07-23,WH_SOUTHEAST,Southeast FC,CAR_B,Carrier B,perfumaria,none,14,0,0.0,0,none
2018-07-23,WH_SOUTHEAST,Southeast FC,CAR_B,Carrier B,pet_shop,none,8,0,0.0,0,none
2018-07-23,WH_SOUTHEAST,Southeast FC,CAR_B,Carrier B,portateis_casa_forno_e_cafe,none,3,0,0.0,0,none
2018-07-23,WH_SOUTHEAST,Southeast FC,CAR_B,Carrier B,portateis_cozinha_e_preparadores_de_alimentos,none,1,0,0.0,0,none
2018-07-23,WH_SOUTHEAST,Southeast FC,CAR_B,Carrier B,relogios_presentes,failed,1,1,100.0,0,none
2018-07-23,WH_SOUTHEAST,Southeast FC,CAR_B,Carrier B,relogios_presentes,missing,1,1,100.0,0,none
2018-07-23,WH_SOUTHEAST,Southeast FC,CAR_B,Carrier B,relogios_presentes,none,24,0,0.0,0,none
2018-07-23,WH_SOUTHEAST,Southeast FC,CAR_B,Carrier B,relogios_presentes,wrong,1,1,100.0,0,none
2018-07-23,WH_SOUTHEAST,Southeast FC,CAR_B,Carrier B,sinalizacao_e_seguranca,none,1,0,0.0,0,none
2018-07-23,WH_SOUTHEAST,Southeast FC,CAR_B,Carrier B,telefonia,none,15,0,0.0,0,none
2018-07-23,WH_SOUTHEAST,Southeast FC,CAR_B,Carrier B,telefonia_fixa,none,1,0,0.0,0,none
2018-07-23,WH_SOUTHEAST,Southeast FC,CAR_B,Carrier B,unknown,none,5,0,0.0,0,none
2018-07-23,WH_SOUTHEAST,Southeast FC,CAR_B,Carrier B,utilidades_domesticas,none,37,0,0.0,0,none
2018-07-23,WH_SOUTHEAST,Southeast FC,CAR_C,Carrier C,agro_industria_e_comercio,none,3,0,0.0,0,none
2018-07-23,WH_SOUTHEAST,Southeast FC,CAR_C,Carrier C,alimentos,none,1,0,0.0,0,none
2018-07-23,WH_SOUTHEAST,Southeast FC,CAR_C,Carrier C,alimentos_bebidas,none,1,0,0.0,0,none
2018-07-23,WH_SOUTHEAST,Southeast FC,CAR_C,Carrier C,artes,none,1,0,0.0,0,none
2018-07-23,WH_SOUTHEAST,Southeast FC,CAR_C,Carrier C,artes_e_artesanato,none,1,0,0.0,0,none
2018-07-23,WH_SOUTHEAST,Southeast FC,CAR_C,Carrier C,audio,none,1,0,0.0,0,none
2018-07-23,WH_SOUTHEAST,Southeast FC,CAR_C,Carrier C,automotivo,none,19,0,0.0,0,none
2018-07-23,WH_SOUTHEAST,Southeast FC,CAR_C,Carrier C,bebes,missing,1,1,100.0,0,none
2018-07-23,WH_SOUTHEAST,Southeast FC,CAR_C,Carrier C,bebes,none,8,0,0.0,0,none
2018-07-23,WH_SOUTHEAST,Southeast FC,CAR_C,Carrier C,bebes,wrong,2,2,100.0,0,none
2018-07-23,WH_SOUTHEAST,Southeast FC,CAR_C,Carrier C,beleza_saude,damaged,1,1,100.0,0,none
2018-07-23,WH_SOUTHEAST,Southeast FC,CAR_C,Carrier C,beleza_saude,none,22,0,0.0,0,none
2018-07-23,WH_SOUTHEAST,Southeast FC,CAR_C,Carrier C,beleza_saude,refund,1,1,100.0,0,none
2018-07-23,WH_SOUTHEAST,Southeast FC,CAR_C,Carrier C,brinquedos,none,3,0,0.0,0,none
2018-07-23,WH_SOUTHEAST,Southeast FC,CAR_C,Carrier C,cama_mesa_banho,damaged,1,1,100.0,0,none
2018-07-23,WH_SOUTHEAST,Southeast FC,CAR_C,Carrier C,cama_mesa_banho,failed,2,2,100.0,0,none
2018-07-23,WH_SOUTHEAST,Southeast FC,CAR_C,Carrier C,cama_mesa_banho,none,15,0,0.0,0,none
2018-07-23,WH_SOUTHEAST,Southeast FC,CAR_C,Carrier C,casa_conforto,none,1,0,0.0,0,none
2018-07-23,WH_SOUTHEAST,Southeast FC,CAR_C,Carrier C,casa_construcao,none,2,0,0.0,0,none
2018-07-23,WH_SOUTHEAST,Southeast FC,CAR_C,Carrier C,climatizacao,none,1,0,0.0,0,none
2018-07-23,WH_SOUTHEAST,Southeast FC,CAR_C,Carrier C,consoles_games,none,3,0,0.0,0,none
2018-07-23,WH_SOUTHEAST,Southeast FC,CAR_C,Carrier C,construcao_ferramentas_construcao,missing,1,1,100.0,0,none
2018-07-23,WH_SOUTHEAST,Southeast FC,CAR_C,Carrier C,construcao_ferramentas_construcao,none,2,0,0.0,0,none
2018-07-23,WH_SOUTHEAST,Southeast FC,CAR_C,Carrier C,construcao_ferramentas_ferramentas,none,1,0,0.0,0,none
2018-07-23,WH_SOUTHEAST,Southeast FC,CAR_C,Carrier C,construcao_ferramentas_iluminacao,none,2,0,0.0,0,none
2018-07-23,WH_SOUTHEAST,Southeast FC,CAR_C,Carrier C,construcao_ferramentas_jardim,none,3,0,0.0,0,none
2018-07-23,WH_SOUTHEAST,Southeast FC,CAR_C,Carrier C,construcao_ferramentas_seguranca,damaged,1,1,100.0,0,none
2018-07-23,WH_SOUTHEAST,Southeast FC,CAR_C,Carrier C,cool_stuff,none,4,0,0.0,0,none
2018-07-23,WH_SOUTHEAST,Southeast FC,CAR_C,Carrier C,eletrodomesticos,none,3,0,0.0,0,none
2018-07-23,WH_SOUTHEAST,Southeast FC,CAR_C,Carrier C,eletrodomesticos_2,none,1,0,0.0,0,none
2018-07-23,WH_SOUTHEAST,Southeast FC,CAR_C,Carrier C,eletronicos,none,5,0,0.0,0,none
2018-07-23,WH_SOUTHEAST,Southeast FC,CAR_C,Carrier C,eletroportateis,none,2,0,0.0,0,none
2018-07-23,WH_SOUTHEAST,Southeast FC,CAR_C,Carrier C,esporte_lazer,missing,1,1,100.0,0,none
2018-07-23,WH_SOUTHEAST,Southeast FC,CAR_C,Carrier C,esporte_lazer,none,14,0,0.0,0,none
2018-07-23,WH_SOUTHEAST,Southeast FC,CAR_C,Carrier C,fashion_bolsas_e_acessorios,none,7,0,0.0,0,none
2018-07-23,WH_SOUTHEAST,Southeast FC,CAR_C,Carrier C,fashion_roupa_masculina,none,1,0,0.0,0,none
2018-07-23,WH_SOUTHEAST,Southeast FC,CAR_C,Carrier C,fashion_roupa_masculina,refund,1,1,100.0,0,none
2018-07-23,WH_SOUTHEAST,Southeast FC,CAR_C,Carrier C,ferramentas_jardim,none,6,0,0.0,0,none
2018-07-23,WH_SOUTHEAST,Southeast FC,CAR_C,Carrier C,informatica_acessorios,failed,1,1,100.0,0,none
2018-07-23,WH_SOUTHEAST,Southeast FC,CAR_C,Carrier C,informatica_acessorios,none,15,0,0.0,0,none
2018-07-23,WH_SOUTHEAST,Southeast FC,CAR_C,Carrier C,instrumentos_musicais,none,1,0,0.0,0,none
2018-07-23,WH_SOUTHEAST,Southeast FC,CAR_C,Carrier C,livros_tecnicos,none,1,0,0.0,0,none
2018-07-23,WH_SOUTHEAST,Southeast FC,CAR_C,Carrier C,malas_acessorios,none,3,0,0.0,0,none
2018-07-23,WH_SOUTHEAST,Southeast FC,CAR_C,Carrier C,market_place,none,1,0,0.0,0,none
2018-07-23,WH_SOUTHEAST,Southeast FC,CAR_C,Carrier C,moveis_cozinha_area_de_servico_jantar_e_jardim,none,1,0,0.0,0,none
2018-07-23,WH_SOUTHEAST,Southeast FC,CAR_C,Carrier C,moveis_decoracao,damaged,1,1,100.0,0,none
2018-07-23,WH_SOUTHEAST,Southeast FC,CAR_C,Carrier C,moveis_decoracao,none,15,0,0.0,0,none
2018-07-23,WH_SOUTHEAST,Southeast FC,CAR_C,Carrier C,moveis_escritorio,none,2,0,0.0,0,none
2018-07-23,WH_SOUTHEAST,Southeast FC,CAR_C,Carrier C,moveis_quarto,none,2,0,0.0,0,none
2018-07-23,WH_SOUTHEAST,Southeast FC,CAR_C,Carrier C,moveis_sala,none,2,0,0.0,0,none
2018-07-23,WH_SOUTHEAST,Southeast FC,CAR_C,Carrier C,papelaria,none,7,0,0.0,0,none
2018-07-23,WH_SOUTHEAST,Southeast FC,CAR_C,Carrier C,perfumaria,none,11,0,0.0,0,none
2018-07-23,WH_SOUTHEAST,Southeast FC,CAR_C,Carrier C,pet_shop,none,5,0,0.0,0,none
2018-07-23,WH_SOUTHEAST,Southeast FC,CAR_C,Carrier C,relogios_presentes,damaged,1,1,100.0,0,none
2018-07-23,WH_SOUTHEAST,Southeast FC,CAR_C,Carrier C,relogios_presentes,missing,1,1,100.0,0,none
2018-07-23,WH_SOUTHEAST,Southeast FC,CAR_C,Carrier C,relogios_presentes,none,15,0,0.0,0,none
2018-07-23,WH_SOUTHEAST,Southeast FC,CAR_C,Carrier C,relogios_presentes,wrong,1,1,100.0,0,none
2018-07-23,WH_SOUTHEAST,Southeast FC,CAR_C,Carrier C,sinalizacao_e_seguranca,none,1,0,0.0,0,none
2018-07-23,WH_SOUTHEAST,Southeast FC,CAR_C,Carrier C,telefonia,none,12,0,0.0,0,none
2018-07-23,WH_SOUTHEAST,Southeast FC,CAR_C,Carrier C,telefonia,refund,1,1,100.0,0,none
2018-07-23,WH_SOUTHEAST,Southeast FC,CAR_C,Carrier C,unknown,none,2,0,0.0,0,none
2018-07-23,WH_SOUTHEAST,Southeast FC,CAR_C,Carrier C,utilidades_domesticas,none,16,0,0.0,0,none
2018-07-23,WH_SOUTHEAST,Southeast FC,CAR_D,Carrier D,alimentos,none,2,0,0.0,0,none
2018-07-23,WH_SOUTHEAST,Southeast FC,CAR_D,Carrier D,alimentos_bebidas,none,1,0,0.0,0,none
2018-07-23,WH_SOUTHEAST,Southeast FC,CAR_D,Carrier D,artigos_de_natal,none,1,0,0.0,0,none
2018-07-23,WH_SOUTHEAST,Southeast FC,CAR_D,Carrier D,audio,none,1,0,0.0,0,none
2018-07-23,WH_SOUTHEAST,Southeast FC,CAR_D,Carrier D,automotivo,none,10,0,0.0,0,none
2018-07-23,WH_SOUTHEAST,Southeast FC,CAR_D,Carrier D,bebes,none,4,0,0.0,0,none
2018-07-23,WH_SOUTHEAST,Southeast FC,CAR_D,Carrier D,bebidas,none,1,0,0.0,0,none
2018-07-23,WH_SOUTHEAST,Southeast FC,CAR_D,Carrier D,beleza_saude,damaged,1,1,100.0,0,none
2018-07-23,WH_SOUTHEAST,Southeast FC,CAR_D,Carrier D,beleza_saude,none,14,0,0.0,0,none
2018-07-23,WH_SOUTHEAST,Southeast FC,CAR_D,Carrier D,brinquedos,none,4,0,0.0,0,none
2018-07-23,WH_SOUTHEAST,Southeast FC,CAR_D,Carrier D,cama_mesa_banho,none,15,0,0.0,0,none
2018-07-23,WH_SOUTHEAST,Southeast FC,CAR_D,Carrier D,casa_conforto,none,3,0,0.0,0,none
2018-07-23,WH_SOUTHEAST,Southeast FC,CAR_D,Carrier D,casa_construcao,none,1,0,0.0,0,none
2018-07-23,WH_SOUTHEAST,Southeast FC,CAR_D,Carrier D,climatizacao,none,1,0,0.0,0,none
2018-07-23,WH_SOUTHEAST,Southeast FC,CAR_D,Carrier D,consoles_games,none,1,0,0.0,0,none
2018-07-23,WH_SOUTHEAST,Southeast FC,CAR_D,Carrier D,construcao_ferramentas_construcao,none,3,0,0.0,0,none
2018-07-23,WH_SOUTHEAST,Southeast FC,CAR_D,Carrier D,construcao_ferramentas_iluminacao,none,1,0,0.0,0,none
2018-07-23,WH_SOUTHEAST,Southeast FC,CAR_D,Carrier D,construcao_ferramentas_jardim,failed,1,1,100.0,0,none
2018-07-23,WH_SOUTHEAST,Southeast FC,CAR_D,Carrier D,cool_stuff,none,3,0,0.0,0,none
2018-07-23,WH_SOUTHEAST,Southeast FC,CAR_D,Carrier D,eletrodomesticos,none,1,0,0.0,0,none
2018-07-23,WH_SOUTHEAST,Southeast FC,CAR_D,Carrier D,eletronicos,none,4,0,0.0,0,none
2018-07-23,WH_SOUTHEAST,Southeast FC,CAR_D,Carrier D,esporte_lazer,none,9,0,0.0,0,none
2018-07-23,WH_SOUTHEAST,Southeast FC,CAR_D,Carrier D,esporte_lazer,wrong,1,1,100.0,0,none
2018-07-23,WH_SOUTHEAST,Southeast FC,CAR_D,Carrier D,fashion_bolsas_e_acessorios,none,2,0,0.0,0,none
2018-07-23,WH_SOUTHEAST,Southeast FC,CAR_D,Carrier D,fashion_bolsas_e_acessorios,refund,1,1,100.0,0,none
2018-07-23,WH_SOUTHEAST,Southeast FC,CAR_D,Carrier D,ferramentas_jardim,none,5,0,0.0,0,none
2018-07-23,WH_SOUTHEAST,Southeast FC,CAR_D,Carrier D,informatica_acessorios,none,5,0,0.0,0,none
2018-07-23,WH_SOUTHEAST,Southeast FC,CAR_D,Carrier D,informatica_acessorios,wrong,1,1,100.0,0,none
2018-07-23,WH_SOUTHEAST,Southeast FC,CAR_D,Carrier D,instrumentos_musicais,none,1,0,0.0,0,none
2018-07-23,WH_SOUTHEAST,Southeast FC,CAR_D,Carrier D,livros_interesse_geral,damaged,1,1,100.0,0,none
2018-07-23,WH_SOUTHEAST,Southeast FC,CAR_D,Carrier D,malas_acessorios,none,2,0,0.0,0,none
2018-07-23,WH_SOUTHEAST,Southeast FC,CAR_D,Carrier D,malas_acessorios,refund,1,1,100.0,0,none
2018-07-23,WH_SOUTHEAST,Southeast FC,CAR_D,Carrier D,moveis_decoracao,failed,1,1,100.0,0,none
2018-07-23,WH_SOUTHEAST,Southeast FC,CAR_D,Carrier D,moveis_decoracao,none,13,0,0.0,0,none
2018-07-23,WH_SOUTHEAST,Southeast FC,CAR_D,Carrier D,moveis_sala,none,1,0,0.0,0,none
2018-07-23,WH_SOUTHEAST,Southeast FC,CAR_D,Carrier D,papelaria,none,6,0,0.0,0,none
2018-07-23,WH_SOUTHEAST,Southeast FC,CAR_D,Carrier D,papelaria,wrong,1,1,100.0,0,none
2018-07-23,WH_SOUTHEAST,Southeast FC,CAR_D,Carrier D,pc_gamer,none,1,0,0.0,0,none
2018-07-23,WH_SOUTHEAST,Southeast FC,CAR_D,Carrier D,perfumaria,missing,1,1,100.0,0,none
2018-07-23,WH_SOUTHEAST,Southeast FC,CAR_D,Carrier D,perfumaria,none,5,0,0.0,0,none
2018-07-23,WH_SOUTHEAST,Southeast FC,CAR_D,Carrier D,perfumaria,refund,1,1,100.0,0,none
2018-07-23,WH_SOUTHEAST,Southeast FC,CAR_D,Carrier D,pet_shop,none,4,0,0.0,0,none
2018-07-23,WH_SOUTHEAST,Southeast FC,CAR_D,Carrier D,portateis_casa_forno_e_cafe,none,3,0,0.0,0,none
2018-07-23,WH_SOUTHEAST,Southeast FC,CAR_D,Carrier D,portateis_cozinha_e_preparadores_de_alimentos,none,1,0,0.0,0,none
2018-07-23,WH_SOUTHEAST,Southeast FC,CAR_D,Carrier D,relogios_presentes,none,13,0,0.0,0,none
2018-07-23,WH_SOUTHEAST,Southeast FC,CAR_D,Carrier D,telefonia,none,6,0,0.0,0,none
2018-07-23,WH_SOUTHEAST,Southeast FC,CAR_D,Carrier D,unknown,none,3,0,0.0,0,none
2018-07-23,WH_SOUTHEAST,Southeast FC,CAR_D,Carrier D,utilidades_domesticas,none,12,0,0.0,0,none
2018-07-30,WH_CENTRAL_WEST,Central-West FC,CAR_A,Carrier A,audio,none,1,0,0.0,0,none
2018-07-30,WH_CENTRAL_WEST,Central-West FC,CAR_A,Carrier A,automotivo,missing,1,1,100.0,0,none
2018-07-30,WH_CENTRAL_WEST,Central-West FC,CAR_A,Carrier A,bebes,none,1,0,0.0,0,none
2018-07-30,WH_CENTRAL_WEST,Central-West FC,CAR_A,Carrier A,beleza_saude,none,4,0,0.0,0,none
2018-07-30,WH_CENTRAL_WEST,Central-West FC,CAR_A,Carrier A,cama_mesa_banho,none,1,0,0.0,0,none
2018-07-30,WH_CENTRAL_WEST,Central-West FC,CAR_A,Carrier A,casa_construcao,none,1,0,0.0,0,none
2018-07-30,WH_CENTRAL_WEST,Central-West FC,CAR_A,Carrier A,climatizacao,none,1,0,0.0,0,none
2018-07-30,WH_CENTRAL_WEST,Central-West FC,CAR_A,Carrier A,construcao_ferramentas_iluminacao,none,1,0,0.0,0,none
2018-07-30,WH_CENTRAL_WEST,Central-West FC,CAR_A,Carrier A,cool_stuff,none,1,0,0.0,0,none
2018-07-30,WH_CENTRAL_WEST,Central-West FC,CAR_A,Carrier A,eletroportateis,none,1,0,0.0,0,none
2018-07-30,WH_CENTRAL_WEST,Central-West FC,CAR_A,Carrier A,esporte_lazer,none,1,0,0.0,0,none
2018-07-30,WH_CENTRAL_WEST,Central-West FC,CAR_A,Carrier A,fashion_bolsas_e_acessorios,none,2,0,0.0,0,none
2018-07-30,WH_CENTRAL_WEST,Central-West FC,CAR_A,Carrier A,fashion_roupa_masculina,none,1,0,0.0,0,none
2018-07-30,WH_CENTRAL_WEST,Central-West FC,CAR_A,Carrier A,informatica_acessorios,none,2,0,0.0,0,none
2018-07-30,WH_CENTRAL_WEST,Central-West FC,CAR_A,Carrier A,instrumentos_musicais,none,1,0,0.0,0,none
2018-07-30,WH_CENTRAL_WEST,Central-West FC,CAR_A,Carrier A,malas_acessorios,none,1,0,0.0,0,none
2018-07-30,WH_CENTRAL_WEST,Central-West FC,CAR_A,Carrier A,moveis_decoracao,none,2,0,0.0,0,none
2018-07-30,WH_CENTRAL_WEST,Central-West FC,CAR_A,Carrier A,papelaria,none,3,0,0.0,0,none
2018-07-30,WH_CENTRAL_WEST,Central-West FC,CAR_A,Carrier A,perfumaria,none,1,0,0.0,0,none
2018-07-30,WH_CENTRAL_WEST,Central-West FC,CAR_A,Carrier A,relogios_presentes,none,4,0,0.0,0,none
2018-07-30,WH_CENTRAL_WEST,Central-West FC,CAR_A,Carrier A,telefonia,none,1,0,0.0,0,none
2018-07-30,WH_CENTRAL_WEST,Central-West FC,CAR_A,Carrier A,utilidades_domesticas,refund,1,1,100.0,0,none
2018-07-30,WH_CENTRAL_WEST,Central-West FC,CAR_A,Carrier A,utilidades_domesticas,wrong,1,1,100.0,0,none
2018-07-30,WH_CENTRAL_WEST,Central-West FC,CAR_B,Carrier B,alimentos,none,1,0,0.0,0,none
2018-07-30,WH_CENTRAL_WEST,Central-West FC,CAR_B,Carrier B,automotivo,none,1,0,0.0,0,none
2018-07-30,WH_CENTRAL_WEST,Central-West FC,CAR_B,Carrier B,beleza_saude,none,2,0,0.0,0,none
2018-07-30,WH_CENTRAL_WEST,Central-West FC,CAR_B,Carrier B,brinquedos,none,1,0,0.0,0,none
2018-07-30,WH_CENTRAL_WEST,Central-West FC,CAR_B,Carrier B,casa_construcao,damaged,1,1,100.0,0,none
2018-07-30,WH_CENTRAL_WEST,Central-West FC,CAR_B,Carrier B,climatizacao,none,1,0,0.0,0,none
2018-07-30,WH_CENTRAL_WEST,Central-West FC,CAR_B,Carrier B,construcao_ferramentas_construcao,none,1,0,0.0,0,none
2018-07-30,WH_CENTRAL_WEST,Central-West FC,CAR_B,Carrier B,cool_stuff,none,1,0,0.0,0,none
2018-07-30,WH_CENTRAL_WEST,Central-West FC,CAR_B,Carrier B,eletrodomesticos_2,none,1,0,0.0,0,none
2018-07-30,WH_CENTRAL_WEST,Central-West FC,CAR_B,Carrier B,eletronicos,none,1,0,0.0,0,none
2018-07-30,WH_CENTRAL_WEST,Central-West FC,CAR_B,Carrier B,esporte_lazer,none,7,0,0.0,0,none
2018-07-30,WH_CENTRAL_WEST,Central-West FC,CAR_B,Carrier B,informatica_acessorios,none,1,0,0.0,0,none
2018-07-30,WH_CENTRAL_WEST,Central-West FC,CAR_B,Carrier B,moveis_decoracao,none,1,0,0.0,0,none
2018-07-30,WH_CENTRAL_WEST,Central-West FC,CAR_B,Carrier B,perfumaria,none,2,0,0.0,0,none
2018-07-30,WH_CENTRAL_WEST,Central-West FC,CAR_B,Carrier B,relogios_presentes,none,2,0,0.0,0,none
2018-07-30,WH_CENTRAL_WEST,Central-West FC,CAR_B,Carrier B,sinalizacao_e_seguranca,none,1,0,0.0,0,none
2018-07-30,WH_CENTRAL_WEST,Central-West FC,CAR_B,Carrier B,telefonia,none,2,0,0.0,0,none
2018-07-30,WH_CENTRAL_WEST,Central-West FC,CAR_B,Carrier B,utilidades_domesticas,none,3,0,0.0,0,none
2018-07-30,WH_CENTRAL_WEST,Central-West FC,CAR_B,Carrier B,utilidades_domesticas,wrong,1,1,100.0,0,none
2018-07-30,WH_CENTRAL_WEST,Central-West FC,CAR_C,Carrier C,artes,none,1,0,0.0,0,none
2018-07-30,WH_CENTRAL_WEST,Central-West FC,CAR_C,Carrier C,automotivo,none,2,0,0.0,0,none
2018-07-30,WH_CENTRAL_WEST,Central-West FC,CAR_C,Carrier C,bebes,none,3,0,0.0,0,none
2018-07-30,WH_CENTRAL_WEST,Central-West FC,CAR_C,Carrier C,beleza_saude,missing,1,1,100.0,0,none
2018-07-30,WH_CENTRAL_WEST,Central-West FC,CAR_C,Carrier C,beleza_saude,none,2,0,0.0,0,none
2018-07-30,WH_CENTRAL_WEST,Central-West FC,CAR_C,Carrier C,cama_mesa_banho,none,1,0,0.0,0,none
2018-07-30,WH_CENTRAL_WEST,Central-West FC,CAR_C,Carrier C,cool_stuff,none,3,0,0.0,0,none
2018-07-30,WH_CENTRAL_WEST,Central-West FC,CAR_C,Carrier C,eletrodomesticos,none,1,0,0.0,0,none
2018-07-30,WH_CENTRAL_WEST,Central-West FC,CAR_C,Carrier C,fashion_calcados,none,1,0,0.0,0,none
2018-07-30,WH_CENTRAL_WEST,Central-West FC,CAR_C,Carrier C,ferramentas_jardim,none,1,0,0.0,0,none
2018-07-30,WH_CENTRAL_WEST,Central-West FC,CAR_C,Carrier C,informatica_acessorios,none,2,0,0.0,0,none
2018-07-30,WH_CENTRAL_WEST,Central-West FC,CAR_C,Carrier C,pet_shop,none,1,0,0.0,0,none
2018-07-30,WH_CENTRAL_WEST,Central-West FC,CAR_C,Carrier C,relogios_presentes,failed,1,1,100.0,0,none
2018-07-30,WH_CENTRAL_WEST,Central-West FC,CAR_C,Carrier C,relogios_presentes,none,1,0,0.0,0,none
2018-07-30,WH_CENTRAL_WEST,Central-West FC,CAR_C,Carrier C,telefonia,damaged,1,1,100.0,0,none
2018-07-30,WH_CENTRAL_WEST,Central-West FC,CAR_C,Carrier C,telefonia,none,1,0,0.0,0,none
2018-07-30,WH_CENTRAL_WEST,Central-West FC,CAR_C,Carrier C,utilidades_domesticas,none,1,0,0.0,0,none
2018-07-30,WH_CENTRAL_WEST,Central-West FC,CAR_D,Carrier D,beleza_saude,damaged,1,1,100.0,0,none
2018-07-30,WH_CENTRAL_WEST,Central-West FC,CAR_D,Carrier D,beleza_saude,none,3,0,0.0,0,none
2018-07-30,WH_CENTRAL_WEST,Central-West FC,CAR_D,Carrier D,brinquedos,failed,1,1,100.0,0,none
2018-07-30,WH_CENTRAL_WEST,Central-West FC,CAR_D,Carrier D,brinquedos,refund,1,1,100.0,0,none
2018-07-30,WH_CENTRAL_WEST,Central-West FC,CAR_D,Carrier D,cama_mesa_banho,none,1,0,0.0,0,none
2018-07-30,WH_CENTRAL_WEST,Central-West FC,CAR_D,Carrier D,construcao_ferramentas_jardim,wrong,1,1,100.0,0,none
2018-07-30,WH_CENTRAL_WEST,Central-West FC,CAR_D,Carrier D,esporte_lazer,none,2,0,0.0,0,none
2018-07-30,WH_CENTRAL_WEST,Central-West FC,CAR_D,Carrier D,fashion_bolsas_e_acessorios,none,1,0,0.0,0,none
2018-07-30,WH_CENTRAL_WEST,Central-West FC,CAR_D,Carrier D,informatica_acessorios,none,1,0,0.0,0,none
2018-07-30,WH_CENTRAL_WEST,Central-West FC,CAR_D,Carrier D,informatica_acessorios,wrong,1,1,100.0,0,none
2018-07-30,WH_CENTRAL_WEST,Central-West FC,CAR_D,Carrier D,moveis_decoracao,none,1,0,0.0,0,none
2018-07-30,WH_CENTRAL_WEST,Central-West FC,CAR_D,Carrier D,moveis_sala,none,1,0,0.0,0,none
2018-07-30,WH_CENTRAL_WEST,Central-West FC,CAR_D,Carrier D,perfumaria,none,1,0,0.0,0,none
2018-07-30,WH_CENTRAL_WEST,Central-West FC,CAR_D,Carrier D,relogios_presentes,none,1,0,0.0,0,none
2018-07-30,WH_CENTRAL_WEST,Central-West FC,CAR_D,Carrier D,telefonia,failed,1,1,100.0,0,none
2018-07-30,WH_CENTRAL_WEST,Central-West FC,CAR_D,Carrier D,utilidades_domesticas,none,7,0,0.0,0,none
2018-07-30,WH_NORTH,North FC,CAR_A,Carrier A,alimentos,none,1,0,0.0,0,none
2018-07-30,WH_NORTH,North FC,CAR_A,Carrier A,bebes,none,2,0,0.0,0,none
2018-07-30,WH_NORTH,North FC,CAR_A,Carrier A,beleza_saude,none,3,0,0.0,0,none
2018-07-30,WH_NORTH,North FC,CAR_A,Carrier A,brinquedos,none,1,0,0.0,0,none
2018-07-30,WH_NORTH,North FC,CAR_A,Carrier A,eletrodomesticos,none,1,0,0.0,0,none
2018-07-30,WH_NORTH,North FC,CAR_A,Carrier A,esporte_lazer,none,1,0,0.0,0,none
2018-07-30,WH_NORTH,North FC,CAR_A,Carrier A,informatica_acessorios,none,2,0,0.0,0,none
2018-07-30,WH_NORTH,North FC,CAR_A,Carrier A,relogios_presentes,none,1,0,0.0,0,none
2018-07-30,WH_NORTH,North FC,CAR_A,Carrier A,utilidades_domesticas,none,3,0,0.0,0,none
2018-07-30,WH_NORTH,North FC,CAR_B,Carrier B,beleza_saude,none,3,0,0.0,0,none
2018-07-30,WH_NORTH,North FC,CAR_B,Carrier B,consoles_games,none,1,0,0.0,0,none
2018-07-30,WH_NORTH,North FC,CAR_B,Carrier B,cool_stuff,none,1,0,0.0,0,none
2018-07-30,WH_NORTH,North FC,CAR_B,Carrier B,eletronicos,wrong,1,1,100.0,0,none
2018-07-30,WH_NORTH,North FC,CAR_B,Carrier B,esporte_lazer,none,1,0,0.0,0,none
2018-07-30,WH_NORTH,North FC,CAR_B,Carrier B,informatica_acessorios,none,1,0,0.0,0,none
2018-07-30,WH_NORTH,North FC,CAR_B,Carrier B,malas_acessorios,none,1,0,0.0,0,none
2018-07-30,WH_NORTH,North FC,CAR_B,Carrier B,papelaria,none,1,0,0.0,0,none
2018-07-30,WH_NORTH,North FC,CAR_B,Carrier B,pet_shop,none,2,0,0.0,0,none
2018-07-30,WH_NORTH,North FC,CAR_B,Carrier B,relogios_presentes,none,1,0,0.0,0,none
2018-07-30,WH_NORTH,North FC,CAR_B,Carrier B,telefonia,none,1,0,0.0,0,none
2018-07-30,WH_NORTH,North FC,CAR_C,Carrier C,beleza_saude,none,2,0,0.0,0,none
2018-07-30,WH_NORTH,North FC,CAR_C,Carrier C,casa_construcao,none,1,0,0.0,0,none
2018-07-30,WH_NORTH,North FC,CAR_C,Carrier C,esporte_lazer,none,2,0,0.0,0,none
2018-07-30,WH_NORTH,North FC,CAR_C,Carrier C,fashion_bolsas_e_acessorios,none,1,0,0.0,0,none
2018-07-30,WH_NORTH,North FC,CAR_C,Carrier C,informatica_acessorios,none,3,0,0.0,0,none
2018-07-30,WH_NORTH,North FC,CAR_C,Carrier C,perfumaria,none,1,0,0.0,0,none
2018-07-30,WH_NORTH,North FC,CAR_D,Carrier D,automotivo,none,1,0,0.0,0,none
2018-07-30,WH_NORTH,North FC,CAR_D,Carrier D,esporte_lazer,none,1,0,0.0,0,none
2018-07-30,WH_NORTH,North FC,CAR_D,Carrier D,utilidades_domesticas,none,1,0,0.0,0,none
2018-07-30,WH_SOUTH,South FC,CAR_A,Carrier A,alimentos,none,1,0,0.0,0,none
2018-07-30,WH_SOUTH,South FC,CAR_A,Carrier A,automotivo,none,5,0,0.0,0,none
2018-07-30,WH_SOUTH,South FC,CAR_A,Carrier A,bebes,none,6,0,0.0,0,none
2018-07-30,WH_SOUTH,South FC,CAR_A,Carrier A,beleza_saude,none,4,0,0.0,0,none
2018-07-30,WH_SOUTH,South FC,CAR_A,Carrier A,beleza_saude,refund,1,1,100.0,0,none
2018-07-30,WH_SOUTH,South FC,CAR_A,Carrier A,brinquedos,none,1,0,0.0,0,none
2018-07-30,WH_SOUTH,South FC,CAR_A,Carrier A,cama_mesa_banho,damaged,1,1,100.0,0,none
2018-07-30,WH_SOUTH,South FC,CAR_A,Carrier A,cama_mesa_banho,none,4,0,0.0,0,none
2018-07-30,WH_SOUTH,South FC,CAR_A,Carrier A,consoles_games,none,1,0,0.0,0,none
2018-07-30,WH_SOUTH,South FC,CAR_A,Carrier A,construcao_ferramentas_construcao,none,4,0,0.0,0,none
2018-07-30,WH_SOUTH,South FC,CAR_A,Carrier A,construcao_ferramentas_iluminacao,none,1,0,0.0,0,none
2018-07-30,WH_SOUTH,South FC,CAR_A,Carrier A,cool_stuff,none,1,0,0.0,0,none
2018-07-30,WH_SOUTH,South FC,CAR_A,Carrier A,eletrodomesticos,none,2,0,0.0,0,none
2018-07-30,WH_SOUTH,South FC,CAR_A,Carrier A,eletronicos,none,1,0,0.0,0,none
2018-07-30,WH_SOUTH,South FC,CAR_A,Carrier A,esporte_lazer,damaged,1,1,100.0,0,none
2018-07-30,WH_SOUTH,South FC,CAR_A,Carrier A,esporte_lazer,none,3,0,0.0,0,none
2018-07-30,WH_SOUTH,South FC,CAR_A,Carrier A,fashion_bolsas_e_acessorios,none,2,0,0.0,0,none
2018-07-30,WH_SOUTH,South FC,CAR_A,Carrier A,informatica_acessorios,refund,1,1,100.0,0,none
2018-07-30,WH_SOUTH,South FC,CAR_A,Carrier A,instrumentos_musicais,none,1,0,0.0,0,none
2018-07-30,WH_SOUTH,South FC,CAR_A,Carrier A,livros_tecnicos,none,1,0,0.0,0,none
2018-07-30,WH_SOUTH,South FC,CAR_A,Carrier A,malas_acessorios,none,1,0,0.0,0,none
2018-07-30,WH_SOUTH,South FC,CAR_A,Carrier A,moveis_decoracao,none,6,0,0.0,0,none
2018-07-30,WH_SOUTH,South FC,CAR_A,Carrier A,musica,none,1,0,0.0,0,none
2018-07-30,WH_SOUTH,South FC,CAR_A,Carrier A,perfumaria,none,1,0,0.0,0,none
2018-07-30,WH_SOUTH,South FC,CAR_A,Carrier A,pet_shop,none,2,0,0.0,0,none
2018-07-30,WH_SOUTH,South FC,CAR_A,Carrier A,relogios_presentes,none,2,0,0.0,0,none
2018-07-30,WH_SOUTH,South FC,CAR_A,Carrier A,relogios_presentes,wrong,1,1,100.0,0,none
2018-07-30,WH_SOUTH,South FC,CAR_A,Carrier A,telefonia,none,1,0,0.0,0,none
2018-07-30,WH_SOUTH,South FC,CAR_A,Carrier A,unknown,none,1,0,0.0,0,none
2018-07-30,WH_SOUTH,South FC,CAR_A,Carrier A,utilidades_domesticas,none,4,0,0.0,0,none
2018-07-30,WH_SOUTH,South FC,CAR_B,Carrier B,artigos_de_festas,none,1,0,0.0,0,none
2018-07-30,WH_SOUTH,South FC,CAR_B,Carrier B,automotivo,none,2,0,0.0,0,none
2018-07-30,WH_SOUTH,South FC,CAR_B,Carrier B,bebes,none,5,0,0.0,0,none
2018-07-30,WH_SOUTH,South FC,CAR_B,Carrier B,beleza_saude,none,3,0,0.0,0,none
2018-07-30,WH_SOUTH,South FC,CAR_B,Carrier B,brinquedos,none,3,0,0.0,0,none
2018-07-30,WH_SOUTH,South FC,CAR_B,Carrier B,cama_mesa_banho,none,2,0,0.0,0,none
2018-07-30,WH_SOUTH,South FC,CAR_B,Carrier B,casa_construcao,none,1,0,0.0,0,none
2018-07-30,WH_SOUTH,South FC,CAR_B,Carrier B,consoles_games,none,1,0,0.0,0,none
2018-07-30,WH_SOUTH,South FC,CAR_B,Carrier B,construcao_ferramentas_construcao,refund,1,1,100.0,0,none
2018-07-30,WH_SOUTH,South FC,CAR_B,Carrier B,construcao_ferramentas_ferramentas,none,1,0,0.0,0,none
2018-07-30,WH_SOUTH,South FC,CAR_B,Carrier B,cool_stuff,none,1,0,0.0,0,none
2018-07-30,WH_SOUTH,South FC,CAR_B,Carrier B,eletrodomesticos,failed,1,1,100.0,0,none
2018-07-30,WH_SOUTH,South FC,CAR_B,Carrier B,eletrodomesticos,none,2,0,0.0,0,none
2018-07-30,WH_SOUTH,South FC,CAR_B,Carrier B,eletronicos,none,4,0,0.0,0,none
2018-07-30,WH_SOUTH,South FC,CAR_B,Carrier B,eletroportateis,none,1,0,0.0,0,none
2018-07-30,WH_SOUTH,South FC,CAR_B,Carrier B,esporte_lazer,none,4,0,0.0,0,none
2018-07-30,WH_SOUTH,South FC,CAR_B,Carrier B,fashion_bolsas_e_acessorios,none,2,0,0.0,0,none
2018-07-30,WH_SOUTH,South FC,CAR_B,Carrier B,ferramentas_jardim,none,1,0,0.0,0,none
2018-07-30,WH_SOUTH,South FC,CAR_B,Carrier B,informatica_acessorios,none,5,0,0.0,0,none
2018-07-30,WH_SOUTH,South FC,CAR_B,Carrier B,instrumentos_musicais,none,1,0,0.0,0,none
2018-07-30,WH_SOUTH,South FC,CAR_B,Carrier B,moveis_cozinha_area_de_servico_jantar_e_jardim,none,1,0,0.0,0,none
2018-07-30,WH_SOUTH,South FC,CAR_B,Carrier B,moveis_decoracao,none,3,0,0.0,0,none
2018-07-30,WH_SOUTH,South FC,CAR_B,Carrier B,papelaria,failed,1,1,100.0,0,none
2018-07-30,WH_SOUTH,South FC,CAR_B,Carrier B,papelaria,none,1,0,0.0,0,none
2018-07-30,WH_SOUTH,South FC,CAR_B,Carrier B,pet_shop,none,1,0,0.0,0,none
2018-07-30,WH_SOUTH,South FC,CAR_B,Carrier B,relogios_presentes,none,4,0,0.0,0,none
2018-07-30,WH_SOUTH,South FC,CAR_B,Carrier B,telefonia,none,4,0,0.0,0,none
2018-07-30,WH_SOUTH,South FC,CAR_B,Carrier B,utilidades_domesticas,failed,1,1,100.0,0,none
2018-07-30,WH_SOUTH,South FC,CAR_B,Carrier B,utilidades_domesticas,none,12,0,0.0,0,none
2018-07-30,WH_SOUTH,South FC,CAR_C,Carrier C,alimentos,none,1,0,0.0,0,none
2018-07-30,WH_SOUTH,South FC,CAR_C,Carrier C,bebes,none,3,0,0.0,0,none
2018-07-30,WH_SOUTH,South FC,CAR_C,Carrier C,beleza_saude,none,7,0,0.0,0,none
2018-07-30,WH_SOUTH,South FC,CAR_C,Carrier C,brinquedos,damaged,1,1,100.0,0,none
2018-07-30,WH_SOUTH,South FC,CAR_C,Carrier C,brinquedos,none,2,0,0.0,0,none
2018-07-30,WH_SOUTH,South FC,CAR_C,Carrier C,cama_mesa_banho,none,2,0,0.0,0,none
2018-07-30,WH_SOUTH,South FC,CAR_C,Carrier C,casa_conforto,none,1,0,0.0,0,none
2018-07-30,WH_SOUTH,South FC,CAR_C,Carrier C,consoles_games,none,1,0,0.0,0,none
2018-07-30,WH_SOUTH,South FC,CAR_C,Carrier C,construcao_ferramentas_construcao,none,1,0,0.0,0,none
2018-07-30,WH_SOUTH,South FC,CAR_C,Carrier C,cool_stuff,none,1,0,0.0,0,none
2018-07-30,WH_SOUTH,South FC,CAR_C,Carrier C,eletrodomesticos_2,none,1,0,0.0,0,none
2018-07-30,WH_SOUTH,South FC,CAR_C,Carrier C,eletronicos,none,4,0,0.0,0,none
2018-07-30,WH_SOUTH,South FC,CAR_C,Carrier C,esporte_lazer,none,3,0,0.0,0,none
2018-07-30,WH_SOUTH,South FC,CAR_C,Carrier C,ferramentas_jardim,none,1,0,0.0,0,none
2018-07-30,WH_SOUTH,South FC,CAR_C,Carrier C,informatica_acessorios,none,3,0,0.0,0,none
2018-07-30,WH_SOUTH,South FC,CAR_C,Carrier C,moveis_decoracao,failed,1,1,100.0,0,none
2018-07-30,WH_SOUTH,South FC,CAR_C,Carrier C,moveis_decoracao,none,2,0,0.0,0,none
2018-07-30,WH_SOUTH,South FC,CAR_C,Carrier C,papelaria,none,1,0,0.0,0,none
2018-07-30,WH_SOUTH,South FC,CAR_C,Carrier C,perfumaria,none,2,0,0.0,0,none
2018-07-30,WH_SOUTH,South FC,CAR_C,Carrier C,pet_shop,none,2,0,0.0,0,none
2018-07-30,WH_SOUTH,South FC,CAR_C,Carrier C,relogios_presentes,failed,1,1,100.0,0,none
2018-07-30,WH_SOUTH,South FC,CAR_C,Carrier C,relogios_presentes,none,7,0,0.0,0,none
2018-07-30,WH_SOUTH,South FC,CAR_C,Carrier C,telefonia,none,2,0,0.0,0,none
2018-07-30,WH_SOUTH,South FC,CAR_C,Carrier C,unknown,none,1,0,0.0,0,none
2018-07-30,WH_SOUTH,South FC,CAR_C,Carrier C,utilidades_domesticas,none,5,0,0.0,0,none
2018-07-30,WH_SOUTH,South FC,CAR_D,Carrier D,bebes,none,1,0,0.0,0,none
2018-07-30,WH_SOUTH,South FC,CAR_D,Carrier D,beleza_saude,none,5,0,0.0,0,none
2018-07-30,WH_SOUTH,South FC,CAR_D,Carrier D,brinquedos,none,1,0,0.0,0,none
2018-07-30,WH_SOUTH,South FC,CAR_D,Carrier D,cama_mesa_banho,none,2,0,0.0,0,none
2018-07-30,WH_SOUTH,South FC,CAR_D,Carrier D,casa_conforto,none,1,0,0.0,0,none
2018-07-30,WH_SOUTH,South FC,CAR_D,Carrier D,cool_stuff,none,1,0,0.0,0,none
2018-07-30,WH_SOUTH,South FC,CAR_D,Carrier D,eletrodomesticos_2,none,2,0,0.0,0,none
2018-07-30,WH_SOUTH,South FC,CAR_D,Carrier D,esporte_lazer,failed,1,1,100.0,0,none
2018-07-30,WH_SOUTH,South FC,CAR_D,Carrier D,esporte_lazer,none,1,0,0.0,0,none
2018-07-30,WH_SOUTH,South FC,CAR_D,Carrier D,informatica_acessorios,none,1,0,0.0,0,none
2018-07-30,WH_SOUTH,South FC,CAR_D,Carrier D,livros_tecnicos,none,1,0,0.0,0,none
2018-07-30,WH_SOUTH,South FC,CAR_D,Carrier D,moveis_decoracao,none,4,0,0.0,0,none
2018-07-30,WH_SOUTH,South FC,CAR_D,Carrier D,relogios_presentes,none,1,0,0.0,0,none
2018-07-30,WH_SOUTH,South FC,CAR_D,Carrier D,telefonia,none,2,0,0.0,0,none
2018-07-30,WH_SOUTH,South FC,CAR_D,Carrier D,unknown,failed,1,1,100.0,0,none
2018-07-30,WH_SOUTH,South FC,CAR_D,Carrier D,utilidades_domesticas,failed,1,1,100.0,0,none
2018-07-30,WH_SOUTH,South FC,CAR_D,Carrier D,utilidades_domesticas,none,1,0,0.0,0,none
2018-07-30,WH_SOUTHEAST,Southeast FC,CAR_A,Carrier A,agro_industria_e_comercio,none,2,0,0.0,0,none
2018-07-30,WH_SOUTHEAST,Southeast FC,CAR_A,Carrier A,alimentos,none,4,0,0.0,0,none
2018-07-30,WH_SOUTHEAST,Southeast FC,CAR_A,Carrier A,alimentos_bebidas,none,2,0,0.0,0,none
2018-07-30,WH_SOUTHEAST,Southeast FC,CAR_A,Carrier A,artes,none,1,0,0.0,0,none
2018-07-30,WH_SOUTHEAST,Southeast FC,CAR_A,Carrier A,artes_e_artesanato,none,1,0,0.0,0,none
2018-07-30,WH_SOUTHEAST,Southeast FC,CAR_A,Carrier A,artigos_de_natal,none,2,0,0.0,0,none
2018-07-30,WH_SOUTHEAST,Southeast FC,CAR_A,Carrier A,automotivo,failed,1,1,100.0,0,none
2018-07-30,WH_SOUTHEAST,Southeast FC,CAR_A,Carrier A,automotivo,none,25,0,0.0,0,none
2018-07-30,WH_SOUTHEAST,Southeast FC,CAR_A,Carrier A,bebes,none,18,0,0.0,0,none
2018-07-30,WH_SOUTHEAST,Southeast FC,CAR_A,Carrier A,bebes,wrong,1,1,100.0,0,none
2018-07-30,WH_SOUTHEAST,Southeast FC,CAR_A,Carrier A,bebidas,none,4,0,0.0,0,none
2018-07-30,WH_SOUTHEAST,Southeast FC,CAR_A,Carrier A,beleza_saude,none,48,0,0.0,0,none
2018-07-30,WH_SOUTHEAST,Southeast FC,CAR_A,Carrier A,beleza_saude,refund,3,3,100.0,0,none
2018-07-30,WH_SOUTHEAST,Southeast FC,CAR_A,Carrier A,brinquedos,none,9,0,0.0,0,none
2018-07-30,WH_SOUTHEAST,Southeast FC,CAR_A,Carrier A,cama_mesa_banho,damaged,4,4,100.0,0,none
2018-07-30,WH_SOUTHEAST,Southeast FC,CAR_A,Carrier A,cama_mesa_banho,none,45,0,0.0,0,none
2018-07-30,WH_SOUTHEAST,Southeast FC,CAR_A,Carrier A,cama_mesa_banho,wrong,1,1,100.0,0,none
2018-07-30,WH_SOUTHEAST,Southeast FC,CAR_A,Carrier A,casa_construcao,none,1,0,0.0,0,none
2018-07-30,WH_SOUTHEAST,Southeast FC,CAR_A,Carrier A,climatizacao,none,5,0,0.0,0,none
2018-07-30,WH_SOUTHEAST,Southeast FC,CAR_A,Carrier A,consoles_games,none,1,0,0.0,0,none
2018-07-30,WH_SOUTHEAST,Southeast FC,CAR_A,Carrier A,construcao_ferramentas_construcao,none,8,0,0.0,0,none
2018-07-30,WH_SOUTHEAST,Southeast FC,CAR_A,Carrier A,construcao_ferramentas_iluminacao,none,4,0,0.0,0,none
2018-07-30,WH_SOUTHEAST,Southeast FC,CAR_A,Carrier A,construcao_ferramentas_jardim,none,1,0,0.0,0,none
2018-07-30,WH_SOUTHEAST,Southeast FC,CAR_A,Carrier A,construcao_ferramentas_seguranca,none,2,0,0.0,0,none
2018-07-30,WH_SOUTHEAST,Southeast FC,CAR_A,Carrier A,cool_stuff,none,7,0,0.0,0,none
2018-07-30,WH_SOUTHEAST,Southeast FC,CAR_A,Carrier A,eletrodomesticos,failed,1,1,100.0,0,none
2018-07-30,WH_SOUTHEAST,Southeast FC,CAR_A,Carrier A,eletrodomesticos,none,3,0,0.0,0,none
2018-07-30,WH_SOUTHEAST,Southeast FC,CAR_A,Carrier A,eletronicos,none,6,0,0.0,0,none
2018-07-30,WH_SOUTHEAST,Southeast FC,CAR_A,Carrier A,esporte_lazer,none,38,0,0.0,0,none
2018-07-30,WH_SOUTHEAST,Southeast FC,CAR_A,Carrier A,esporte_lazer,wrong,1,1,100.0,0,none
2018-07-30,WH_SOUTHEAST,Southeast FC,CAR_A,Carrier A,fashion_bolsas_e_acessorios,none,12,0,0.0,0,none
2018-07-30,WH_SOUTHEAST,Southeast FC,CAR_A,Carrier A,ferramentas_jardim,none,7,0,0.0,0,none
2018-07-30,WH_SOUTHEAST,Southeast FC,CAR_A,Carrier A,fraldas_higiene,none,1,0,0.0,0,none
2018-07-30,WH_SOUTHEAST,Southeast FC,CAR_A,Carrier A,informatica_acessorios,none,31,0,0.0,0,none
2018-07-30,WH_SOUTHEAST,Southeast FC,CAR_A,Carrier A,informatica_acessorios,refund,1,1,100.0,0,none
2018-07-30,WH_SOUTHEAST,Southeast FC,CAR_A,Carrier A,instrumentos_musicais,none,3,0,0.0,0,none
2018-07-30,WH_SOUTHEAST,Southeast FC,CAR_A,Carrier A,livros_interesse_geral,none,5,0,0.0,0,none
2018-07-30,WH_SOUTHEAST,Southeast FC,CAR_A,Carrier A,livros_tecnicos,none,1,0,0.0,0,none
2018-07-30,WH_SOUTHEAST,Southeast FC,CAR_A,Carrier A,malas_acessorios,none,6,0,0.0,0,none
2018-07-30,WH_SOUTHEAST,Southeast FC,CAR_A,Carrier A,market_place,none,1,0,0.0,0,none
2018-07-30,WH_SOUTHEAST,Southeast FC,CAR_A,Carrier A,moveis_cozinha_area_de_servico_jantar_e_jardim,none,4,0,0.0,0,none
2018-07-30,WH_SOUTHEAST,Southeast FC,CAR_A,Carrier A,moveis_decoracao,none,30,0,0.0,0,none
2018-07-30,WH_SOUTHEAST,Southeast FC,CAR_A,Carrier A,moveis_escritorio,none,2,0,0.0,0,none
2018-07-30,WH_SOUTHEAST,Southeast FC,CAR_A,Carrier A,moveis_sala,none,8,0,0.0,0,none
2018-07-30,WH_SOUTHEAST,Southeast FC,CAR_A,Carrier A,moveis_sala,wrong,1,1,100.0,0,none
2018-07-30,WH_SOUTHEAST,Southeast FC,CAR_A,Carrier A,papelaria,damaged,1,1,100.0,0,none
2018-07-30,WH_SOUTHEAST,Southeast FC,CAR_A,Carrier A,papelaria,missing,1,1,100.0,0,none
2018-07-30,WH_SOUTHEAST,Southeast FC,CAR_A,Carrier A,papelaria,none,19,0,0.0,0,none
2018-07-30,WH_SOUTHEAST,Southeast FC,CAR_A,Carrier A,papelaria,refund,1,1,100.0,0,none
2018-07-30,WH_SOUTHEAST,Southeast FC,CAR_A,Carrier A,pcs,none,1,0,0.0,0,none
2018-07-30,WH_SOUTHEAST,Southeast FC,CAR_A,Carrier A,perfumaria,none,13,0,0.0,0,none
2018-07-30,WH_SOUTHEAST,Southeast FC,CAR_A,Carrier A,pet_shop,missing,2,2,100.0,0,none
2018-07-30,WH_SOUTHEAST,Southeast FC,CAR_A,Carrier A,pet_shop,none,12,0,0.0,0,none
2018-07-30,WH_SOUTHEAST,Southeast FC,CAR_A,Carrier A,pet_shop,wrong,1,1,100.0,0,none
2018-07-30,WH_SOUTHEAST,Southeast FC,CAR_A,Carrier A,portateis_casa_forno_e_cafe,none,1,0,0.0,0,none
2018-07-30,WH_SOUTHEAST,Southeast FC,CAR_A,Carrier A,relogios_presentes,failed,1,1,100.0,0,none
2018-07-30,WH_SOUTHEAST,Southeast FC,CAR_A,Carrier A,relogios_presentes,missing,1,1,100.0,0,none
2018-07-30,WH_SOUTHEAST,Southeast FC,CAR_A,Carrier A,relogios_presentes,none,34,0,0.0,0,none
2018-07-30,WH_SOUTHEAST,Southeast FC,CAR_A,Carrier A,relogios_presentes,refund,1,1,100.0,0,none
2018-07-30,WH_SOUTHEAST,Southeast FC,CAR_A,Carrier A,relogios_presentes,wrong,1,1,100.0,0,none
2018-07-30,WH_SOUTHEAST,Southeast FC,CAR_A,Carrier A,sinalizacao_e_seguranca,none,1,0,0.0,0,none
2018-07-30,WH_SOUTHEAST,Southeast FC,CAR_A,Carrier A,telefonia,failed,1,1,100.0,0,none
2018-07-30,WH_SOUTHEAST,Southeast FC,CAR_A,Carrier A,telefonia,none,16,0,0.0,0,none
2018-07-30,WH_SOUTHEAST,Southeast FC,CAR_A,Carrier A,unknown,none,2,0,0.0,0,none
2018-07-30,WH_SOUTHEAST,Southeast FC,CAR_A,Carrier A,utilidades_domesticas,missing,1,1,100.0,0,none
2018-07-30,WH_SOUTHEAST,Southeast FC,CAR_A,Carrier A,utilidades_domesticas,none,36,0,0.0,0,none
2018-07-30,WH_SOUTHEAST,Southeast FC,CAR_A,Carrier A,utilidades_domesticas,refund,2,2,100.0,0,none
2018-07-30,WH_SOUTHEAST,Southeast FC,CAR_B,Carrier B,agro_industria_e_comercio,none,4,0,0.0,0,none
2018-07-30,WH_SOUTHEAST,Southeast FC,CAR_B,Carrier B,alimentos,none,1,0,0.0,0,none
2018-07-30,WH_SOUTHEAST,Southeast FC,CAR_B,Carrier B,artes,none,3,0,0.0,0,none
2018-07-30,WH_SOUTHEAST,Southeast FC,CAR_B,Carrier B,artes_e_artesanato,none,1,0,0.0,0,none
2018-07-30,WH_SOUTHEAST,Southeast FC,CAR_B,Carrier B,artigos_de_festas,none,1,0,0.0,0,none
2018-07-30,WH_SOUTHEAST,Southeast FC,CAR_B,Carrier B,audio,none,1,0,0.0,0,none
2018-07-30,WH_SOUTHEAST,Southeast FC,CAR_B,Carrier B,automotivo,none,20,0,0.0,0,none
2018-07-30,WH_SOUTHEAST,Southeast FC,CAR_B,Carrier B,bebes,none,26,0,0.0,0,none
2018-07-30,WH_SOUTHEAST,Southeast FC,CAR_B,Carrier B,bebidas,none,3,0,0.0,0,none
2018-07-30,WH_SOUTHEAST,Southeast FC,CAR_B,Carrier B,beleza_saude,missing,3,3,100.0,0,none
2018-07-30,WH_SOUTHEAST,Southeast FC,CAR_B,Carrier B,beleza_saude,none,49,0,0.0,0,none
2018-07-30,WH_SOUTHEAST,Southeast FC,CAR_B,Carrier B,beleza_saude,refund,1,1,100.0,0,none
2018-07-30,WH_SOUTHEAST,Southeast FC,CAR_B,Carrier B,beleza_saude,wrong,2,2,100.0,0,none
2018-07-30,WH_SOUTHEAST,Southeast FC,CAR_B,Carrier B,brinquedos,damaged,1,1,100.0,0,none
2018-07-30,WH_SOUTHEAST,Southeast FC,CAR_B,Carrier B,brinquedos,none,7,0,0.0,0,none
2018-07-30,WH_SOUTHEAST,Southeast FC,CAR_B,Carrier B,brinquedos,wrong,1,1,100.0,0,none
2018-07-30,WH_SOUTHEAST,Southeast FC,CAR_B,Carrier B,cama_mesa_banho,damaged,1,1,100.0,0,none
2018-07-30,WH_SOUTHEAST,Southeast FC,CAR_B,Carrier B,cama_mesa_banho,missing,2,2,100.0,0,none
2018-07-30,WH_SOUTHEAST,Southeast FC,CAR_B,Carrier B,cama_mesa_banho,none,46,0,0.0,0,none
2018-07-30,WH_SOUTHEAST,Southeast FC,CAR_B,Carrier B,cama_mesa_banho,wrong,1,1,100.0,0,none
2018-07-30,WH_SOUTHEAST,Southeast FC,CAR_B,Carrier B,casa_conforto,none,2,0,0.0,0,none
2018-07-30,WH_SOUTHEAST,Southeast FC,CAR_B,Carrier B,casa_construcao,none,6,0,0.0,0,none
2018-07-30,WH_SOUTHEAST,Southeast FC,CAR_B,Carrier B,cine_foto,none,1,0,0.0,0,none
2018-07-30,WH_SOUTHEAST,Southeast FC,CAR_B,Carrier B,climatizacao,none,2,0,0.0,0,none
2018-07-30,WH_SOUTHEAST,Southeast FC,CAR_B,Carrier B,construcao_ferramentas_construcao,none,12,0,0.0,0,none
2018-07-30,WH_SOUTHEAST,Southeast FC,CAR_B,Carrier B,construcao_ferramentas_ferramentas,none,1,0,0.0,0,none
2018-07-30,WH_SOUTHEAST,Southeast FC,CAR_B,Carrier B,construcao_ferramentas_iluminacao,none,2,0,0.0,0,none
2018-07-30,WH_SOUTHEAST,Southeast FC,CAR_B,Carrier B,construcao_ferramentas_jardim,none,3,0,0.0,0,none
2018-07-30,WH_SOUTHEAST,Southeast FC,CAR_B,Carrier B,construcao_ferramentas_seguranca,none,2,0,0.0,0,none
2018-07-30,WH_SOUTHEAST,Southeast FC,CAR_B,Carrier B,cool_stuff,none,9,0,0.0,0,none
2018-07-30,WH_SOUTHEAST,Southeast FC,CAR_B,Carrier B,eletrodomesticos,failed,1,1,100.0,0,none
2018-07-30,WH_SOUTHEAST,Southeast FC,CAR_B,Carrier B,eletrodomesticos,none,5,0,0.0,0,none
2018-07-30,WH_SOUTHEAST,Southeast FC,CAR_B,Carrier B,eletronicos,none,10,0,0.0,0,none
2018-07-30,WH_SOUTHEAST,Southeast FC,CAR_B,Carrier B,eletroportateis,none,3,0,0.0,0,none
2018-07-30,WH_SOUTHEAST,Southeast FC,CAR_B,Carrier B,esporte_lazer,none,28,0,0.0,0,none
2018-07-30,WH_SOUTHEAST,Southeast FC,CAR_B,Carrier B,esporte_lazer,refund,2,2,100.0,0,none
2018-07-30,WH_SOUTHEAST,Southeast FC,CAR_B,Carrier B,fashion_bolsas_e_acessorios,missing,1,1,100.0,0,none
2018-07-30,WH_SOUTHEAST,Southeast FC,CAR_B,Carrier B,fashion_bolsas_e_acessorios,none,6,0,0.0,0,none
2018-07-30,WH_SOUTHEAST,Southeast FC,CAR_B,Carrier B,ferramentas_jardim,none,9,0,0.0,0,none
2018-07-30,WH_SOUTHEAST,Southeast FC,CAR_B,Carrier B,informatica_acessorios,damaged,1,1,100.0,0,none
2018-07-30,WH_SOUTHEAST,Southeast FC,CAR_B,Carrier B,informatica_acessorios,none,26,0,0.0,0,none
2018-07-30,WH_SOUTHEAST,Southeast FC,CAR_B,Carrier B,instrumentos_musicais,none,4,0,0.0,0,none
2018-07-30,WH_SOUTHEAST,Southeast FC,CAR_B,Carrier B,livros_importados,none,1,0,0.0,0,none
2018-07-30,WH_SOUTHEAST,Southeast FC,CAR_B,Carrier B,livros_interesse_geral,missing,1,1,100.0,0,none
2018-07-30,WH_SOUTHEAST,Southeast FC,CAR_B,Carrier B,livros_interesse_geral,none,2,0,0.0,0,none
2018-07-30,WH_SOUTHEAST,Southeast FC,CAR_B,Carrier B,livros_tecnicos,none,1,0,0.0,0,none
2018-07-30,WH_SOUTHEAST,Southeast FC,CAR_B,Carrier B,livros_tecnicos,wrong,1,1,100.0,0,none
2018-07-30,WH_SOUTHEAST,Southeast FC,CAR_B,Carrier B,malas_acessorios,none,4,0,0.0,0,none
2018-07-30,WH_SOUTHEAST,Southeast FC,CAR_B,Carrier B,moveis_cozinha_area_de_servico_jantar_e_jardim,none,3,0,0.0,0,none
2018-07-30,WH_SOUTHEAST,Southeast FC,CAR_B,Carrier B,moveis_decoracao,failed,1,1,100.0,0,none
2018-07-30,WH_SOUTHEAST,Southeast FC,CAR_B,Carrier B,moveis_decoracao,none,23,0,0.0,0,none
2018-07-30,WH_SOUTHEAST,Southeast FC,CAR_B,Carrier B,moveis_decoracao,refund,1,1,100.0,0,none
2018-07-30,WH_SOUTHEAST,Southeast FC,CAR_B,Carrier B,moveis_escritorio,failed,1,1,100.0,0,none
2018-07-30,WH_SOUTHEAST,Southeast FC,CAR_B,Carrier B,moveis_escritorio,none,6,0,0.0,0,none
2018-07-30,WH_SOUTHEAST,Southeast FC,CAR_B,Carrier B,moveis_sala,failed,1,1,100.0,0,none
2018-07-30,WH_SOUTHEAST,Southeast FC,CAR_B,Carrier B,moveis_sala,none,1,0,0.0,0,none
2018-07-30,WH_SOUTHEAST,Southeast FC,CAR_B,Carrier B,papelaria,damaged,1,1,100.0,0,none
2018-07-30,WH_SOUTHEAST,Southeast FC,CAR_B,Carrier B,papelaria,none,14,0,0.0,0,none
2018-07-30,WH_SOUTHEAST,Southeast FC,CAR_B,Carrier B,pcs,none,1,0,0.0,0,none
2018-07-30,WH_SOUTHEAST,Southeast FC,CAR_B,Carrier B,perfumaria,missing,2,2,100.0,0,none
2018-07-30,WH_SOUTHEAST,Southeast FC,CAR_B,Carrier B,perfumaria,none,17,0,0.0,0,none
2018-07-30,WH_SOUTHEAST,Southeast FC,CAR_B,Carrier B,pet_shop,none,12,0,0.0,0,none
2018-07-30,WH_SOUTHEAST,Southeast FC,CAR_B,Carrier B,portateis_casa_forno_e_cafe,none,2,0,0.0,0,none
2018-07-30,WH_SOUTHEAST,Southeast FC,CAR_B,Carrier B,relogios_presentes,none,42,0,0.0,0,none
2018-07-30,WH_SOUTHEAST,Southeast FC,CAR_B,Carrier B,relogios_presentes,refund,1,1,100.0,0,none
2018-07-30,WH_SOUTHEAST,Southeast FC,CAR_B,Carrier B,relogios_presentes,wrong,1,1,100.0,0,none
2018-07-30,WH_SOUTHEAST,Southeast FC,CAR_B,Carrier B,sinalizacao_e_seguranca,none,1,0,0.0,0,none
2018-07-30,WH_SOUTHEAST,Southeast FC,CAR_B,Carrier B,telefonia,failed,2,2,100.0,0,none
2018-07-30,WH_SOUTHEAST,Southeast FC,CAR_B,Carrier B,telefonia,none,25,0,0.0,0,none
2018-07-30,WH_SOUTHEAST,Southeast FC,CAR_B,Carrier B,telefonia,refund,1,1,100.0,0,none
2018-07-30,WH_SOUTHEAST,Southeast FC,CAR_B,Carrier B,telefonia_fixa,none,4,0,0.0,0,none
2018-07-30,WH_SOUTHEAST,Southeast FC,CAR_B,Carrier B,unknown,none,1,0,0.0,0,none
2018-07-30,WH_SOUTHEAST,Southeast FC,CAR_B,Carrier B,utilidades_domesticas,damaged,1,1,100.0,0,none
2018-07-30,WH_SOUTHEAST,Southeast FC,CAR_B,Carrier B,utilidades_domesticas,none,39,0,0.0,0,none
2018-07-30,WH_SOUTHEAST,Southeast FC,CAR_B,Carrier B,utilidades_domesticas,wrong,2,2,100.0,0,none
2018-07-30,WH_SOUTHEAST,Southeast FC,CAR_C,Carrier C,alimentos,none,4,0,0.0,0,none
2018-07-30,WH_SOUTHEAST,Southeast FC,CAR_C,Carrier C,alimentos,refund,2,2,100.0,0,none
2018-07-30,WH_SOUTHEAST,Southeast FC,CAR_C,Carrier C,alimentos_bebidas,none,2,0,0.0,0,none
2018-07-30,WH_SOUTHEAST,Southeast FC,CAR_C,Carrier C,artes,none,3,0,0.0,0,none
2018-07-30,WH_SOUTHEAST,Southeast FC,CAR_C,Carrier C,artes_e_artesanato,none,1,0,0.0,0,none
2018-07-30,WH_SOUTHEAST,Southeast FC,CAR_C,Carrier C,artigos_de_festas,none,1,0,0.0,0,none
2018-07-30,WH_SOUTHEAST,Southeast FC,CAR_C,Carrier C,artigos_de_natal,none,1,0,0.0,0,none
2018-07-30,WH_SOUTHEAST,Southeast FC,CAR_C,Carrier C,audio,none,1,0,0.0,0,none
2018-07-30,WH_SOUTHEAST,Southeast FC,CAR_C,Carrier C,automotivo,damaged,2,2,100.0,0,none
2018-07-30,WH_SOUTHEAST,Southeast FC,CAR_C,Carrier C,automotivo,failed,1,1,100.0,0,none
2018-07-30,WH_SOUTHEAST,Southeast FC,CAR_C,Carrier C,automotivo,none,14,0,0.0,0,none
2018-07-30,WH_SOUTHEAST,Southeast FC,CAR_C,Carrier C,bebes,failed,2,2,100.0,0,none
2018-07-30,WH_SOUTHEAST,Southeast FC,CAR_C,Carrier C,bebes,none,10,0,0.0,0,none
2018-07-30,WH_SOUTHEAST,Southeast FC,CAR_C,Carrier C,bebidas,none,2,0,0.0,0,none
2018-07-30,WH_SOUTHEAST,Southeast FC,CAR_C,Carrier C,beleza_saude,missing,1,1,100.0,0,none
2018-07-30,WH_SOUTHEAST,Southeast FC,CAR_C,Carrier C,beleza_saude,none,37,0,0.0,0,none
2018-07-30,WH_SOUTHEAST,Southeast FC,CAR_C,Carrier C,beleza_saude,wrong,4,4,100.0,0,none
2018-07-30,WH_SOUTHEAST,Southeast FC,CAR_C,Carrier C,brinquedos,none,6,0,0.0,0,none
2018-07-30,WH_SOUTHEAST,Southeast FC,CAR_C,Carrier C,cama_mesa_banho,damaged,1,1,100.0,0,none
2018-07-30,WH_SOUTHEAST,Southeast FC,CAR_C,Carrier C,cama_mesa_banho,missing,1,1,100.0,0,none
2018-07-30,WH_SOUTHEAST,Southeast FC,CAR_C,Carrier C,cama_mesa_banho,none,26,0,0.0,0,none
2018-07-30,WH_SOUTHEAST,Southeast FC,CAR_C,Carrier C,cama_mesa_banho,refund,1,1,100.0,0,none
2018-07-30,WH_SOUTHEAST,Southeast FC,CAR_C,Carrier C,cama_mesa_banho,wrong,1,1,100.0,0,none
2018-07-30,WH_SOUTHEAST,Southeast FC,CAR_C,Carrier C,casa_conforto,none,3,0,0.0,0,none
2018-07-30,WH_SOUTHEAST,Southeast FC,CAR_C,Carrier C,casa_construcao,none,1,0,0.0,0,none
2018-07-30,WH_SOUTHEAST,Southeast FC,CAR_C,Carrier C,climatizacao,none,1,0,0.0,0,none
2018-07-30,WH_SOUTHEAST,Southeast FC,CAR_C,Carrier C,consoles_games,none,1,0,0.0,0,none
2018-07-30,WH_SOUTHEAST,Southeast FC,CAR_C,Carrier C,construcao_ferramentas_construcao,none,3,0,0.0,0,none
2018-07-30,WH_SOUTHEAST,Southeast FC,CAR_C,Carrier C,construcao_ferramentas_ferramentas,none,1,0,0.0,0,none
2018-07-30,WH_SOUTHEAST,Southeast FC,CAR_C,Carrier C,construcao_ferramentas_iluminacao,none,3,0,0.0,0,none
2018-07-30,WH_SOUTHEAST,Southeast FC,CAR_C,Carrier C,construcao_ferramentas_jardim,none,2,0,0.0,0,none
2018-07-30,WH_SOUTHEAST,Southeast FC,CAR_C,Carrier C,construcao_ferramentas_seguranca,none,1,0,0.0,0,none
2018-07-30,WH_SOUTHEAST,Southeast FC,CAR_C,Carrier C,cool_stuff,none,7,0,0.0,0,none
2018-07-30,WH_SOUTHEAST,Southeast FC,CAR_C,Carrier C,eletrodomesticos,none,3,0,0.0,0,none
2018-07-30,WH_SOUTHEAST,Southeast FC,CAR_C,Carrier C,eletronicos,none,6,0,0.0,0,none
2018-07-30,WH_SOUTHEAST,Southeast FC,CAR_C,Carrier C,esporte_lazer,missing,1,1,100.0,0,none
2018-07-30,WH_SOUTHEAST,Southeast FC,CAR_C,Carrier C,esporte_lazer,none,18,0,0.0,0,none
2018-07-30,WH_SOUTHEAST,Southeast FC,CAR_C,Carrier C,fashion_bolsas_e_acessorios,none,8,0,0.0,0,none
2018-07-30,WH_SOUTHEAST,Southeast FC,CAR_C,Carrier C,ferramentas_jardim,damaged,1,1,100.0,0,none
2018-07-30,WH_SOUTHEAST,Southeast FC,CAR_C,Carrier C,ferramentas_jardim,none,3,0,0.0,0,none
2018-07-30,WH_SOUTHEAST,Southeast FC,CAR_C,Carrier C,industria_comercio_e_negocios,none,1,0,0.0,0,none
2018-07-30,WH_SOUTHEAST,Southeast FC,CAR_C,Carrier C,informatica_acessorios,damaged,1,1,100.0,0,none
2018-07-30,WH_SOUTHEAST,Southeast FC,CAR_C,Carrier C,informatica_acessorios,missing,1,1,100.0,0,none
2018-07-30,WH_SOUTHEAST,Southeast FC,CAR_C,Carrier C,informatica_acessorios,none,29,0,0.0,0,none
2018-07-30,WH_SOUTHEAST,Southeast FC,CAR_C,Carrier C,informatica_acessorios,wrong,2,2,100.0,0,none
2018-07-30,WH_SOUTHEAST,Southeast FC,CAR_C,Carrier C,instrumentos_musicais,none,2,0,0.0,0,none
2018-07-30,WH_SOUTHEAST,Southeast FC,CAR_C,Carrier C,livros_interesse_geral,missing,1,1,100.0,0,none
2018-07-30,WH_SOUTHEAST,Southeast FC,CAR_C,Carrier C,livros_interesse_geral,none,1,0,0.0,0,none
2018-07-30,WH_SOUTHEAST,Southeast FC,CAR_C,Carrier C,livros_tecnicos,missing,1,1,100.0,0,none
2018-07-30,WH_SOUTHEAST,Southeast FC,CAR_C,Carrier C,livros_tecnicos,none,1,0,0.0,0,none
2018-07-30,WH_SOUTHEAST,Southeast FC,CAR_C,Carrier C,livros_tecnicos,refund,1,1,100.0,0,none
2018-07-30,WH_SOUTHEAST,Southeast FC,CAR_C,Carrier C,malas_acessorios,damaged,1,1,100.0,0,none
2018-07-30,WH_SOUTHEAST,Southeast FC,CAR_C,Carrier C,malas_acessorios,none,4,0,0.0,0,none
2018-07-30,WH_SOUTHEAST,Southeast FC,CAR_C,Carrier C,moveis_cozinha_area_de_servico_jantar_e_jardim,none,1,0,0.0,0,none
2018-07-30,WH_SOUTHEAST,Southeast FC,CAR_C,Carrier C,moveis_decoracao,missing,1,1,100.0,0,none
2018-07-30,WH_SOUTHEAST,Southeast FC,CAR_C,Carrier C,moveis_decoracao,none,13,0,0.0,0,none
2018-07-30,WH_SOUTHEAST,Southeast FC,CAR_C,Carrier C,moveis_decoracao,refund,1,1,100.0,0,none
2018-07-30,WH_SOUTHEAST,Southeast FC,CAR_C,Carrier C,moveis_decoracao,wrong,1,1,100.0,0,none
2018-07-30,WH_SOUTHEAST,Southeast FC,CAR_C,Carrier C,moveis_escritorio,none,4,0,0.0,0,none
2018-07-30,WH_SOUTHEAST,Southeast FC,CAR_C,Carrier C,moveis_quarto,missing,1,1,100.0,0,none
2018-07-30,WH_SOUTHEAST,Southeast FC,CAR_C,Carrier C,moveis_sala,none,4,0,0.0,0,none
2018-07-30,WH_SOUTHEAST,Southeast FC,CAR_C,Carrier C,papelaria,none,10,0,0.0,0,none
2018-07-30,WH_SOUTHEAST,Southeast FC,CAR_C,Carrier C,perfumaria,damaged,1,1,100.0,0,none
2018-07-30,WH_SOUTHEAST,Southeast FC,CAR_C,Carrier C,perfumaria,missing,1,1,100.0,0,none
2018-07-30,WH_SOUTHEAST,Southeast FC,CAR_C,Carrier C,perfumaria,none,9,0,0.0,0,none
2018-07-30,WH_SOUTHEAST,Southeast FC,CAR_C,Carrier C,perfumaria,wrong,1,1,100.0,0,none
2018-07-30,WH_SOUTHEAST,Southeast FC,CAR_C,Carrier C,pet_shop,failed,1,1,100.0,0,none
2018-07-30,WH_SOUTHEAST,Southeast FC,CAR_C,Carrier C,pet_shop,none,13,0,0.0,0,none
2018-07-30,WH_SOUTHEAST,Southeast FC,CAR_C,Carrier C,portateis_casa_forno_e_cafe,none,1,0,0.0,0,none
2018-07-30,WH_SOUTHEAST,Southeast FC,CAR_C,Carrier C,relogios_presentes,damaged,1,1,100.0,0,none
2018-07-30,WH_SOUTHEAST,Southeast FC,CAR_C,Carrier C,relogios_presentes,none,22,0,0.0,0,none
2018-07-30,WH_SOUTHEAST,Southeast FC,CAR_C,Carrier C,relogios_presentes,wrong,1,1,100.0,0,none
2018-07-30,WH_SOUTHEAST,Southeast FC,CAR_C,Carrier C,telefonia,damaged,1,1,100.0,0,none
2018-07-30,WH_SOUTHEAST,Southeast FC,CAR_C,Carrier C,telefonia,failed,1,1,100.0,0,none
2018-07-30,WH_SOUTHEAST,Southeast FC,CAR_C,Carrier C,telefonia,none,20,0,0.0,0,none
2018-07-30,WH_SOUTHEAST,Southeast FC,CAR_C,Carrier C,telefonia,wrong,2,2,100.0,0,none
2018-07-30,WH_SOUTHEAST,Southeast FC,CAR_C,Carrier C,unknown,none,2,0,0.0,0,none
2018-07-30,WH_SOUTHEAST,Southeast FC,CAR_C,Carrier C,utilidades_domesticas,failed,1,1,100.0,0,none
2018-07-30,WH_SOUTHEAST,Southeast FC,CAR_C,Carrier C,utilidades_domesticas,none,34,0,0.0,0,none
2018-07-30,WH_SOUTHEAST,Southeast FC,CAR_D,Carrier D,alimentos,none,3,0,0.0,0,none
2018-07-30,WH_SOUTHEAST,Southeast FC,CAR_D,Carrier D,alimentos_bebidas,none,1,0,0.0,0,none
2018-07-30,WH_SOUTHEAST,Southeast FC,CAR_D,Carrier D,artigos_de_festas,none,1,0,0.0,0,none
2018-07-30,WH_SOUTHEAST,Southeast FC,CAR_D,Carrier D,automotivo,none,10,0,0.0,0,none
2018-07-30,WH_SOUTHEAST,Southeast FC,CAR_D,Carrier D,automotivo,wrong,1,1,100.0,0,none
2018-07-30,WH_SOUTHEAST,Southeast FC,CAR_D,Carrier D,bebes,none,6,0,0.0,0,none
2018-07-30,WH_SOUTHEAST,Southeast FC,CAR_D,Carrier D,bebes,refund,1,1,100.0,0,none
2018-07-30,WH_SOUTHEAST,Southeast FC,CAR_D,Carrier D,beleza_saude,none,25,0,0.0,0,none
2018-07-30,WH_SOUTHEAST,Southeast FC,CAR_D,Carrier D,beleza_saude,wrong,1,1,100.0,0,none
2018-07-30,WH_SOUTHEAST,Southeast FC,CAR_D,Carrier D,brinquedos,none,3,0,0.0,0,none
2018-07-30,WH_SOUTHEAST,Southeast FC,CAR_D,Carrier D,cama_mesa_banho,damaged,1,1,100.0,0,none
2018-07-30,WH_SOUTHEAST,Southeast FC,CAR_D,Carrier D,cama_mesa_banho,missing,1,1,100.0,0,none
2018-07-30,WH_SOUTHEAST,Southeast FC,CAR_D,Carrier D,cama_mesa_banho,none,16,0,0.0,0,none
2018-07-30,WH_SOUTHEAST,Southeast FC,CAR_D,Carrier D,casa_conforto,none,1,0,0.0,0,none
2018-07-30,WH_SOUTHEAST,Southeast FC,CAR_D,Carrier D,consoles_games,none,2,0,0.0,0,none
2018-07-30,WH_SOUTHEAST,Southeast FC,CAR_D,Carrier D,construcao_ferramentas_construcao,missing,1,1,100.0,0,none
2018-07-30,WH_SOUTHEAST,Southeast FC,CAR_D,Carrier D,construcao_ferramentas_construcao,none,4,0,0.0,0,none
2018-07-30,WH_SOUTHEAST,Southeast FC,CAR_D,Carrier D,construcao_ferramentas_ferramentas,none,1,0,0.0,0,none
2018-07-30,WH_SOUTHEAST,Southeast FC,CAR_D,Carrier D,construcao_ferramentas_iluminacao,none,1,0,0.0,0,none
2018-07-30,WH_SOUTHEAST,Southeast FC,CAR_D,Carrier D,construcao_ferramentas_seguranca,none,1,0,0.0,0,none
2018-07-30,WH_SOUTHEAST,Southeast FC,CAR_D,Carrier D,cool_stuff,none,5,0,0.0,0,none
2018-07-30,WH_SOUTHEAST,Southeast FC,CAR_D,Carrier D,eletrodomesticos,none,3,0,0.0,0,none
2018-07-30,WH_SOUTHEAST,Southeast FC,CAR_D,Carrier D,eletrodomesticos_2,none,1,0,0.0,0,none
2018-07-30,WH_SOUTHEAST,Southeast FC,CAR_D,Carrier D,eletronicos,none,1,0,0.0,0,none
2018-07-30,WH_SOUTHEAST,Southeast FC,CAR_D,Carrier D,eletroportateis,missing,1,1,100.0,0,none
2018-07-30,WH_SOUTHEAST,Southeast FC,CAR_D,Carrier D,eletroportateis,none,2,0,0.0,0,none
2018-07-30,WH_SOUTHEAST,Southeast FC,CAR_D,Carrier D,esporte_lazer,damaged,1,1,100.0,0,none
2018-07-30,WH_SOUTHEAST,Southeast FC,CAR_D,Carrier D,esporte_lazer,none,12,0,0.0,0,none
2018-07-30,WH_SOUTHEAST,Southeast FC,CAR_D,Carrier D,fashion_bolsas_e_acessorios,none,7,0,0.0,0,none
2018-07-30,WH_SOUTHEAST,Southeast FC,CAR_D,Carrier D,ferramentas_jardim,none,4,0,0.0,0,none
2018-07-30,WH_SOUTHEAST,Southeast FC,CAR_D,Carrier D,informatica_acessorios,damaged,1,1,100.0,0,none
2018-07-30,WH_SOUTHEAST,Southeast FC,CAR_D,Carrier D,informatica_acessorios,none,14,0,0.0,0,none
2018-07-30,WH_SOUTHEAST,Southeast FC,CAR_D,Carrier D,livros_interesse_geral,none,1,0,0.0,0,none
2018-07-30,WH_SOUTHEAST,Southeast FC,CAR_D,Carrier D,moveis_decoracao,none,11,0,0.0,0,none
2018-07-30,WH_SOUTHEAST,Southeast FC,CAR_D,Carrier D,moveis_decoracao,refund,1,1,100.0,0,none
2018-07-30,WH_SOUTHEAST,Southeast FC,CAR_D,Carrier D,moveis_escritorio,none,2,0,0.0,0,none
2018-07-30,WH_SOUTHEAST,Southeast FC,CAR_D,Carrier D,papelaria,failed,1,1,100.0,0,none
2018-07-30,WH_SOUTHEAST,Southeast FC,CAR_D,Carrier D,papelaria,none,8,0,0.0,0,none
2018-07-30,WH_SOUTHEAST,Southeast FC,CAR_D,Carrier D,perfumaria,damaged,1,1,100.0,0,none
2018-07-30,WH_SOUTHEAST,Southeast FC,CAR_D,Carrier D,perfumaria,missing,1,1,100.0,0,none
2018-07-30,WH_SOUTHEAST,Southeast FC,CAR_D,Carrier D,perfumaria,none,11,0,0.0,0,none
2018-07-30,WH_SOUTHEAST,Southeast FC,CAR_D,Carrier D,pet_shop,none,4,0,0.0,0,none
2018-07-30,WH_SOUTHEAST,Southeast FC,CAR_D,Carrier D,relogios_presentes,failed,1,1,100.0,0,none
2018-07-30,WH_SOUTHEAST,Southeast FC,CAR_D,Carrier D,relogios_presentes,none,17,0,0.0,0,none
2018-07-30,WH_SOUTHEAST,Southeast FC,CAR_D,Carrier D,sinalizacao_e_seguranca,none,1,0,0.0,0,none
2018-07-30,WH_SOUTHEAST,Southeast FC,CAR_D,Carrier D,telefonia,none,6,0,0.0,0,none
2018-07-30,WH_SOUTHEAST,Southeast FC,CAR_D,Carrier D,unknown,none,1,0,0.0,0,none
2018-07-30,WH_SOUTHEAST,Southeast FC,CAR_D,Carrier D,utilidades_domesticas,none,13,0,0.0,0,none
2018-08-06,WH_CENTRAL_WEST,Central-West FC,CAR_A,Carrier A,automotivo,none,3,0,0.0,0,none
2018-08-06,WH_CENTRAL_WEST,Central-West FC,CAR_A,Carrier A,bebes,none,1,0,0.0,0,none
2018-08-06,WH_CENTRAL_WEST,Central-West FC,CAR_A,Carrier A,beleza_saude,none,8,0,0.0,0,none
2018-08-06,WH_CENTRAL_WEST,Central-West FC,CAR_A,Carrier A,brinquedos,none,1,0,0.0,0,none
2018-08-06,WH_CENTRAL_WEST,Central-West FC,CAR_A,Carrier A,cama_mesa_banho,none,2,0,0.0,0,none
2018-08-06,WH_CENTRAL_WEST,Central-West FC,CAR_A,Carrier A,climatizacao,none,1,0,0.0,0,none
2018-08-06,WH_CENTRAL_WEST,Central-West FC,CAR_A,Carrier A,cool_stuff,none,1,0,0.0,0,none
2018-08-06,WH_CENTRAL_WEST,Central-West FC,CAR_A,Carrier A,esporte_lazer,none,1,0,0.0,0,none
2018-08-06,WH_CENTRAL_WEST,Central-West FC,CAR_A,Carrier A,fashion_bolsas_e_acessorios,none,1,0,0.0,0,none
2018-08-06,WH_CENTRAL_WEST,Central-West FC,CAR_A,Carrier A,ferramentas_jardim,none,2,0,0.0,0,none
2018-08-06,WH_CENTRAL_WEST,Central-West FC,CAR_A,Carrier A,informatica_acessorios,none,2,0,0.0,0,none
2018-08-06,WH_CENTRAL_WEST,Central-West FC,CAR_A,Carrier A,instrumentos_musicais,none,1,0,0.0,0,none
2018-08-06,WH_CENTRAL_WEST,Central-West FC,CAR_A,Carrier A,livros_interesse_geral,none,1,0,0.0,0,none
2018-08-06,WH_CENTRAL_WEST,Central-West FC,CAR_A,Carrier A,malas_acessorios,none,1,0,0.0,0,none
2018-08-06,WH_CENTRAL_WEST,Central-West FC,CAR_A,Carrier A,moveis_decoracao,none,2,0,0.0,0,none
2018-08-06,WH_CENTRAL_WEST,Central-West FC,CAR_A,Carrier A,pcs,none,1,0,0.0,0,none
2018-08-06,WH_CENTRAL_WEST,Central-West FC,CAR_A,Carrier A,perfumaria,none,1,0,0.0,0,none
2018-08-06,WH_CENTRAL_WEST,Central-West FC,CAR_A,Carrier A,relogios_presentes,damaged,1,1,100.0,0,none
2018-08-06,WH_CENTRAL_WEST,Central-West FC,CAR_A,Carrier A,relogios_presentes,none,2,0,0.0,0,none
2018-08-06,WH_CENTRAL_WEST,Central-West FC,CAR_A,Carrier A,telefonia,failed,1,1,100.0,0,none
2018-08-06,WH_CENTRAL_WEST,Central-West FC,CAR_A,Carrier A,telefonia,none,2,0,0.0,0,none
2018-08-06,WH_CENTRAL_WEST,Central-West FC,CAR_A,Carrier A,unknown,none,1,0,0.0,0,none
2018-08-06,WH_CENTRAL_WEST,Central-West FC,CAR_B,Carrier B,alimentos,none,2,0,0.0,0,none
2018-08-06,WH_CENTRAL_WEST,Central-West FC,CAR_B,Carrier B,automotivo,none,3,0,0.0,0,none
2018-08-06,WH_CENTRAL_WEST,Central-West FC,CAR_B,Carrier B,beleza_saude,none,6,0,0.0,0,none
2018-08-06,WH_CENTRAL_WEST,Central-West FC,CAR_B,Carrier B,brinquedos,none,1,0,0.0,0,none
2018-08-06,WH_CENTRAL_WEST,Central-West FC,CAR_B,Carrier B,casa_construcao,none,1,0,0.0,0,none
2018-08-06,WH_CENTRAL_WEST,Central-West FC,CAR_B,Carrier B,cool_stuff,none,1,0,0.0,0,none
2018-08-06,WH_CENTRAL_WEST,Central-West FC,CAR_B,Carrier B,esporte_lazer,missing,1,1,100.0,0,none
2018-08-06,WH_CENTRAL_WEST,Central-West FC,CAR_B,Carrier B,esporte_lazer,none,2,0,0.0,0,none
2018-08-06,WH_CENTRAL_WEST,Central-West FC,CAR_B,Carrier B,fashion_bolsas_e_acessorios,none,1,0,0.0,0,none
2018-08-06,WH_CENTRAL_WEST,Central-West FC,CAR_B,Carrier B,ferramentas_jardim,none,1,0,0.0,0,none
2018-08-06,WH_CENTRAL_WEST,Central-West FC,CAR_B,Carrier B,informatica_acessorios,failed,1,1,100.0,0,none
2018-08-06,WH_CENTRAL_WEST,Central-West FC,CAR_B,Carrier B,informatica_acessorios,none,3,0,0.0,0,none
2018-08-06,WH_CENTRAL_WEST,Central-West FC,CAR_B,Carrier B,livros_interesse_geral,none,1,0,0.0,0,none
2018-08-06,WH_CENTRAL_WEST,Central-West FC,CAR_B,Carrier B,livros_tecnicos,none,1,0,0.0,0,none
2018-08-06,WH_CENTRAL_WEST,Central-West FC,CAR_B,Carrier B,papelaria,none,2,0,0.0,0,none
2018-08-06,WH_CENTRAL_WEST,Central-West FC,CAR_B,Carrier B,perfumaria,none,1,0,0.0,0,none
2018-08-06,WH_CENTRAL_WEST,Central-West FC,CAR_B,Carrier B,relogios_presentes,none,3,0,0.0,0,none
2018-08-06,WH_CENTRAL_WEST,Central-West FC,CAR_B,Carrier B,telefonia,none,1,0,0.0,0,none
2018-08-06,WH_CENTRAL_WEST,Central-West FC,CAR_C,Carrier C,artigos_de_festas,none,1,0,0.0,0,none
2018-08-06,WH_CENTRAL_WEST,Central-West FC,CAR_C,Carrier C,bebes,none,1,0,0.0,0,none
2018-08-06,WH_CENTRAL_WEST,Central-West FC,CAR_C,Carrier C,beleza_saude,none,2,0,0.0,0,none
2018-08-06,WH_CENTRAL_WEST,Central-West FC,CAR_C,Carrier C,cama_mesa_banho,none,3,0,0.0,0,none
2018-08-06,WH_CENTRAL_WEST,Central-West FC,CAR_C,Carrier C,casa_conforto,none,1,0,0.0,0,none
2018-08-06,WH_CENTRAL_WEST,Central-West FC,CAR_C,Carrier C,construcao_ferramentas_seguranca,none,1,0,0.0,0,none
2018-08-06,WH_CENTRAL_WEST,Central-West FC,CAR_C,Carrier C,fashion_bolsas_e_acessorios,none,1,0,0.0,0,none
2018-08-06,WH_CENTRAL_WEST,Central-West FC,CAR_C,Carrier C,fashion_roupa_feminina,missing,1,1,100.0,0,none
2018-08-06,WH_CENTRAL_WEST,Central-West FC,CAR_C,Carrier C,ferramentas_jardim,none,2,0,0.0,0,none
2018-08-06,WH_CENTRAL_WEST,Central-West FC,CAR_C,Carrier C,moveis_decoracao,none,1,0,0.0,0,none
2018-08-06,WH_CENTRAL_WEST,Central-West FC,CAR_C,Carrier C,perfumaria,none,1,0,0.0,0,none
2018-08-06,WH_CENTRAL_WEST,Central-West FC,CAR_C,Carrier C,relogios_presentes,none,1,0,0.0,0,none
2018-08-06,WH_CENTRAL_WEST,Central-West FC,CAR_C,Carrier C,telefonia,failed,1,1,100.0,0,none
2018-08-06,WH_CENTRAL_WEST,Central-West FC,CAR_C,Carrier C,telefonia,none,1,0,0.0,0,none
2018-08-06,WH_CENTRAL_WEST,Central-West FC,CAR_C,Carrier C,utilidades_domesticas,none,1,0,0.0,0,none
2018-08-06,WH_CENTRAL_WEST,Central-West FC,CAR_D,Carrier D,alimentos,none,1,0,0.0,0,none
2018-08-06,WH_CENTRAL_WEST,Central-West FC,CAR_D,Carrier D,automotivo,none,2,0,0.0,0,none
2018-08-06,WH_CENTRAL_WEST,Central-West FC,CAR_D,Carrier D,automotivo,refund,1,1,100.0,0,none
2018-08-06,WH_CENTRAL_WEST,Central-West FC,CAR_D,Carrier D,bebidas,none,1,0,0.0,0,none
2018-08-06,WH_CENTRAL_WEST,Central-West FC,CAR_D,Carrier D,beleza_saude,none,3,0,0.0,0,none
2018-08-06,WH_CENTRAL_WEST,Central-West FC,CAR_D,Carrier D,cama_mesa_banho,none,2,0,0.0,0,none
2018-08-06,WH_CENTRAL_WEST,Central-West FC,CAR_D,Carrier D,casa_construcao,none,1,0,0.0,0,none
2018-08-06,WH_CENTRAL_WEST,Central-West FC,CAR_D,Carrier D,consoles_games,none,3,0,0.0,0,none
2018-08-06,WH_CENTRAL_WEST,Central-West FC,CAR_D,Carrier D,eletronicos,refund,1,1,100.0,0,none
2018-08-06,WH_CENTRAL_WEST,Central-West FC,CAR_D,Carrier D,eletroportateis,none,1,0,0.0,0,none
2018-08-06,WH_CENTRAL_WEST,Central-West FC,CAR_D,Carrier D,fashion_bolsas_e_acessorios,damaged,1,1,100.0,0,none
2018-08-06,WH_CENTRAL_WEST,Central-West FC,CAR_D,Carrier D,informatica_acessorios,none,4,0,0.0,0,none
2018-08-06,WH_CENTRAL_WEST,Central-West FC,CAR_D,Carrier D,livros_tecnicos,none,1,0,0.0,0,none
2018-08-06,WH_CENTRAL_WEST,Central-West FC,CAR_D,Carrier D,moveis_sala,none,1,0,0.0,0,none
2018-08-06,WH_CENTRAL_WEST,Central-West FC,CAR_D,Carrier D,perfumaria,none,1,0,0.0,0,none
2018-08-06,WH_CENTRAL_WEST,Central-West FC,CAR_D,Carrier D,pet_shop,damaged,1,1,100.0,0,none
2018-08-06,WH_CENTRAL_WEST,Central-West FC,CAR_D,Carrier D,pet_shop,missing,1,1,100.0,0,none
2018-08-06,WH_CENTRAL_WEST,Central-West FC,CAR_D,Carrier D,relogios_presentes,none,1,0,0.0,0,none
2018-08-06,WH_CENTRAL_WEST,Central-West FC,CAR_D,Carrier D,utilidades_domesticas,none,1,0,0.0,0,none
2018-08-06,WH_NORTH,North FC,CAR_A,Carrier A,automotivo,none,2,0,0.0,0,none
2018-08-06,WH_NORTH,North FC,CAR_A,Carrier A,beleza_saude,none,2,0,0.0,0,none
2018-08-06,WH_NORTH,North FC,CAR_A,Carrier A,brinquedos,none,1,0,0.0,0,none
2018-08-06,WH_NORTH,North FC,CAR_A,Carrier A,esporte_lazer,none,1,0,0.0,0,none
2018-08-06,WH_NORTH,North FC,CAR_A,Carrier A,papelaria,missing,1,1,100.0,0,none
2018-08-06,WH_NORTH,North FC,CAR_A,Carrier A,relogios_presentes,none,1,0,0.0,0,none
2018-08-06,WH_NORTH,North FC,CAR_A,Carrier A,telefonia,none,1,0,0.0,0,none
2018-08-06,WH_NORTH,North FC,CAR_B,Carrier B,beleza_saude,none,3,0,0.0,0,none
2018-08-06,WH_NORTH,North FC,CAR_B,Carrier B,moveis_sala,none,1,0,0.0,0,none
2018-08-06,WH_NORTH,North FC,CAR_B,Carrier B,papelaria,none,1,0,0.0,0,none
2018-08-06,WH_NORTH,North FC,CAR_B,Carrier B,relogios_presentes,none,4,0,0.0,0,none
2018-08-06,WH_NORTH,North FC,CAR_C,Carrier C,bebes,none,1,0,0.0,0,none
2018-08-06,WH_NORTH,North FC,CAR_C,Carrier C,beleza_saude,none,2,0,0.0,0,none
2018-08-06,WH_NORTH,North FC,CAR_C,Carrier C,moveis_decoracao,none,3,0,0.0,0,none
2018-08-06,WH_NORTH,North FC,CAR_C,Carrier C,telefonia,none,1,0,0.0,0,none
2018-08-06,WH_SOUTH,South FC,CAR_A,Carrier A,alimentos,none,1,0,0.0,0,none
2018-08-06,WH_SOUTH,South FC,CAR_A,Carrier A,automotivo,none,2,0,0.0,0,none
2018-08-06,WH_SOUTH,South FC,CAR_A,Carrier A,bebes,damaged,1,1,100.0,0,none
2018-08-06,WH_SOUTH,South FC,CAR_A,Carrier A,bebes,none,2,0,0.0,0,none
2018-08-06,WH_SOUTH,South FC,CAR_A,Carrier A,bebes,refund,1,1,100.0,0,none
2018-08-06,WH_SOUTH,South FC,CAR_A,Carrier A,beleza_saude,none,7,0,0.0,0,none
2018-08-06,WH_SOUTH,South FC,CAR_A,Carrier A,brinquedos,none,4,0,0.0,0,none
2018-08-06,WH_SOUTH,South FC,CAR_A,Carrier A,cama_mesa_banho,none,10,0,0.0,0,none
2018-08-06,WH_SOUTH,South FC,CAR_A,Carrier A,casa_construcao,none,1,0,0.0,0,none
2018-08-06,WH_SOUTH,South FC,CAR_A,Carrier A,consoles_games,none,1,0,0.0,0,none
2018-08-06,WH_SOUTH,South FC,CAR_A,Carrier A,construcao_ferramentas_construcao,none,1,0,0.0,0,none
2018-08-06,WH_SOUTH,South FC,CAR_A,Carrier A,construcao_ferramentas_iluminacao,none,2,0,0.0,0,none
2018-08-06,WH_SOUTH,South FC,CAR_A,Carrier A,cool_stuff,none,1,0,0.0,0,none
2018-08-06,WH_SOUTH,South FC,CAR_A,Carrier A,eletronicos,none,5,0,0.0,0,none
2018-08-06,WH_SOUTH,South FC,CAR_A,Carrier A,esporte_lazer,damaged,1,1,100.0,0,none
2018-08-06,WH_SOUTH,South FC,CAR_A,Carrier A,esporte_lazer,none,9,0,0.0,0,none
2018-08-06,WH_SOUTH,South FC,CAR_A,Carrier A,ferramentas_jardim,none,3,0,0.0,0,none
2018-08-06,WH_SOUTH,South FC,CAR_A,Carrier A,industria_comercio_e_negocios,none,1,0,0.0,0,none
2018-08-06,WH_SOUTH,South FC,CAR_A,Carrier A,informatica_acessorios,failed,1,1,100.0,0,none
2018-08-06,WH_SOUTH,South FC,CAR_A,Carrier A,informatica_acessorios,none,3,0,0.0,0,none
2018-08-06,WH_SOUTH,South FC,CAR_A,Carrier A,instrumentos_musicais,none,3,0,0.0,0,none
2018-08-06,WH_SOUTH,South FC,CAR_A,Carrier A,moveis_cozinha_area_de_servico_jantar_e_jardim,none,1,0,0.0,0,none
2018-08-06,WH_SOUTH,South FC,CAR_A,Carrier A,moveis_decoracao,none,13,0,0.0,0,none
2018-08-06,WH_SOUTH,South FC,CAR_A,Carrier A,moveis_escritorio,none,1,0,0.0,0,none
2018-08-06,WH_SOUTH,South FC,CAR_A,Carrier A,moveis_sala,none,2,0,0.0,0,none
2018-08-06,WH_SOUTH,South FC,CAR_A,Carrier A,musica,none,1,0,0.0,0,none
2018-08-06,WH_SOUTH,South FC,CAR_A,Carrier A,papelaria,none,1,0,0.0,0,none
2018-08-06,WH_SOUTH,South FC,CAR_A,Carrier A,perfumaria,none,1,0,0.0,0,none
2018-08-06,WH_SOUTH,South FC,CAR_A,Carrier A,pet_shop,none,1,0,0.0,0,none
2018-08-06,WH_SOUTH,South FC,CAR_A,Carrier A,relogios_presentes,none,4,0,0.0,0,none
2018-08-06,WH_SOUTH,South FC,CAR_A,Carrier A,telefonia,none,6,0,0.0,0,none
2018-08-06,WH_SOUTH,South FC,CAR_A,Carrier A,utilidades_domesticas,none,9,0,0.0,0,none
2018-08-06,WH_SOUTH,South FC,CAR_B,Carrier B,alimentos,none,2,0,0.0,0,none
2018-08-06,WH_SOUTH,South FC,CAR_B,Carrier B,artes,none,1,0,0.0,0,none
2018-08-06,WH_SOUTH,South FC,CAR_B,Carrier B,automotivo,none,8,0,0.0,0,none
2018-08-06,WH_SOUTH,South FC,CAR_B,Carrier B,bebes,none,3,0,0.0,0,none
2018-08-06,WH_SOUTH,South FC,CAR_B,Carrier B,beleza_saude,none,11,0,0.0,0,none
2018-08-06,WH_SOUTH,South FC,CAR_B,Carrier B,brinquedos,none,1,0,0.0,0,none
2018-08-06,WH_SOUTH,South FC,CAR_B,Carrier B,cama_mesa_banho,none,7,0,0.0,0,none
2018-08-06,WH_SOUTH,South FC,CAR_B,Carrier B,cama_mesa_banho,wrong,1,1,100.0,0,none
2018-08-06,WH_SOUTH,South FC,CAR_B,Carrier B,casa_conforto,none,1,0,0.0,0,none
2018-08-06,WH_SOUTH,South FC,CAR_B,Carrier B,casa_construcao,failed,1,1,100.0,0,none
2018-08-06,WH_SOUTH,South FC,CAR_B,Carrier B,casa_construcao,none,2,0,0.0,0,none
2018-08-06,WH_SOUTH,South FC,CAR_B,Carrier B,cine_foto,none,1,0,0.0,0,none
2018-08-06,WH_SOUTH,South FC,CAR_B,Carrier B,consoles_games,none,2,0,0.0,0,none
2018-08-06,WH_SOUTH,South FC,CAR_B,Carrier B,construcao_ferramentas_construcao,none,1,0,0.0,0,none
2018-08-06,WH_SOUTH,South FC,CAR_B,Carrier B,cool_stuff,none,5,0,0.0,0,none
2018-08-06,WH_SOUTH,South FC,CAR_B,Carrier B,eletrodomesticos,none,1,0,0.0,0,none
2018-08-06,WH_SOUTH,South FC,CAR_B,Carrier B,eletrodomesticos_2,none,1,0,0.0,0,none
2018-08-06,WH_SOUTH,South FC,CAR_B,Carrier B,eletronicos,none,1,0,0.0,0,none
2018-08-06,WH_SOUTH,South FC,CAR_B,Carrier B,eletronicos,refund,1,1,100.0,0,none
2018-08-06,WH_SOUTH,South FC,CAR_B,Carrier B,esporte_lazer,none,5,0,0.0,0,none
2018-08-06,WH_SOUTH,South FC,CAR_B,Carrier B,ferramentas_jardim,none,4,0,0.0,0,none
2018-08-06,WH_SOUTH,South FC,CAR_B,Carrier B,informatica_acessorios,none,6,0,0.0,0,none
2018-08-06,WH_SOUTH,South FC,CAR_B,Carrier B,instrumentos_musicais,none,2,0,0.0,0,none
2018-08-06,WH_SOUTH,South FC,CAR_B,Carrier B,livros_tecnicos,none,1,0,0.0,0,none
2018-08-06,WH_SOUTH,South FC,CAR_B,Carrier B,malas_acessorios,none,2,0,0.0,0,none
2018-08-06,WH_SOUTH,South FC,CAR_B,Carrier B,moveis_decoracao,none,10,0,0.0,0,none
2018-08-06,WH_SOUTH,South FC,CAR_B,Carrier B,papelaria,none,1,0,0.0,0,none
2018-08-06,WH_SOUTH,South FC,CAR_B,Carrier B,pet_shop,none,1,0,0.0,0,none
2018-08-06,WH_SOUTH,South FC,CAR_B,Carrier B,portateis_casa_forno_e_cafe,none,1,0,0.0,0,none
2018-08-06,WH_SOUTH,South FC,CAR_B,Carrier B,relogios_presentes,none,8,0,0.0,0,none
2018-08-06,WH_SOUTH,South FC,CAR_B,Carrier B,sinalizacao_e_seguranca,none,2,0,0.0,0,none
2018-08-06,WH_SOUTH,South FC,CAR_B,Carrier B,telefonia,none,5,0,0.0,0,none
2018-08-06,WH_SOUTH,South FC,CAR_B,Carrier B,telefonia_fixa,none,1,0,0.0,0,none
2018-08-06,WH_SOUTH,South FC,CAR_B,Carrier B,utilidades_domesticas,damaged,1,1,100.0,0,none
2018-08-06,WH_SOUTH,South FC,CAR_B,Carrier B,utilidades_domesticas,none,5,0,0.0,0,none
2018-08-06,WH_SOUTH,South FC,CAR_C,Carrier C,automotivo,none,2,0,0.0,0,none
2018-08-06,WH_SOUTH,South FC,CAR_C,Carrier C,bebes,none,3,0,0.0,0,none
2018-08-06,WH_SOUTH,South FC,CAR_C,Carrier C,bebes,refund,1,1,100.0,0,none
2018-08-06,WH_SOUTH,South FC,CAR_C,Carrier C,beleza_saude,none,6,0,0.0,0,none
2018-08-06,WH_SOUTH,South FC,CAR_C,Carrier C,cama_mesa_banho,none,4,0,0.0,0,none
2018-08-06,WH_SOUTH,South FC,CAR_C,Carrier C,construcao_ferramentas_iluminacao,none,1,0,0.0,0,none
2018-08-06,WH_SOUTH,South FC,CAR_C,Carrier C,eletronicos,none,2,0,0.0,0,none
2018-08-06,WH_SOUTH,South FC,CAR_C,Carrier C,esporte_lazer,none,6,0,0.0,0,none
2018-08-06,WH_SOUTH,South FC,CAR_C,Carrier C,esporte_lazer,refund,2,2,100.0,0,none
2018-08-06,WH_SOUTH,South FC,CAR_C,Carrier C,ferramentas_jardim,none,2,0,0.0,0,none
2018-08-06,WH_SOUTH,South FC,CAR_C,Carrier C,informatica_acessorios,none,4,0,0.0,0,none
2018-08-06,WH_SOUTH,South FC,CAR_C,Carrier C,moveis_decoracao,none,8,0,0.0,0,none
2018-08-06,WH_SOUTH,South FC,CAR_C,Carrier C,papelaria,none,1,0,0.0,0,none
2018-08-06,WH_SOUTH,South FC,CAR_C,Carrier C,perfumaria,none,1,0,0.0,0,none
2018-08-06,WH_SOUTH,South FC,CAR_C,Carrier C,pet_shop,none,3,0,0.0,0,none
2018-08-06,WH_SOUTH,South FC,CAR_C,Carrier C,relogios_presentes,none,1,0,0.0,0,none
2018-08-06,WH_SOUTH,South FC,CAR_C,Carrier C,telefonia,none,1,0,0.0,0,none
2018-08-06,WH_SOUTH,South FC,CAR_C,Carrier C,unknown,none,2,0,0.0,0,none
2018-08-06,WH_SOUTH,South FC,CAR_C,Carrier C,utilidades_domesticas,damaged,1,1,100.0,0,none
2018-08-06,WH_SOUTH,South FC,CAR_C,Carrier C,utilidades_domesticas,none,3,0,0.0,0,none
2018-08-06,WH_SOUTH,South FC,CAR_D,Carrier D,agro_industria_e_comercio,none,1,0,0.0,0,none
2018-08-06,WH_SOUTH,South FC,CAR_D,Carrier D,automotivo,none,1,0,0.0,0,none
2018-08-06,WH_SOUTH,South FC,CAR_D,Carrier D,bebes,none,1,0,0.0,0,none
2018-08-06,WH_SOUTH,South FC,CAR_D,Carrier D,beleza_saude,none,2,0,0.0,0,none
2018-08-06,WH_SOUTH,South FC,CAR_D,Carrier D,cama_mesa_banho,none,1,0,0.0,0,none
2018-08-06,WH_SOUTH,South FC,CAR_D,Carrier D,casa_construcao,none,1,0,0.0,0,none
2018-08-06,WH_SOUTH,South FC,CAR_D,Carrier D,consoles_games,none,2,0,0.0,0,none
2018-08-06,WH_SOUTH,South FC,CAR_D,Carrier D,construcao_ferramentas_jardim,none,1,0,0.0,0,none
2018-08-06,WH_SOUTH,South FC,CAR_D,Carrier D,eletrodomesticos,none,1,0,0.0,0,none
2018-08-06,WH_SOUTH,South FC,CAR_D,Carrier D,esporte_lazer,none,2,0,0.0,0,none
2018-08-06,WH_SOUTH,South FC,CAR_D,Carrier D,ferramentas_jardim,none,2,0,0.0,0,none
2018-08-06,WH_SOUTH,South FC,CAR_D,Carrier D,informatica_acessorios,none,3,0,0.0,0,none
2018-08-06,WH_SOUTH,South FC,CAR_D,Carrier D,moveis_decoracao,damaged,1,1,100.0,0,none
2018-08-06,WH_SOUTH,South FC,CAR_D,Carrier D,moveis_decoracao,none,3,0,0.0,0,none
2018-08-06,WH_SOUTH,South FC,CAR_D,Carrier D,perfumaria,none,1,0,0.0,0,none
2018-08-06,WH_SOUTH,South FC,CAR_D,Carrier D,relogios_presentes,none,3,0,0.0,0,none
2018-08-06,WH_SOUTH,South FC,CAR_D,Carrier D,utilidades_domesticas,none,4,0,0.0,0,none
2018-08-06,WH_SOUTHEAST,Southeast FC,CAR_A,Carrier A,alimentos,failed,1,1,100.0,0,none
2018-08-06,WH_SOUTHEAST,Southeast FC,CAR_A,Carrier A,alimentos,none,4,0,0.0,0,none
2018-08-06,WH_SOUTHEAST,Southeast FC,CAR_A,Carrier A,alimentos,refund,1,1,100.0,0,none
2018-08-06,WH_SOUTHEAST,Southeast FC,CAR_A,Carrier A,alimentos_bebidas,none,3,0,0.0,0,none
2018-08-06,WH_SOUTHEAST,Southeast FC,CAR_A,Carrier A,artes,none,2,0,0.0,0,none
2018-08-06,WH_SOUTHEAST,Southeast FC,CAR_A,Carrier A,audio,none,1,0,0.0,0,none
2018-08-06,WH_SOUTHEAST,Southeast FC,CAR_A,Carrier A,automotivo,none,33,0,0.0,0,none
2018-08-06,WH_SOUTHEAST,Southeast FC,CAR_A,Carrier A,automotivo,refund,1,1,100.0,0,none
2018-08-06,WH_SOUTHEAST,Southeast FC,CAR_A,Carrier A,automotivo,wrong,1,1,100.0,0,none
2018-08-06,WH_SOUTHEAST,Southeast FC,CAR_A,Carrier A,bebes,failed,2,2,100.0,0,none
2018-08-06,WH_SOUTHEAST,Southeast FC,CAR_A,Carrier A,bebes,missing,1,1,100.0,0,none
2018-08-06,WH_SOUTHEAST,Southeast FC,CAR_A,Carrier A,bebes,none,8,0,0.0,0,none
2018-08-06,WH_SOUTHEAST,Southeast FC,CAR_A,Carrier A,bebidas,none,1,0,0.0,0,none
2018-08-06,WH_SOUTHEAST,Southeast FC,CAR_A,Carrier A,beleza_saude,damaged,2,2,100.0,0,none
2018-08-06,WH_SOUTHEAST,Southeast FC,CAR_A,Carrier A,beleza_saude,none,64,0,0.0,0,none
2018-08-06,WH_SOUTHEAST,Southeast FC,CAR_A,Carrier A,brinquedos,damaged,1,1,100.0,0,none
2018-08-06,WH_SOUTHEAST,Southeast FC,CAR_A,Carrier A,brinquedos,none,12,0,0.0,0,none
2018-08-06,WH_SOUTHEAST,Southeast FC,CAR_A,Carrier A,cama_mesa_banho,failed,2,2,100.0,0,none
2018-08-06,WH_SOUTHEAST,Southeast FC,CAR_A,Carrier A,cama_mesa_banho,missing,1,1,100.0,0,none
2018-08-06,WH_SOUTHEAST,Southeast FC,CAR_A,Carrier A,cama_mesa_banho,none,33,0,0.0,0,none
2018-08-06,WH_SOUTHEAST,Southeast FC,CAR_A,Carrier A,cama_mesa_banho,wrong,1,1,100.0,0,none
2018-08-06,WH_SOUTHEAST,Southeast FC,CAR_A,Carrier A,casa_construcao,none,3,0,0.0,0,none
2018-08-06,WH_SOUTHEAST,Southeast FC,CAR_A,Carrier A,consoles_games,none,2,0,0.0,0,none
2018-08-06,WH_SOUTHEAST,Southeast FC,CAR_A,Carrier A,construcao_ferramentas_construcao,none,6,0,0.0,0,none
2018-08-06,WH_SOUTHEAST,Southeast FC,CAR_A,Carrier A,construcao_ferramentas_ferramentas,none,1,0,0.0,0,none
2018-08-06,WH_SOUTHEAST,Southeast FC,CAR_A,Carrier A,construcao_ferramentas_iluminacao,missing,1,1,100.0,0,none
2018-08-06,WH_SOUTHEAST,Southeast FC,CAR_A,Carrier A,construcao_ferramentas_iluminacao,none,7,0,0.0,0,none
2018-08-06,WH_SOUTHEAST,Southeast FC,CAR_A,Carrier A,construcao_ferramentas_iluminacao,wrong,1,1,100.0,0,none
2018-08-06,WH_SOUTHEAST,Southeast FC,CAR_A,Carrier A,construcao_ferramentas_jardim,none,2,0,0.0,0,none
2018-08-06,WH_SOUTHEAST,Southeast FC,CAR_A,Carrier A,cool_stuff,damaged,1,1,100.0,0,none
2018-08-06,WH_SOUTHEAST,Southeast FC,CAR_A,Carrier A,cool_stuff,none,10,0,0.0,0,none
2018-08-06,WH_SOUTHEAST,Southeast FC,CAR_A,Carrier A,eletrodomesticos,none,4,0,0.0,0,none
2018-08-06,WH_SOUTHEAST,Southeast FC,CAR_A,Carrier A,eletronicos,missing,1,1,100.0,0,none
2018-08-06,WH_SOUTHEAST,Southeast FC,CAR_A,Carrier A,eletronicos,none,13,0,0.0,0,none
2018-08-06,WH_SOUTHEAST,Southeast FC,CAR_A,Carrier A,eletroportateis,damaged,1,1,100.0,0,none
2018-08-06,WH_SOUTHEAST,Southeast FC,CAR_A,Carrier A,eletroportateis,none,4,0,0.0,0,none
2018-08-06,WH_SOUTHEAST,Southeast FC,CAR_A,Carrier A,esporte_lazer,none,33,0,0.0,0,none
2018-08-06,WH_SOUTHEAST,Southeast FC,CAR_A,Carrier A,esporte_lazer,wrong,1,1,100.0,0,none
2018-08-06,WH_SOUTHEAST,Southeast FC,CAR_A,Carrier A,fashion_bolsas_e_acessorios,none,9,0,0.0,0,none
2018-08-06,WH_SOUTHEAST,Southeast FC,CAR_A,Carrier A,fashion_underwear_e_moda_praia,none,1,0,0.0,0,none
2018-08-06,WH_SOUTHEAST,Southeast FC,CAR_A,Carrier A,ferramentas_jardim,damaged,2,2,100.0,0,none
2018-08-06,WH_SOUTHEAST,Southeast FC,CAR_A,Carrier A,ferramentas_jardim,none,10,0,0.0,0,none
2018-08-06,WH_SOUTHEAST,Southeast FC,CAR_A,Carrier A,industria_comercio_e_negocios,none,2,0,0.0,0,none
2018-08-06,WH_SOUTHEAST,Southeast FC,CAR_A,Carrier A,informatica_acessorios,failed,1,1,100.0,0,none
2018-08-06,WH_SOUTHEAST,Southeast FC,CAR_A,Carrier A,informatica_acessorios,none,20,0,0.0,0,none
2018-08-06,WH_SOUTHEAST,Southeast FC,CAR_A,Carrier A,instrumentos_musicais,none,2,0,0.0,0,none
2018-08-06,WH_SOUTHEAST,Southeast FC,CAR_A,Carrier A,livros_interesse_geral,none,2,0,0.0,0,none
2018-08-06,WH_SOUTHEAST,Southeast FC,CAR_A,Carrier A,livros_tecnicos,none,2,0,0.0,0,none
2018-08-06,WH_SOUTHEAST,Southeast FC,CAR_A,Carrier A,malas_acessorios,missing,1,1,100.0,0,none
2018-08-06,WH_SOUTHEAST,Southeast FC,CAR_A,Carrier A,malas_acessorios,none,5,0,0.0,0,none
2018-08-06,WH_SOUTHEAST,Southeast FC,CAR_A,Carrier A,market_place,none,1,0,0.0,0,none
2018-08-06,WH_SOUTHEAST,Southeast FC,CAR_A,Carrier A,moveis_decoracao,missing,1,1,100.0,0,none
2018-08-06,WH_SOUTHEAST,Southeast FC,CAR_A,Carrier A,moveis_decoracao,none,19,0,0.0,0,none
2018-08-06,WH_SOUTHEAST,Southeast FC,CAR_A,Carrier A,moveis_decoracao,refund,1,1,100.0,0,none
2018-08-06,WH_SOUTHEAST,Southeast FC,CAR_A,Carrier A,moveis_decoracao,wrong,1,1,100.0,0,none
2018-08-06,WH_SOUTHEAST,Southeast FC,CAR_A,Carrier A,moveis_escritorio,failed,1,1,100.0,0,none
2018-08-06,WH_SOUTHEAST,Southeast FC,CAR_A,Carrier A,moveis_escritorio,none,5,0,0.0,0,none
2018-08-06,WH_SOUTHEAST,Southeast FC,CAR_A,Carrier A,moveis_quarto,none,2,0,0.0,0,none
2018-08-06,WH_SOUTHEAST,Southeast FC,CAR_A,Carrier A,moveis_sala,none,4,0,0.0,0,none
2018-08-06,WH_SOUTHEAST,Southeast FC,CAR_A,Carrier A,papelaria,none,13,0,0.0,0,none
2018-08-06,WH_SOUTHEAST,Southeast FC,CAR_A,Carrier A,papelaria,wrong,1,1,100.0,0,none
2018-08-06,WH_SOUTHEAST,Southeast FC,CAR_A,Carrier A,pcs,none,1,0,0.0,0,none
2018-08-06,WH_SOUTHEAST,Southeast FC,CAR_A,Carrier A,perfumaria,failed,1,1,100.0,0,none
2018-08-06,WH_SOUTHEAST,Southeast FC,CAR_A,Carrier A,perfumaria,missing,1,1,100.0,0,none
2018-08-06,WH_SOUTHEAST,Southeast FC,CAR_A,Carrier A,perfumaria,none,12,0,0.0,0,none
2018-08-06,WH_SOUTHEAST,Southeast FC,CAR_A,Carrier A,perfumaria,refund,1,1,100.0,0,none
2018-08-06,WH_SOUTHEAST,Southeast FC,CAR_A,Carrier A,pet_shop,none,15,0,0.0,0,none
2018-08-06,WH_SOUTHEAST,Southeast FC,CAR_A,Carrier A,pet_shop,refund,1,1,100.0,0,none
2018-08-06,WH_SOUTHEAST,Southeast FC,CAR_A,Carrier A,portateis_casa_forno_e_cafe,none,1,0,0.0,0,none
2018-08-06,WH_SOUTHEAST,Southeast FC,CAR_A,Carrier A,portateis_cozinha_e_preparadores_de_alimentos,none,1,0,0.0,0,none
2018-08-06,WH_SOUTHEAST,Southeast FC,CAR_A,Carrier A,relogios_presentes,damaged,1,1,100.0,0,none
2018-08-06,WH_SOUTHEAST,Southeast FC,CAR_A,Carrier A,relogios_presentes,none,24,0,0.0,0,none
2018-08-06,WH_SOUTHEAST,Southeast FC,CAR_A,Carrier A,sinalizacao_e_seguranca,none,1,0,0.0,0,none
2018-08-06,WH_SOUTHEAST,Southeast FC,CAR_A,Carrier A,telefonia,failed,1,1,100.0,0,none
2018-08-06,WH_SOUTHEAST,Southeast FC,CAR_A,Carrier A,telefonia,none,23,0,0.0,0,none
2018-08-06,WH_SOUTHEAST,Southeast FC,CAR_A,Carrier A,utilidades_domesticas,none,52,0,0.0,0,none
2018-08-06,WH_SOUTHEAST,Southeast FC,CAR_A,Carrier A,utilidades_domesticas,wrong,1,1,100.0,0,none
2018-08-06,WH_SOUTHEAST,Southeast FC,CAR_B,Carrier B,agro_industria_e_comercio,none,1,0,0.0,0,none
2018-08-06,WH_SOUTHEAST,Southeast FC,CAR_B,Carrier B,alimentos,none,4,0,0.0,0,none
2018-08-06,WH_SOUTHEAST,Southeast FC,CAR_B,Carrier B,alimentos_bebidas,none,1,0,0.0,0,none
2018-08-06,WH_SOUTHEAST,Southeast FC,CAR_B,Carrier B,artes,none,2,0,0.0,0,none
2018-08-06,WH_SOUTHEAST,Southeast FC,CAR_B,Carrier B,artigos_de_natal,none,2,0,0.0,0,none
2018-08-06,WH_SOUTHEAST,Southeast FC,CAR_B,Carrier B,audio,missing,1,1,100.0,0,none
2018-08-06,WH_SOUTHEAST,Southeast FC,CAR_B,Carrier B,audio,none,2,0,0.0,0,none
2018-08-06,WH_SOUTHEAST,Southeast FC,CAR_B,Carrier B,automotivo,none,35,0,0.0,0,none
2018-08-06,WH_SOUTHEAST,Southeast FC,CAR_B,Carrier B,automotivo,refund,1,1,100.0,0,none
2018-08-06,WH_SOUTHEAST,Southeast FC,CAR_B,Carrier B,bebes,none,14,0,0.0,0,none
2018-08-06,WH_SOUTHEAST,Southeast FC,CAR_B,Carrier B,bebidas,none,2,0,0.0,0,none
2018-08-06,WH_SOUTHEAST,Southeast FC,CAR_B,Carrier B,beleza_saude,failed,1,1,100.0,0,none
2018-08-06,WH_SOUTHEAST,Southeast FC,CAR_B,Carrier B,beleza_saude,missing,2,2,100.0,0,none
2018-08-06,WH_SOUTHEAST,Southeast FC,CAR_B,Carrier B,beleza_saude,none,59,0,0.0,0,none
2018-08-06,WH_SOUTHEAST,Southeast FC,CAR_B,Carrier B,beleza_saude,wrong,2,2,100.0,0,none
2018-08-06,WH_SOUTHEAST,Southeast FC,CAR_B,Carrier B,brinquedos,failed,1,1,100.0,0,none
2018-08-06,WH_SOUTHEAST,Southeast FC,CAR_B,Carrier B,brinquedos,none,10,0,0.0,0,none
2018-08-06,WH_SOUTHEAST,Southeast FC,CAR_B,Carrier B,cama_mesa_banho,failed,1,1,100.0,0,none
2018-08-06,WH_SOUTHEAST,Southeast FC,CAR_B,Carrier B,cama_mesa_banho,none,45,0,0.0,0,none
2018-08-06,WH_SOUTHEAST,Southeast FC,CAR_B,Carrier B,casa_conforto,none,1,0,0.0,0,none
2018-08-06,WH_SOUTHEAST,Southeast FC,CAR_B,Carrier B,casa_construcao,none,7,0,0.0,0,none
2018-08-06,WH_SOUTHEAST,Southeast FC,CAR_B,Carrier B,climatizacao,none,1,0,0.0,0,none
2018-08-06,WH_SOUTHEAST,Southeast FC,CAR_B,Carrier B,consoles_games,none,3,0,0.0,0,none
2018-08-06,WH_SOUTHEAST,Southeast FC,CAR_B,Carrier B,construcao_ferramentas_construcao,failed,1,1,100.0,0,none
2018-08-06,WH_SOUTHEAST,Southeast FC,CAR_B,Carrier B,construcao_ferramentas_construcao,none,10,0,0.0,0,none
2018-08-06,WH_SOUTHEAST,Southeast FC,CAR_B,Carrier B,construcao_ferramentas_construcao,wrong,1,1,100.0,0,none
2018-08-06,WH_SOUTHEAST,Southeast FC,CAR_B,Carrier B,construcao_ferramentas_iluminacao,failed,1,1,100.0,0,none
2018-08-06,WH_SOUTHEAST,Southeast FC,CAR_B,Carrier B,construcao_ferramentas_iluminacao,none,5,0,0.0,0,none
2018-08-06,WH_SOUTHEAST,Southeast FC,CAR_B,Carrier B,construcao_ferramentas_iluminacao,wrong,1,1,100.0,0,none
2018-08-06,WH_SOUTHEAST,Southeast FC,CAR_B,Carrier B,construcao_ferramentas_seguranca,none,1,0,0.0,0,none
2018-08-06,WH_SOUTHEAST,Southeast FC,CAR_B,Carrier B,cool_stuff,none,7,0,0.0,0,none
2018-08-06,WH_SOUTHEAST,Southeast FC,CAR_B,Carrier B,eletrodomesticos,none,9,0,0.0,0,none
2018-08-06,WH_SOUTHEAST,Southeast FC,CAR_B,Carrier B,eletronicos,failed,1,1,100.0,0,none
2018-08-06,WH_SOUTHEAST,Southeast FC,CAR_B,Carrier B,eletronicos,none,12,0,0.0,0,none
2018-08-06,WH_SOUTHEAST,Southeast FC,CAR_B,Carrier B,esporte_lazer,damaged,1,1,100.0,0,none
2018-08-06,WH_SOUTHEAST,Southeast FC,CAR_B,Carrier B,esporte_lazer,missing,1,1,100.0,0,none
2018-08-06,WH_SOUTHEAST,Southeast FC,CAR_B,Carrier B,esporte_lazer,none,25,0,0.0,0,none
2018-08-06,WH_SOUTHEAST,Southeast FC,CAR_B,Carrier B,fashion_bolsas_e_acessorios,damaged,1,1,100.0,0,none
2018-08-06,WH_SOUTHEAST,Southeast FC,CAR_B,Carrier B,fashion_bolsas_e_acessorios,none,7,0,0.0,0,none
2018-08-06,WH_SOUTHEAST,Southeast FC,CAR_B,Carrier B,fashion_calcados,none,1,0,0.0,0,none
2018-08-06,WH_SOUTHEAST,Southeast FC,CAR_B,Carrier B,ferramentas_jardim,none,10,0,0.0,0,none
2018-08-06,WH_SOUTHEAST,Southeast FC,CAR_B,Carrier B,fraldas_higiene,none,1,0,0.0,0,none
2018-08-06,WH_SOUTHEAST,Southeast FC,CAR_B,Carrier B,informatica_acessorios,none,29,0,0.0,0,none
2018-08-06,WH_SOUTHEAST,Southeast FC,CAR_B,Carrier B,informatica_acessorios,wrong,2,2,100.0,0,none
2018-08-06,WH_SOUTHEAST,Southeast FC,CAR_B,Carrier B,instrumentos_musicais,none,4,0,0.0,0,none
2018-08-06,WH_SOUTHEAST,Southeast FC,CAR_B,Carrier B,livros_interesse_geral,none,1,0,0.0,0,none
2018-08-06,WH_SOUTHEAST,Southeast FC,CAR_B,Carrier B,livros_interesse_geral,wrong,1,1,100.0,0,none
2018-08-06,WH_SOUTHEAST,Southeast FC,CAR_B,Carrier B,livros_tecnicos,none,2,0,0.0,0,none
2018-08-06,WH_SOUTHEAST,Southeast FC,CAR_B,Carrier B,malas_acessorios,none,5,0,0.0,0,none
2018-08-06,WH_SOUTHEAST,Southeast FC,CAR_B,Carrier B,market_place,none,1,0,0.0,0,none
2018-08-06,WH_SOUTHEAST,Southeast FC,CAR_B,Carrier B,moveis_decoracao,damaged,2,2,100.0,0,none
2018-08-06,WH_SOUTHEAST,Southeast FC,CAR_B,Carrier B,moveis_decoracao,missing,1,1,100.0,0,none
2018-08-06,WH_SOUTHEAST,Southeast FC,CAR_B,Carrier B,moveis_decoracao,none,24,0,0.0,0,none
2018-08-06,WH_SOUTHEAST,Southeast FC,CAR_B,Carrier B,moveis_escritorio,none,1,0,0.0,0,none
2018-08-06,WH_SOUTHEAST,Southeast FC,CAR_B,Carrier B,moveis_sala,none,3,0,0.0,0,none
2018-08-06,WH_SOUTHEAST,Southeast FC,CAR_B,Carrier B,papelaria,none,12,0,0.0,0,none
2018-08-06,WH_SOUTHEAST,Southeast FC,CAR_B,Carrier B,pcs,none,3,0,0.0,0,none
2018-08-06,WH_SOUTHEAST,Southeast FC,CAR_B,Carrier B,perfumaria,none,15,0,0.0,0,none
2018-08-06,WH_SOUTHEAST,Southeast FC,CAR_B,Carrier B,perfumaria,wrong,1,1,100.0,0,none
2018-08-06,WH_SOUTHEAST,Southeast FC,CAR_B,Carrier B,pet_shop,none,12,0,0.0,0,none
2018-08-06,WH_SOUTHEAST,Southeast FC,CAR_B,Carrier B,pet_shop,wrong,1,1,100.0,0,none
2018-08-06,WH_SOUTHEAST,Southeast FC,CAR_B,Carrier B,portateis_cozinha_e_preparadores_de_alimentos,none,1,0,0.0,0,none
2018-08-06,WH_SOUTHEAST,Southeast FC,CAR_B,Carrier B,relogios_presentes,none,27,0,0.0,0,none
2018-08-06,WH_SOUTHEAST,Southeast FC,CAR_B,Carrier B,sinalizacao_e_seguranca,none,2,0,0.0,0,none
2018-08-06,WH_SOUTHEAST,Southeast FC,CAR_B,Carrier B,telefonia,failed,1,1,100.0,0,none
2018-08-06,WH_SOUTHEAST,Southeast FC,CAR_B,Carrier B,telefonia,none,15,0,0.0,0,none
2018-08-06,WH_SOUTHEAST,Southeast FC,CAR_B,Carrier B,telefonia,refund,1,1,100.0,0,none
2018-08-06,WH_SOUTHEAST,Southeast FC,CAR_B,Carrier B,telefonia_fixa,none,3,0,0.0,0,none
2018-08-06,WH_SOUTHEAST,Southeast FC,CAR_B,Carrier B,unknown,none,3,0,0.0,0,none
2018-08-06,WH_SOUTHEAST,Southeast FC,CAR_B,Carrier B,utilidades_domesticas,missing,2,2,100.0,0,none
2018-08-06,WH_SOUTHEAST,Southeast FC,CAR_B,Carrier B,utilidades_domesticas,none,35,0,0.0,0,none
2018-08-06,WH_SOUTHEAST,Southeast FC,CAR_C,Carrier C,agro_industria_e_comercio,failed,1,1,100.0,0,none
2018-08-06,WH_SOUTHEAST,Southeast FC,CAR_C,Carrier C,alimentos,none,4,0,0.0,0,none
2018-08-06,WH_SOUTHEAST,Southeast FC,CAR_C,Carrier C,alimentos,wrong,1,1,100.0,0,none
2018-08-06,WH_SOUTHEAST,Southeast FC,CAR_C,Carrier C,artigos_de_festas,none,2,0,0.0,0,none
2018-08-06,WH_SOUTHEAST,Southeast FC,CAR_C,Carrier C,artigos_de_natal,none,1,0,0.0,0,none
2018-08-06,WH_SOUTHEAST,Southeast FC,CAR_C,Carrier C,audio,none,1,0,0.0,0,none
2018-08-06,WH_SOUTHEAST,Southeast FC,CAR_C,Carrier C,automotivo,missing,1,1,100.0,0,none
2018-08-06,WH_SOUTHEAST,Southeast FC,CAR_C,Carrier C,automotivo,none,18,0,0.0,0,none
2018-08-06,WH_SOUTHEAST,Southeast FC,CAR_C,Carrier C,automotivo,wrong,1,1,100.0,0,none
2018-08-06,WH_SOUTHEAST,Southeast FC,CAR_C,Carrier C,bebes,damaged,1,1,100.0,0,none
2018-08-06,WH_SOUTHEAST,Southeast FC,CAR_C,Carrier C,bebes,none,7,0,0.0,0,none
2018-08-06,WH_SOUTHEAST,Southeast FC,CAR_C,Carrier C,bebes,refund,2,2,100.0,0,none
2018-08-06,WH_SOUTHEAST,Southeast FC,CAR_C,Carrier C,bebidas,none,3,0,0.0,0,none
2018-08-06,WH_SOUTHEAST,Southeast FC,CAR_C,Carrier C,bebidas,refund,1,1,100.0,0,none
2018-08-06,WH_SOUTHEAST,Southeast FC,CAR_C,Carrier C,beleza_saude,damaged,2,2,100.0,0,none
2018-08-06,WH_SOUTHEAST,Southeast FC,CAR_C,Carrier C,beleza_saude,missing,3,3,100.0,0,none
2018-08-06,WH_SOUTHEAST,Southeast FC,CAR_C,Carrier C,beleza_saude,none,27,0,0.0,0,none
2018-08-06,WH_SOUTHEAST,Southeast FC,CAR_C,Carrier C,beleza_saude,wrong,2,2,100.0,0,none
2018-08-06,WH_SOUTHEAST,Southeast FC,CAR_C,Carrier C,brinquedos,none,3,0,0.0,0,none
2018-08-06,WH_SOUTHEAST,Southeast FC,CAR_C,Carrier C,cama_mesa_banho,failed,1,1,100.0,0,none
2018-08-06,WH_SOUTHEAST,Southeast FC,CAR_C,Carrier C,cama_mesa_banho,missing,3,3,100.0,0,none
2018-08-06,WH_SOUTHEAST,Southeast FC,CAR_C,Carrier C,cama_mesa_banho,none,30,0,0.0,0,none
2018-08-06,WH_SOUTHEAST,Southeast FC,CAR_C,Carrier C,cama_mesa_banho,wrong,3,3,100.0,0,none
2018-08-06,WH_SOUTHEAST,Southeast FC,CAR_C,Carrier C,casa_conforto,damaged,1,1,100.0,0,none
2018-08-06,WH_SOUTHEAST,Southeast FC,CAR_C,Carrier C,casa_construcao,none,1,0,0.0,0,none
2018-08-06,WH_SOUTHEAST,Southeast FC,CAR_C,Carrier C,climatizacao,none,1,0,0.0,0,none
2018-08-06,WH_SOUTHEAST,Southeast FC,CAR_C,Carrier C,consoles_games,none,1,0,0.0,0,none
2018-08-06,WH_SOUTHEAST,Southeast FC,CAR_C,Carrier C,construcao_ferramentas_construcao,none,4,0,0.0,0,none
2018-08-06,WH_SOUTHEAST,Southeast FC,CAR_C,Carrier C,construcao_ferramentas_construcao,refund,1,1,100.0,0,none
2018-08-06,WH_SOUTHEAST,Southeast FC,CAR_C,Carrier C,construcao_ferramentas_construcao,wrong,1,1,100.0,0,none
2018-08-06,WH_SOUTHEAST,Southeast FC,CAR_C,Carrier C,construcao_ferramentas_iluminacao,missing,1,1,100.0,0,none
2018-08-06,WH_SOUTHEAST,Southeast FC,CAR_C,Carrier C,construcao_ferramentas_iluminacao,none,1,0,0.0,0,none
2018-08-06,WH_SOUTHEAST,Southeast FC,CAR_C,Carrier C,construcao_ferramentas_jardim,none,1,0,0.0,0,none
2018-08-06,WH_SOUTHEAST,Southeast FC,CAR_C,Carrier C,construcao_ferramentas_seguranca,none,1,0,0.0,0,none
2018-08-06,WH_SOUTHEAST,Southeast FC,CAR_C,Carrier C,cool_stuff,none,7,0,0.0,0,none
2018-08-06,WH_SOUTHEAST,Southeast FC,CAR_C,Carrier C,eletrodomesticos,none,3,0,0.0,0,none
2018-08-06,WH_SOUTHEAST,Southeast FC,CAR_C,Carrier C,eletrodomesticos,wrong,1,1,100.0,0,none
2018-08-06,WH_SOUTHEAST,Southeast FC,CAR_C,Carrier C,eletronicos,none,7,0,0.0,0,none
2018-08-06,WH_SOUTHEAST,Southeast FC,CAR_C,Carrier C,eletroportateis,none,3,0,0.0,0,none
2018-08-06,WH_SOUTHEAST,Southeast FC,CAR_C,Carrier C,esporte_lazer,none,17,0,0.0,0,none
2018-08-06,WH_SOUTHEAST,Southeast FC,CAR_C,Carrier C,esporte_lazer,refund,1,1,100.0,0,none
2018-08-06,WH_SOUTHEAST,Southeast FC,CAR_C,Carrier C,fashion_bolsas_e_acessorios,none,4,0,0.0,0,none
2018-08-06,WH_SOUTHEAST,Southeast FC,CAR_C,Carrier C,fashion_roupa_masculina,none,1,0,0.0,0,none
2018-08-06,WH_SOUTHEAST,Southeast FC,CAR_C,Carrier C,ferramentas_jardim,none,4,0,0.0,0,none
2018-08-06,WH_SOUTHEAST,Southeast FC,CAR_C,Carrier C,informatica_acessorios,failed,1,1,100.0,0,none
2018-08-06,WH_SOUTHEAST,Southeast FC,CAR_C,Carrier C,informatica_acessorios,none,14,0,0.0,0,none
2018-08-06,WH_SOUTHEAST,Southeast FC,CAR_C,Carrier C,instrumentos_musicais,none,3,0,0.0,0,none
2018-08-06,WH_SOUTHEAST,Southeast FC,CAR_C,Carrier C,livros_importados,none,1,0,0.0,0,none
2018-08-06,WH_SOUTHEAST,Southeast FC,CAR_C,Carrier C,livros_interesse_geral,none,4,0,0.0,0,none
2018-08-06,WH_SOUTHEAST,Southeast FC,CAR_C,Carrier C,livros_tecnicos,none,2,0,0.0,0,none
2018-08-06,WH_SOUTHEAST,Southeast FC,CAR_C,Carrier C,malas_acessorios,none,5,0,0.0,0,none
2018-08-06,WH_SOUTHEAST,Southeast FC,CAR_C,Carrier C,moveis_decoracao,none,13,0,0.0,0,none
2018-08-06,WH_SOUTHEAST,Southeast FC,CAR_C,Carrier C,moveis_escritorio,none,2,0,0.0,0,none
2018-08-06,WH_SOUTHEAST,Southeast FC,CAR_C,Carrier C,musica,none,1,0,0.0,0,none
2018-08-06,WH_SOUTHEAST,Southeast FC,CAR_C,Carrier C,papelaria,none,12,0,0.0,0,none
2018-08-06,WH_SOUTHEAST,Southeast FC,CAR_C,Carrier C,papelaria,refund,1,1,100.0,0,none
2018-08-06,WH_SOUTHEAST,Southeast FC,CAR_C,Carrier C,perfumaria,none,8,0,0.0,0,none
2018-08-06,WH_SOUTHEAST,Southeast FC,CAR_C,Carrier C,perfumaria,wrong,1,1,100.0,0,none
2018-08-06,WH_SOUTHEAST,Southeast FC,CAR_C,Carrier C,pet_shop,none,11,0,0.0,0,none
2018-08-06,WH_SOUTHEAST,Southeast FC,CAR_C,Carrier C,pet_shop,wrong,2,2,100.0,0,none
2018-08-06,WH_SOUTHEAST,Southeast FC,CAR_C,Carrier C,relogios_presentes,damaged,2,2,100.0,0,none
2018-08-06,WH_SOUTHEAST,Southeast FC,CAR_C,Carrier C,relogios_presentes,none,22,0,0.0,0,none
2018-08-06,WH_SOUTHEAST,Southeast FC,CAR_C,Carrier C,sinalizacao_e_seguranca,missing,1,1,100.0,0,none
2018-08-06,WH_SOUTHEAST,Southeast FC,CAR_C,Carrier C,telefonia,failed,1,1,100.0,0,none
2018-08-06,WH_SOUTHEAST,Southeast FC,CAR_C,Carrier C,telefonia,missing,1,1,100.0,0,none
2018-08-06,WH_SOUTHEAST,Southeast FC,CAR_C,Carrier C,telefonia,none,10,0,0.0,0,none
2018-08-06,WH_SOUTHEAST,Southeast FC,CAR_C,Carrier C,telefonia,refund,1,1,100.0,0,none
2018-08-06,WH_SOUTHEAST,Southeast FC,CAR_C,Carrier C,telefonia_fixa,none,2,0,0.0,0,none
2018-08-06,WH_SOUTHEAST,Southeast FC,CAR_C,Carrier C,utilidades_domesticas,none,26,0,0.0,0,none
2018-08-06,WH_SOUTHEAST,Southeast FC,CAR_D,Carrier D,alimentos,failed,1,1,100.0,0,none
2018-08-06,WH_SOUTHEAST,Southeast FC,CAR_D,Carrier D,alimentos,none,1,0,0.0,0,none
2018-08-06,WH_SOUTHEAST,Southeast FC,CAR_D,Carrier D,audio,none,1,0,0.0,0,none
2018-08-06,WH_SOUTHEAST,Southeast FC,CAR_D,Carrier D,automotivo,none,13,0,0.0,0,none
2018-08-06,WH_SOUTHEAST,Southeast FC,CAR_D,Carrier D,bebes,none,8,0,0.0,0,none
2018-08-06,WH_SOUTHEAST,Southeast FC,CAR_D,Carrier D,beleza_saude,missing,1,1,100.0,0,none
2018-08-06,WH_SOUTHEAST,Southeast FC,CAR_D,Carrier D,beleza_saude,none,15,0,0.0,0,none
2018-08-06,WH_SOUTHEAST,Southeast FC,CAR_D,Carrier D,beleza_saude,wrong,1,1,100.0,0,none
2018-08-06,WH_SOUTHEAST,Southeast FC,CAR_D,Carrier D,brinquedos,none,8,0,0.0,0,none
2018-08-06,WH_SOUTHEAST,Southeast FC,CAR_D,Carrier D,cama_mesa_banho,none,9,0,0.0,0,none
2018-08-06,WH_SOUTHEAST,Southeast FC,CAR_D,Carrier D,consoles_games,none,1,0,0.0,0,none
2018-08-06,WH_SOUTHEAST,Southeast FC,CAR_D,Carrier D,construcao_ferramentas_construcao,none,1,0,0.0,0,none
2018-08-06,WH_SOUTHEAST,Southeast FC,CAR_D,Carrier D,construcao_ferramentas_iluminacao,none,2,0,0.0,0,none
2018-08-06,WH_SOUTHEAST,Southeast FC,CAR_D,Carrier D,construcao_ferramentas_jardim,none,1,0,0.0,0,none
2018-08-06,WH_SOUTHEAST,Southeast FC,CAR_D,Carrier D,construcao_ferramentas_seguranca,refund,1,1,100.0,0,none
2018-08-06,WH_SOUTHEAST,Southeast FC,CAR_D,Carrier D,cool_stuff,none,5,0,0.0,0,none
2018-08-06,WH_SOUTHEAST,Southeast FC,CAR_D,Carrier D,eletrodomesticos_2,failed,1,1,100.0,0,none
2018-08-06,WH_SOUTHEAST,Southeast FC,CAR_D,Carrier D,eletrodomesticos_2,none,1,0,0.0,0,none
2018-08-06,WH_SOUTHEAST,Southeast FC,CAR_D,Carrier D,eletronicos,none,4,0,0.0,0,none
2018-08-06,WH_SOUTHEAST,Southeast FC,CAR_D,Carrier D,esporte_lazer,missing,1,1,100.0,0,none
2018-08-06,WH_SOUTHEAST,Southeast FC,CAR_D,Carrier D,esporte_lazer,none,5,0,0.0,0,none
2018-08-06,WH_SOUTHEAST,Southeast FC,CAR_D,Carrier D,fashion_bolsas_e_acessorios,none,6,0,0.0,0,none
2018-08-06,WH_SOUTHEAST,Southeast FC,CAR_D,Carrier D,ferramentas_jardim,none,4,0,0.0,0,none
2018-08-06,WH_SOUTHEAST,Southeast FC,CAR_D,Carrier D,informatica_acessorios,none,17,0,0.0,0,none
2018-08-06,WH_SOUTHEAST,Southeast FC,CAR_D,Carrier D,instrumentos_musicais,none,1,0,0.0,0,none
2018-08-06,WH_SOUTHEAST,Southeast FC,CAR_D,Carrier D,livros_interesse_geral,none,1,0,0.0,0,none
2018-08-06,WH_SOUTHEAST,Southeast FC,CAR_D,Carrier D,livros_tecnicos,none,2,0,0.0,0,none
2018-08-06,WH_SOUTHEAST,Southeast FC,CAR_D,Carrier D,malas_acessorios,none,2,0,0.0,0,none
2018-08-06,WH_SOUTHEAST,Southeast FC,CAR_D,Carrier D,moveis_decoracao,none,2,0,0.0,0,none
2018-08-06,WH_SOUTHEAST,Southeast FC,CAR_D,Carrier D,moveis_decoracao,refund,1,1,100.0,0,none
2018-08-06,WH_SOUTHEAST,Southeast FC,CAR_D,Carrier D,moveis_sala,none,1,0,0.0,0,none
2018-08-06,WH_SOUTHEAST,Southeast FC,CAR_D,Carrier D,moveis_sala,wrong,1,1,100.0,0,none
2018-08-06,WH_SOUTHEAST,Southeast FC,CAR_D,Carrier D,musica,none,1,0,0.0,0,none
2018-08-06,WH_SOUTHEAST,Southeast FC,CAR_D,Carrier D,papelaria,none,5,0,0.0,0,none
2018-08-06,WH_SOUTHEAST,Southeast FC,CAR_D,Carrier D,perfumaria,none,5,0,0.0,0,none
2018-08-06,WH_SOUTHEAST,Southeast FC,CAR_D,Carrier D,pet_shop,none,3,0,0.0,0,none
2018-08-06,WH_SOUTHEAST,Southeast FC,CAR_D,Carrier D,relogios_presentes,none,5,0,0.0,0,none
2018-08-06,WH_SOUTHEAST,Southeast FC,CAR_D,Carrier D,telefonia,none,6,0,0.0,0,none
2018-08-06,WH_SOUTHEAST,Southeast FC,CAR_D,Carrier D,unknown,missing,1,1,100.0,0,none
2018-08-06,WH_SOUTHEAST,Southeast FC,CAR_D,Carrier D,unknown,none,2,0,0.0,0,none
2018-08-06,WH_SOUTHEAST,Southeast FC,CAR_D,Carrier D,utilidades_domesticas,none,13,0,0.0,0,none
2018-08-13,WH_CENTRAL_WEST,Central-West FC,CAR_A,Carrier A,alimentos,none,1,0,0.0,0,none
2018-08-13,WH_CENTRAL_WEST,Central-West FC,CAR_A,Carrier A,automotivo,none,2,0,0.0,0,none
2018-08-13,WH_CENTRAL_WEST,Central-West FC,CAR_A,Carrier A,bebes,none,1,0,0.0,0,none
2018-08-13,WH_CENTRAL_WEST,Central-West FC,CAR_A,Carrier A,beleza_saude,none,5,0,0.0,0,none
2018-08-13,WH_CENTRAL_WEST,Central-West FC,CAR_A,Carrier A,brinquedos,none,2,0,0.0,0,none
2018-08-13,WH_CENTRAL_WEST,Central-West FC,CAR_A,Carrier A,cama_mesa_banho,none,2,0,0.0,0,none
2018-08-13,WH_CENTRAL_WEST,Central-West FC,CAR_A,Carrier A,esporte_lazer,none,2,0,0.0,0,none
2018-08-13,WH_CENTRAL_WEST,Central-West FC,CAR_A,Carrier A,fashion_bolsas_e_acessorios,none,1,0,0.0,0,none
2018-08-13,WH_CENTRAL_WEST,Central-West FC,CAR_A,Carrier A,ferramentas_jardim,none,2,0,0.0,0,none
2018-08-13,WH_CENTRAL_WEST,Central-West FC,CAR_A,Carrier A,informatica_acessorios,none,1,0,0.0,0,none
2018-08-13,WH_CENTRAL_WEST,Central-West FC,CAR_A,Carrier A,moveis_decoracao,none,1,0,0.0,0,none
2018-08-13,WH_CENTRAL_WEST,Central-West FC,CAR_A,Carrier A,papelaria,none,2,0,0.0,0,none
2018-08-13,WH_CENTRAL_WEST,Central-West FC,CAR_A,Carrier A,perfumaria,none,2,0,0.0,0,none
2018-08-13,WH_CENTRAL_WEST,Central-West FC,CAR_A,Carrier A,pet_shop,none,1,0,0.0,0,none
2018-08-13,WH_CENTRAL_WEST,Central-West FC,CAR_A,Carrier A,relogios_presentes,none,2,0,0.0,0,none
2018-08-13,WH_CENTRAL_WEST,Central-West FC,CAR_A,Carrier A,utilidades_domesticas,none,1,0,0.0,0,none
2018-08-13,WH_CENTRAL_WEST,Central-West FC,CAR_B,Carrier B,automotivo,none,3,0,0.0,0,none
2018-08-13,WH_CENTRAL_WEST,Central-West FC,CAR_B,Carrier B,bebes,none,1,0,0.0,0,none
2018-08-13,WH_CENTRAL_WEST,Central-West FC,CAR_B,Carrier B,beleza_saude,none,7,0,0.0,0,none
2018-08-13,WH_CENTRAL_WEST,Central-West FC,CAR_B,Carrier B,cama_mesa_banho,none,3,0,0.0,0,none
2018-08-13,WH_CENTRAL_WEST,Central-West FC,CAR_B,Carrier B,cool_stuff,none,1,0,0.0,0,none
2018-08-13,WH_CENTRAL_WEST,Central-West FC,CAR_B,Carrier B,esporte_lazer,wrong,1,1,100.0,0,none
2018-08-13,WH_CENTRAL_WEST,Central-West FC,CAR_B,Carrier B,ferramentas_jardim,none,1,0,0.0,0,none
2018-08-13,WH_CENTRAL_WEST,Central-West FC,CAR_B,Carrier B,moveis_decoracao,none,2,0,0.0,0,none
2018-08-13,WH_CENTRAL_WEST,Central-West FC,CAR_B,Carrier B,perfumaria,missing,1,1,100.0,0,none
2018-08-13,WH_CENTRAL_WEST,Central-West FC,CAR_B,Carrier B,relogios_presentes,none,3,0,0.0,0,none
2018-08-13,WH_CENTRAL_WEST,Central-West FC,CAR_B,Carrier B,telefonia,none,2,0,0.0,0,none
2018-08-13,WH_CENTRAL_WEST,Central-West FC,CAR_C,Carrier C,beleza_saude,none,2,0,0.0,0,none
2018-08-13,WH_CENTRAL_WEST,Central-West FC,CAR_C,Carrier C,cama_mesa_banho,none,1,0,0.0,0,none
2018-08-13,WH_CENTRAL_WEST,Central-West FC,CAR_C,Carrier C,construcao_ferramentas_ferramentas,none,1,0,0.0,0,none
2018-08-13,WH_CENTRAL_WEST,Central-West FC,CAR_C,Carrier C,eletroportateis,none,1,0,0.0,0,none
2018-08-13,WH_CENTRAL_WEST,Central-West FC,CAR_C,Carrier C,esporte_lazer,none,2,0,0.0,0,none
2018-08-13,WH_CENTRAL_WEST,Central-West FC,CAR_C,Carrier C,fashion_bolsas_e_acessorios,none,1,0,0.0,0,none
2018-08-13,WH_CENTRAL_WEST,Central-West FC,CAR_C,Carrier C,informatica_acessorios,none,2,0,0.0,0,none
2018-08-13,WH_CENTRAL_WEST,Central-West FC,CAR_C,Carrier C,moveis_decoracao,none,1,0,0.0,0,none
2018-08-13,WH_CENTRAL_WEST,Central-West FC,CAR_C,Carrier C,papelaria,none,1,0,0.0,0,none
2018-08-13,WH_CENTRAL_WEST,Central-West FC,CAR_C,Carrier C,utilidades_domesticas,none,2,0,0.0,0,none
2018-08-13,WH_CENTRAL_WEST,Central-West FC,CAR_D,Carrier D,automotivo,none,2,0,0.0,0,none
2018-08-13,WH_CENTRAL_WEST,Central-West FC,CAR_D,Carrier D,bebes,none,2,0,0.0,0,none
2018-08-13,WH_CENTRAL_WEST,Central-West FC,CAR_D,Carrier D,beleza_saude,none,5,0,0.0,0,none
2018-08-13,WH_CENTRAL_WEST,Central-West FC,CAR_D,Carrier D,brinquedos,none,1,0,0.0,0,none
2018-08-13,WH_CENTRAL_WEST,Central-West FC,CAR_D,Carrier D,cama_mesa_banho,none,2,0,0.0,0,none
2018-08-13,WH_CENTRAL_WEST,Central-West FC,CAR_D,Carrier D,casa_construcao,none,1,0,0.0,0,none
2018-08-13,WH_CENTRAL_WEST,Central-West FC,CAR_D,Carrier D,construcao_ferramentas_seguranca,none,1,0,0.0,0,none
2018-08-13,WH_CENTRAL_WEST,Central-West FC,CAR_D,Carrier D,esporte_lazer,none,3,0,0.0,0,none
2018-08-13,WH_CENTRAL_WEST,Central-West FC,CAR_D,Carrier D,fashion_bolsas_e_acessorios,none,1,0,0.0,0,none
2018-08-13,WH_CENTRAL_WEST,Central-West FC,CAR_D,Carrier D,ferramentas_jardim,failed,1,1,100.0,0,none
2018-08-13,WH_CENTRAL_WEST,Central-West FC,CAR_D,Carrier D,informatica_acessorios,none,2,0,0.0,0,none
2018-08-13,WH_CENTRAL_WEST,Central-West FC,CAR_D,Carrier D,malas_acessorios,none,1,0,0.0,0,none
2018-08-13,WH_CENTRAL_WEST,Central-West FC,CAR_D,Carrier D,moveis_decoracao,none,1,0,0.0,0,none
2018-08-13,WH_CENTRAL_WEST,Central-West FC,CAR_D,Carrier D,perfumaria,damaged,1,1,100.0,0,none
2018-08-13,WH_CENTRAL_WEST,Central-West FC,CAR_D,Carrier D,perfumaria,none,1,0,0.0,0,none
2018-08-13,WH_CENTRAL_WEST,Central-West FC,CAR_D,Carrier D,relogios_presentes,none,2,0,0.0,0,none
2018-08-13,WH_CENTRAL_WEST,Central-West FC,CAR_D,Carrier D,telefonia,none,1,0,0.0,0,none
2018-08-13,WH_CENTRAL_WEST,Central-West FC,CAR_D,Carrier D,utilidades_domesticas,none,4,0,0.0,0,none
2018-08-13,WH_CENTRAL_WEST,Central-West FC,CAR_D,Carrier D,utilidades_domesticas,refund,1,1,100.0,0,none
2018-08-13,WH_NORTH,North FC,CAR_A,Carrier A,moveis_decoracao,none,1,0,0.0,0,none
2018-08-13,WH_NORTH,North FC,CAR_B,Carrier B,automotivo,none,1,0,0.0,0,none
2018-08-13,WH_NORTH,North FC,CAR_B,Carrier B,beleza_saude,none,2,0,0.0,0,none
2018-08-13,WH_NORTH,North FC,CAR_B,Carrier B,casa_conforto,none,1,0,0.0,0,none
2018-08-13,WH_NORTH,North FC,CAR_B,Carrier B,eletronicos,none,1,0,0.0,0,none
2018-08-13,WH_NORTH,North FC,CAR_B,Carrier B,informatica_acessorios,none,1,0,0.0,0,none
2018-08-13,WH_NORTH,North FC,CAR_B,Carrier B,papelaria,none,1,0,0.0,0,none
2018-08-13,WH_NORTH,North FC,CAR_B,Carrier B,utilidades_domesticas,none,1,0,0.0,0,none
2018-08-13,WH_NORTH,North FC,CAR_C,Carrier C,eletrodomesticos,none,1,0,0.0,0,none
2018-08-13,WH_NORTH,North FC,CAR_C,Carrier C,esporte_lazer,none,1,0,0.0,0,none
2018-08-13,WH_NORTH,North FC,CAR_C,Carrier C,fashion_bolsas_e_acessorios,none,1,0,0.0,0,none
2018-08-13,WH_NORTH,North FC,CAR_D,Carrier D,beleza_saude,none,1,0,0.0,0,none
2018-08-13,WH_NORTH,North FC,CAR_D,Carrier D,moveis_decoracao,failed,1,1,100.0,0,none
2018-08-13,WH_SOUTH,South FC,CAR_A,Carrier A,alimentos,none,1,0,0.0,0,none
2018-08-13,WH_SOUTH,South FC,CAR_A,Carrier A,artes,none,1,0,0.0,0,none
2018-08-13,WH_SOUTH,South FC,CAR_A,Carrier A,automotivo,none,7,0,0.0,0,none
2018-08-13,WH_SOUTH,South FC,CAR_A,Carrier A,bebes,none,1,0,0.0,0,none
2018-08-13,WH_SOUTH,South FC,CAR_A,Carrier A,beleza_saude,damaged,1,1,100.0,0,none
2018-08-13,WH_SOUTH,South FC,CAR_A,Carrier A,beleza_saude,none,14,0,0.0,0,none
2018-08-13,WH_SOUTH,South FC,CAR_A,Carrier A,cama_mesa_banho,none,5,0,0.0,0,none
2018-08-13,WH_SOUTH,South FC,CAR_A,Carrier A,casa_conforto,none,1,0,0.0,0,none
2018-08-13,WH_SOUTH,South FC,CAR_A,Carrier A,construcao_ferramentas_construcao,none,1,0,0.0,0,none
2018-08-13,WH_SOUTH,South FC,CAR_A,Carrier A,construcao_ferramentas_seguranca,none,2,0,0.0,0,none
2018-08-13,WH_SOUTH,South FC,CAR_A,Carrier A,cool_stuff,none,1,0,0.0,0,none
2018-08-13,WH_SOUTH,South FC,CAR_A,Carrier A,eletrodomesticos,failed,1,1,100.0,0,none
2018-08-13,WH_SOUTH,South FC,CAR_A,Carrier A,eletrodomesticos,none,5,0,0.0,0,none
2018-08-13,WH_SOUTH,South FC,CAR_A,Carrier A,eletronicos,none,2,0,0.0,0,none
2018-08-13,WH_SOUTH,South FC,CAR_A,Carrier A,esporte_lazer,none,1,0,0.0,0,none
2018-08-13,WH_SOUTH,South FC,CAR_A,Carrier A,fashion_bolsas_e_acessorios,none,2,0,0.0,0,none
2018-08-13,WH_SOUTH,South FC,CAR_A,Carrier A,ferramentas_jardim,none,1,0,0.0,0,none
2018-08-13,WH_SOUTH,South FC,CAR_A,Carrier A,industria_comercio_e_negocios,none,1,0,0.0,0,none
2018-08-13,WH_SOUTH,South FC,CAR_A,Carrier A,informatica_acessorios,none,3,0,0.0,0,none
2018-08-13,WH_SOUTH,South FC,CAR_A,Carrier A,market_place,none,1,0,0.0,0,none
2018-08-13,WH_SOUTH,South FC,CAR_A,Carrier A,moveis_decoracao,none,2,0,0.0,0,none
2018-08-13,WH_SOUTH,South FC,CAR_A,Carrier A,papelaria,none,2,0,0.0,0,none
2018-08-13,WH_SOUTH,South FC,CAR_A,Carrier A,pc_gamer,none,1,0,0.0,0,none
2018-08-13,WH_SOUTH,South FC,CAR_A,Carrier A,perfumaria,none,3,0,0.0,0,none
2018-08-13,WH_SOUTH,South FC,CAR_A,Carrier A,pet_shop,none,1,0,0.0,0,none
2018-08-13,WH_SOUTH,South FC,CAR_A,Carrier A,relogios_presentes,none,5,0,0.0,0,none
2018-08-13,WH_SOUTH,South FC,CAR_A,Carrier A,telefonia,none,2,0,0.0,0,none
2018-08-13,WH_SOUTH,South FC,CAR_A,Carrier A,unknown,none,1,0,0.0,0,none
2018-08-13,WH_SOUTH,South FC,CAR_A,Carrier A,utilidades_domesticas,none,6,0,0.0,0,none
2018-08-13,WH_SOUTH,South FC,CAR_B,Carrier B,alimentos,none,1,0,0.0,0,none
2018-08-13,WH_SOUTH,South FC,CAR_B,Carrier B,artigos_de_festas,wrong,1,1,100.0,0,none
2018-08-13,WH_SOUTH,South FC,CAR_B,Carrier B,automotivo,none,5,0,0.0,0,none
2018-08-13,WH_SOUTH,South FC,CAR_B,Carrier B,bebes,none,4,0,0.0,0,none
2018-08-13,WH_SOUTH,South FC,CAR_B,Carrier B,bebidas,none,1,0,0.0,0,none
2018-08-13,WH_SOUTH,South FC,CAR_B,Carrier B,beleza_saude,none,11,0,0.0,0,none
2018-08-13,WH_SOUTH,South FC,CAR_B,Carrier B,brinquedos,none,2,0,0.0,0,none
2018-08-13,WH_SOUTH,South FC,CAR_B,Carrier B,cama_mesa_banho,none,8,0,0.0,0,none
2018-08-13,WH_SOUTH,South FC,CAR_B,Carrier B,cama_mesa_banho,refund,1,1,100.0,0,none
2018-08-13,WH_SOUTH,South FC,CAR_B,Carrier B,construcao_ferramentas_construcao,none,6,0,0.0,0,none
2018-08-13,WH_SOUTH,South FC,CAR_B,Carrier B,construcao_ferramentas_iluminacao,none,2,0,0.0,0,none
2018-08-13,WH_SOUTH,South FC,CAR_B,Carrier B,esporte_lazer,none,7,0,0.0,0,none
2018-08-13,WH_SOUTH,South FC,CAR_B,Carrier B,fashion_bolsas_e_acessorios,none,3,0,0.0,0,none
2018-08-13,WH_SOUTH,South FC,CAR_B,Carrier B,ferramentas_jardim,none,2,0,0.0,0,none
2018-08-13,WH_SOUTH,South FC,CAR_B,Carrier B,informatica_acessorios,none,5,0,0.0,0,none
2018-08-13,WH_SOUTH,South FC,CAR_B,Carrier B,malas_acessorios,none,2,0,0.0,0,none
2018-08-13,WH_SOUTH,South FC,CAR_B,Carrier B,moveis_decoracao,none,7,0,0.0,0,none
2018-08-13,WH_SOUTH,South FC,CAR_B,Carrier B,moveis_escritorio,none,1,0,0.0,0,none
2018-08-13,WH_SOUTH,South FC,CAR_B,Carrier B,moveis_sala,none,1,0,0.0,0,none
2018-08-13,WH_SOUTH,South FC,CAR_B,Carrier B,papelaria,none,3,0,0.0,0,none
2018-08-13,WH_SOUTH,South FC,CAR_B,Carrier B,perfumaria,none,2,0,0.0,0,none
2018-08-13,WH_SOUTH,South FC,CAR_B,Carrier B,pet_shop,none,6,0,0.0,0,none
2018-08-13,WH_SOUTH,South FC,CAR_B,Carrier B,portateis_casa_forno_e_cafe,none,1,0,0.0,0,none
2018-08-13,WH_SOUTH,South FC,CAR_B,Carrier B,telefonia,none,2,0,0.0,0,none
2018-08-13,WH_SOUTH,South FC,CAR_B,Carrier B,utilidades_domesticas,missing,1,1,100.0,0,none
2018-08-13,WH_SOUTH,South FC,CAR_B,Carrier B,utilidades_domesticas,none,7,0,0.0,0,none
2018-08-13,WH_SOUTH,South FC,CAR_C,Carrier C,alimentos,none,2,0,0.0,0,none
2018-08-13,WH_SOUTH,South FC,CAR_C,Carrier C,artigos_de_natal,none,1,0,0.0,0,none
2018-08-13,WH_SOUTH,South FC,CAR_C,Carrier C,automotivo,none,2,0,0.0,0,none
2018-08-13,WH_SOUTH,South FC,CAR_C,Carrier C,bebes,none,5,0,0.0,0,none
2018-08-13,WH_SOUTH,South FC,CAR_C,Carrier C,beleza_saude,none,3,0,0.0,0,none
2018-08-13,WH_SOUTH,South FC,CAR_C,Carrier C,beleza_saude,wrong,1,1,100.0,0,none
2018-08-13,WH_SOUTH,South FC,CAR_C,Carrier C,brinquedos,none,2,0,0.0,0,none
2018-08-13,WH_SOUTH,South FC,CAR_C,Carrier C,cama_mesa_banho,none,1,0,0.0,0,none
2018-08-13,WH_SOUTH,South FC,CAR_C,Carrier C,cine_foto,none,1,0,0.0,0,none
2018-08-13,WH_SOUTH,South FC,CAR_C,Carrier C,consoles_games,none,1,0,0.0,0,none
2018-08-13,WH_SOUTH,South FC,CAR_C,Carrier C,construcao_ferramentas_construcao,none,2,0,0.0,0,none
2018-08-13,WH_SOUTH,South FC,CAR_C,Carrier C,construcao_ferramentas_construcao,wrong,1,1,100.0,0,none
2018-08-13,WH_SOUTH,South FC,CAR_C,Carrier C,construcao_ferramentas_ferramentas,none,1,0,0.0,0,none
2018-08-13,WH_SOUTH,South FC,CAR_C,Carrier C,cool_stuff,none,3,0,0.0,0,none
2018-08-13,WH_SOUTH,South FC,CAR_C,Carrier C,eletronicos,none,1,0,0.0,0,none
2018-08-13,WH_SOUTH,South FC,CAR_C,Carrier C,esporte_lazer,none,4,0,0.0,0,none
2018-08-13,WH_SOUTH,South FC,CAR_C,Carrier C,fashion_bolsas_e_acessorios,none,1,0,0.0,0,none
2018-08-13,WH_SOUTH,South FC,CAR_C,Carrier C,fashion_bolsas_e_acessorios,refund,1,1,100.0,0,none
2018-08-13,WH_SOUTH,South FC,CAR_C,Carrier C,ferramentas_jardim,none,2,0,0.0,0,none
2018-08-13,WH_SOUTH,South FC,CAR_C,Carrier C,informatica_acessorios,none,2,0,0.0,0,none
2018-08-13,WH_SOUTH,South FC,CAR_C,Carrier C,moveis_decoracao,none,2,0,0.0,0,none
2018-08-13,WH_SOUTH,South FC,CAR_C,Carrier C,moveis_sala,none,1,0,0.0,0,none
2018-08-13,WH_SOUTH,South FC,CAR_C,Carrier C,papelaria,none,2,0,0.0,0,none
2018-08-13,WH_SOUTH,South FC,CAR_C,Carrier C,perfumaria,none,3,0,0.0,0,none
2018-08-13,WH_SOUTH,South FC,CAR_C,Carrier C,pet_shop,none,2,0,0.0,0,none
2018-08-13,WH_SOUTH,South FC,CAR_C,Carrier C,portateis_casa_forno_e_cafe,none,1,0,0.0,0,none
2018-08-13,WH_SOUTH,South FC,CAR_C,Carrier C,relogios_presentes,none,5,0,0.0,0,none
2018-08-13,WH_SOUTH,South FC,CAR_C,Carrier C,telefonia,none,2,0,0.0,0,none
2018-08-13,WH_SOUTH,South FC,CAR_C,Carrier C,utilidades_domesticas,failed,1,1,100.0,0,none
2018-08-13,WH_SOUTH,South FC,CAR_C,Carrier C,utilidades_domesticas,none,4,0,0.0,0,none
2018-08-13,WH_SOUTH,South FC,CAR_D,Carrier D,automotivo,none,1,0,0.0,0,none
2018-08-13,WH_SOUTH,South FC,CAR_D,Carrier D,automotivo,wrong,1,1,100.0,0,none
2018-08-13,WH_SOUTH,South FC,CAR_D,Carrier D,bebes,damaged,1,1,100.0,0,none
2018-08-13,WH_SOUTH,South FC,CAR_D,Carrier D,beleza_saude,none,2,0,0.0,0,none
2018-08-13,WH_SOUTH,South FC,CAR_D,Carrier D,brinquedos,none,2,0,0.0,0,none
2018-08-13,WH_SOUTH,South FC,CAR_D,Carrier D,cama_mesa_banho,damaged,1,1,100.0,0,none
2018-08-13,WH_SOUTH,South FC,CAR_D,Carrier D,cama_mesa_banho,none,5,0,0.0,0,none
2018-08-13,WH_SOUTH,South FC,CAR_D,Carrier D,cool_stuff,none,1,0,0.0,0,none
2018-08-13,WH_SOUTH,South FC,CAR_D,Carrier D,eletrodomesticos,none,1,0,0.0,0,none
2018-08-13,WH_SOUTH,South FC,CAR_D,Carrier D,esporte_lazer,none,1,0,0.0,0,none
2018-08-13,WH_SOUTH,South FC,CAR_D,Carrier D,ferramentas_jardim,none,1,0,0.0,0,none
2018-08-13,WH_SOUTH,South FC,CAR_D,Carrier D,informatica_acessorios,none,2,0,0.0,0,none
2018-08-13,WH_SOUTH,South FC,CAR_D,Carrier D,moveis_decoracao,none,1,0,0.0,0,none
2018-08-13,WH_SOUTH,South FC,CAR_D,Carrier D,papelaria,none,1,0,0.0,0,none
2018-08-13,WH_SOUTH,South FC,CAR_D,Carrier D,pet_shop,none,2,0,0.0,0,none
2018-08-13,WH_SOUTH,South FC,CAR_D,Carrier D,relogios_presentes,none,2,0,0.0,0,none
2018-08-13,WH_SOUTH,South FC,CAR_D,Carrier D,sinalizacao_e_seguranca,none,1,0,0.0,0,none
2018-08-13,WH_SOUTH,South FC,CAR_D,Carrier D,telefonia,none,3,0,0.0,0,none
2018-08-13,WH_SOUTH,South FC,CAR_D,Carrier D,utilidades_domesticas,none,4,0,0.0,0,none
2018-08-13,WH_SOUTHEAST,Southeast FC,CAR_A,Carrier A,alimentos,failed,1,1,100.0,0,none
2018-08-13,WH_SOUTHEAST,Southeast FC,CAR_A,Carrier A,alimentos,none,10,0,0.0,0,none
2018-08-13,WH_SOUTHEAST,Southeast FC,CAR_A,Carrier A,alimentos_bebidas,none,1,0,0.0,0,none
2018-08-13,WH_SOUTHEAST,Southeast FC,CAR_A,Carrier A,artes,none,1,0,0.0,0,none
2018-08-13,WH_SOUTHEAST,Southeast FC,CAR_A,Carrier A,artigos_de_natal,none,2,0,0.0,0,none
2018-08-13,WH_SOUTHEAST,Southeast FC,CAR_A,Carrier A,automotivo,none,28,0,0.0,0,none
2018-08-13,WH_SOUTHEAST,Southeast FC,CAR_A,Carrier A,bebes,none,11,0,0.0,0,none
2018-08-13,WH_SOUTHEAST,Southeast FC,CAR_A,Carrier A,bebidas,failed,1,1,100.0,0,none
2018-08-13,WH_SOUTHEAST,Southeast FC,CAR_A,Carrier A,beleza_saude,missing,1,1,100.0,0,none
2018-08-13,WH_SOUTHEAST,Southeast FC,CAR_A,Carrier A,beleza_saude,none,55,0,0.0,0,none
2018-08-13,WH_SOUTHEAST,Southeast FC,CAR_A,Carrier A,beleza_saude,refund,1,1,100.0,0,none
2018-08-13,WH_SOUTHEAST,Southeast FC,CAR_A,Carrier A,beleza_saude,wrong,2,2,100.0,0,none
2018-08-13,WH_SOUTHEAST,Southeast FC,CAR_A,Carrier A,brinquedos,none,11,0,0.0,0,none
2018-08-13,WH_SOUTHEAST,Southeast FC,CAR_A,Carrier A,cama_mesa_banho,failed,1,1,100.0,0,none
2018-08-13,WH_SOUTHEAST,Southeast FC,CAR_A,Carrier A,cama_mesa_banho,missing,1,1,100.0,0,none
2018-08-13,WH_SOUTHEAST,Southeast FC,CAR_A,Carrier A,cama_mesa_banho,none,55,0,0.0,0,none
2018-08-13,WH_SOUTHEAST,Southeast FC,CAR_A,Carrier A,cama_mesa_banho,refund,1,1,100.0,0,none
2018-08-13,WH_SOUTHEAST,Southeast FC,CAR_A,Carrier A,cama_mesa_banho,wrong,1,1,100.0,0,none
2018-08-13,WH_SOUTHEAST,Southeast FC,CAR_A,Carrier A,casa_construcao,none,3,0,0.0,0,none
2018-08-13,WH_SOUTHEAST,Southeast FC,CAR_A,Carrier A,climatizacao,none,1,0,0.0,0,none
2018-08-13,WH_SOUTHEAST,Southeast FC,CAR_A,Carrier A,consoles_games,none,5,0,0.0,0,none
2018-08-13,WH_SOUTHEAST,Southeast FC,CAR_A,Carrier A,construcao_ferramentas_construcao,none,11,0,0.0,0,none
2018-08-13,WH_SOUTHEAST,Southeast FC,CAR_A,Carrier A,construcao_ferramentas_ferramentas,none,2,0,0.0,0,none
2018-08-13,WH_SOUTHEAST,Southeast FC,CAR_A,Carrier A,construcao_ferramentas_iluminacao,none,2,0,0.0,0,none
2018-08-13,WH_SOUTHEAST,Southeast FC,CAR_A,Carrier A,construcao_ferramentas_seguranca,none,1,0,0.0,0,none
2018-08-13,WH_SOUTHEAST,Southeast FC,CAR_A,Carrier A,cool_stuff,none,8,0,0.0,0,none
2018-08-13,WH_SOUTHEAST,Southeast FC,CAR_A,Carrier A,eletrodomesticos,none,6,0,0.0,0,none
2018-08-13,WH_SOUTHEAST,Southeast FC,CAR_A,Carrier A,eletrodomesticos_2,none,2,0,0.0,0,none
2018-08-13,WH_SOUTHEAST,Southeast FC,CAR_A,Carrier A,eletronicos,none,9,0,0.0,0,none
2018-08-13,WH_SOUTHEAST,Southeast FC,CAR_A,Carrier A,eletroportateis,none,2,0,0.0,0,none
2018-08-13,WH_SOUTHEAST,Southeast FC,CAR_A,Carrier A,esporte_lazer,damaged,4,4,100.0,0,none
2018-08-13,WH_SOUTHEAST,Southeast FC,CAR_A,Carrier A,esporte_lazer,none,37,0,0.0,0,none
2018-08-13,WH_SOUTHEAST,Southeast FC,CAR_A,Carrier A,esporte_lazer,refund,1,1,100.0,0,none
2018-08-13,WH_SOUTHEAST,Southeast FC,CAR_A,Carrier A,esporte_lazer,wrong,1,1,100.0,0,none
2018-08-13,WH_SOUTHEAST,Southeast FC,CAR_A,Carrier A,fashion_bolsas_e_acessorios,none,8,0,0.0,0,none
2018-08-13,WH_SOUTHEAST,Southeast FC,CAR_A,Carrier A,ferramentas_jardim,none,10,0,0.0,0,none
2018-08-13,WH_SOUTHEAST,Southeast FC,CAR_A,Carrier A,informatica_acessorios,damaged,1,1,100.0,0,none
2018-08-13,WH_SOUTHEAST,Southeast FC,CAR_A,Carrier A,informatica_acessorios,missing,1,1,100.0,0,none
2018-08-13,WH_SOUTHEAST,Southeast FC,CAR_A,Carrier A,informatica_acessorios,none,41,0,0.0,0,none
2018-08-13,WH_SOUTHEAST,Southeast FC,CAR_A,Carrier A,instrumentos_musicais,none,2,0,0.0,0,none
2018-08-13,WH_SOUTHEAST,Southeast FC,CAR_A,Carrier A,livros_interesse_geral,none,2,0,0.0,0,none
2018-08-13,WH_SOUTHEAST,Southeast FC,CAR_A,Carrier A,livros_tecnicos,none,2,0,0.0,0,none
2018-08-13,WH_SOUTHEAST,Southeast FC,CAR_A,Carrier A,malas_acessorios,none,5,0,0.0,0,none
2018-08-13,WH_SOUTHEAST,Southeast FC,CAR_A,Carrier A,market_place,none,1,0,0.0,0,none
2018-08-13,WH_SOUTHEAST,Southeast FC,CAR_A,Carrier A,moveis_cozinha_area_de_servico_jantar_e_jardim,none,4,0,0.0,0,none
2018-08-13,WH_SOUTHEAST,Southeast FC,CAR_A,Carrier A,moveis_decoracao,none,25,0,0.0,0,none
2018-08-13,WH_SOUTHEAST,Southeast FC,CAR_A,Carrier A,moveis_escritorio,none,1,0,0.0,0,none
2018-08-13,WH_SOUTHEAST,Southeast FC,CAR_A,Carrier A,moveis_quarto,none,1,0,0.0,0,none
2018-08-13,WH_SOUTHEAST,Southeast FC,CAR_A,Carrier A,musica,none,2,0,0.0,0,none
2018-08-13,WH_SOUTHEAST,Southeast FC,CAR_A,Carrier A,papelaria,none,12,0,0.0,0,none
2018-08-13,WH_SOUTHEAST,Southeast FC,CAR_A,Carrier A,perfumaria,none,10,0,0.0,0,none
2018-08-13,WH_SOUTHEAST,Southeast FC,CAR_A,Carrier A,pet_shop,none,12,0,0.0,0,none
2018-08-13,WH_SOUTHEAST,Southeast FC,CAR_A,Carrier A,pet_shop,wrong,1,1,100.0,0,none
2018-08-13,WH_SOUTHEAST,Southeast FC,CAR_A,Carrier A,portateis_casa_forno_e_cafe,none,2,0,0.0,0,none
2018-08-13,WH_SOUTHEAST,Southeast FC,CAR_A,Carrier A,relogios_presentes,damaged,1,1,100.0,0,none
2018-08-13,WH_SOUTHEAST,Southeast FC,CAR_A,Carrier A,relogios_presentes,none,26,0,0.0,0,none
2018-08-13,WH_SOUTHEAST,Southeast FC,CAR_A,Carrier A,sinalizacao_e_seguranca,none,3,0,0.0,0,none
2018-08-13,WH_SOUTHEAST,Southeast FC,CAR_A,Carrier A,telefonia,none,16,0,0.0,0,none
2018-08-13,WH_SOUTHEAST,Southeast FC,CAR_A,Carrier A,telefonia,refund,1,1,100.0,0,none
2018-08-13,WH_SOUTHEAST,Southeast FC,CAR_A,Carrier A,unknown,none,4,0,0.0,0,none
2018-08-13,WH_SOUTHEAST,Southeast FC,CAR_A,Carrier A,unknown,refund,1,1,100.0,0,none
2018-08-13,WH_SOUTHEAST,Southeast FC,CAR_A,Carrier A,utilidades_domesticas,damaged,1,1,100.0,0,none
2018-08-13,WH_SOUTHEAST,Southeast FC,CAR_A,Carrier A,utilidades_domesticas,none,42,0,0.0,0,none
2018-08-13,WH_SOUTHEAST,Southeast FC,CAR_B,Carrier B,agro_industria_e_comercio,none,1,0,0.0,0,none
2018-08-13,WH_SOUTHEAST,Southeast FC,CAR_B,Carrier B,alimentos,damaged,1,1,100.0,0,none
2018-08-13,WH_SOUTHEAST,Southeast FC,CAR_B,Carrier B,alimentos,none,10,0,0.0,0,none
2018-08-13,WH_SOUTHEAST,Southeast FC,CAR_B,Carrier B,alimentos_bebidas,none,2,0,0.0,0,none
2018-08-13,WH_SOUTHEAST,Southeast FC,CAR_B,Carrier B,artigos_de_festas,none,1,0,0.0,0,none
2018-08-13,WH_SOUTHEAST,Southeast FC,CAR_B,Carrier B,artigos_de_natal,none,1,0,0.0,0,none
2018-08-13,WH_SOUTHEAST,Southeast FC,CAR_B,Carrier B,audio,none,5,0,0.0,0,none
2018-08-13,WH_SOUTHEAST,Southeast FC,CAR_B,Carrier B,automotivo,failed,1,1,100.0,0,none
2018-08-13,WH_SOUTHEAST,Southeast FC,CAR_B,Carrier B,automotivo,none,20,0,0.0,0,none
2018-08-13,WH_SOUTHEAST,Southeast FC,CAR_B,Carrier B,bebes,damaged,1,1,100.0,0,none
2018-08-13,WH_SOUTHEAST,Southeast FC,CAR_B,Carrier B,bebes,none,7,0,0.0,0,none
2018-08-13,WH_SOUTHEAST,Southeast FC,CAR_B,Carrier B,bebidas,none,3,0,0.0,0,none
2018-08-13,WH_SOUTHEAST,Southeast FC,CAR_B,Carrier B,beleza_saude,none,50,0,0.0,0,none
2018-08-13,WH_SOUTHEAST,Southeast FC,CAR_B,Carrier B,brinquedos,missing,1,1,100.0,0,none
2018-08-13,WH_SOUTHEAST,Southeast FC,CAR_B,Carrier B,brinquedos,none,13,0,0.0,0,none
2018-08-13,WH_SOUTHEAST,Southeast FC,CAR_B,Carrier B,cama_mesa_banho,damaged,1,1,100.0,0,none
2018-08-13,WH_SOUTHEAST,Southeast FC,CAR_B,Carrier B,cama_mesa_banho,none,42,0,0.0,0,none
2018-08-13,WH_SOUTHEAST,Southeast FC,CAR_B,Carrier B,casa_conforto,none,1,0,0.0,0,none
2018-08-13,WH_SOUTHEAST,Southeast FC,CAR_B,Carrier B,casa_conforto,wrong,1,1,100.0,0,none
2018-08-13,WH_SOUTHEAST,Southeast FC,CAR_B,Carrier B,casa_construcao,none,3,0,0.0,0,none
2018-08-13,WH_SOUTHEAST,Southeast FC,CAR_B,Carrier B,cine_foto,none,1,0,0.0,0,none
2018-08-13,WH_SOUTHEAST,Southeast FC,CAR_B,Carrier B,climatizacao,none,1,0,0.0,0,none
2018-08-13,WH_SOUTHEAST,Southeast FC,CAR_B,Carrier B,consoles_games,none,4,0,0.0,0,none
2018-08-13,WH_SOUTHEAST,Southeast FC,CAR_B,Carrier B,construcao_ferramentas_construcao,none,8,0,0.0,0,none
2018-08-13,WH_SOUTHEAST,Southeast FC,CAR_B,Carrier B,construcao_ferramentas_ferramentas,none,2,0,0.0,0,none
2018-08-13,WH_SOUTHEAST,Southeast FC,CAR_B,Carrier B,construcao_ferramentas_iluminacao,none,3,0,0.0,0,none
2018-08-13,WH_SOUTHEAST,Southeast FC,CAR_B,Carrier B,construcao_ferramentas_jardim,refund,1,1,100.0,0,none
2018-08-13,WH_SOUTHEAST,Southeast FC,CAR_B,Carrier B,construcao_ferramentas_seguranca,none,2,0,0.0,0,none
2018-08-13,WH_SOUTHEAST,Southeast FC,CAR_B,Carrier B,cool_stuff,none,4,0,0.0,0,none
2018-08-13,WH_SOUTHEAST,Southeast FC,CAR_B,Carrier B,cool_stuff,wrong,1,1,100.0,0,none
2018-08-13,WH_SOUTHEAST,Southeast FC,CAR_B,Carrier B,eletrodomesticos,none,6,0,0.0,0,none
2018-08-13,WH_SOUTHEAST,Southeast FC,CAR_B,Carrier B,eletrodomesticos_2,none,2,0,0.0,0,none
2018-08-13,WH_SOUTHEAST,Southeast FC,CAR_B,Carrier B,eletronicos,missing,1,1,100.0,0,none
2018-08-13,WH_SOUTHEAST,Southeast FC,CAR_B,Carrier B,eletronicos,none,6,0,0.0,0,none
2018-08-13,WH_SOUTHEAST,Southeast FC,CAR_B,Carrier B,eletroportateis,none,1,0,0.0,0,none
2018-08-13,WH_SOUTHEAST,Southeast FC,CAR_B,Carrier B,esporte_lazer,none,29,0,0.0,0,none
2018-08-13,WH_SOUTHEAST,Southeast FC,CAR_B,Carrier B,fashion_bolsas_e_acessorios,none,9,0,0.0,0,none
2018-08-13,WH_SOUTHEAST,Southeast FC,CAR_B,Carrier B,fashion_calcados,none,1,0,0.0,0,none
2018-08-13,WH_SOUTHEAST,Southeast FC,CAR_B,Carrier B,fashion_esporte,none,1,0,0.0,0,none
2018-08-13,WH_SOUTHEAST,Southeast FC,CAR_B,Carrier B,ferramentas_jardim,none,7,0,0.0,0,none
2018-08-13,WH_SOUTHEAST,Southeast FC,CAR_B,Carrier B,fraldas_higiene,none,1,0,0.0,0,none
2018-08-13,WH_SOUTHEAST,Southeast FC,CAR_B,Carrier B,industria_comercio_e_negocios,none,1,0,0.0,0,none
2018-08-13,WH_SOUTHEAST,Southeast FC,CAR_B,Carrier B,informatica_acessorios,none,32,0,0.0,0,none
2018-08-13,WH_SOUTHEAST,Southeast FC,CAR_B,Carrier B,instrumentos_musicais,none,3,0,0.0,0,none
2018-08-13,WH_SOUTHEAST,Southeast FC,CAR_B,Carrier B,livros_tecnicos,none,4,0,0.0,0,none
2018-08-13,WH_SOUTHEAST,Southeast FC,CAR_B,Carrier B,malas_acessorios,none,5,0,0.0,0,none
2018-08-13,WH_SOUTHEAST,Southeast FC,CAR_B,Carrier B,malas_acessorios,refund,1,1,100.0,0,none
2018-08-13,WH_SOUTHEAST,Southeast FC,CAR_B,Carrier B,moveis_cozinha_area_de_servico_jantar_e_jardim,none,1,0,0.0,0,none
2018-08-13,WH_SOUTHEAST,Southeast FC,CAR_B,Carrier B,moveis_decoracao,failed,1,1,100.0,0,none
2018-08-13,WH_SOUTHEAST,Southeast FC,CAR_B,Carrier B,moveis_decoracao,none,28,0,0.0,0,none
2018-08-13,WH_SOUTHEAST,Southeast FC,CAR_B,Carrier B,moveis_escritorio,none,1,0,0.0,0,none
2018-08-13,WH_SOUTHEAST,Southeast FC,CAR_B,Carrier B,moveis_quarto,none,2,0,0.0,0,none
2018-08-13,WH_SOUTHEAST,Southeast FC,CAR_B,Carrier B,moveis_sala,none,2,0,0.0,0,none
2018-08-13,WH_SOUTHEAST,Southeast FC,CAR_B,Carrier B,papelaria,none,9,0,0.0,0,none
2018-08-13,WH_SOUTHEAST,Southeast FC,CAR_B,Carrier B,perfumaria,none,12,0,0.0,0,none
2018-08-13,WH_SOUTHEAST,Southeast FC,CAR_B,Carrier B,pet_shop,none,10,0,0.0,0,none
2018-08-13,WH_SOUTHEAST,Southeast FC,CAR_B,Carrier B,relogios_presentes,none,26,0,0.0,0,none
2018-08-13,WH_SOUTHEAST,Southeast FC,CAR_B,Carrier B,relogios_presentes,refund,2,2,100.0,0,none
2018-08-13,WH_SOUTHEAST,Southeast FC,CAR_B,Carrier B,telefonia,none,20,0,0.0,0,none
2018-08-13,WH_SOUTHEAST,Southeast FC,CAR_B,Carrier B,telefonia_fixa,none,1,0,0.0,0,none
2018-08-13,WH_SOUTHEAST,Southeast FC,CAR_B,Carrier B,unknown,none,2,0,0.0,0,none
2018-08-13,WH_SOUTHEAST,Southeast FC,CAR_B,Carrier B,utilidades_domesticas,missing,2,2,100.0,0,none
2018-08-13,WH_SOUTHEAST,Southeast FC,CAR_B,Carrier B,utilidades_domesticas,none,46,0,0.0,0,none
2018-08-13,WH_SOUTHEAST,Southeast FC,CAR_B,Carrier B,utilidades_domesticas,wrong,1,1,100.0,0,none
2018-08-13,WH_SOUTHEAST,Southeast FC,CAR_C,Carrier C,alimentos,missing,1,1,100.0,0,none
2018-08-13,WH_SOUTHEAST,Southeast FC,CAR_C,Carrier C,alimentos,none,5,0,0.0,0,none
2018-08-13,WH_SOUTHEAST,Southeast FC,CAR_C,Carrier C,artes_e_artesanato,none,3,0,0.0,0,none
2018-08-13,WH_SOUTHEAST,Southeast FC,CAR_C,Carrier C,artigos_de_festas,none,1,0,0.0,0,none
2018-08-13,WH_SOUTHEAST,Southeast FC,CAR_C,Carrier C,artigos_de_natal,none,1,0,0.0,0,none
2018-08-13,WH_SOUTHEAST,Southeast FC,CAR_C,Carrier C,audio,none,1,0,0.0,0,none
2018-08-13,WH_SOUTHEAST,Southeast FC,CAR_C,Carrier C,automotivo,damaged,1,1,100.0,0,none
2018-08-13,WH_SOUTHEAST,Southeast FC,CAR_C,Carrier C,automotivo,failed,1,1,100.0,0,none
2018-08-13,WH_SOUTHEAST,Southeast FC,CAR_C,Carrier C,automotivo,none,13,0,0.0,0,none
2018-08-13,WH_SOUTHEAST,Southeast FC,CAR_C,Carrier C,bebes,none,8,0,0.0,0,none
2018-08-13,WH_SOUTHEAST,Southeast FC,CAR_C,Carrier C,beleza_saude,damaged,1,1,100.0,0,none
2018-08-13,WH_SOUTHEAST,Southeast FC,CAR_C,Carrier C,beleza_saude,none,25,0,0.0,0,none
2018-08-13,WH_SOUTHEAST,Southeast FC,CAR_C,Carrier C,beleza_saude,refund,2,2,100.0,0,none
2018-08-13,WH_SOUTHEAST,Southeast FC,CAR_C,Carrier C,beleza_saude,wrong,2,2,100.0,0,none
2018-08-13,WH_SOUTHEAST,Southeast FC,CAR_C,Carrier C,brinquedos,failed,1,1,100.0,0,none
2018-08-13,WH_SOUTHEAST,Southeast FC,CAR_C,Carrier C,brinquedos,none,4,0,0.0,0,none
2018-08-13,WH_SOUTHEAST,Southeast FC,CAR_C,Carrier C,cama_mesa_banho,damaged,3,3,100.0,0,none
2018-08-13,WH_SOUTHEAST,Southeast FC,CAR_C,Carrier C,cama_mesa_banho,failed,1,1,100.0,0,none
2018-08-13,WH_SOUTHEAST,Southeast FC,CAR_C,Carrier C,cama_mesa_banho,none,23,0,0.0,0,none
2018-08-13,WH_SOUTHEAST,Southeast FC,CAR_C,Carrier C,casa_conforto,wrong,1,1,100.0,0,none
2018-08-13,WH_SOUTHEAST,Southeast FC,CAR_C,Carrier C,casa_construcao,none,2,0,0.0,0,none
2018-08-13,WH_SOUTHEAST,Southeast FC,CAR_C,Carrier C,cine_foto,none,1,0,0.0,0,none
2018-08-13,WH_SOUTHEAST,Southeast FC,CAR_C,Carrier C,consoles_games,missing,1,1,100.0,0,none
2018-08-13,WH_SOUTHEAST,Southeast FC,CAR_C,Carrier C,consoles_games,none,4,0,0.0,0,none
2018-08-13,WH_SOUTHEAST,Southeast FC,CAR_C,Carrier C,consoles_games,refund,1,1,100.0,0,none
2018-08-13,WH_SOUTHEAST,Southeast FC,CAR_C,Carrier C,construcao_ferramentas_construcao,failed,1,1,100.0,0,none
2018-08-13,WH_SOUTHEAST,Southeast FC,CAR_C,Carrier C,construcao_ferramentas_construcao,none,6,0,0.0,0,none
2018-08-13,WH_SOUTHEAST,Southeast FC,CAR_C,Carrier C,construcao_ferramentas_iluminacao,none,1,0,0.0,0,none
2018-08-13,WH_SOUTHEAST,Southeast FC,CAR_C,Carrier C,construcao_ferramentas_seguranca,none,1,0,0.0,0,none
2018-08-13,WH_SOUTHEAST,Southeast FC,CAR_C,Carrier C,cool_stuff,none,7,0,0.0,0,none
2018-08-13,WH_SOUTHEAST,Southeast FC,CAR_C,Carrier C,eletrodomesticos,damaged,1,1,100.0,0,none
2018-08-13,WH_SOUTHEAST,Southeast FC,CAR_C,Carrier C,eletrodomesticos,none,2,0,0.0,0,none
2018-08-13,WH_SOUTHEAST,Southeast FC,CAR_C,Carrier C,eletronicos,none,5,0,0.0,0,none
2018-08-13,WH_SOUTHEAST,Southeast FC,CAR_C,Carrier C,eletroportateis,none,1,0,0.0,0,none
2018-08-13,WH_SOUTHEAST,Southeast FC,CAR_C,Carrier C,esporte_lazer,damaged,1,1,100.0,0,none
2018-08-13,WH_SOUTHEAST,Southeast FC,CAR_C,Carrier C,esporte_lazer,failed,1,1,100.0,0,none
2018-08-13,WH_SOUTHEAST,Southeast FC,CAR_C,Carrier C,esporte_lazer,missing,1,1,100.0,0,none
2018-08-13,WH_SOUTHEAST,Southeast FC,CAR_C,Carrier C,esporte_lazer,none,25,0,0.0,0,none
2018-08-13,WH_SOUTHEAST,Southeast FC,CAR_C,Carrier C,esporte_lazer,refund,1,1,100.0,0,none
2018-08-13,WH_SOUTHEAST,Southeast FC,CAR_C,Carrier C,fashion_bolsas_e_acessorios,none,4,0,0.0,0,none
2018-08-13,WH_SOUTHEAST,Southeast FC,CAR_C,Carrier C,fashion_roupa_masculina,none,1,0,0.0,0,none
2018-08-13,WH_SOUTHEAST,Southeast FC,CAR_C,Carrier C,ferramentas_jardim,none,4,0,0.0,0,none
2018-08-13,WH_SOUTHEAST,Southeast FC,CAR_C,Carrier C,informatica_acessorios,damaged,1,1,100.0,0,none
2018-08-13,WH_SOUTHEAST,Southeast FC,CAR_C,Carrier C,informatica_acessorios,none,9,0,0.0,0,none
2018-08-13,WH_SOUTHEAST,Southeast FC,CAR_C,Carrier C,instrumentos_musicais,none,2,0,0.0,0,none
2018-08-13,WH_SOUTHEAST,Southeast FC,CAR_C,Carrier C,livros_interesse_geral,none,3,0,0.0,0,none
2018-08-13,WH_SOUTHEAST,Southeast FC,CAR_C,Carrier C,livros_tecnicos,none,1,0,0.0,0,none
2018-08-13,WH_SOUTHEAST,Southeast FC,CAR_C,Carrier C,malas_acessorios,missing,1,1,100.0,0,none
2018-08-13,WH_SOUTHEAST,Southeast FC,CAR_C,Carrier C,malas_acessorios,none,2,0,0.0,0,none
2018-08-13,WH_SOUTHEAST,Southeast FC,CAR_C,Carrier C,moveis_decoracao,damaged,1,1,100.0,0,none
2018-08-13,WH_SOUTHEAST,Southeast FC,CAR_C,Carrier C,moveis_decoracao,missing,1,1,100.0,0,none
2018-08-13,WH_SOUTHEAST,Southeast FC,CAR_C,Carrier C,moveis_decoracao,none,20,0,0.0,0,none
2018-08-13,WH_SOUTHEAST,Southeast FC,CAR_C,Carrier C,moveis_decoracao,wrong,1,1,100.0,0,none
2018-08-13,WH_SOUTHEAST,Southeast FC,CAR_C,Carrier C,moveis_escritorio,none,1,0,0.0,0,none
2018-08-13,WH_SOUTHEAST,Southeast FC,CAR_C,Carrier C,moveis_quarto,none,2,0,0.0,0,none
2018-08-13,WH_SOUTHEAST,Southeast FC,CAR_C,Carrier C,moveis_sala,none,2,0,0.0,0,none
2018-08-13,WH_SOUTHEAST,Southeast FC,CAR_C,Carrier C,papelaria,none,6,0,0.0,0,none
2018-08-13,WH_SOUTHEAST,Southeast FC,CAR_C,Carrier C,perfumaria,failed,1,1,100.0,0,none
2018-08-13,WH_SOUTHEAST,Southeast FC,CAR_C,Carrier C,perfumaria,none,8,0,0.0,0,none
2018-08-13,WH_SOUTHEAST,Southeast FC,CAR_C,Carrier C,pet_shop,missing,1,1,100.0,0,none
2018-08-13,WH_SOUTHEAST,Southeast FC,CAR_C,Carrier C,pet_shop,none,4,0,0.0,0,none
2018-08-13,WH_SOUTHEAST,Southeast FC,CAR_C,Carrier C,portateis_casa_forno_e_cafe,none,3,0,0.0,0,none
2018-08-13,WH_SOUTHEAST,Southeast FC,CAR_C,Carrier C,relogios_presentes,missing,1,1,100.0,0,none
2018-08-13,WH_SOUTHEAST,Southeast FC,CAR_C,Carrier C,relogios_presentes,none,20,0,0.0,0,none
2018-08-13,WH_SOUTHEAST,Southeast FC,CAR_C,Carrier C,relogios_presentes,refund,2,2,100.0,0,none
2018-08-13,WH_SOUTHEAST,Southeast FC,CAR_C,Carrier C,relogios_presentes,wrong,2,2,100.0,0,none
2018-08-13,WH_SOUTHEAST,Southeast FC,CAR_C,Carrier C,sinalizacao_e_seguranca,none,1,0,0.0,0,none
2018-08-13,WH_SOUTHEAST,Southeast FC,CAR_C,Carrier C,telefonia,none,8,0,0.0,0,none
2018-08-13,WH_SOUTHEAST,Southeast FC,CAR_C,Carrier C,utilidades_domesticas,missing,2,2,100.0,0,none
2018-08-13,WH_SOUTHEAST,Southeast FC,CAR_C,Carrier C,utilidades_domesticas,none,32,0,0.0,0,none
2018-08-13,WH_SOUTHEAST,Southeast FC,CAR_D,Carrier D,alimentos,none,1,0,0.0,0,none
2018-08-13,WH_SOUTHEAST,Southeast FC,CAR_D,Carrier D,artigos_de_festas,none,1,0,0.0,0,none
2018-08-13,WH_SOUTHEAST,Southeast FC,CAR_D,Carrier D,automotivo,none,10,0,0.0,0,none
2018-08-13,WH_SOUTHEAST,Southeast FC,CAR_D,Carrier D,bebes,none,3,0,0.0,0,none
2018-08-13,WH_SOUTHEAST,Southeast FC,CAR_D,Carrier D,bebes,wrong,1,1,100.0,0,none
2018-08-13,WH_SOUTHEAST,Southeast FC,CAR_D,Carrier D,bebidas,none,1,0,0.0,0,none
2018-08-13,WH_SOUTHEAST,Southeast FC,CAR_D,Carrier D,beleza_saude,missing,1,1,100.0,0,none
2018-08-13,WH_SOUTHEAST,Southeast FC,CAR_D,Carrier D,beleza_saude,none,20,0,0.0,0,none
2018-08-13,WH_SOUTHEAST,Southeast FC,CAR_D,Carrier D,beleza_saude,refund,1,1,100.0,0,none
2018-08-13,WH_SOUTHEAST,Southeast FC,CAR_D,Carrier D,brinquedos,none,3,0,0.0,0,none
2018-08-13,WH_SOUTHEAST,Southeast FC,CAR_D,Carrier D,cama_mesa_banho,missing,1,1,100.0,0,none
2018-08-13,WH_SOUTHEAST,Southeast FC,CAR_D,Carrier D,cama_mesa_banho,none,18,0,0.0,0,none
2018-08-13,WH_SOUTHEAST,Southeast FC,CAR_D,Carrier D,casa_construcao,none,1,0,0.0,0,none
2018-08-13,WH_SOUTHEAST,Southeast FC,CAR_D,Carrier D,consoles_games,none,2,0,0.0,0,none
2018-08-13,WH_SOUTHEAST,Southeast FC,CAR_D,Carrier D,construcao_ferramentas_construcao,none,4,0,0.0,0,none
2018-08-13,WH_SOUTHEAST,Southeast FC,CAR_D,Carrier D,construcao_ferramentas_iluminacao,none,2,0,0.0,0,none
2018-08-13,WH_SOUTHEAST,Southeast FC,CAR_D,Carrier D,construcao_ferramentas_jardim,none,2,0,0.0,0,none
2018-08-13,WH_SOUTHEAST,Southeast FC,CAR_D,Carrier D,construcao_ferramentas_seguranca,none,1,0,0.0,0,none
2018-08-13,WH_SOUTHEAST,Southeast FC,CAR_D,Carrier D,cool_stuff,none,3,0,0.0,0,none
2018-08-13,WH_SOUTHEAST,Southeast FC,CAR_D,Carrier D,eletrodomesticos,none,1,0,0.0,0,none
2018-08-13,WH_SOUTHEAST,Southeast FC,CAR_D,Carrier D,eletrodomesticos_2,none,2,0,0.0,0,none
2018-08-13,WH_SOUTHEAST,Southeast FC,CAR_D,Carrier D,eletronicos,none,2,0,0.0,0,none
2018-08-13,WH_SOUTHEAST,Southeast FC,CAR_D,Carrier D,eletroportateis,none,1,0,0.0,0,none
2018-08-13,WH_SOUTHEAST,Southeast FC,CAR_D,Carrier D,esporte_lazer,missing,1,1,100.0,0,none
2018-08-13,WH_SOUTHEAST,Southeast FC,CAR_D,Carrier D,esporte_lazer,none,8,0,0.0,0,none
2018-08-13,WH_SOUTHEAST,Southeast FC,CAR_D,Carrier D,esporte_lazer,wrong,1,1,100.0,0,none
2018-08-13,WH_SOUTHEAST,Southeast FC,CAR_D,Carrier D,fashion_bolsas_e_acessorios,none,2,0,0.0,0,none
2018-08-13,WH_SOUTHEAST,Southeast FC,CAR_D,Carrier D,ferramentas_jardim,none,5,0,0.0,0,none
2018-08-13,WH_SOUTHEAST,Southeast FC,CAR_D,Carrier D,informatica_acessorios,missing,1,1,100.0,0,none
2018-08-13,WH_SOUTHEAST,Southeast FC,CAR_D,Carrier D,informatica_acessorios,none,11,0,0.0,0,none
2018-08-13,WH_SOUTHEAST,Southeast FC,CAR_D,Carrier D,instrumentos_musicais,none,1,0,0.0,0,none
2018-08-13,WH_SOUTHEAST,Southeast FC,CAR_D,Carrier D,livros_interesse_geral,failed,1,1,100.0,0,none
2018-08-13,WH_SOUTHEAST,Southeast FC,CAR_D,Carrier D,livros_interesse_geral,none,1,0,0.0,0,none
2018-08-13,WH_SOUTHEAST,Southeast FC,CAR_D,Carrier D,livros_tecnicos,none,1,0,0.0,0,none
2018-08-13,WH_SOUTHEAST,Southeast FC,CAR_D,Carrier D,market_place,none,1,0,0.0,0,none
2018-08-13,WH_SOUTHEAST,Southeast FC,CAR_D,Carrier D,moveis_decoracao,none,7,0,0.0,0,none
2018-08-13,WH_SOUTHEAST,Southeast FC,CAR_D,Carrier D,moveis_escritorio,none,1,0,0.0,0,none
2018-08-13,WH_SOUTHEAST,Southeast FC,CAR_D,Carrier D,moveis_sala,none,1,0,0.0,0,none
2018-08-13,WH_SOUTHEAST,Southeast FC,CAR_D,Carrier D,papelaria,none,2,0,0.0,0,none
2018-08-13,WH_SOUTHEAST,Southeast FC,CAR_D,Carrier D,perfumaria,none,4,0,0.0,0,none
2018-08-13,WH_SOUTHEAST,Southeast FC,CAR_D,Carrier D,pet_shop,none,6,0,0.0,0,none
2018-08-13,WH_SOUTHEAST,Southeast FC,CAR_D,Carrier D,pet_shop,refund,1,1,100.0,0,none
2018-08-13,WH_SOUTHEAST,Southeast FC,CAR_D,Carrier D,portateis_cozinha_e_preparadores_de_alimentos,none,1,0,0.0,0,none
2018-08-13,WH_SOUTHEAST,Southeast FC,CAR_D,Carrier D,relogios_presentes,none,8,0,0.0,0,none
2018-08-13,WH_SOUTHEAST,Southeast FC,CAR_D,Carrier D,telefonia,none,5,0,0.0,0,none
2018-08-13,WH_SOUTHEAST,Southeast FC,CAR_D,Carrier D,utilidades_domesticas,none,19,0,0.0,0,none
2018-08-13,WH_SOUTHEAST,Southeast FC,CAR_D,Carrier D,utilidades_domesticas,refund,1,1,100.0,0,none
2018-08-20,WH_CENTRAL_WEST,Central-West FC,CAR_A,Carrier A,automotivo,none,1,0,0.0,0,none
2018-08-20,WH_CENTRAL_WEST,Central-West FC,CAR_A,Carrier A,beleza_saude,none,1,0,0.0,0,none
2018-08-20,WH_CENTRAL_WEST,Central-West FC,CAR_A,Carrier A,construcao_ferramentas_seguranca,none,1,0,0.0,0,none
2018-08-20,WH_CENTRAL_WEST,Central-West FC,CAR_A,Carrier A,eletronicos,none,1,0,0.0,0,none
2018-08-20,WH_CENTRAL_WEST,Central-West FC,CAR_A,Carrier A,informatica_acessorios,none,1,0,0.0,0,none
2018-08-20,WH_CENTRAL_WEST,Central-West FC,CAR_A,Carrier A,papelaria,none,1,0,0.0,0,none
2018-08-20,WH_CENTRAL_WEST,Central-West FC,CAR_A,Carrier A,relogios_presentes,none,1,0,0.0,0,none
2018-08-20,WH_CENTRAL_WEST,Central-West FC,CAR_B,Carrier B,beleza_saude,damaged,1,1,100.0,0,none
2018-08-20,WH_CENTRAL_WEST,Central-West FC,CAR_B,Carrier B,beleza_saude,none,2,0,0.0,0,none
2018-08-20,WH_CENTRAL_WEST,Central-West FC,CAR_B,Carrier B,esporte_lazer,none,2,0,0.0,0,none
2018-08-20,WH_CENTRAL_WEST,Central-West FC,CAR_B,Carrier B,informatica_acessorios,none,1,0,0.0,0,none
2018-08-20,WH_CENTRAL_WEST,Central-West FC,CAR_B,Carrier B,relogios_presentes,none,1,0,0.0,0,none
2018-08-20,WH_CENTRAL_WEST,Central-West FC,CAR_B,Carrier B,telefonia,none,1,0,0.0,0,none
2018-08-20,WH_CENTRAL_WEST,Central-West FC,CAR_C,Carrier C,bebes,none,1,0,0.0,0,none
2018-08-20,WH_CENTRAL_WEST,Central-West FC,CAR_C,Carrier C,beleza_saude,damaged,1,1,100.0,0,none
2018-08-20,WH_CENTRAL_WEST,Central-West FC,CAR_C,Carrier C,beleza_saude,none,1,0,0.0,0,none
2018-08-20,WH_CENTRAL_WEST,Central-West FC,CAR_C,Carrier C,esporte_lazer,none,1,0,0.0,0,none
2018-08-20,WH_CENTRAL_WEST,Central-West FC,CAR_C,Carrier C,papelaria,none,1,0,0.0,0,none
2018-08-20,WH_CENTRAL_WEST,Central-West FC,CAR_C,Carrier C,telefonia,none,1,0,0.0,0,none
2018-08-20,WH_CENTRAL_WEST,Central-West FC,CAR_C,Carrier C,utilidades_domesticas,missing,1,1,100.0,0,none
2018-08-20,WH_CENTRAL_WEST,Central-West FC,CAR_C,Carrier C,utilidades_domesticas,none,1,0,0.0,0,none
2018-08-20,WH_CENTRAL_WEST,Central-West FC,CAR_D,Carrier D,alimentos,damaged,1,1,100.0,0,none
2018-08-20,WH_CENTRAL_WEST,Central-West FC,CAR_D,Carrier D,automotivo,damaged,1,1,100.0,0,none
2018-08-20,WH_CENTRAL_WEST,Central-West FC,CAR_D,Carrier D,beleza_saude,failed,1,1,100.0,0,none
2018-08-20,WH_CENTRAL_WEST,Central-West FC,CAR_D,Carrier D,cama_mesa_banho,none,1,0,0.0,0,none
2018-08-20,WH_CENTRAL_WEST,Central-West FC,CAR_D,Carrier D,consoles_games,none,1,0,0.0,0,none
2018-08-20,WH_CENTRAL_WEST,Central-West FC,CAR_D,Carrier D,eletronicos,none,1,0,0.0,0,none
2018-08-20,WH_CENTRAL_WEST,Central-West FC,CAR_D,Carrier D,informatica_acessorios,none,1,0,0.0,0,none
2018-08-20,WH_CENTRAL_WEST,Central-West FC,CAR_D,Carrier D,instrumentos_musicais,none,1,0,0.0,0,none
2018-08-20,WH_CENTRAL_WEST,Central-West FC,CAR_D,Carrier D,papelaria,none,1,0,0.0,0,none
2018-08-20,WH_CENTRAL_WEST,Central-West FC,CAR_D,Carrier D,perfumaria,none,1,0,0.0,0,none
2018-08-20,WH_CENTRAL_WEST,Central-West FC,CAR_D,Carrier D,telefonia,none,1,0,0.0,0,none
2018-08-20,WH_CENTRAL_WEST,Central-West FC,CAR_D,Carrier D,utilidades_domesticas,missing,1,1,100.0,0,none
2018-08-20,WH_NORTH,North FC,CAR_A,Carrier A,fashion_calcados,none,1,0,0.0,0,none
2018-08-20,WH_SOUTH,South FC,CAR_A,Carrier A,artes_e_artesanato,none,1,0,0.0,0,none
2018-08-20,WH_SOUTH,South FC,CAR_A,Carrier A,audio,none,1,0,0.0,0,none
2018-08-20,WH_SOUTH,South FC,CAR_A,Carrier A,automotivo,none,4,0,0.0,0,none
2018-08-20,WH_SOUTH,South FC,CAR_A,Carrier A,bebes,none,1,0,0.0,0,none
2018-08-20,WH_SOUTH,South FC,CAR_A,Carrier A,beleza_saude,none,6,0,0.0,0,none
2018-08-20,WH_SOUTH,South FC,CAR_A,Carrier A,beleza_saude,wrong,1,1,100.0,0,none
2018-08-20,WH_SOUTH,South FC,CAR_A,Carrier A,brinquedos,none,3,0,0.0,0,none
2018-08-20,WH_SOUTH,South FC,CAR_A,Carrier A,cama_mesa_banho,damaged,1,1,100.0,0,none
2018-08-20,WH_SOUTH,South FC,CAR_A,Carrier A,cama_mesa_banho,none,2,0,0.0,0,none
2018-08-20,WH_SOUTH,South FC,CAR_A,Carrier A,construcao_ferramentas_construcao,none,2,0,0.0,0,none
2018-08-20,WH_SOUTH,South FC,CAR_A,Carrier A,construcao_ferramentas_iluminacao,missing,1,1,100.0,0,none
2018-08-20,WH_SOUTH,South FC,CAR_A,Carrier A,eletronicos,none,1,0,0.0,0,none
2018-08-20,WH_SOUTH,South FC,CAR_A,Carrier A,esporte_lazer,none,4,0,0.0,0,none
2018-08-20,WH_SOUTH,South FC,CAR_A,Carrier A,informatica_acessorios,none,1,0,0.0,0,none
2018-08-20,WH_SOUTH,South FC,CAR_A,Carrier A,livros_interesse_geral,none,1,0,0.0,0,none
2018-08-20,WH_SOUTH,South FC,CAR_A,Carrier A,market_place,none,1,0,0.0,0,none
2018-08-20,WH_SOUTH,South FC,CAR_A,Carrier A,moveis_decoracao,none,1,0,0.0,0,none
2018-08-20,WH_SOUTH,South FC,CAR_A,Carrier A,papelaria,none,1,0,0.0,0,none
2018-08-20,WH_SOUTH,South FC,CAR_A,Carrier A,perfumaria,wrong,1,1,100.0,0,none
2018-08-20,WH_SOUTH,South FC,CAR_A,Carrier A,portateis_casa_forno_e_cafe,none,1,0,0.0,0,none
2018-08-20,WH_SOUTH,South FC,CAR_A,Carrier A,relogios_presentes,none,3,0,0.0,0,none
2018-08-20,WH_SOUTH,South FC,CAR_A,Carrier A,telefonia,damaged,1,1,100.0,0,none
2018-08-20,WH_SOUTH,South FC,CAR_A,Carrier A,telefonia,none,2,0,0.0,0,none
2018-08-20,WH_SOUTH,South FC,CAR_A,Carrier A,utilidades_domesticas,none,3,0,0.0,0,none
2018-08-20,WH_SOUTH,South FC,CAR_B,Carrier B,artigos_de_festas,none,1,0,0.0,0,none
2018-08-20,WH_SOUTH,South FC,CAR_B,Carrier B,automotivo,none,1,0,0.0,0,none
2018-08-20,WH_SOUTH,South FC,CAR_B,Carrier B,bebes,none,1,0,0.0,0,none
2018-08-20,WH_SOUTH,South FC,CAR_B,Carrier B,bebes,refund,1,1,100.0,0,none
2018-08-20,WH_SOUTH,South FC,CAR_B,Carrier B,bebidas,none,1,0,0.0,0,none
2018-08-20,WH_SOUTH,South FC,CAR_B,Carrier B,beleza_saude,none,4,0,0.0,0,none
2018-08-20,WH_SOUTH,South FC,CAR_B,Carrier B,construcao_ferramentas_construcao,none,1,0,0.0,0,none
2018-08-20,WH_SOUTH,South FC,CAR_B,Carrier B,construcao_ferramentas_seguranca,none,1,0,0.0,0,none
2018-08-20,WH_SOUTH,South FC,CAR_B,Carrier B,cool_stuff,none,1,0,0.0,0,none
2018-08-20,WH_SOUTH,South FC,CAR_B,Carrier B,eletroportateis,none,1,0,0.0,0,none
2018-08-20,WH_SOUTH,South FC,CAR_B,Carrier B,esporte_lazer,none,3,0,0.0,0,none
2018-08-20,WH_SOUTH,South FC,CAR_B,Carrier B,informatica_acessorios,none,4,0,0.0,0,none
2018-08-20,WH_SOUTH,South FC,CAR_B,Carrier B,instrumentos_musicais,none,1,0,0.0,0,none
2018-08-20,WH_SOUTH,South FC,CAR_B,Carrier B,moveis_decoracao,none,2,0,0.0,0,none
2018-08-20,WH_SOUTH,South FC,CAR_B,Carrier B,moveis_escritorio,none,1,0,0.0,0,none
2018-08-20,WH_SOUTH,South FC,CAR_B,Carrier B,perfumaria,none,2,0,0.0,0,none
2018-08-20,WH_SOUTH,South FC,CAR_B,Carrier B,portateis_casa_forno_e_cafe,none,1,0,0.0,0,none
2018-08-20,WH_SOUTH,South FC,CAR_B,Carrier B,relogios_presentes,none,3,0,0.0,0,none
2018-08-20,WH_SOUTH,South FC,CAR_B,Carrier B,utilidades_domesticas,none,2,0,0.0,0,none
2018-08-20,WH_SOUTH,South FC,CAR_C,Carrier C,beleza_saude,none,1,0,0.0,0,none
2018-08-20,WH_SOUTH,South FC,CAR_C,Carrier C,brinquedos,none,1,0,0.0,0,none
2018-08-20,WH_SOUTH,South FC,CAR_C,Carrier C,consoles_games,none,1,0,0.0,0,none
2018-08-20,WH_SOUTH,South FC,CAR_C,Carrier C,construcao_ferramentas_construcao,none,1,0,0.0,0,none
2018-08-20,WH_SOUTH,South FC,CAR_C,Carrier C,cool_stuff,none,1,0,0.0,0,none
2018-08-20,WH_SOUTH,South FC,CAR_C,Carrier C,esporte_lazer,none,2,0,0.0,0,none
2018-08-20,WH_SOUTH,South FC,CAR_C,Carrier C,informatica_acessorios,none,1,0,0.0,0,none
2018-08-20,WH_SOUTH,South FC,CAR_C,Carrier C,malas_acessorios,none,1,0,0.0,0,none
2018-08-20,WH_SOUTH,South FC,CAR_C,Carrier C,moveis_decoracao,missing,1,1,100.0,0,none
2018-08-20,WH_SOUTH,South FC,CAR_C,Carrier C,moveis_decoracao,none,3,0,0.0,0,none
2018-08-20,WH_SOUTH,South FC,CAR_C,Carrier C,papelaria,none,1,0,0.0,0,none
2018-08-20,WH_SOUTH,South FC,CAR_C,Carrier C,relogios_presentes,none,1,0,0.0,0,none
2018-08-20,WH_SOUTH,South FC,CAR_C,Carrier C,utilidades_domesticas,missing,1,1,100.0,0,none
2018-08-20,WH_SOUTH,South FC,CAR_C,Carrier C,utilidades_domesticas,none,3,0,0.0,0,none
2018-08-20,WH_SOUTH,South FC,CAR_D,Carrier D,automotivo,none,1,0,0.0,0,none
2018-08-20,WH_SOUTH,South FC,CAR_D,Carrier D,bebes,none,1,0,0.0,0,none
2018-08-20,WH_SOUTH,South FC,CAR_D,Carrier D,beleza_saude,none,2,0,0.0,0,none
2018-08-20,WH_SOUTH,South FC,CAR_D,Carrier D,brinquedos,none,1,0,0.0,0,none
2018-08-20,WH_SOUTH,South FC,CAR_D,Carrier D,esporte_lazer,none,1,0,0.0,0,none
2018-08-20,WH_SOUTH,South FC,CAR_D,Carrier D,utilidades_domesticas,none,2,0,0.0,0,none
2018-08-20,WH_SOUTHEAST,Southeast FC,CAR_A,Carrier A,agro_industria_e_comercio,none,1,0,0.0,0,none
2018-08-20,WH_SOUTHEAST,Southeast FC,CAR_A,Carrier A,alimentos,none,5,0,0.0,0,none
2018-08-20,WH_SOUTHEAST,Southeast FC,CAR_A,Carrier A,alimentos_bebidas,none,1,0,0.0,0,none
2018-08-20,WH_SOUTHEAST,Southeast FC,CAR_A,Carrier A,artes_e_artesanato,none,1,0,0.0,0,none
2018-08-20,WH_SOUTHEAST,Southeast FC,CAR_A,Carrier A,audio,none,2,0,0.0,0,none
2018-08-20,WH_SOUTHEAST,Southeast FC,CAR_A,Carrier A,automotivo,damaged,1,1,100.0,0,none
2018-08-20,WH_SOUTHEAST,Southeast FC,CAR_A,Carrier A,automotivo,none,17,0,0.0,0,none
2018-08-20,WH_SOUTHEAST,Southeast FC,CAR_A,Carrier A,bebes,none,5,0,0.0,0,none
2018-08-20,WH_SOUTHEAST,Southeast FC,CAR_A,Carrier A,beleza_saude,none,37,0,0.0,0,none
2018-08-20,WH_SOUTHEAST,Southeast FC,CAR_A,Carrier A,brinquedos,none,10,0,0.0,0,none
2018-08-20,WH_SOUTHEAST,Southeast FC,CAR_A,Carrier A,cama_mesa_banho,failed,1,1,100.0,0,none
2018-08-20,WH_SOUTHEAST,Southeast FC,CAR_A,Carrier A,cama_mesa_banho,none,28,0,0.0,0,none
2018-08-20,WH_SOUTHEAST,Southeast FC,CAR_A,Carrier A,casa_conforto,none,1,0,0.0,0,none
2018-08-20,WH_SOUTHEAST,Southeast FC,CAR_A,Carrier A,casa_construcao,none,1,0,0.0,0,none
2018-08-20,WH_SOUTHEAST,Southeast FC,CAR_A,Carrier A,climatizacao,none,1,0,0.0,0,none
2018-08-20,WH_SOUTHEAST,Southeast FC,CAR_A,Carrier A,consoles_games,none,3,0,0.0,0,none
2018-08-20,WH_SOUTHEAST,Southeast FC,CAR_A,Carrier A,construcao_ferramentas_construcao,none,12,0,0.0,0,none
2018-08-20,WH_SOUTHEAST,Southeast FC,CAR_A,Carrier A,construcao_ferramentas_ferramentas,none,2,0,0.0,0,none
2018-08-20,WH_SOUTHEAST,Southeast FC,CAR_A,Carrier A,construcao_ferramentas_iluminacao,none,5,0,0.0,0,none
2018-08-20,WH_SOUTHEAST,Southeast FC,CAR_A,Carrier A,construcao_ferramentas_seguranca,none,2,0,0.0,0,none
2018-08-20,WH_SOUTHEAST,Southeast FC,CAR_A,Carrier A,cool_stuff,none,6,0,0.0,0,none
2018-08-20,WH_SOUTHEAST,Southeast FC,CAR_A,Carrier A,cool_stuff,refund,1,1,100.0,0,none
2018-08-20,WH_SOUTHEAST,Southeast FC,CAR_A,Carrier A,eletrodomesticos,none,3,0,0.0,0,none
2018-08-20,WH_SOUTHEAST,Southeast FC,CAR_A,Carrier A,eletronicos,none,4,0,0.0,0,none
2018-08-20,WH_SOUTHEAST,Southeast FC,CAR_A,Carrier A,esporte_lazer,missing,1,1,100.0,0,none
2018-08-20,WH_SOUTHEAST,Southeast FC,CAR_A,Carrier A,esporte_lazer,none,20,0,0.0,0,none
2018-08-20,WH_SOUTHEAST,Southeast FC,CAR_A,Carrier A,fashion_bolsas_e_acessorios,none,7,0,0.0,0,none
2018-08-20,WH_SOUTHEAST,Southeast FC,CAR_A,Carrier A,fashion_bolsas_e_acessorios,wrong,1,1,100.0,0,none
2018-08-20,WH_SOUTHEAST,Southeast FC,CAR_A,Carrier A,ferramentas_jardim,none,6,0,0.0,0,none
2018-08-20,WH_SOUTHEAST,Southeast FC,CAR_A,Carrier A,informatica_acessorios,none,15,0,0.0,0,none
2018-08-20,WH_SOUTHEAST,Southeast FC,CAR_A,Carrier A,instrumentos_musicais,none,2,0,0.0,0,none
2018-08-20,WH_SOUTHEAST,Southeast FC,CAR_A,Carrier A,livros_tecnicos,none,3,0,0.0,0,none
2018-08-20,WH_SOUTHEAST,Southeast FC,CAR_A,Carrier A,malas_acessorios,none,4,0,0.0,0,none
2018-08-20,WH_SOUTHEAST,Southeast FC,CAR_A,Carrier A,market_place,missing,1,1,100.0,0,none
2018-08-20,WH_SOUTHEAST,Southeast FC,CAR_A,Carrier A,moveis_decoracao,none,14,0,0.0,0,none
2018-08-20,WH_SOUTHEAST,Southeast FC,CAR_A,Carrier A,moveis_quarto,none,1,0,0.0,0,none
2018-08-20,WH_SOUTHEAST,Southeast FC,CAR_A,Carrier A,moveis_sala,none,1,0,0.0,0,none
2018-08-20,WH_SOUTHEAST,Southeast FC,CAR_A,Carrier A,papelaria,none,7,0,0.0,0,none
2018-08-20,WH_SOUTHEAST,Southeast FC,CAR_A,Carrier A,pcs,none,3,0,0.0,0,none
2018-08-20,WH_SOUTHEAST,Southeast FC,CAR_A,Carrier A,perfumaria,none,18,0,0.0,0,none
2018-08-20,WH_SOUTHEAST,Southeast FC,CAR_A,Carrier A,pet_shop,none,8,0,0.0,0,none
2018-08-20,WH_SOUTHEAST,Southeast FC,CAR_A,Carrier A,relogios_presentes,none,16,0,0.0,0,none
2018-08-20,WH_SOUTHEAST,Southeast FC,CAR_A,Carrier A,relogios_presentes,refund,1,1,100.0,0,none
2018-08-20,WH_SOUTHEAST,Southeast FC,CAR_A,Carrier A,sinalizacao_e_seguranca,none,2,0,0.0,0,none
2018-08-20,WH_SOUTHEAST,Southeast FC,CAR_A,Carrier A,telefonia,none,8,0,0.0,0,none
2018-08-20,WH_SOUTHEAST,Southeast FC,CAR_A,Carrier A,utilidades_domesticas,none,27,0,0.0,0,none
2018-08-20,WH_SOUTHEAST,Southeast FC,CAR_A,Carrier A,utilidades_domesticas,wrong,1,1,100.0,0,none
2018-08-20,WH_SOUTHEAST,Southeast FC,CAR_B,Carrier B,agro_industria_e_comercio,none,2,0,0.0,0,none
2018-08-20,WH_SOUTHEAST,Southeast FC,CAR_B,Carrier B,alimentos,none,9,0,0.0,0,none
2018-08-20,WH_SOUTHEAST,Southeast FC,CAR_B,Carrier B,alimentos_bebidas,none,2,0,0.0,0,none
2018-08-20,WH_SOUTHEAST,Southeast FC,CAR_B,Carrier B,artes,none,1,0,0.0,0,none
2018-08-20,WH_SOUTHEAST,Southeast FC,CAR_B,Carrier B,artes_e_artesanato,none,1,0,0.0,0,none
2018-08-20,WH_SOUTHEAST,Southeast FC,CAR_B,Carrier B,artigos_de_festas,none,1,0,0.0,0,none
2018-08-20,WH_SOUTHEAST,Southeast FC,CAR_B,Carrier B,audio,none,1,0,0.0,0,none
2018-08-20,WH_SOUTHEAST,Southeast FC,CAR_B,Carrier B,automotivo,none,16,0,0.0,0,none
2018-08-20,WH_SOUTHEAST,Southeast FC,CAR_B,Carrier B,bebes,missing,1,1,100.0,0,none
2018-08-20,WH_SOUTHEAST,Southeast FC,CAR_B,Carrier B,bebes,none,7,0,0.0,0,none
2018-08-20,WH_SOUTHEAST,Southeast FC,CAR_B,Carrier B,beleza_saude,failed,1,1,100.0,0,none
2018-08-20,WH_SOUTHEAST,Southeast FC,CAR_B,Carrier B,beleza_saude,none,39,0,0.0,0,none
2018-08-20,WH_SOUTHEAST,Southeast FC,CAR_B,Carrier B,beleza_saude,refund,1,1,100.0,0,none
2018-08-20,WH_SOUTHEAST,Southeast FC,CAR_B,Carrier B,brinquedos,none,5,0,0.0,0,none
2018-08-20,WH_SOUTHEAST,Southeast FC,CAR_B,Carrier B,cama_mesa_banho,none,22,0,0.0,0,none
2018-08-20,WH_SOUTHEAST,Southeast FC,CAR_B,Carrier B,cama_mesa_banho,refund,1,1,100.0,0,none
2018-08-20,WH_SOUTHEAST,Southeast FC,CAR_B,Carrier B,casa_construcao,none,2,0,0.0,0,none
2018-08-20,WH_SOUTHEAST,Southeast FC,CAR_B,Carrier B,cine_foto,none,1,0,0.0,0,none
2018-08-20,WH_SOUTHEAST,Southeast FC,CAR_B,Carrier B,climatizacao,none,1,0,0.0,0,none
2018-08-20,WH_SOUTHEAST,Southeast FC,CAR_B,Carrier B,consoles_games,none,4,0,0.0,0,none
2018-08-20,WH_SOUTHEAST,Southeast FC,CAR_B,Carrier B,construcao_ferramentas_construcao,none,7,0,0.0,0,none
2018-08-20,WH_SOUTHEAST,Southeast FC,CAR_B,Carrier B,construcao_ferramentas_iluminacao,none,2,0,0.0,0,none
2018-08-20,WH_SOUTHEAST,Southeast FC,CAR_B,Carrier B,construcao_ferramentas_jardim,none,1,0,0.0,0,none
2018-08-20,WH_SOUTHEAST,Southeast FC,CAR_B,Carrier B,cool_stuff,none,4,0,0.0,0,none
2018-08-20,WH_SOUTHEAST,Southeast FC,CAR_B,Carrier B,eletrodomesticos,none,2,0,0.0,0,none
2018-08-20,WH_SOUTHEAST,Southeast FC,CAR_B,Carrier B,eletronicos,none,4,0,0.0,0,none
2018-08-20,WH_SOUTHEAST,Southeast FC,CAR_B,Carrier B,esporte_lazer,none,16,0,0.0,0,none
2018-08-20,WH_SOUTHEAST,Southeast FC,CAR_B,Carrier B,esporte_lazer,refund,1,1,100.0,0,none
2018-08-20,WH_SOUTHEAST,Southeast FC,CAR_B,Carrier B,fashion_bolsas_e_acessorios,none,7,0,0.0,0,none
2018-08-20,WH_SOUTHEAST,Southeast FC,CAR_B,Carrier B,fashion_roupa_feminina,none,1,0,0.0,0,none
2018-08-20,WH_SOUTHEAST,Southeast FC,CAR_B,Carrier B,ferramentas_jardim,none,2,0,0.0,0,none
2018-08-20,WH_SOUTHEAST,Southeast FC,CAR_B,Carrier B,industria_comercio_e_negocios,none,1,0,0.0,0,none
2018-08-20,WH_SOUTHEAST,Southeast FC,CAR_B,Carrier B,informatica_acessorios,none,17,0,0.0,0,none
2018-08-20,WH_SOUTHEAST,Southeast FC,CAR_B,Carrier B,instrumentos_musicais,none,1,0,0.0,0,none
2018-08-20,WH_SOUTHEAST,Southeast FC,CAR_B,Carrier B,livros_interesse_geral,none,2,0,0.0,0,none
2018-08-20,WH_SOUTHEAST,Southeast FC,CAR_B,Carrier B,malas_acessorios,none,1,0,0.0,0,none
2018-08-20,WH_SOUTHEAST,Southeast FC,CAR_B,Carrier B,moveis_cozinha_area_de_servico_jantar_e_jardim,none,2,0,0.0,0,none
2018-08-20,WH_SOUTHEAST,Southeast FC,CAR_B,Carrier B,moveis_decoracao,none,15,0,0.0,0,none
2018-08-20,WH_SOUTHEAST,Southeast FC,CAR_B,Carrier B,moveis_sala,none,3,0,0.0,0,none
2018-08-20,WH_SOUTHEAST,Southeast FC,CAR_B,Carrier B,papelaria,none,7,0,0.0,0,none
2018-08-20,WH_SOUTHEAST,Southeast FC,CAR_B,Carrier B,perfumaria,missing,1,1,100.0,0,none
2018-08-20,WH_SOUTHEAST,Southeast FC,CAR_B,Carrier B,perfumaria,none,13,0,0.0,0,none
2018-08-20,WH_SOUTHEAST,Southeast FC,CAR_B,Carrier B,pet_shop,none,8,0,0.0,0,none
2018-08-20,WH_SOUTHEAST,Southeast FC,CAR_B,Carrier B,pet_shop,wrong,1,1,100.0,0,none
2018-08-20,WH_SOUTHEAST,Southeast FC,CAR_B,Carrier B,portateis_casa_forno_e_cafe,none,1,0,0.0,0,none
2018-08-20,WH_SOUTHEAST,Southeast FC,CAR_B,Carrier B,relogios_presentes,none,13,0,0.0,0,none
2018-08-20,WH_SOUTHEAST,Southeast FC,CAR_B,Carrier B,telefonia,damaged,1,1,100.0,0,none
2018-08-20,WH_SOUTHEAST,Southeast FC,CAR_B,Carrier B,telefonia,none,6,0,0.0,0,none
2018-08-20,WH_SOUTHEAST,Southeast FC,CAR_B,Carrier B,unknown,none,2,0,0.0,0,none
2018-08-20,WH_SOUTHEAST,Southeast FC,CAR_B,Carrier B,utilidades_domesticas,none,16,0,0.0,0,none
2018-08-20,WH_SOUTHEAST,Southeast FC,CAR_B,Carrier B,utilidades_domesticas,wrong,1,1,100.0,0,none
2018-08-20,WH_SOUTHEAST,Southeast FC,CAR_C,Carrier C,agro_industria_e_comercio,none,1,0,0.0,0,none
2018-08-20,WH_SOUTHEAST,Southeast FC,CAR_C,Carrier C,alimentos,damaged,1,1,100.0,0,none
2018-08-20,WH_SOUTHEAST,Southeast FC,CAR_C,Carrier C,alimentos,missing,1,1,100.0,0,none
2018-08-20,WH_SOUTHEAST,Southeast FC,CAR_C,Carrier C,alimentos,none,4,0,0.0,0,none
2018-08-20,WH_SOUTHEAST,Southeast FC,CAR_C,Carrier C,alimentos,refund,1,1,100.0,0,none
2018-08-20,WH_SOUTHEAST,Southeast FC,CAR_C,Carrier C,alimentos_bebidas,none,1,0,0.0,0,none
2018-08-20,WH_SOUTHEAST,Southeast FC,CAR_C,Carrier C,artes_e_artesanato,none,1,0,0.0,0,none
2018-08-20,WH_SOUTHEAST,Southeast FC,CAR_C,Carrier C,automotivo,none,4,0,0.0,0,none
2018-08-20,WH_SOUTHEAST,Southeast FC,CAR_C,Carrier C,automotivo,refund,1,1,100.0,0,none
2018-08-20,WH_SOUTHEAST,Southeast FC,CAR_C,Carrier C,bebes,none,10,0,0.0,0,none
2018-08-20,WH_SOUTHEAST,Southeast FC,CAR_C,Carrier C,beleza_saude,damaged,1,1,100.0,0,none
2018-08-20,WH_SOUTHEAST,Southeast FC,CAR_C,Carrier C,beleza_saude,failed,2,2,100.0,0,none
2018-08-20,WH_SOUTHEAST,Southeast FC,CAR_C,Carrier C,beleza_saude,none,18,0,0.0,0,none
2018-08-20,WH_SOUTHEAST,Southeast FC,CAR_C,Carrier C,beleza_saude,wrong,1,1,100.0,0,none
2018-08-20,WH_SOUTHEAST,Southeast FC,CAR_C,Carrier C,brinquedos,none,6,0,0.0,0,none
2018-08-20,WH_SOUTHEAST,Southeast FC,CAR_C,Carrier C,cama_mesa_banho,missing,1,1,100.0,0,none
2018-08-20,WH_SOUTHEAST,Southeast FC,CAR_C,Carrier C,cama_mesa_banho,none,17,0,0.0,0,none
2018-08-20,WH_SOUTHEAST,Southeast FC,CAR_C,Carrier C,cine_foto,none,2,0,0.0,0,none
2018-08-20,WH_SOUTHEAST,Southeast FC,CAR_C,Carrier C,climatizacao,failed,1,1,100.0,0,none
2018-08-20,WH_SOUTHEAST,Southeast FC,CAR_C,Carrier C,consoles_games,none,3,0,0.0,0,none
2018-08-20,WH_SOUTHEAST,Southeast FC,CAR_C,Carrier C,construcao_ferramentas_construcao,none,3,0,0.0,0,none
2018-08-20,WH_SOUTHEAST,Southeast FC,CAR_C,Carrier C,construcao_ferramentas_ferramentas,none,1,0,0.0,0,none
2018-08-20,WH_SOUTHEAST,Southeast FC,CAR_C,Carrier C,construcao_ferramentas_iluminacao,none,1,0,0.0,0,none
2018-08-20,WH_SOUTHEAST,Southeast FC,CAR_C,Carrier C,construcao_ferramentas_seguranca,none,1,0,0.0,0,none
2018-08-20,WH_SOUTHEAST,Southeast FC,CAR_C,Carrier C,cool_stuff,none,5,0,0.0,0,none
2018-08-20,WH_SOUTHEAST,Southeast FC,CAR_C,Carrier C,dvds_blu_ray,none,1,0,0.0,0,none
2018-08-20,WH_SOUTHEAST,Southeast FC,CAR_C,Carrier C,eletrodomesticos,none,4,0,0.0,0,none
2018-08-20,WH_SOUTHEAST,Southeast FC,CAR_C,Carrier C,eletrodomesticos_2,none,1,0,0.0,0,none
2018-08-20,WH_SOUTHEAST,Southeast FC,CAR_C,Carrier C,eletronicos,missing,1,1,100.0,0,none
2018-08-20,WH_SOUTHEAST,Southeast FC,CAR_C,Carrier C,eletronicos,none,2,0,0.0,0,none
2018-08-20,WH_SOUTHEAST,Southeast FC,CAR_C,Carrier C,eletroportateis,none,2,0,0.0,0,none
2018-08-20,WH_SOUTHEAST,Southeast FC,CAR_C,Carrier C,esporte_lazer,none,13,0,0.0,0,none
2018-08-20,WH_SOUTHEAST,Southeast FC,CAR_C,Carrier C,fashion_bolsas_e_acessorios,failed,1,1,100.0,0,none
2018-08-20,WH_SOUTHEAST,Southeast FC,CAR_C,Carrier C,fashion_bolsas_e_acessorios,none,4,0,0.0,0,none
2018-08-20,WH_SOUTHEAST,Southeast FC,CAR_C,Carrier C,ferramentas_jardim,none,6,0,0.0,0,none
2018-08-20,WH_SOUTHEAST,Southeast FC,CAR_C,Carrier C,industria_comercio_e_negocios,none,1,0,0.0,0,none
2018-08-20,WH_SOUTHEAST,Southeast FC,CAR_C,Carrier C,industria_comercio_e_negocios,refund,1,1,100.0,0,none
2018-08-20,WH_SOUTHEAST,Southeast FC,CAR_C,Carrier C,industria_comercio_e_negocios,wrong,1,1,100.0,0,none
2018-08-20,WH_SOUTHEAST,Southeast FC,CAR_C,Carrier C,informatica_acessorios,none,8,0,0.0,0,none
2018-08-20,WH_SOUTHEAST,Southeast FC,CAR_C,Carrier C,malas_acessorios,none,2,0,0.0,0,none
2018-08-20,WH_SOUTHEAST,Southeast FC,CAR_C,Carrier C,moveis_cozinha_area_de_servico_jantar_e_jardim,none,1,0,0.0,0,none
2018-08-20,WH_SOUTHEAST,Southeast FC,CAR_C,Carrier C,moveis_decoracao,none,6,0,0.0,0,none
2018-08-20,WH_SOUTHEAST,Southeast FC,CAR_C,Carrier C,moveis_sala,none,1,0,0.0,0,none
2018-08-20,WH_SOUTHEAST,Southeast FC,CAR_C,Carrier C,papelaria,none,3,0,0.0,0,none
2018-08-20,WH_SOUTHEAST,Southeast FC,CAR_C,Carrier C,papelaria,wrong,1,1,100.0,0,none
2018-08-20,WH_SOUTHEAST,Southeast FC,CAR_C,Carrier C,pcs,none,1,0,0.0,0,none
2018-08-20,WH_SOUTHEAST,Southeast FC,CAR_C,Carrier C,perfumaria,none,14,0,0.0,0,none
2018-08-20,WH_SOUTHEAST,Southeast FC,CAR_C,Carrier C,pet_shop,none,6,0,0.0,0,none
2018-08-20,WH_SOUTHEAST,Southeast FC,CAR_C,Carrier C,relogios_presentes,failed,1,1,100.0,0,none
2018-08-20,WH_SOUTHEAST,Southeast FC,CAR_C,Carrier C,relogios_presentes,none,10,0,0.0,0,none
2018-08-20,WH_SOUTHEAST,Southeast FC,CAR_C,Carrier C,telefonia,failed,1,1,100.0,0,none
2018-08-20,WH_SOUTHEAST,Southeast FC,CAR_C,Carrier C,telefonia,none,5,0,0.0,0,none
2018-08-20,WH_SOUTHEAST,Southeast FC,CAR_C,Carrier C,unknown,none,2,0,0.0,0,none
2018-08-20,WH_SOUTHEAST,Southeast FC,CAR_C,Carrier C,utilidades_domesticas,failed,1,1,100.0,0,none
2018-08-20,WH_SOUTHEAST,Southeast FC,CAR_C,Carrier C,utilidades_domesticas,none,17,0,0.0,0,none
2018-08-20,WH_SOUTHEAST,Southeast FC,CAR_C,Carrier C,utilidades_domesticas,refund,1,1,100.0,0,none
2018-08-20,WH_SOUTHEAST,Southeast FC,CAR_D,Carrier D,agro_industria_e_comercio,none,2,0,0.0,0,none
2018-08-20,WH_SOUTHEAST,Southeast FC,CAR_D,Carrier D,alimentos,none,4,0,0.0,0,none
2018-08-20,WH_SOUTHEAST,Southeast FC,CAR_D,Carrier D,alimentos_bebidas,none,1,0,0.0,0,none
2018-08-20,WH_SOUTHEAST,Southeast FC,CAR_D,Carrier D,audio,none,4,0,0.0,0,none
2018-08-20,WH_SOUTHEAST,Southeast FC,CAR_D,Carrier D,automotivo,none,5,0,0.0,0,none
2018-08-20,WH_SOUTHEAST,Southeast FC,CAR_D,Carrier D,automotivo,refund,1,1,100.0,0,none
2018-08-20,WH_SOUTHEAST,Southeast FC,CAR_D,Carrier D,bebes,none,2,0,0.0,0,none
2018-08-20,WH_SOUTHEAST,Southeast FC,CAR_D,Carrier D,bebidas,none,1,0,0.0,0,none
2018-08-20,WH_SOUTHEAST,Southeast FC,CAR_D,Carrier D,beleza_saude,none,16,0,0.0,0,none
2018-08-20,WH_SOUTHEAST,Southeast FC,CAR_D,Carrier D,brinquedos,none,1,0,0.0,0,none
2018-08-20,WH_SOUTHEAST,Southeast FC,CAR_D,Carrier D,cama_mesa_banho,none,10,0,0.0,0,none
2018-08-20,WH_SOUTHEAST,Southeast FC,CAR_D,Carrier D,climatizacao,none,1,0,0.0,0,none
2018-08-20,WH_SOUTHEAST,Southeast FC,CAR_D,Carrier D,construcao_ferramentas_construcao,none,5,0,0.0,0,none
2018-08-20,WH_SOUTHEAST,Southeast FC,CAR_D,Carrier D,cool_stuff,none,1,0,0.0,0,none
2018-08-20,WH_SOUTHEAST,Southeast FC,CAR_D,Carrier D,eletronicos,none,1,0,0.0,0,none
2018-08-20,WH_SOUTHEAST,Southeast FC,CAR_D,Carrier D,esporte_lazer,none,10,0,0.0,0,none
2018-08-20,WH_SOUTHEAST,Southeast FC,CAR_D,Carrier D,fashion_bolsas_e_acessorios,none,1,0,0.0,0,none
2018-08-20,WH_SOUTHEAST,Southeast FC,CAR_D,Carrier D,ferramentas_jardim,none,3,0,0.0,0,none
2018-08-20,WH_SOUTHEAST,Southeast FC,CAR_D,Carrier D,fraldas_higiene,none,1,0,0.0,0,none
2018-08-20,WH_SOUTHEAST,Southeast FC,CAR_D,Carrier D,informatica_acessorios,none,4,0,0.0,0,none
2018-08-20,WH_SOUTHEAST,Southeast FC,CAR_D,Carrier D,livros_interesse_geral,none,3,0,0.0,0,none
2018-08-20,WH_SOUTHEAST,Southeast FC,CAR_D,Carrier D,livros_tecnicos,none,1,0,0.0,0,none
2018-08-20,WH_SOUTHEAST,Southeast FC,CAR_D,Carrier D,malas_acessorios,none,1,0,0.0,0,none
2018-08-20,WH_SOUTHEAST,Southeast FC,CAR_D,Carrier D,moveis_decoracao,none,8,0,0.0,0,none
2018-08-20,WH_SOUTHEAST,Southeast FC,CAR_D,Carrier D,moveis_quarto,none,1,0,0.0,0,none
2018-08-20,WH_SOUTHEAST,Southeast FC,CAR_D,Carrier D,papelaria,none,2,0,0.0,0,none
2018-08-20,WH_SOUTHEAST,Southeast FC,CAR_D,Carrier D,perfumaria,none,1,0,0.0,0,none
2018-08-20,WH_SOUTHEAST,Southeast FC,CAR_D,Carrier D,perfumaria,refund,1,1,100.0,0,none
2018-08-20,WH_SOUTHEAST,Southeast FC,CAR_D,Carrier D,pet_shop,none,5,0,0.0,0,none
2018-08-20,WH_SOUTHEAST,Southeast FC,CAR_D,Carrier D,portateis_casa_forno_e_cafe,wrong,1,1,100.0,0,none
2018-08-20,WH_SOUTHEAST,Southeast FC,CAR_D,Carrier D,relogios_presentes,missing,1,1,100.0,0,none
2018-08-20,WH_SOUTHEAST,Southeast FC,CAR_D,Carrier D,relogios_presentes,none,4,0,0.0,0,none
2018-08-20,WH_SOUTHEAST,Southeast FC,CAR_D,Carrier D,telefonia,none,4,0,0.0,0,none
2018-08-20,WH_SOUTHEAST,Southeast FC,CAR_D,Carrier D,utilidades_domesticas,missing,1,1,100.0,0,none
2018-08-20,WH_SOUTHEAST,Southeast FC,CAR_D,Carrier D,utilidades_domesticas,none,6,0,0.0,0,none
2018-08-27,WH_SOUTH,South FC,CAR_A,Carrier A,automotivo,none,1,0,0.0,0,none
2018-08-27,WH_SOUTH,South FC,CAR_A,Carrier A,esporte_lazer,none,1,0,0.0,0,none
2018-08-27,WH_SOUTH,South FC,CAR_A,Carrier A,moveis_cozinha_area_de_servico_jantar_e_jardim,none,1,0,0.0,0,none
2018-08-27,WH_SOUTH,South FC,CAR_B,Carrier B,cool_stuff,none,1,0,0.0,0,none
2018-08-27,WH_SOUTH,South FC,CAR_B,Carrier B,moveis_decoracao,none,1,0,0.0,0,none
2018-08-27,WH_SOUTH,South FC,CAR_B,Carrier B,utilidades_domesticas,none,1,0,0.0,0,none
2018-08-27,WH_SOUTH,South FC,CAR_D,Carrier D,bebes,none,1,0,0.0,0,none
2018-08-27,WH_SOUTHEAST,Southeast FC,CAR_A,Carrier A,alimentos,none,2,0,0.0,0,none
2018-08-27,WH_SOUTHEAST,Southeast FC,CAR_A,Carrier A,artes,none,1,0,0.0,0,none
2018-08-27,WH_SOUTHEAST,Southeast FC,CAR_A,Carrier A,bebidas,none,1,0,0.0,0,none
2018-08-27,WH_SOUTHEAST,Southeast FC,CAR_A,Carrier A,beleza_saude,none,5,0,0.0,0,none
2018-08-27,WH_SOUTHEAST,Southeast FC,CAR_A,Carrier A,brinquedos,none,2,0,0.0,0,none
2018-08-27,WH_SOUTHEAST,Southeast FC,CAR_A,Carrier A,cama_mesa_banho,none,4,0,0.0,0,none
2018-08-27,WH_SOUTHEAST,Southeast FC,CAR_A,Carrier A,consoles_games,none,1,0,0.0,0,none
2018-08-27,WH_SOUTHEAST,Southeast FC,CAR_A,Carrier A,consoles_games,refund,1,1,100.0,0,none
2018-08-27,WH_SOUTHEAST,Southeast FC,CAR_A,Carrier A,cool_stuff,none,1,0,0.0,0,none
2018-08-27,WH_SOUTHEAST,Southeast FC,CAR_A,Carrier A,esporte_lazer,none,6,0,0.0,0,none
2018-08-27,WH_SOUTHEAST,Southeast FC,CAR_A,Carrier A,ferramentas_jardim,none,1,0,0.0,0,none
2018-08-27,WH_SOUTHEAST,Southeast FC,CAR_A,Carrier A,informatica_acessorios,none,3,0,0.0,0,none
2018-08-27,WH_SOUTHEAST,Southeast FC,CAR_A,Carrier A,papelaria,none,1,0,0.0,0,none
2018-08-27,WH_SOUTHEAST,Southeast FC,CAR_A,Carrier A,perfumaria,none,1,0,0.0,0,none
2018-08-27,WH_SOUTHEAST,Southeast FC,CAR_A,Carrier A,portateis_cozinha_e_preparadores_de_alimentos,none,1,0,0.0,0,none
2018-08-27,WH_SOUTHEAST,Southeast FC,CAR_A,Carrier A,relogios_presentes,none,1,0,0.0,0,none
2018-08-27,WH_SOUTHEAST,Southeast FC,CAR_A,Carrier A,telefonia,none,1,0,0.0,0,none
2018-08-27,WH_SOUTHEAST,Southeast FC,CAR_A,Carrier A,utilidades_domesticas,none,5,0,0.0,0,none
2018-08-27,WH_SOUTHEAST,Southeast FC,CAR_B,Carrier B,alimentos,none,1,0,0.0,0,none
2018-08-27,WH_SOUTHEAST,Southeast FC,CAR_B,Carrier B,artigos_de_festas,none,1,0,0.0,0,none
2018-08-27,WH_SOUTHEAST,Southeast FC,CAR_B,Carrier B,audio,none,1,0,0.0,0,none
2018-08-27,WH_SOUTHEAST,Southeast FC,CAR_B,Carrier B,automotivo,none,1,0,0.0,0,none
2018-08-27,WH_SOUTHEAST,Southeast FC,CAR_B,Carrier B,bebes,none,1,0,0.0,0,none
2018-08-27,WH_SOUTHEAST,Southeast FC,CAR_B,Carrier B,beleza_saude,none,4,0,0.0,0,none
2018-08-27,WH_SOUTHEAST,Southeast FC,CAR_B,Carrier B,cama_mesa_banho,none,3,0,0.0,0,none
2018-08-27,WH_SOUTHEAST,Southeast FC,CAR_B,Carrier B,construcao_ferramentas_iluminacao,none,1,0,0.0,0,none
2018-08-27,WH_SOUTHEAST,Southeast FC,CAR_B,Carrier B,construcao_ferramentas_jardim,none,1,0,0.0,0,none
2018-08-27,WH_SOUTHEAST,Southeast FC,CAR_B,Carrier B,esporte_lazer,missing,1,1,100.0,0,none
2018-08-27,WH_SOUTHEAST,Southeast FC,CAR_B,Carrier B,esporte_lazer,none,3,0,0.0,0,none
2018-08-27,WH_SOUTHEAST,Southeast FC,CAR_B,Carrier B,informatica_acessorios,none,2,0,0.0,0,none
2018-08-27,WH_SOUTHEAST,Southeast FC,CAR_B,Carrier B,livros_interesse_geral,none,1,0,0.0,0,none
2018-08-27,WH_SOUTHEAST,Southeast FC,CAR_B,Carrier B,malas_acessorios,none,1,0,0.0,0,none
2018-08-27,WH_SOUTHEAST,Southeast FC,CAR_B,Carrier B,moveis_decoracao,none,1,0,0.0,0,none
2018-08-27,WH_SOUTHEAST,Southeast FC,CAR_B,Carrier B,moveis_escritorio,none,1,0,0.0,0,none
2018-08-27,WH_SOUTHEAST,Southeast FC,CAR_B,Carrier B,relogios_presentes,none,3,0,0.0,0,none
2018-08-27,WH_SOUTHEAST,Southeast FC,CAR_B,Carrier B,utilidades_domesticas,none,6,0,0.0,0,none
2018-08-27,WH_SOUTHEAST,Southeast FC,CAR_C,Carrier C,alimentos,none,3,0,0.0,0,none
2018-08-27,WH_SOUTHEAST,Southeast FC,CAR_C,Carrier C,automotivo,none,2,0,0.0,0,none
2018-08-27,WH_SOUTHEAST,Southeast FC,CAR_C,Carrier C,bebes,none,1,0,0.0,0,none
2018-08-27,WH_SOUTHEAST,Southeast FC,CAR_C,Carrier C,beleza_saude,none,6,0,0.0,0,none
2018-08-27,WH_SOUTHEAST,Southeast FC,CAR_C,Carrier C,brinquedos,none,2,0,0.0,0,none
2018-08-27,WH_SOUTHEAST,Southeast FC,CAR_C,Carrier C,cama_mesa_banho,none,4,0,0.0,0,none
2018-08-27,WH_SOUTHEAST,Southeast FC,CAR_C,Carrier C,construcao_ferramentas_construcao,none,1,0,0.0,0,none
2018-08-27,WH_SOUTHEAST,Southeast FC,CAR_C,Carrier C,cool_stuff,none,1,0,0.0,0,none
2018-08-27,WH_SOUTHEAST,Southeast FC,CAR_C,Carrier C,esporte_lazer,damaged,1,1,100.0,0,none
2018-08-27,WH_SOUTHEAST,Southeast FC,CAR_C,Carrier C,fashion_bolsas_e_acessorios,none,1,0,0.0,0,none
2018-08-27,WH_SOUTHEAST,Southeast FC,CAR_C,Carrier C,telefonia,none,2,0,0.0,0,none
2018-08-27,WH_SOUTHEAST,Southeast FC,CAR_C,Carrier C,unknown,none,1,0,0.0,0,none
2018-08-27,WH_SOUTHEAST,Southeast FC,CAR_C,Carrier C,utilidades_domesticas,none,3,0,0.0,0,none
2018-08-27,WH_SOUTHEAST,Southeast FC,CAR_D,Carrier D,automotivo,none,2,0,0.0,0,none
2018-08-27,WH_SOUTHEAST,Southeast FC,CAR_D,Carrier D,brinquedos,none,1,0,0.0,0,none
2018-08-27,WH_SOUTHEAST,Southeast FC,CAR_D,Carrier D,cama_mesa_banho,none,1,0,0.0,0,none
2018-08-27,WH_SOUTHEAST,Southeast FC,CAR_D,Carrier D,esporte_lazer,none,2,0,0.0,0,none
2018-08-27,WH_SOUTHEAST,Southeast FC,CAR_D,Carrier D,fashion_bolsas_e_acessorios,none,1,0,0.0,0,none
2018-08-27,WH_SOUTHEAST,Southeast FC,CAR_D,Carrier D,informatica_acessorios,none,1,0,0.0,0,none
2018-08-27,WH_SOUTHEAST,Southeast FC,CAR_D,Carrier D,relogios_presentes,none,1,0,0.0,0,none
2018-08-27,WH_SOUTHEAST,Southeast FC,CAR_D,Carrier D,utilidades_domesticas,none,1,0,0.0,0,none
